Movie_ID,Title,Title_Year,Release_Date,Release_Year,Decade,Release_Month,Month_Num,Language,Primary_Genre,Genre_Count,Director,Lead_Actor,Budget,Revenue,Profit,ROI,Financials_Known,Runtime,Rating,Vote_Count,Rating_Reliable,Popularity,Budget_Tier,Runtime_Band,Vote_Band,Partial_Year
3059,Intolerance,Intolerance (1916),1916-09-04,1916,1910s,Sep,9,English,Drama,1,D.W. Griffith,Lillian Gish,385907,8394751,8008844,21.753,Yes,197,7.4,60,Yes,3.23,Under $10M,150+ min,50-499,No
3060,The Big Parade,The Big Parade (1925),1925-11-05,1925,1920s,Nov,11,English,Drama,3,King Vidor,John Gilbert,245000,22000000,21755000,89.796,Yes,151,7.0,21,No,0.79,Under $10M,150+ min,Under 50,No
19,Metropolis,Metropolis (1927),1927-01-10,1927,1920s,Jan,1,Other languages,Drama,2,Fritz Lang,Brigitte Helm,92620000,650422,-91969578,0.007,Yes,153,8.0,657,Yes,32.35,$40M-100M,150+ min,"500-1,999",No
905,Pandora's Box,Pandora's Box (1929),1929-01-30,1929,1920s,Jan,1,Other languages,Drama,3,G.W. Pabst,Louise Brooks,,,,,No,109,7.6,45,No,1.82,Unknown,90-109 min,Under 50,No
65203,The Broadway Melody,The Broadway Melody (1929),1929-02-08,1929,1920s,Feb,2,English,Drama,3,Harry Beaumont,Charles King,379000,4358000,3979000,11.499,Yes,100,5.0,19,No,0.97,Under $10M,90-109 min,Under 50,No
22301,Hell's Angels,Hell's Angels (1930),1930-11-15,1930,1930s,Nov,11,English,Action,3,James Whale,Ben Lyon,3950000,8000000,4050000,2.025,Yes,127,6.1,19,No,8.48,Under $10M,110-129 min,Under 50,No
22649,A Farewell to Arms,A Farewell to Arms (1932),1932-12-08,1932,1930s,Dec,12,English,Drama,3,Frank Borzage,Helen Hayes,,,,,No,89,6.2,28,No,1.2,Unknown,Under 90 min,Under 50,No
3062,42nd Street,42nd Street (1933),1933-02-02,1933,1930s,Feb,2,English,Music,3,Lloyd Bacon,Warner Baxter,439000,2281000,1842000,5.196,Yes,89,6.1,37,No,1.93,Under $10M,Under 90 min,Under 50,No
43595,She Done Him Wrong,She Done Him Wrong (1933),1933-02-09,1933,1930s,Feb,2,English,Comedy,1,Lowell Sherman,Mae West,200000,2200000,2000000,11.0,Yes,66,5.1,27,No,0.62,Under $10M,Under 90 min,Under 50,No
3078,It Happened One Night,It Happened One Night (1934),1934-02-22,1934,1930s,Feb,2,English,Comedy,2,Frank Capra,Clark Gable,325000,4500000,4175000,13.846,Yes,105,7.7,275,Yes,11.87,Under $10M,90-109 min,50-499,No
3080,Top Hat,Top Hat (1935),1935-09-06,1935,1930s,Sep,9,English,Comedy,3,Mark Sandrich,Fred Astaire,609000,3202000,2593000,5.258,Yes,101,7.4,59,Yes,3.9,Under $10M,90-109 min,50-499,No
3082,Modern Times,Modern Times (1936),1936-02-05,1936,1930s,Feb,2,English,Drama,2,Charlie Chaplin,Charlie Chaplin,,8500000,,,No,87,8.1,856,Yes,28.28,Unknown,Under 90 min,"500-1,999",No
43884,The Charge of the Light Brigade,The Charge of the Light Brigade (1936),1936-10-20,1936,1930s,Oct,10,English,Action,4,Michael Curtiz,Errol Flynn,1200000,2736000,1536000,2.28,Yes,115,6.8,18,No,2.97,Under $10M,110-129 min,Under 50,No
43867,The Prisoner of Zenda,The Prisoner of Zenda (1937),1937-09-03,1937,1930s,Sep,9,English,Adventure,3,John Cromwell,Ronald Colman,,,,,No,101,8.4,11,No,4.02,Unknown,90-109 min,Under 50,No
408,Snow White and the Seven Dwarfs,Snow White and the Seven Dwarfs (1937),1937-12-20,1937,1930s,Dec,12,English,Fantasy,3,David Hand,Adriana Caselotti,1488423,184925486,183437063,124.243,Yes,83,6.9,1914,Yes,80.17,Under $10M,Under 90 min,"500-1,999",No
43839,Alexander's Ragtime Band,Alexander's Ragtime Band (1938),1938-05-24,1938,1930s,May,5,English,Drama,3,Henry King,Tyrone Power,2000000,4000000,2000000,2.0,Yes,106,4.8,6,No,0.48,Under $10M,90-109 min,Under 50,No
34106,You Can't Take It With You,You Can't Take It With You (1938),1938-08-23,1938,1930s,Aug,8,English,Comedy,2,Frank Capra,Jean Arthur,1644736,7433101,5788365,4.519,Yes,126,7.2,79,Yes,3.43,Under $10M,110-129 min,50-499,No
630,The Wizard of Oz,The Wizard of Oz (1939),1939-08-15,1939,1930s,Aug,8,English,Adventure,3,Victor Fleming,Judy Garland,2777000,33754967,30977967,12.155,Yes,102,7.4,1642,Yes,67.42,Under $10M,90-109 min,"500-1,999",No
3083,Mr. Smith Goes to Washington,Mr. Smith Goes to Washington (1939),1939-10-19,1939,1930s,Oct,10,English,Comedy,2,Frank Capra,James Stewart,1500000,9600000,8100000,6.4,Yes,129,7.9,241,Yes,12.26,Under $10M,110-129 min,50-499,No
770,Gone with the Wind,Gone with the Wind (1939),1939-12-15,1939,1930s,Dec,12,English,Drama,3,Victor Fleming,Vivien Leigh,4000000,400176459,396176459,100.044,Yes,238,7.7,970,Yes,48.98,Under $10M,150+ min,"500-1,999",No
60400,The Blue Bird,The Blue Bird (1940),1940-01-19,1940,1940s,Jan,1,English,Drama,3,Walter Lang,Shirley Temple,,,,,No,88,6.4,8,No,1.28,Unknown,Under 90 min,Under 50,No
10895,Pinocchio,Pinocchio (1940),1940-02-23,1940,1940s,Feb,2,English,Animation,2,Ben Sharpsteen,Mel Blanc,2600000,84300000,81700000,32.423,Yes,88,6.9,1355,Yes,46.01,Under $10M,Under 90 min,"500-1,999",No
223,Rebecca,Rebecca (1940),1940-04-12,1940,1940s,Apr,4,English,Drama,2,Alfred Hitchcock,Laurence Olivier,1288000,6000000,4712000,4.658,Yes,130,7.7,336,Yes,18.43,Under $10M,130-149 min,50-499,No
55604,Boom Town,Boom Town (1940),1940-08-30,1940,1940s,Aug,8,English,Adventure,3,Jack Conway,Clark Gable,2000000,9172000,7172000,4.586,Yes,119,6.5,8,No,1.87,Under $10M,110-129 min,Under 50,No
756,Fantasia,Fantasia (1940),1940-11-13,1940,1940s,Nov,11,English,Animation,3,David Hand,Deems Taylor,2280000,83320000,81040000,36.544,Yes,124,7.2,808,Yes,32.88,Under $10M,110-129 min,"500-1,999",No
43266,How Green Was My Valley,How Green Was My Valley (1941),1941-10-28,1941,1940s,Oct,10,English,Drama,1,John Ford,Walter Pidgeon,1250000,6000000,4750000,4.8,Yes,118,6.8,72,Yes,7.7,Under $10M,110-129 min,50-499,No
3170,Bambi,Bambi (1942),1942-08-14,1942,1940s,Aug,8,English,Animation,3,David Hand,Donnie Dunagan,858000,267447150,266589150,311.71,Yes,70,6.8,1405,Yes,47.65,Under $10M,Under 90 min,"500-1,999",No
289,Casablanca,Casablanca (1942),1942-11-26,1942,1940s,Nov,11,English,Drama,2,Michael Curtiz,Humphrey Bogart,878000,10462500,9584500,11.916,Yes,102,7.9,1422,Yes,43.73,Under $10M,90-109 min,"500-1,999",No
43306,A Guy Named Joe,A Guy Named Joe (1944),1944-03-01,1944,1940s,Mar,3,English,Drama,3,Victor Fleming,Spencer Tracy,2627000,5363000,2736000,2.041,Yes,120,6.0,8,No,0.53,Under $10M,110-129 min,Under 50,No
43546,Bathing Beauty,Bathing Beauty (1944),1944-07-01,1944,1940s,Jul,7,English,Comedy,2,George Sidney,Red Skelton,2361000,6892000,4531000,2.919,Yes,101,7.0,4,No,0.63,Under $10M,90-109 min,Under 50,No
43610,The Valley of Decision,The Valley of Decision (1945),1945-06-01,1945,1940s,Jun,6,English,Drama,1,Tay Garnett,Greer Garson,2160000,9132000,6972000,4.228,Yes,119,5.8,4,No,0.18,Under $10M,110-129 min,Under 50,No
27686,State Fair,State Fair (1945),1945-08-29,1945,1940s,Aug,8,English,Music,2,Walter Lang,Jeanne Crain,,,,,No,96,6.2,19,No,1.85,Unknown,90-109 min,Under 50,No
28580,The Lost Weekend,The Lost Weekend (1945),1945-11-25,1945,1940s,Nov,11,English,Drama,1,Billy Wilder,Ray Milland,1250000,11000000,9750000,8.8,Yes,101,7.4,112,Yes,6.9,Under $10M,90-109 min,50-499,No
4174,Spellbound,Spellbound (1945),1945-12-28,1945,1940s,Dec,12,English,Drama,3,Alfred Hitchcock,Ingrid Bergman,1500000,7000000,5500000,4.667,Yes,111,7.3,160,Yes,11.15,Under $10M,110-129 min,50-499,No
1585,It's a Wonderful Life,It's a Wonderful Life (1946),1946-12-20,1946,1940s,Dec,12,English,Drama,3,Frank Capra,James Stewart,3180000,9644124,6464124,3.033,Yes,130,8.0,1076,Yes,42.87,Under $10M,130-149 min,"500-1,999",No
887,The Best Years of Our Lives,The Best Years of Our Lives (1946),1946-12-25,1946,1940s,Dec,12,English,Drama,3,William Wyler,Fredric March,2100000,23650000,21550000,11.262,Yes,172,7.6,143,Yes,8.39,Under $10M,150+ min,50-499,No
32275,Duel in the Sun,Duel in the Sun (1946),1946-12-31,1946,1940s,Dec,12,English,Western,1,King Vidor,Jennifer Jones,6000000,20400000,14400000,3.4,Yes,144,6.2,37,No,7.6,Under $10M,130-149 min,Under 50,No
33667,Gentleman's Agreement,Gentleman's Agreement (1947),1947-11-11,1947,1940s,Nov,11,English,Drama,2,Elia Kazan,Gregory Peck,2000000,7800000,5800000,3.9,Yes,118,6.8,47,No,5.38,Under $10M,110-129 min,Under 50,No
3766,The Lady from Shanghai,The Lady from Shanghai (1947),1947-12-24,1947,1940s,Dec,12,English,Crime,3,Orson Welles,Rita Hayworth,2300000,,,,No,87,7.2,102,Yes,8.06,Under $10M,Under 90 min,50-499,No
56930,Tycoon,Tycoon (1947),1947-12-27,1947,1940s,Dec,12,English,Action,3,Richard Wallace,John Wayne,,,,,No,128,6.6,4,No,0.04,Unknown,110-129 min,Under 50,No
51130,Open Secret,Open Secret (1948),1948-02-14,1948,1940s,Feb,2,English,Crime,3,John Reinhardt,John Ireland,,,,,No,68,7.0,2,No,0.19,Unknown,Under 90 min,Under 50,No
35032,The Pirate,The Pirate (1948),1948-06-11,1948,1940s,Jun,6,English,Music,2,Vincente Minnelli,Judy Garland,3700000,2956000,-744000,0.799,Yes,102,6.6,17,No,0.91,Under $10M,90-109 min,Under 50,No
3089,Red River,Red River (1948),1948-08-26,1948,1940s,Aug,8,English,Western,1,Howard Hawks,John Wayne,3000000,9012000,6012000,3.004,Yes,133,7.3,82,Yes,5.34,Under $10M,130-149 min,50-499,No
13909,She Wore a Yellow Ribbon,She Wore a Yellow Ribbon (1949),1949-10-22,1949,1940s,Oct,10,English,Western,1,John Ford,John Wayne,1600000,5400000,3800000,3.375,Yes,103,7.1,61,Yes,8.54,Under $10M,90-109 min,50-499,No
18712,Sands of Iwo Jima,Sands of Iwo Jima (1949),1949-12-14,1949,1940s,Dec,12,English,Action,4,Allan Dwan,John Wayne,1000000,7800000,6800000,7.8,Yes,100,6.2,33,No,3.85,Under $10M,90-109 min,Under 50,No
25209,Annie Get Your Gun,Annie Get Your Gun (1950),1950-05-17,1950,1950s,May,5,English,Action,5,George Sidney,Betty Hutton,3768785,8000000,4231215,2.123,Yes,107,7.3,22,No,1.73,Under $10M,90-109 min,Under 50,No
17820,Show Boat,Show Boat (1951),1951-07-13,1951,1950s,Jul,7,English,Music,2,George Sidney,Howard Keel,2300000,11000000,8700000,4.783,Yes,107,6.9,18,No,1.61,Under $10M,90-109 min,Under 50,No
702,A Streetcar Named Desire,A Streetcar Named Desire (1951),1951-09-18,1951,1950s,Sep,9,English,Drama,1,Elia Kazan,Vivien Leigh,1800000,8000000,6200000,4.444,Yes,125,7.6,281,Yes,14.88,Under $10M,110-129 min,50-499,No
11620,Quo Vadis,Quo Vadis (1951),1951-11-08,1951,1950s,Nov,11,English,Drama,3,Mervyn LeRoy,Robert Taylor,8250000,30000000,21750000,3.636,Yes,171,7.0,63,Yes,7.97,Under $10M,150+ min,50-499,No
27191,The Greatest Show on Earth,The Greatest Show on Earth (1952),1952-01-10,1952,1950s,Jan,1,English,Action,3,Cecil B. DeMille,Betty Hutton,4000000,36000000,32000000,9.0,Yes,152,6.6,50,Yes,8.99,Under $10M,150+ min,50-499,No
36334,Deadline - U.S.A.,Deadline - U.S.A. (1952),1952-03-14,1952,1950s,Mar,3,English,Crime,2,Richard Brooks,Humphrey Bogart,,,,,No,87,6.9,17,No,0.23,Unknown,Under 90 min,Under 50,No
288,High Noon,High Noon (1952),1952-03-27,1952,1950s,Mar,3,English,Western,1,Fred Zinnemann,Gary Cooper,730000,8000000,7270000,10.959,Yes,85,7.6,334,Yes,18.64,Under $10M,Under 90 min,50-499,No
872,Singin' in the Rain,Singin' in the Rain (1952),1952-04-10,1952,1950s,Apr,4,English,Comedy,3,Stanley Donen,Gene Kelly,2540800,7200000,4659200,2.834,Yes,103,7.8,727,Yes,36.56,Under $10M,90-109 min,"500-1,999",No
19997,Niagara,Niagara (1953),1953-01-21,1953,1950s,Jan,1,English,Crime,3,Henry Hathaway,Marilyn Monroe,1250000,8500000,7250000,6.8,Yes,92,6.7,79,Yes,9.9,Under $10M,90-109 min,50-499,No
35073,"The Beast from 20,000 Fathoms","The Beast from 20,000 Fathoms (1953)",1953-06-13,1953,1950s,Jun,6,English,Adventure,3,Eugène Lourié,Paul Hubschmid,210000,5000000,4790000,23.81,Yes,80,6.7,41,No,2.04,Under $10M,Under 90 min,Under 50,No
11426,From Here to Eternity,From Here to Eternity (1953),1953-08-04,1953,1950s,Aug,8,English,War,3,Fred Zinnemann,Burt Lancaster,1650000,30500000,28850000,18.485,Yes,118,7.2,133,Yes,6.92,Under $10M,110-129 min,50-499,No
29912,The Robe,The Robe (1953),1953-09-16,1953,1950s,Sep,9,English,Drama,1,Henry Koster,Richard Burton,4100000,36000000,31900000,8.78,Yes,135,6.4,42,No,4.03,Under $10M,130-149 min,Under 50,No
346,Seven Samurai,Seven Samurai (1954),1954-04-26,1954,1950s,Apr,4,Other languages,Action,2,Akira Kurosawa,Toshirō Mifune,2000000,271841,-1728159,0.136,Yes,207,8.2,878,Yes,39.76,Under $10M,150+ min,"500-1,999",No
654,On the Waterfront,On the Waterfront (1954),1954-06-22,1954,1950s,Jun,6,English,Crime,2,Elia Kazan,Marlon Brando,910000,9600000,8690000,10.549,Yes,108,8.0,357,Yes,16.02,Under $10M,90-109 min,50-499,No
24973,The Egyptian,The Egyptian (1954),1954-08-25,1954,1950s,Aug,8,English,History,2,Michael Curtiz,Jean Simmons,5000000,15000000,10000000,3.0,Yes,139,6.0,11,No,4.08,Under $10M,130-149 min,Under 50,No
173,"20,000 Leagues Under the Sea","20,000 Leagues Under the Sea (1954)",1954-12-23,1954,1950s,Dec,12,English,Adventure,3,Richard Fleischer,Kirk Douglas,5000000,28200000,23200000,5.64,Yes,127,6.8,157,Yes,9.36,Under $10M,110-129 min,50-499,No
48035,Ordet,Ordet (1955),1955-01-09,1955,1950s,Jan,1,Other languages,Drama,1,Carl Theodor Dreyer,Birgitte Federspiel,,,,,No,126,7.8,65,Yes,3.23,Unknown,110-129 min,50-499,No
11219,The Trouble with Harry,The Trouble with Harry (1955),1955-10-03,1955,1950s,Oct,10,English,Comedy,3,Alfred Hitchcock,Edmund Gwenn,1200000,7000000,5800000,5.833,Yes,99,6.9,149,Yes,6.92,Under $10M,90-109 min,50-499,No
40494,Trapeze,Trapeze (1956),1956-05-30,1956,1950s,May,5,English,Drama,1,Carol Reed,Burt Lancaster,4000000,14400000,10400000,3.6,Yes,105,6.4,22,No,1.38,Under $10M,90-109 min,Under 50,No
10339,Moby Dick,Moby Dick (1956),1956-06-27,1956,1950s,Jun,6,English,Adventure,2,John Huston,Gregory Peck,4500000,10400000,5900000,2.311,Yes,116,6.9,89,Yes,5.22,Under $10M,110-129 min,50-499,No
39833,Love Me Tender,Love Me Tender (1956),1956-11-15,1956,1950s,Nov,11,English,Drama,5,Robert D. Webb,Richard Egan,1000000,9000000,8000000,9.0,Yes,89,5.5,21,No,1.44,Under $10M,Under 90 min,Under 50,No
389,12 Angry Men,12 Angry Men (1957),1957-03-25,1957,1950s,Mar,3,English,Drama,1,Sidney Lumet,Henry Fonda,350000,1000000,650000,2.857,Yes,96,8.2,2078,Yes,59.26,Under $10M,90-109 min,"2,000-4,999",No
826,The Bridge on the River Kwai,The Bridge on the River Kwai (1957),1957-10-02,1957,1950s,Oct,10,English,Drama,3,David Lean,William Holden,3000000,33300000,30300000,11.1,Yes,161,7.7,542,Yes,23.11,Under $10M,150+ min,"500-1,999",No
261,Cat on a Hot Tin Roof,Cat on a Hot Tin Roof (1958),1958-02-17,1958,1950s,Feb,2,English,Drama,2,Richard Brooks,Elizabeth Taylor,3000000,17570324,14570324,5.857,Yes,108,7.6,165,Yes,16.55,Under $10M,90-109 min,50-499,No
239,Some Like It Hot,Some Like It Hot (1959),1959-03-18,1959,1950s,Mar,3,English,Comedy,2,Billy Wilder,Marilyn Monroe,2883848,25000000,22116152,8.669,Yes,122,8.0,808,Yes,39.31,Under $10M,110-129 min,"500-1,999",No
27029,The Nun's Story,The Nun's Story (1959),1959-06-18,1959,1950s,Jun,6,English,Drama,1,Fred Zinnemann,Audrey Hepburn,3500000,12800000,9300000,3.657,Yes,149,7.4,46,No,3.28,Under $10M,130-149 min,Under 50,No
29996,Solomon and Sheba,Solomon and Sheba (1959),1959-12-25,1959,1950s,Dec,12,English,Drama,4,King Vidor,Yul Brynner,5000000,12200000,7200000,2.44,Yes,139,5.4,8,No,0.84,Under $10M,130-149 min,Under 50,No
284,The Apartment,The Apartment (1960),1960-06-15,1960,1960s,Jun,6,English,Comedy,3,Billy Wilder,Jack Lemmon,3000000,25000000,22000000,8.333,Yes,125,8.1,483,Yes,22.89,Under $10M,110-129 min,50-499,No
539,Psycho,Psycho (1960),1960-06-16,1960,1960s,Jun,6,English,Drama,3,Alfred Hitchcock,Anthony Perkins,806948,32000000,31193052,39.656,Yes,109,8.2,2320,Yes,93.07,Under $10M,90-109 min,"2,000-4,999",No
22013,Elmer Gantry,Elmer Gantry (1960),1960-06-19,1960,1960s,Jun,6,English,Drama,1,Richard Brooks,Burt Lancaster,3000000,10400000,7400000,3.467,Yes,146,7.3,41,No,6.73,Under $10M,130-149 min,Under 50,No
11536,The Misfits,The Misfits (1961),1961-01-01,1961,1960s,Jan,1,English,Drama,3,John Huston,Clark Gable,4000000,8200000,4200000,2.05,Yes,124,6.8,72,Yes,2.93,Under $10M,110-129 min,50-499,No
990,The Hustler,The Hustler (1961),1961-09-25,1961,1960s,Sep,9,English,Drama,1,Robert Rossen,Paul Newman,2000000,7600000,5600000,3.8,Yes,134,7.6,240,Yes,17.64,Under $10M,130-149 min,50-499,No
1725,West Side Story,West Side Story (1961),1961-10-18,1961,1960s,Oct,10,English,Crime,3,Robert Wise,Natalie Wood,6000000,43656822,37656822,7.276,Yes,152,7.0,389,Yes,23.43,Under $10M,150+ min,50-499,No
821,Judgment at Nuremberg,Judgment at Nuremberg (1961),1961-12-01,1961,1960s,Dec,12,English,Drama,2,Stanley Kramer,Spencer Tracy,3000000,10000000,7000000,3.333,Yes,186,7.6,155,Yes,13.34,Under $10M,150+ min,50-499,No
248,Pocketful of Miracles,Pocketful of Miracles (1961),1961-12-18,1961,1960s,Dec,12,English,Comedy,2,Frank Capra,Glenn Ford,2900000,5000000,2100000,1.724,Yes,136,7.3,25,No,3.37,Under $10M,130-149 min,Under 50,No
33468,The Brain That Wouldn't Die,The Brain That Wouldn't Die (1962),1962-02-25,1962,1960s,Feb,2,English,Horror,2,Joseph Green,Jason Evers,62000,,,,No,82,4.4,32,No,2.41,Under $10M,Under 90 min,Under 50,No
11697,The Man Who Shot Liberty Valance,The Man Who Shot Liberty Valance (1962),1962-04-22,1962,1960s,Apr,4,English,Western,1,John Ford,John Wayne,3200000,8000000,4800000,2.5,Yes,123,7.4,265,Yes,11.74,Under $10M,110-129 min,50-499,No
802,Lolita,Lolita (1962),1962-06-13,1962,1960s,Jun,6,English,Drama,2,Stanley Kubrick,James Mason,2000000,9250000,7250000,4.625,Yes,153,7.3,395,Yes,23.96,Under $10M,150+ min,50-499,No
9289,The Longest Day,The Longest Day (1962),1962-09-25,1962,1960s,Sep,9,English,Action,4,Bernhard Wicki,Eddie Albert,10000000,50100000,40100000,5.01,Yes,178,7.2,234,Yes,19.52,$10M-40M,150+ min,50-499,No
646,Dr. No,Dr. No (1962),1962-10-04,1962,1960s,Oct,10,English,Adventure,3,Terence Young,Sean Connery,950000,59600000,58650000,62.737,Yes,110,6.9,940,Yes,48.9,Under $10M,110-129 min,"500-1,999",No
947,Lawrence of Arabia,Lawrence of Arabia (1962),1962-12-10,1962,1960s,Dec,12,English,Adventure,4,David Lean,Peter O'Toole,15000000,69995385,54995385,4.666,Yes,216,7.8,851,Yes,41.29,$10M-40M,150+ min,"500-1,999",No
595,To Kill a Mockingbird,To Kill a Mockingbird (1962),1962-12-25,1962,1960s,Dec,12,English,Crime,2,Robert Mulligan,Gregory Peck,2000000,13129846,11129846,6.565,Yes,129,8.0,657,Yes,22.14,Under $10M,110-129 min,"500-1,999",No
27759,55 Days at Peking,55 Days at Peking (1963),1963-05-06,1963,1960s,May,5,English,Action,3,Nicholas Ray,Charlton Heston,17000000,10000000,-7000000,0.588,Yes,154,6.3,36,No,3.32,$10M-40M,150+ min,Under 50,No
24748,Hud,Hud (1963),1963-05-29,1963,1960s,May,5,English,Action,3,Martin Ritt,Paul Newman,2500000,10000000,7500000,4.0,Yes,112,7.5,66,Yes,6.83,Under $10M,110-129 min,50-499,No
8095,Cleopatra,Cleopatra (1963),1963-06-12,1963,1960s,Jun,6,English,Drama,3,Joseph L. Mankiewicz,Elizabeth Taylor,31115000,71000000,39885000,2.282,Yes,248,6.7,146,Yes,13.24,$10M-40M,150+ min,50-499,No
15875,Donovan's Reef,Donovan's Reef (1963),1963-06-12,1963,1960s,Jun,6,English,Adventure,3,John Ford,John Wayne,2686000,6600000,3914000,2.457,Yes,109,6.0,30,No,1.9,Under $10M,90-109 min,Under 50,No
5925,The Great Escape,The Great Escape (1963),1963-06-20,1963,1960s,Jun,6,English,Adventure,5,John Sturges,Steve McQueen,4000000,11744471,7744471,2.936,Yes,172,7.8,717,Yes,35.06,Under $10M,150+ min,"500-1,999",No
5769,Tom Jones,Tom Jones (1963),1963-10-06,1963,1960s,Oct,10,English,Adventure,4,Tony Richardson,Albert Finney,1000000,37600000,36600000,37.6,Yes,128,6.1,39,No,2.83,Under $10M,110-129 min,Under 50,No
657,From Russia with Love,From Russia with Love (1963),1963-10-11,1963,1960s,Oct,10,English,Action,3,Terence Young,Sean Connery,2000000,78898765,76898765,39.449,Yes,115,6.9,760,Yes,41.3,Under $10M,110-129 min,"500-1,999",No
11576,"It's a Mad, Mad, Mad, Mad World","It's a Mad, Mad, Mad, Mad World (1963)",1963-11-07,1963,1960s,Nov,11,English,Action,4,Stanley Kramer,Spencer Tracy,9400000,60000000,50600000,6.383,Yes,163,7.0,140,Yes,14.56,Under $10M,150+ min,50-499,No
91721,Nothing But a Man,Nothing But a Man (1964),1964-01-01,1964,1960s,Jan,1,English,Drama,1,Michael Roemer,Ivan Dixon,,,,,No,95,7.0,2,No,0.01,Unknown,90-109 min,Under 50,No
935,Dr. Strangelove or: How I Learned to Stop Worrying and Love the Bomb,Dr. Strangelove or: How I Learned to Stop Worrying and Love the Bomb (1964),1964-01-29,1964,1960s,Jan,1,English,Drama,3,Stanley Kubrick,Peter Sellers,1800000,9440272,7640272,5.245,Yes,95,8.0,1442,Yes,42.0,Under $10M,90-109 min,"500-1,999",No
17277,The Fall of the Roman Empire,The Fall of the Roman Empire (1964),1964-03-24,1964,1960s,Mar,3,English,Drama,2,Anthony Mann,Sophia Loren,19000000,4750000,-14250000,0.25,Yes,188,6.0,33,No,4.23,$10M-40M,150+ min,Under 50,No
704,A Hard Day's Night,A Hard Day's Night (1964),1964-07-06,1964,1960s,Jul,7,English,Comedy,2,Richard Lester,John Lennon,560000,12299668,11739668,21.964,Yes,88,7.3,168,Yes,10.73,Under $10M,Under 90 min,50-499,No
433,Mary Poppins,Mary Poppins (1964),1964-08-27,1964,1960s,Aug,8,English,Comedy,3,Robert Stevenson,Julie Andrews,6000000,102272727,96272727,17.045,Yes,139,7.4,1183,Yes,59.96,Under $10M,130-149 min,"500-1,999",No
391,A Fistful of Dollars,A Fistful of Dollars (1964),1964-09-12,1964,1960s,Sep,9,Other languages,Western,1,Sergio Leone,Clint Eastwood,200000,14500000,14300000,72.5,Yes,99,7.6,883,Yes,38.77,Under $10M,90-109 min,"500-1,999",No
658,Goldfinger,Goldfinger (1964),1964-09-17,1964,1960s,Sep,9,English,Adventure,3,Guy Hamilton,Sean Connery,2500000,124881062,122381062,49.952,Yes,110,7.2,987,Yes,47.81,Under $10M,110-129 min,"500-1,999",No
3482,The Train,The Train (1964),1964-09-21,1964,1960s,Sep,9,English,Action,4,John Frankenheimer,Burt Lancaster,5800000,6800000,1000000,1.172,Yes,133,7.2,72,Yes,4.49,Under $10M,130-149 min,50-499,No
11113,My Fair Lady,My Fair Lady (1964),1964-10-21,1964,1960s,Oct,10,English,Drama,4,George Cukor,Audrey Hepburn,17000000,72070731,55070731,4.239,Yes,170,7.4,352,Yes,20.79,$10M-40M,150+ min,50-499,No
40652,The Married Woman,The Married Woman (1964),1964-12-04,1964,1960s,Dec,12,Other languages,Drama,2,Jean-Luc Godard,Macha Méril,120000,,,,No,95,7.1,20,No,1.11,Under $10M,90-109 min,Under 50,No
2428,The Greatest Story Ever Told,The Greatest Story Ever Told (1965),1965-02-15,1965,1960s,Feb,2,English,Drama,2,George Stevens,Max von Sydow,20000000,15473333,-4526667,0.774,Yes,199,6.5,41,No,3.01,$10M-40M,150+ min,Under 50,No
15121,The Sound of Music,The Sound of Music (1965),1965-03-02,1965,1960s,Mar,3,English,Drama,4,Robert Wise,Julie Andrews,8200000,286214286,278014286,34.904,Yes,174,7.4,941,Yes,37.96,Under $10M,150+ min,"500-1,999",No
29715,Major Dundee,Major Dundee (1965),1965-04-07,1965,1960s,Apr,4,English,War,2,Sam Peckinpah,Charlton Heston,3800000,14873,-3785127,0.004,Yes,123,6.2,38,No,3.49,Under $10M,110-129 min,Under 50,No
41830,The Party's Over,The Party's Over (1965),1965-04-22,1965,1960s,Apr,4,English,Drama,1,Guy Hamilton,Oliver Reed,,,,,No,94,6.1,6,No,0.12,Unknown,90-109 min,Under 50,No
2786,Pierrot le Fou,Pierrot le Fou (1965),1965-08-29,1965,1960s,Aug,8,Other languages,Drama,2,Jean-Luc Godard,Jean-Paul Belmondo,300000,,,,No,110,7.6,127,Yes,7.79,Under $10M,110-129 min,50-499,No
13187,A Charlie Brown Christmas,A Charlie Brown Christmas (1965),1965-12-09,1965,1960s,Dec,12,English,Animation,4,Bill Melendez,Ann Altieri,,,,,No,25,7.5,153,Yes,8.7,Unknown,Under 90 min,50-499,No
660,Thunderball,Thunderball (1965),1965-12-16,1965,1960s,Dec,12,English,Adventure,3,Terence Young,Sean Connery,5500000,141195658,135695658,25.672,Yes,130,6.5,562,Yes,31.04,Under $10M,130-149 min,"500-1,999",No
907,Doctor Zhivago,Doctor Zhivago (1965),1965-12-22,1965,1960s,Dec,12,English,Drama,3,David Lean,Omar Sharif,11000000,111858363,100858363,10.169,Yes,197,7.4,247,Yes,12.85,$10M-40M,150+ min,50-499,No
26268,Harper,Harper (1966),1966-02-23,1966,1960s,Feb,2,English,Action,5,Jack Smight,Paul Newman,3500000,12000000,8500000,3.429,Yes,121,6.2,35,No,2.94,Under $10M,110-129 min,Under 50,No
5780,Torn Curtain,Torn Curtain (1966),1966-07-13,1966,1960s,Jul,7,English,Mystery,2,Alfred Hitchcock,Paul Newman,3000000,13000000,10000000,4.333,Yes,128,6.4,120,Yes,7.92,Under $10M,110-129 min,50-499,No
2661,Batman,Batman (1966),1966-07-30,1966,1960s,Jul,7,English,Family,5,Leslie H. Martinson,Adam West,1377800,,,,No,105,6.1,203,Yes,9.82,Under $10M,90-109 min,50-499,No
17768,A Funny Thing Happened on the Way to the Forum,A Funny Thing Happened on the Way to the Forum (1966),1966-10-16,1966,1960s,Oct,10,English,Comedy,2,Richard Lester,Zero Mostel,,,,,No,99,6.1,24,No,8.9,Unknown,90-109 min,Under 50,No
874,A Man for All Seasons,A Man for All Seasons (1966),1966-12-12,1966,1960s,Dec,12,English,Drama,2,Fred Zinnemann,Paul Scofield,3900000,28350000,24450000,7.269,Yes,120,7.5,89,Yes,9.54,Under $10M,110-129 min,50-499,No
429,"The Good, the Bad and the Ugly","The Good, the Bad and the Ugly (1966)",1966-12-23,1966,1960s,Dec,12,Other languages,Western,1,Sergio Leone,Eli Wallach,1200000,6000000,4800000,5.0,Yes,161,8.1,2311,Yes,88.38,Under $10M,150+ min,"2,000-4,999",No
667,You Only Live Twice,You Only Live Twice (1967),1967-06-12,1967,1960s,Jun,6,English,Action,3,Lewis Gilbert,Sean Connery,9500000,111584787,102084787,11.746,Yes,117,6.5,531,Yes,28.68,Under $10M,110-129 min,"500-1,999",No
26039,Point Blank,Point Blank (1967),1967-08-30,1967,1960s,Aug,8,English,Action,4,John Boorman,Lee Marvin,2500000,3200000,700000,1.28,Yes,92,7.1,95,Yes,5.16,Under $10M,90-109 min,50-499,No
12602,The Torture Chamber of Dr. Sadism,The Torture Chamber of Dr. Sadism (1967),1967-10-05,1967,1960s,Oct,10,Other languages,Mystery,3,Harald Reinl,Lex Barker,,,,,No,85,6.3,12,No,1.3,Unknown,Under 90 min,Under 50,No
18900,In Cold Blood,In Cold Blood (1967),1967-12-14,1967,1960s,Dec,12,English,Crime,2,Richard Brooks,Robert Blake,3500000,13007551,9507551,3.716,Yes,134,7.4,82,Yes,7.82,Under $10M,130-149 min,50-499,No
62,2001: A Space Odyssey,2001: A Space Odyssey (1968),1968-04-10,1968,1960s,Apr,4,English,Science Fiction,3,Stanley Kubrick,Keir Dullea,10500000,68700000,58200000,6.543,Yes,149,7.9,2998,Yes,86.2,$10M-40M,130-149 min,"2,000-4,999",No
27983,"Yours, Mine and Ours","Yours, Mine and Ours (1968)",1968-04-24,1968,1960s,Apr,4,English,Comedy,3,Melville Shavelson,Lucille Ball,,,,,No,111,6.2,26,No,2.09,Unknown,110-129 min,Under 50,No
805,Rosemary's Baby,Rosemary's Baby (1968),1968-06-12,1968,1960s,Jun,6,English,Horror,3,Roman Polanski,Mia Farrow,3200000,33395426,30195426,10.436,Yes,136,7.5,863,Yes,26.18,Under $10M,130-149 min,"500-1,999",No
4929,Hang 'em High,Hang 'em High (1968),1968-07-31,1968,1960s,Jul,7,English,Western,1,Ted Post,Clint Eastwood,1800000,6800000,5000000,3.778,Yes,114,6.7,192,Yes,11.76,Under $10M,110-129 min,50-499,No
29146,Charly,Charly (1968),1968-09-23,1968,1960s,Sep,9,English,Drama,3,Ralph Nelson,Cliff Robertson,950000,814666,-135334,0.858,Yes,103,6.6,28,No,0.18,Under $10M,90-109 min,Under 50,No
17917,Oliver!,Oliver! (1968),1968-09-26,1968,1960s,Sep,9,English,Drama,3,Carol Reed,Ron Moody,10000000,37402877,27402877,3.74,Yes,153,7.0,103,Yes,8.31,$10M-40M,150+ min,50-499,No
10331,Night of the Living Dead,Night of the Living Dead (1968),1968-10-01,1968,1960s,Oct,10,English,Horror,1,George A. Romero,Duane Jones,114000,30000000,29886000,263.158,Yes,96,7.5,580,Yes,25.67,Under $10M,90-109 min,"500-1,999",No
8069,Barbarella,Barbarella (1968),1968-10-10,1968,1960s,Oct,10,English,Science Fiction,1,Roger Vadim,Jane Fonda,9000000,2500000,-6500000,0.278,Yes,98,5.7,146,Yes,14.17,Under $10M,90-109 min,50-499,No
39209,Shalako,Shalako (1968),1968-11-06,1968,1960s,Nov,11,English,Western,1,Edward Dmytryk,Sean Connery,1455000,2620000,1165000,1.801,Yes,113,5.4,12,No,3.6,Under $10M,110-129 min,Under 50,No
335,Once Upon a Time in the West,Once Upon a Time in the West (1968),1968-12-21,1968,1960s,Dec,12,Other languages,Western,1,Sergio Leone,Henry Fonda,5000000,5321508,321508,1.064,Yes,175,8.1,1128,Yes,49.33,Under $10M,150+ min,"500-1,999",No
42618,Sweet Charity,Sweet Charity (1969),1969-01-01,1969,1960s,Jan,1,English,Comedy,4,Bob Fosse,Shirley MacLaine,8000000,20000000,12000000,2.5,Yes,149,6.5,15,No,0.71,Under $10M,130-149 min,Under 50,No
45138,Machine Gun McCain,Machine Gun McCain (1969),1969-04-01,1969,1960s,Apr,4,Other languages,Drama,5,Giuliano Montaldo,John Cassavetes,,,,,No,116,7.3,6,No,0.7,Unknown,110-129 min,Under 50,No
3116,Midnight Cowboy,Midnight Cowboy (1969),1969-05-25,1969,1960s,May,5,English,Drama,1,John Schlesinger,Dustin Hoffman,3600000,44785053,41185053,12.44,Yes,113,7.4,299,Yes,21.12,Under $10M,110-129 min,50-499,No
576,The Wild Bunch,The Wild Bunch (1969),1969-06-17,1969,1960s,Jun,6,English,Adventure,2,Sam Peckinpah,William Holden,6244087,638641,-5605446,0.102,Yes,145,7.6,259,Yes,14.97,Under $10M,130-149 min,50-499,No
1651,Mississippi Mermaid,Mississippi Mermaid (1969),1969-06-18,1969,1960s,Jun,6,Other languages,Crime,3,François Truffaut,Jean-Paul Belmondo,,,,,No,123,6.7,32,No,3.65,Unknown,110-129 min,Under 50,No
70478,The Stewardesses,The Stewardesses (1969),1969-07-25,1969,1960s,Jul,7,English,Comedy,1,Al Silliman Jr.,Christina Hart,100000,27000000,26900000,270.0,Yes,69,4.3,5,No,1.18,Under $10M,Under 90 min,Under 50,No
642,Butch Cassidy and the Sundance Kid,Butch Cassidy and the Sundance Kid (1969),1969-09-23,1969,1960s,Sep,9,English,History,4,George Roy Hill,Paul Newman,6000000,102308889,96308889,17.051,Yes,110,7.4,650,Yes,24.5,Under $10M,110-129 min,"500-1,999",No
20391,Paint Your Wagon,Paint Your Wagon (1969),1969-10-15,1969,1960s,Oct,10,English,Drama,5,Joshua Logan,Lee Marvin,20000000,31678778,11678778,1.584,Yes,158,6.2,63,Yes,7.9,$10M-40M,150+ min,50-499,No
668,On Her Majesty's Secret Service,On Her Majesty's Secret Service (1969),1969-12-12,1969,1960s,Dec,12,English,Adventure,3,Peter R. Hunt,George Lazenby,6500000,81974493,75474493,12.611,Yes,142,6.5,456,Yes,25.29,Under $10M,130-149 min,50-499,No
2370,Topaz,Topaz (1969),1969-12-18,1969,1960s,Dec,12,English,Action,4,Alfred Hitchcock,Frederick Stafford,4000000,6000000,2000000,1.5,Yes,143,6.1,77,Yes,5.98,Under $10M,130-149 min,50-499,No
42586,Darling Lili,Darling Lili (1970),1970-01-01,1970,1970s,Jan,1,English,Drama,5,Blake Edwards,Julie Andrews,,,,,No,107,4.9,8,No,0.82,Unknown,90-109 min,Under 50,No
11202,Patton,Patton (1970),1970-01-25,1970,1970s,Jan,1,English,Drama,3,Franklin J. Schaffner,George C. Scott,12000000,89800000,77800000,7.483,Yes,172,7.3,323,Yes,21.93,$10M-40M,150+ min,50-499,No
11165,Tora! Tora! Tora!,Tora! Tora! Tora! (1970),1970-01-26,1970,1970s,Jan,1,English,History,5,Richard Fleischer,Martin Balsam,25485000,29548291,4063291,1.159,Yes,144,6.9,147,Yes,9.8,$10M-40M,130-149 min,50-499,No
42345,The Molly Maguires,The Molly Maguires (1970),1970-01-27,1970,1970s,Jan,1,English,Drama,2,Martin Ritt,Sean Connery,11000000,2200000,-8800000,0.2,Yes,124,5.9,16,No,1.4,$10M-40M,110-129 min,Under 50,No
9459,Woodstock,Woodstock (1970),1970-03-26,1970,1970s,Mar,3,English,History,3,Michael Wadleigh,Joe Cocker,600000,34505110,33905110,57.509,Yes,225,7.1,66,Yes,3.41,Under $10M,150+ min,50-499,No
1685,Beneath the Planet of the Apes,Beneath the Planet of the Apes (1970),1970-05-01,1970,1970s,May,5,English,Adventure,3,Ted Post,James Franciscus,3000000,18999718,15999718,6.333,Yes,95,6.2,361,Yes,24.39,Under $10M,90-109 min,50-499,No
23330,The Ballad of Cable Hogue,The Ballad of Cable Hogue (1970),1970-05-13,1970,1970s,May,5,English,Action,3,Sam Peckinpah,Jason Robards,3716946,5000000,1283054,1.345,Yes,121,6.9,47,No,2.68,Under $10M,110-129 min,Under 50,No
59917,Cotton Comes to Harlem,Cotton Comes to Harlem (1970),1970-05-27,1970,1970s,May,5,English,Action,2,Ossie Davis,Godfrey Cambridge,1200000,,,,No,97,6.7,13,No,1.08,Under $10M,90-109 min,Under 50,No
10364,Catch-22,Catch-22 (1970),1970-06-24,1970,1970s,Jun,6,English,War,3,Mike Nichols,Alan Arkin,18000000,24911670,6911670,1.384,Yes,121,6.7,72,Yes,4.5,$10M-40M,110-129 min,50-499,No
5722,Beyond the Valley of the Dolls,Beyond the Valley of the Dolls (1970),1970-07-17,1970,1970s,Jul,7,English,Comedy,3,Russ Meyer,Dolly Read,2090000,40000000,37910000,19.139,Yes,109,6.6,53,Yes,4.29,Under $10M,90-109 min,50-499,No
8416,The Conformist,The Conformist (1970),1970-10-21,1970,1970s,Oct,10,Other languages,Drama,1,Bernardo Bertolucci,Jean-Louis Trintignant,750000,,,,No,107,7.6,127,Yes,8.43,Under $10M,90-109 min,50-499,No
33157,Waterloo,Waterloo (1970),1970-10-26,1970,1970s,Oct,10,English,History,3,Sergey Bondarchuk,Rod Steiger,25000000,3052000,-21948000,0.122,Yes,128,7.0,31,No,1.89,$10M-40M,110-129 min,Under 50,No
72086,The Night Visitor,The Night Visitor (1971),1971-01-01,1971,1970s,Jan,1,English,Crime,2,László Benedek,Max von Sydow,,,,,No,106,7.3,6,No,0.07,Unknown,90-109 min,Under 50,No
42497,Pink Narcissus,Pink Narcissus (1971),1971-01-01,1971,1970s,Jan,1,English,Drama,2,James Bidgood,Bobby Kendall,27000,,,,No,64,6.0,9,No,0.03,Under $10M,Under 90 min,Under 50,No
10514,The Andromeda Strain,The Andromeda Strain (1971),1971-03-12,1971,1970s,Mar,3,English,Science Fiction,2,Robert Wise,Arthur Hill,6500000,12376563,5876563,1.904,Yes,131,7.0,190,Yes,12.52,Under $10M,130-149 min,50-499,No
5822,Sweet Sweetback's Baadasssss Song,Sweet Sweetback's Baadasssss Song (1971),1971-04-23,1971,1970s,Apr,4,English,Action,3,Melvin Van Peebles,Simon Chuckster,150000,15200000,15050000,101.333,Yes,97,4.6,18,No,0.13,Under $10M,90-109 min,Under 50,No
11302,Bananas,Bananas (1971),1971-04-28,1971,1970s,Apr,4,English,Comedy,1,Woody Allen,Woody Allen,2000000,11833696,9833696,5.917,Yes,82,6.7,165,Yes,5.94,Under $10M,Under 90 min,50-499,No
1687,Escape from the Planet of the Apes,Escape from the Planet of the Apes (1971),1971-05-20,1971,1970s,May,5,English,Action,2,Don Taylor,Roddy McDowall,2500000,12348905,9848905,4.94,Yes,98,6.3,264,Yes,18.31,Under $10M,90-109 min,50-499,No
252,Willy Wonka & the Chocolate Factory,Willy Wonka & the Chocolate Factory (1971),1971-06-29,1971,1970s,Jun,6,English,Family,2,Mel Stuart,Gene Wilder,3000000,4000000,1000000,1.333,Yes,100,7.4,798,Yes,23.98,Under $10M,90-109 min,"500-1,999",No
1051,The French Connection,The French Connection (1971),1971-10-09,1971,1970s,Oct,10,English,Action,3,William Friedkin,Gene Hackman,1800000,41158757,39358757,22.866,Yes,104,7.4,422,Yes,15.98,Under $10M,90-109 min,50-499,No
14811,Fiddler on the Roof,Fiddler on the Roof (1971),1971-11-03,1971,1970s,Nov,11,English,Drama,2,Norman Jewison,Chaim Topol,9000000,83304330,74304330,9.256,Yes,181,7.4,134,Yes,7.62,Under $10M,150+ min,50-499,No
681,Diamonds Are Forever,Diamonds Are Forever (1971),1971-12-13,1971,1970s,Dec,12,English,Adventure,3,Guy Hamilton,Sean Connery,7200000,116019547,108819547,16.114,Yes,120,6.3,553,Yes,34.63,Under $10M,110-129 min,"500-1,999",No
811,Silent Running,Silent Running (1972),1972-03-09,1972,1970s,Mar,3,English,Adventure,3,Douglas Trumbull,Bruce Dern,1000000,,,,No,89,6.3,177,Yes,11.1,Under $10M,Under 90 min,50-499,No
692,Pink Flamingos,Pink Flamingos (1972),1972-03-12,1972,1970s,Mar,3,English,Horror,3,John Waters,Divine,12000,6000000,5988000,500.0,Yes,93,6.2,110,Yes,4.55,Under $10M,90-109 min,50-499,No
238,The Godfather,The Godfather (1972),1972-03-14,1972,1970s,Mar,3,English,Drama,2,Francis Ford Coppola,Marlon Brando,6000000,245066411,239066411,40.844,Yes,175,8.4,5893,Yes,143.66,Under $10M,150+ min,"5,000+",No
593,Solaris,Solaris (1972),1972-03-20,1972,1970s,Mar,3,Other languages,Drama,4,Andrei Tarkovsky,Donatas Banionis,,,,,No,167,7.7,357,Yes,24.13,Unknown,150+ min,50-499,No
573,Frenzy,Frenzy (1972),1972-05-25,1972,1970s,May,5,English,Crime,4,Alfred Hitchcock,Jon Finch,3500000,12600000,9100000,3.6,Yes,116,7.1,158,Yes,10.22,Under $10M,110-129 min,50-499,No
1688,Conquest of the Planet of the Apes,Conquest of the Planet of the Apes (1972),1972-06-29,1972,1970s,Jun,6,English,Action,2,J. Lee Thompson,Roddy McDowall,1700000,9700000,8000000,5.706,Yes,88,6.1,236,Yes,18.83,Under $10M,Under 90 min,50-499,No
11624,Everything You Always Wanted to Know About Sex *But Were Afraid to Ask,Everything You Always Wanted to Know About Sex *But Were Afraid to Ask (1972),1972-08-06,1972,1970s,Aug,8,English,Comedy,1,Woody Allen,Woody Allen,2000000,18016290,16016290,9.008,Yes,88,6.6,215,Yes,13.22,Under $10M,Under 90 min,50-499,No
14902,1776,1776 (1972),1972-11-09,1972,1970s,Nov,11,English,Drama,4,Peter H. Hunt,William Daniels,,,,,No,142,7.1,20,No,1.81,Unknown,130-149 min,Under 50,No
10238,Cries and Whispers,Cries and Whispers (1972),1972-12-21,1972,1970s,Dec,12,Other languages,Drama,1,Ingmar Bergman,Harriet Andersson,,,,,No,91,7.8,115,Yes,11.35,Unknown,90-109 min,50-499,No
11901,High Plains Drifter,High Plains Drifter (1973),1973-04-19,1973,1970s,Apr,4,English,Western,1,Clint Eastwood,Clint Eastwood,5500000,15700000,10200000,2.855,Yes,105,7.4,278,Yes,19.13,Under $10M,90-109 min,50-499,No
11577,Pat Garrett & Billy the Kid,Pat Garrett & Billy the Kid (1973),1973-05-23,1973,1970s,May,5,English,Western,1,Sam Peckinpah,James Coburn,4638783,11000000,6361217,2.371,Yes,106,7.2,65,Yes,4.5,Under $10M,90-109 min,50-499,No
1705,Battle for the Planet of the Apes,Battle for the Planet of the Apes (1973),1973-06-15,1973,1970s,Jun,6,English,Action,2,J. Lee Thompson,Roddy McDowall,1700000,8844595,7144595,5.203,Yes,93,5.5,215,Yes,13.32,Under $10M,90-109 min,50-499,No
253,Live and Let Die,Live and Let Die (1973),1973-07-05,1973,1970s,Jul,7,English,Adventure,3,Guy Hamilton,Roger Moore,7000000,161777836,154777836,23.111,Yes,121,6.4,533,Yes,30.47,Under $10M,110-129 min,"500-1,999",No
838,American Graffiti,American Graffiti (1973),1973-08-01,1973,1970s,Aug,8,English,Comedy,2,George Lucas,Richard Dreyfuss,777000,140000000,139223000,180.18,Yes,110,6.9,324,Yes,19.33,Under $10M,110-129 min,50-499,No
203,Mean Streets,Mean Streets (1973),1973-10-02,1973,1970s,Oct,10,English,Drama,2,Martin Scorsese,Harvey Keitel,500000,3000000,2500000,6.0,Yes,110,7.2,345,Yes,17.0,Under $10M,110-129 min,50-499,No
11561,Sleeper,Sleeper (1973),1973-12-17,1973,1970s,Dec,12,English,Comedy,3,Woody Allen,Woody Allen,2000000,18344729,16344729,9.172,Yes,89,7.0,200,Yes,10.66,Under $10M,Under 90 min,50-499,No
9277,The Sting,The Sting (1973),1973-12-25,1973,1970s,Dec,12,English,Comedy,3,George Roy Hill,Paul Newman,5500000,159616327,154116327,29.021,Yes,129,7.9,622,Yes,28.5,Under $10M,110-129 min,"500-1,999",No
9552,The Exorcist,The Exorcist (1973),1973-12-26,1973,1970s,Dec,12,English,Drama,3,William Friedkin,Linda Blair,8000000,441306145,433306145,55.163,Yes,122,7.5,2005,Yes,47.58,Under $10M,110-129 min,"2,000-4,999",No
11072,Blazing Saddles,Blazing Saddles (1974),1974-02-07,1974,1970s,Feb,2,English,Western,2,Mel Brooks,Cleavon Little,2600000,119500000,116900000,45.962,Yes,93,7.2,609,Yes,22.79,Under $10M,90-109 min,"500-1,999",No
592,The Conversation,The Conversation (1974),1974-04-07,1974,1970s,Apr,4,English,Crime,3,Francis Ford Coppola,Gene Hackman,1600000,4420000,2820000,2.762,Yes,113,7.5,372,Yes,20.81,Under $10M,110-129 min,50-499,No
30497,The Texas Chain Saw Massacre,The Texas Chain Saw Massacre (1974),1974-10-01,1974,1970s,Oct,10,English,Horror,1,Tobe Hooper,Marilyn Burns,85000,30859000,30774000,363.047,Yes,83,7.2,590,Yes,29.26,Under $10M,Under 90 min,"500-1,999",No
23069,Benji,Benji (1974),1974-10-17,1974,1970s,Oct,10,English,Adventure,3,Joe Camp,Patsy Garrett,,,,,No,86,6.1,35,No,2.65,Unknown,Under 90 min,Under 50,No
682,The Man with the Golden Gun,The Man with the Golden Gun (1974),1974-12-01,1974,1970s,Dec,12,English,Adventure,3,Guy Hamilton,Roger Moore,7000000,97572000,90572000,13.939,Yes,125,6.3,524,Yes,30.21,Under $10M,110-129 min,"500-1,999",No
987,The Front Page,The Front Page (1974),1974-12-01,1974,1970s,Dec,12,English,Romance,3,Billy Wilder,Jack Lemmon,4000000,,,,No,105,6.9,68,Yes,4.12,Under $10M,90-109 min,50-499,No
3034,Young Frankenstein,Young Frankenstein (1974),1974-12-15,1974,1970s,Dec,12,English,Comedy,2,Mel Brooks,Gene Wilder,2800000,86273333,83473333,30.812,Yes,106,7.7,854,Yes,36.44,Under $10M,90-109 min,"500-1,999",No
240,The Godfather: Part II,The Godfather: Part II (1974),1974-12-20,1974,1970s,Dec,12,English,Drama,2,Francis Ford Coppola,Al Pacino,13000000,47542841,34542841,3.657,Yes,200,8.3,3338,Yes,105.79,$10M-40M,150+ min,"2,000-4,999",No
762,Monty Python and the Holy Grail,Monty Python and the Holy Grail (1975),1975-03-13,1975,1970s,Mar,3,English,Adventure,3,Terry Gilliam,Graham Chapman,400000,5028948,4628948,12.572,Yes,91,7.8,1708,Yes,64.78,Under $10M,90-109 min,"500-1,999",No
13282,Death Race 2000,Death Race 2000 (1975),1975-04-27,1975,1970s,Apr,4,English,Action,3,Paul Bartel,David Carradine,300000,8000000,7700000,26.667,Yes,80,5.9,124,Yes,6.47,Under $10M,Under 90 min,50-499,No
11843,The Return of the Pink Panther,The Return of the Pink Panther (1975),1975-05-21,1975,1970s,May,5,English,Comedy,1,Blake Edwards,Peter Sellers,5000000,41833347,36833347,8.367,Yes,113,6.7,137,Yes,6.47,Under $10M,110-129 min,50-499,No
578,Jaws,Jaws (1975),1975-06-18,1975,1970s,Jun,6,English,Horror,3,Steven Spielberg,Roy Scheider,7000000,470654000,463654000,67.236,Yes,124,7.5,2542,Yes,50.15,Under $10M,110-129 min,"2,000-4,999",No
510,One Flew Over the Cuckoo's Nest,One Flew Over the Cuckoo's Nest (1975),1975-11-18,1975,1970s,Nov,11,English,Drama,1,Miloš Forman,Jack Nicholson,3000000,108981275,105981275,36.327,Yes,133,8.2,2919,Yes,127.53,Under $10M,130-149 min,"2,000-4,999",No
3175,Barry Lyndon,Barry Lyndon (1975),1975-12-18,1975,1970s,Dec,12,English,Drama,3,Stanley Kubrick,Ryan O'Neal,11000000,20000000,9000000,1.818,Yes,184,7.7,505,Yes,29.54,$10M-40M,150+ min,"500-1,999",No
103,Taxi Driver,Taxi Driver (1976),1976-02-07,1976,1970s,Feb,2,English,Crime,2,Martin Scorsese,Robert De Niro,1300000,28262574,26962574,21.74,Yes,114,8.0,2535,Yes,58.85,Under $10M,110-129 min,"2,000-4,999",No
10786,Robin and Marian,Robin and Marian (1976),1976-03-11,1976,1970s,Mar,3,English,Action,4,Richard Lester,Sean Connery,,,,,No,106,6.6,50,Yes,3.2,Unknown,90-109 min,50-499,No
23479,The Bad News Bears,The Bad News Bears (1976),1976-04-07,1976,1970s,Apr,4,English,Comedy,2,Michael Ritchie,Walter Matthau,35000000,35323292,323292,1.009,Yes,102,6.9,97,Yes,6.89,$10M-40M,90-109 min,50-499,No
5854,Family Plot,Family Plot (1976),1976-04-09,1976,1970s,Apr,4,English,Comedy,3,Alfred Hitchcock,Barbara Harris,2000000,7900000,5900000,3.95,Yes,121,6.7,86,Yes,3.83,Under $10M,110-129 min,50-499,No
794,The Omen,The Omen (1976),1976-06-06,1976,1970s,Jun,6,English,Horror,2,Richard Donner,Gregory Peck,2800000,60922980,58122980,21.758,Yes,111,7.2,476,Yes,25.94,Under $10M,110-129 min,50-499,No
10970,Silent Movie,Silent Movie (1976),1976-06-17,1976,1970s,Jun,6,English,Comedy,1,Mel Brooks,Mel Brooks,,,,,No,86,6.7,78,Yes,7.32,Unknown,Under 90 min,50-499,No
10803,Logan's Run,Logan's Run (1976),1976-06-23,1976,1970s,Jun,6,English,Adventure,4,Michael Anderson,Michael York,9000000,25000000,16000000,2.778,Yes,119,6.6,269,Yes,12.27,Under $10M,110-129 min,50-499,No
10774,Network,Network (1976),1976-11-01,1976,1970s,Nov,11,English,Drama,1,Sidney Lumet,Faye Dunaway,3800000,23689877,19889877,6.234,Yes,121,7.7,381,Yes,17.23,Under $10M,110-129 min,50-499,No
1366,Rocky,Rocky (1976),1976-11-21,1976,1970s,Nov,11,English,Drama,1,John G. Avildsen,Sylvester Stallone,1000000,117235147,116235147,117.235,Yes,119,7.5,1791,Yes,72.2,Under $10M,110-129 min,"500-1,999",No
985,Eraserhead,Eraserhead (1977),1977-03-19,1977,1970s,Mar,3,English,Drama,4,David Lynch,Jack Nance,10000,7000000,6990000,700.0,Yes,89,7.5,485,Yes,20.4,Under $10M,Under 90 min,50-499,No
703,Annie Hall,Annie Hall (1977),1977-04-19,1977,1970s,Apr,4,English,Comedy,3,Woody Allen,Woody Allen,4000000,38251425,34251425,9.563,Yes,93,7.8,1010,Yes,35.89,Under $10M,90-109 min,"500-1,999",No
11,Star Wars,Star Wars (1977),1977-05-25,1977,1970s,May,5,English,Adventure,3,George Lucas,Mark Hamill,11000000,775398007,764398007,70.491,Yes,121,8.1,6624,Yes,126.39,$10M-40M,110-129 min,"5,000+",No
5902,A Bridge Too Far,A Bridge Too Far (1977),1977-06-15,1977,1970s,Jun,6,English,Drama,3,Richard Attenborough,Dirk Bogarde,22000000,50750000,28750000,2.307,Yes,175,6.9,207,Yes,20.26,$10M-40M,150+ min,50-499,No
11586,Exorcist II: The Heretic,Exorcist II: The Heretic (1977),1977-06-17,1977,1970s,Jun,6,English,Horror,3,John Boorman,Linda Blair,14000000,30749142,16749142,2.196,Yes,118,4.5,133,Yes,11.54,$10M-40M,110-129 min,50-499,No
12637,"New York, New York","New York, New York (1977)",1977-06-21,1977,1970s,Jun,6,English,Drama,3,Martin Scorsese,Liza Minnelli,,,,,No,155,6.1,67,Yes,3.88,Unknown,150+ min,50-499,No
38985,Sorcerer,Sorcerer (1977),1977-06-24,1977,1970s,Jun,6,English,Action,3,William Friedkin,Roy Scheider,22000000,12000000,-10000000,0.545,Yes,121,7.4,98,Yes,9.09,$10M-40M,110-129 min,50-499,No
691,The Spy Who Loved Me,The Spy Who Loved Me (1977),1977-07-07,1977,1970s,Jul,7,English,Adventure,3,Lewis Gilbert,Roger Moore,14000000,185438673,171438673,13.246,Yes,125,6.6,507,Yes,27.17,$10M-40M,110-129 min,"500-1,999",No
11598,The Kentucky Fried Movie,The Kentucky Fried Movie (1977),1977-08-10,1977,1970s,Aug,8,English,Comedy,1,John Landis,Evan C. Kim,600000,,,,No,83,6.4,66,Yes,10.86,Under $10M,Under 90 min,50-499,No
30315,Kingdom of the Spiders,Kingdom of the Spiders (1977),1977-08-24,1977,1970s,Aug,8,English,Horror,2,John 'Bud' Cardos,William Shatner,500000,17000000,16500000,34.0,Yes,97,5.7,30,No,2.54,Under $10M,90-109 min,Under 50,No
25388,March or Die,March or Die (1977),1977-09-08,1977,1970s,Sep,9,English,Action,4,Dick Richards,Gene Hackman,,,,,No,107,6.2,16,No,3.83,Unknown,90-109 min,Under 50,No
25763,Damnation Alley,Damnation Alley (1977),1977-09-10,1977,1970s,Sep,9,English,Action,3,Jack Smight,Jan-Michael Vincent,17000000,8720000,-8280000,0.513,Yes,91,5.0,27,No,2.22,$10M-40M,90-109 min,Under 50,No
42222,Julia,Julia (1977),1977-10-02,1977,1970s,Oct,10,English,Drama,1,Fred Zinnemann,Jane Fonda,,,,,No,117,6.3,30,No,6.08,Unknown,110-129 min,Under 50,No
840,Close Encounters of the Third Kind,Close Encounters of the Third Kind (1977),1977-11-16,1977,1970s,Nov,11,English,Science Fiction,2,Steven Spielberg,Richard Dreyfuss,20000000,303788635,283788635,15.189,Yes,135,7.2,1098,Yes,52.46,$10M-40M,130-149 min,"500-1,999",No
11935,Capricorn One,Capricorn One (1977),1977-12-10,1977,1970s,Dec,12,English,Drama,4,Peter Hyams,Elliott Gould,5000000,,,,No,123,6.4,131,Yes,11.1,Under $10M,110-129 min,50-499,No
12535,High Anxiety,High Anxiety (1977),1977-12-25,1977,1970s,Dec,12,English,Comedy,2,Mel Brooks,Mel Brooks,3400000,31063038,27663038,9.136,Yes,94,6.5,84,Yes,5.69,Under $10M,90-109 min,50-499,No
28932,F.I.S.T.,F.I.S.T. (1978),1978-04-26,1978,1970s,Apr,4,English,Drama,2,Norman Jewison,Sylvester Stallone,,,,,No,145,6.4,29,No,3.38,Unknown,130-149 min,Under 50,No
13963,The Last Waltz,The Last Waltz (1978),1978-05-01,1978,1970s,May,5,English,Documentary,2,Martin Scorsese,Robbie Robertson,,321952,,,No,117,7.9,64,Yes,3.28,Unknown,110-129 min,50-499,No
579,Jaws 2,Jaws 2 (1978),1978-06-16,1978,1970s,Jun,6,English,Horror,2,Jeannot Szwarc,Roy Scheider,20000000,187884007,167884007,9.394,Yes,116,5.9,406,Yes,19.64,$10M-40M,110-129 min,50-499,No
621,Grease,Grease (1978),1978-07-07,1978,1970s,Jul,7,English,Romance,1,Randal Kleiser,John Travolta,6000000,181813770,175813770,30.302,Yes,110,7.2,1581,Yes,67.61,Under $10M,110-129 min,"500-1,999",No
8469,Animal House,Animal House (1978),1978-07-27,1978,1970s,Jul,7,English,Comedy,1,John Landis,John Belushi,2700000,141000000,138300000,52.222,Yes,109,7.0,418,Yes,17.33,Under $10M,90-109 min,50-499,No
16642,Days of Heaven,Days of Heaven (1978),1978-09-13,1978,1970s,Sep,9,English,Drama,2,Terrence Malick,Richard Gere,,,,,No,94,7.6,234,Yes,13.86,Unknown,90-109 min,50-499,No
16241,The Boys from Brazil,The Boys from Brazil (1978),1978-10-05,1978,1970s,Oct,10,English,Horror,4,Franklin J. Schaffner,Gregory Peck,,,,,No,125,6.6,101,Yes,5.32,Unknown,110-129 min,50-499,No
24961,The Wiz,The Wiz (1978),1978-10-24,1978,1970s,Oct,10,English,Adventure,4,Sidney Lumet,Diana Ross,24000000,21049053,-2950947,0.877,Yes,134,5.9,58,Yes,2.75,$10M-40M,130-149 min,50-499,No
948,Halloween,Halloween (1978),1978-10-25,1978,1970s,Oct,10,English,Horror,2,John Carpenter,Donald Pleasence,300000,70000000,69700000,233.333,Yes,91,7.4,1035,Yes,30.3,Under $10M,90-109 min,"500-1,999",No
17339,Force 10 from Navarone,Force 10 from Navarone (1978),1978-11-01,1978,1970s,Nov,11,English,Action,4,Guy Hamilton,Harrison Ford,5000000,7230000,2230000,1.446,Yes,118,6.4,91,Yes,5.35,Under $10M,110-129 min,50-499,No
41317,Caravans,Caravans (1978),1978-11-02,1978,1970s,Nov,11,English,Action,4,James Fargo,Anthony Quinn,,,,,No,127,5.8,1,No,0.63,Unknown,110-129 min,Under 50,No
77156,Alien Zone,Alien Zone (1978),1978-11-22,1978,1970s,Nov,11,English,Horror,4,Sharron Miller,John Ericson,,,,,No,90,4.0,3,No,0.0,Unknown,90-109 min,Under 50,No
11778,The Deer Hunter,The Deer Hunter (1978),1978-12-08,1978,1970s,Dec,12,English,Drama,2,Michael Cimino,Robert De Niro,15000000,50000000,35000000,3.333,Yes,183,7.8,921,Yes,19.79,$10M-40M,150+ min,"500-1,999",No
1924,Superman,Superman (1978),1978-12-13,1978,1970s,Dec,12,English,Action,4,Richard Donner,Christopher Reeve,55000000,300218018,245218018,5.459,Yes,143,6.9,1022,Yes,48.51,$40M-100M,130-149 min,"500-1,999",No
31915,Prophecy,Prophecy (1979),1979-01-01,1979,1970s,Jan,1,English,Horror,2,John Frankenheimer,Talia Shire,12000000,54000000,42000000,4.5,Yes,102,5.4,25,No,8.62,$10M-40M,90-109 min,Under 50,No
11583,The First Great Train Robbery,The First Great Train Robbery (1979),1979-01-25,1979,1970s,Jan,1,English,Thriller,4,Michael Crichton,Sean Connery,6000000,,,,No,110,6.6,74,Yes,12.43,Under $10M,110-129 min,50-499,No
9659,Mad Max,Mad Max (1979),1979-04-12,1979,1970s,Apr,4,English,Adventure,4,George Miller,Mel Gibson,400000,100000000,99600000,250.0,Yes,93,6.6,1213,Yes,33.14,Under $10M,90-109 min,"500-1,999",No
348,Alien,Alien (1979),1979-05-25,1979,1970s,May,5,English,Horror,4,Ridley Scott,Tom Skerritt,11000000,104931801,93931801,9.539,Yes,117,7.9,4470,Yes,94.18,$10M-40M,110-129 min,"2,000-4,999",No
11176,The Muppet Movie,The Muppet Movie (1979),1979-05-31,1979,1970s,May,5,English,Adventure,3,James Frawley,Jim Henson,,76657000,,,No,97,7.0,164,Yes,10.64,Unknown,90-109 min,50-499,No
10734,Escape from Alcatraz,Escape from Alcatraz (1979),1979-06-22,1979,1970s,Jun,6,English,Crime,2,Don Siegel,Clint Eastwood,8000000,43000000,35000000,5.375,Yes,111,7.2,561,Yes,26.36,Under $10M,110-129 min,"500-1,999",No
698,Moonraker,Moonraker (1979),1979-06-26,1979,1970s,Jun,6,English,Action,4,Lewis Gilbert,Roger Moore,34000000,210308099,176308099,6.186,Yes,126,5.9,541,Yes,29.89,$10M-40M,110-129 min,"500-1,999",No
28,Apocalypse Now,Apocalypse Now (1979),1979-08-15,1979,1970s,Aug,8,English,Drama,2,Francis Ford Coppola,Martin Sheen,31500000,89460381,57960381,2.84,Yes,153,8.0,2055,Yes,49.97,$10M-40M,150+ min,"2,000-4,999",No
17264,The Black Stallion,The Black Stallion (1979),1979-10-17,1979,1970s,Oct,10,English,Adventure,2,Carroll Ballard,Kelly Reno,2700000,37799643,35099643,14.0,Yes,118,7.0,59,Yes,11.36,Under $10M,110-129 min,50-499,No
40160,Meteor,Meteor (1979),1979-10-19,1979,1970s,Oct,10,English,Action,3,Ronald Neame,Sean Connery,,,,,No,107,5.1,36,No,2.64,Unknown,90-109 min,Under 50,No
16323,The Rose,The Rose (1979),1979-11-07,1979,1970s,Nov,11,English,Drama,3,Mark Rydell,Bette Midler,9250000,29174648,19924648,3.154,Yes,125,6.8,28,No,7.0,Under $10M,110-129 min,Under 50,No
65448,Penitentiary,Penitentiary (1979),1979-12-01,1979,1970s,Dec,12,English,Action,2,Jamaa Fanaka,Wilbur 'Hi-Fi' White,,,,,No,99,4.9,8,No,0.0,Unknown,90-109 min,Under 50,No
152,Star Trek: The Motion Picture,Star Trek: The Motion Picture (1979),1979-12-06,1979,1970s,Dec,12,English,Science Fiction,3,Robert Wise,William Shatner,35000000,139000000,104000000,3.971,Yes,132,6.2,530,Yes,24.62,$10M-40M,130-149 min,"500-1,999",No
11519,1941,1941 (1979),1979-12-13,1979,1970s,Dec,12,English,Action,2,Steven Spielberg,Dan Aykroyd,35000000,31755742,-3244258,0.907,Yes,113,5.6,143,Yes,10.03,$10M-40M,110-129 min,50-499,No
9570,The Black Hole,The Black Hole (1979),1979-12-18,1979,1970s,Dec,12,English,Adventure,4,Gary Nelson,Maximilian Schell,20000000,35841901,15841901,1.792,Yes,98,6.1,131,Yes,8.27,$10M-40M,90-109 min,50-499,No
16858,All That Jazz,All That Jazz (1979),1979-12-20,1979,1970s,Dec,12,English,Drama,2,Bob Fosse,Roy Scheider,,37823676,,,No,123,7.3,85,Yes,5.16,Unknown,110-129 min,50-499,No
24575,Raise the Titanic,Raise the Titanic (1980),1980-01-01,1980,1980s,Jan,1,English,Action,3,Jerry Jameson,M. Emmet Walsh,,,,,No,115,5.2,21,No,1.63,Unknown,110-129 min,Under 50,No
790,The Fog,The Fog (1980),1980-02-08,1980,1980s,Feb,2,English,Horror,1,John Carpenter,Adrienne Barbeau,1000000,21378361,20378361,21.378,Yes,89,6.4,311,Yes,14.52,Under $10M,Under 90 min,50-499,No
16769,Coal Miner's Daughter,Coal Miner's Daughter (1980),1980-03-07,1980,1980s,Mar,3,English,Drama,2,Michael Apted,Sissy Spacek,15000000,67182787,52182787,4.479,Yes,125,7.2,67,Yes,3.83,$10M-40M,110-129 min,50-499,No
39269,Out of the Blue,Out of the Blue (1980),1980-05-01,1980,1980s,May,5,English,Drama,1,Dennis Hopper,Dennis Hopper,,,,,No,94,6.5,17,No,0.68,Unknown,90-109 min,Under 50,No
14729,The Long Riders,The Long Riders (1980),1980-05-12,1980,1980s,May,5,English,Western,2,Walter Hill,David Carradine,10000000,15795189,5795189,1.58,Yes,99,6.6,50,Yes,2.96,$10M-40M,90-109 min,50-499,No
1891,The Empire Strikes Back,The Empire Strikes Back (1980),1980-05-17,1980,1980s,May,5,English,Adventure,3,Irvin Kershner,Mark Hamill,18000000,538400000,520400000,29.911,Yes,124,8.2,5879,Yes,78.52,$10M-40M,110-129 min,"5,000+",No
694,The Shining,The Shining (1980),1980-05-22,1980,1980s,May,5,English,Horror,2,Stanley Kubrick,Jack Nicholson,19000000,44017374,25017374,2.317,Yes,144,8.1,3757,Yes,78.7,$10M-40M,130-149 min,"2,000-4,999",No
33155,Galaxina,Galaxina (1980),1980-06-06,1980,1980s,Jun,6,English,Comedy,2,William Sachs,Dorothy Stratten,5500000,4865000,-635000,0.885,Yes,95,3.3,16,No,2.14,Under $10M,90-109 min,Under 50,No
525,The Blues Brothers,The Blues Brothers (1980),1980-06-17,1980,1980s,Jun,6,English,Music,4,John Landis,Dan Aykroyd,27000000,115229890,88229890,4.268,Yes,133,7.5,1065,Yes,44.71,$10M-40M,130-149 min,"500-1,999",No
40932,Can't Stop the Music,Can't Stop the Music (1980),1980-06-20,1980,1980s,Jun,6,English,Comedy,2,Nancy Walker,Alex Briley,,,,,No,124,4.9,9,No,6.57,Unknown,110-129 min,Under 50,No
11033,Dressed to Kill,Dressed to Kill (1980),1980-06-25,1980,1980s,Jun,6,English,Horror,3,Brian De Palma,Michael Caine,6500000,31899000,25399000,4.908,Yes,105,6.8,157,Yes,11.21,Under $10M,90-109 min,50-499,No
813,Airplane!,Airplane! (1980),1980-07-02,1980,1980s,Jul,7,English,Comedy,1,Jerry Zucker,Robert Hays,3500000,83453539,79953539,23.844,Yes,88,7.1,1074,Yes,46.12,Under $10M,Under 90 min,"500-1,999",No
5689,The Blue Lagoon,The Blue Lagoon (1980),1980-07-05,1980,1980s,Jul,7,English,Romance,3,Randal Kleiser,Brooke Shields,4500000,58853106,54353106,13.078,Yes,104,5.8,408,Yes,22.59,Under $10M,90-109 min,50-499,No
11977,Caddyshack,Caddyshack (1980),1980-07-25,1980,1980s,Jul,7,English,Comedy,1,Harold Ramis,Chevy Chase,6000000,39846344,33846344,6.641,Yes,98,6.6,365,Yes,15.93,Under $10M,90-109 min,50-499,No
3604,Flash Gordon,Flash Gordon (1980),1980-09-01,1980,1980s,Sep,9,English,Science Fiction,1,Mike Hodges,Sam J. Jones,35000000,27107960,-7892040,0.775,Yes,111,6.1,233,Yes,12.34,$10M-40M,110-129 min,50-499,No
16619,Ordinary People,Ordinary People (1980),1980-09-19,1980,1980s,Sep,9,English,Drama,1,Robert Redford,Donald Sutherland,6000000,,,,No,124,7.4,145,Yes,12.54,Under $10M,110-129 min,50-499,No
16633,Somewhere in Time,Somewhere in Time (1980),1980-10-02,1980,1980s,Oct,10,English,Science Fiction,4,Jeannot Szwarc,Christopher Reeve,5100000,,,,No,103,7.2,102,Yes,5.93,Under $10M,90-109 min,50-499,No
1955,The Elephant Man,The Elephant Man (1980),1980-10-02,1980,1980s,Oct,10,English,Drama,2,David Lynch,Anthony Hopkins,5000000,26010864,21010864,5.202,Yes,124,7.9,719,Yes,30.27,Under $10M,110-129 min,"500-1,999",No
10765,Private Benjamin,Private Benjamin (1980),1980-10-06,1980,1980s,Oct,10,English,Comedy,1,Howard Zieff,Goldie Hawn,,,,,No,109,6.0,102,Yes,12.19,Unknown,90-109 min,50-499,No
1578,Raging Bull,Raging Bull (1980),1980-11-14,1980,1980s,Nov,11,English,Drama,1,Martin Scorsese,Robert De Niro,18000000,23000000,5000000,1.278,Yes,129,7.7,938,Yes,35.52,$10M-40M,110-129 min,"500-1,999",No
10935,Heaven's Gate,Heaven's Gate (1980),1980-11-19,1980,1980s,Nov,11,English,Action,4,Michael Cimino,Kris Kristofferson,44000000,3484331,-40515669,0.079,Yes,219,6.4,55,Yes,5.38,$40M-100M,150+ min,50-499,No
8536,Superman II,Superman II (1980),1980-12-04,1980,1980s,Dec,12,English,Action,4,Richard Lester,Gene Hackman,54000000,190458706,136458706,3.527,Yes,127,6.5,629,Yes,30.52,$40M-100M,110-129 min,"500-1,999",No
47890,Sphinx,Sphinx (1981),1981-02-11,1981,1980s,Feb,2,English,Adventure,3,Franklin J. Schaffner,Lesley-Anne Down,14000000,439564,-13560436,0.031,Yes,118,6.0,2,No,0.31,$10M-40M,110-129 min,Under 50,No
21610,Nighthawks,Nighthawks (1981),1981-03-17,1981,1980s,Mar,3,English,Action,3,Bruce Malmuth,Sylvester Stallone,5000000,19905359,14905359,3.981,Yes,99,6.4,86,Yes,7.06,Under $10M,90-109 min,50-499,No
11027,The Postman Always Rings Twice,The Postman Always Rings Twice (1981),1981-03-20,1981,1980s,Mar,3,English,Romance,3,Bob Rafelson,Jack Nicholson,12000000,,,,No,122,6.4,110,Yes,6.8,$10M-40M,110-129 min,50-499,No
11298,The Howling,The Howling (1981),1981-04-03,1981,1980s,Apr,4,English,Drama,2,Joe Dante,Patrick Macnee,1000000,17985893,16985893,17.986,Yes,91,6.4,161,Yes,6.53,Under $10M,90-109 min,50-499,No
26843,Lion of the Desert,Lion of the Desert (1981),1981-04-17,1981,1980s,Apr,4,English,Action,3,Moustapha Akkad,Anthony Quinn,35000000,,,,No,173,7.4,34,No,2.86,$10M-40M,150+ min,Under 50,No
19204,The Beyond,The Beyond (1981),1981-04-22,1981,1980s,Apr,4,Other languages,Horror,1,Lucio Fulci,Catriona MacColl,,,,,No,87,6.6,117,Yes,8.02,Unknown,Under 90 min,50-499,No
9725,Friday the 13th Part 2,Friday the 13th Part 2 (1981),1981-05-01,1981,1980s,May,5,English,Horror,2,Steve Miner,Amy Steel,1250000,21722776,20472776,17.378,Yes,87,6.0,315,Yes,16.52,Under $10M,Under 90 min,50-499,No
27420,Graduation Day,Graduation Day (1981),1981-05-01,1981,1980s,May,5,English,Horror,1,Herb Freed,Christopher George,,,,,No,96,5.0,22,No,1.45,Unknown,90-109 min,Under 50,No
113464,Inchon,Inchon (1981),1981-05-04,1981,1980s,May,5,English,Drama,3,Terence Young,Laurence Olivier,46000000,5200000,-40800000,0.113,Yes,140,6.5,2,No,0.15,$40M-100M,130-149 min,Under 50,No
9443,Chariots of Fire,Chariots of Fire (1981),1981-05-15,1981,1980s,May,5,English,Drama,2,Hugh Hudson,Ben Cross,5500000,58972904,53472904,10.722,Yes,123,6.8,207,Yes,10.44,Under $10M,110-129 min,50-499,No
25113,The Four Seasons,The Four Seasons (1981),1981-05-22,1981,1980s,May,5,English,Comedy,3,Alan Alda,Alan Alda,,,,,No,107,6.3,16,No,8.07,Unknown,90-109 min,Under 50,No
1103,Escape from New York,Escape from New York (1981),1981-05-22,1981,1980s,May,5,English,Science Fiction,2,John Carpenter,Kurt Russell,6000000,50244700,44244700,8.374,Yes,99,6.9,703,Yes,24.35,Under $10M,90-109 min,"500-1,999",No
85,Raiders of the Lost Ark,Raiders of the Lost Ark (1981),1981-06-12,1981,1980s,Jun,6,English,Adventure,2,Steven Spielberg,Harrison Ford,18000000,389925971,371925971,21.663,Yes,115,7.7,3854,Yes,68.16,$10M-40M,110-129 min,"2,000-4,999",No
10156,History of the World: Part I,History of the World: Part I (1981),1981-06-12,1981,1980s,Jun,6,English,Comedy,1,Mel Brooks,Mel Brooks,11000000,31672907,20672907,2.879,Yes,92,6.5,204,Yes,14.28,$10M-40M,90-109 min,50-499,No
699,For Your Eyes Only,For Your Eyes Only (1981),1981-06-23,1981,1980s,Jun,6,English,Adventure,3,John Glen,Roger Moore,28000000,195312802,167312802,6.975,Yes,127,6.3,490,Yes,26.09,$10M-40M,110-129 min,50-499,No
10890,Stripes,Stripes (1981),1981-06-25,1981,1980s,Jun,6,English,Action,2,Ivan Reitman,Bill Murray,10000000,85300000,75300000,8.53,Yes,106,6.5,249,Yes,10.89,$10M-40M,90-109 min,50-499,No
848,Dragonslayer,Dragonslayer (1981),1981-06-26,1981,1980s,Jun,6,English,Fantasy,1,Matthew Robbins,Peter MacNicol,18000000,14110013,-3889987,0.784,Yes,108,6.5,67,Yes,3.26,$10M-40M,90-109 min,50-499,No
36819,Time Bandits,Time Bandits (1981),1981-07-13,1981,1980s,Jul,7,English,Family,5,Terry Gilliam,Sean Connery,5000000,42365581,37365581,8.473,Yes,116,6.6,249,Yes,14.78,Under $10M,110-129 min,50-499,No
11644,Blow Out,Blow Out (1981),1981-07-24,1981,1980s,Jul,7,English,Drama,3,Brian De Palma,John Travolta,18000000,12000000,-6000000,0.667,Yes,108,7.3,236,Yes,13.63,$10M-40M,90-109 min,50-499,No
47941,Under the Rainbow,Under the Rainbow (1981),1981-07-31,1981,1980s,Jul,7,English,Comedy,1,Steve Rash,Chevy Chase,20000000,2297493,-17702507,0.115,Yes,98,4.9,7,No,0.17,$10M-40M,90-109 min,Under 50,No
11827,Heavy Metal,Heavy Metal (1981),1981-08-07,1981,1980s,Aug,8,English,Animation,2,Gerald Potterton,Rodger Bumpass,9300000,,,,No,90,6.2,148,Yes,12.93,Under $10M,90-109 min,50-499,No
38665,The Legend of the Lone Ranger,The Legend of the Lone Ranger (1981),1981-08-20,1981,1980s,Aug,8,English,Action,4,William A. Fraker,Christopher Lloyd,18000000,2945600,-15054400,0.164,Yes,98,3.7,14,No,11.73,$10M-40M,90-109 min,Under 50,No
387,Das Boot,Das Boot (1981),1981-09-16,1981,1980s,Sep,9,Other languages,Action,5,Wolfgang Petersen,Jürgen Prochnow,14000000,85000000,71000000,6.071,Yes,149,7.9,613,Yes,26.97,$10M-40M,130-149 min,"500-1,999",No
15660,Mommie Dearest,Mommie Dearest (1981),1981-09-18,1981,1980s,Sep,9,English,Drama,1,Frank Perry,Faye Dunaway,,,,,No,129,6.5,54,Yes,3.1,Unknown,110-129 min,50-499,No
764,The Evil Dead,The Evil Dead (1981),1981-10-15,1981,1980s,Oct,10,English,Horror,1,Sam Raimi,Bruce Campbell,350000,29400000,29050000,84.0,Yes,85,7.3,894,Yes,35.04,Under $10M,Under 90 min,"500-1,999",No
2989,Roar,Roar (1981),1981-11-12,1981,1980s,Nov,11,English,Adventure,2,Noel Marshall,Tippi Hedren,17000000,2000000,-15000000,0.118,Yes,102,5.6,19,No,1.16,$10M-40M,90-109 min,Under 50,No
45226,The Pursuit of D.B. Cooper,The Pursuit of D.B. Cooper (1981),1981-11-13,1981,1980s,Nov,11,English,Adventure,3,Roger Spottiswoode,Robert Duvall,,,,,No,100,6.8,4,No,1.38,Unknown,90-109 min,Under 50,No
10246,Porky's,Porky's (1981),1981-11-13,1981,1980s,Nov,11,English,Comedy,1,Bob Clark,Dan Monahan,4000000,125728258,121728258,31.432,Yes,94,6.1,183,Yes,12.89,Under $10M,90-109 min,50-499,No
62204,Quest for Fire,Quest for Fire (1981),1981-12-15,1981,1980s,Dec,12,Other languages,Adventure,2,Jean-Jacques Annaud,Everett McGill,12000000,55260558,43260558,4.605,Yes,100,7.1,109,Yes,6.54,$10M-40M,90-109 min,50-499,No
73247,Heartbeeps,Heartbeeps (1981),1981-12-18,1981,1980s,Dec,12,English,Comedy,3,Allan Arkush,Andy Kaufman,10000000,2154696,-7845304,0.215,Yes,79,3.8,6,No,0.52,$10M-40M,Under 90 min,Under 50,No
8810,Mad Max 2: The Road Warrior,Mad Max 2: The Road Warrior (1981),1981-12-24,1981,1980s,Dec,12,English,Adventure,4,George Miller,Mel Gibson,2000000,24600832,22600832,12.3,Yes,95,7.3,957,Yes,37.12,Under $10M,90-109 min,"500-1,999",No
18254,Reds,Reds (1981),1981-12-25,1981,1980s,Dec,12,English,Drama,2,Warren Beatty,Warren Beatty,32000000,40382659,8382659,1.262,Yes,195,7.1,67,Yes,4.6,$10M-40M,150+ min,50-499,No
16471,Modern Problems,Modern Problems (1981),1981-12-25,1981,1980s,Dec,12,English,Comedy,1,Ken Shapiro,Chevy Chase,,,,,No,89,5.6,23,No,4.29,Unknown,Under 90 min,Under 50,No
34697,Butterfly,Butterfly (1982),1982-02-05,1982,1980s,Feb,2,English,Crime,2,Matt Cimber,Stacy Keach,,,,,No,107,5.0,12,No,1.06,Unknown,90-109 min,Under 50,No
24266,The Man from Snowy River,The Man from Snowy River (1982),1982-03-02,1982,1980s,Mar,3,English,Family,5,George T. Miller,Tom Burlinson,3500000,20659423,17159423,5.903,Yes,104,6.8,37,No,3.66,Under $10M,90-109 min,Under 50,No
9387,Conan the Barbarian,Conan the Barbarian (1982),1982-04-02,1982,1980s,Apr,4,English,Adventure,3,John Milius,Arnold Schwarzenegger,20000000,79114085,59114085,3.956,Yes,129,6.6,650,Yes,31.8,$10M-40M,110-129 min,"500-1,999",No
6217,Cat People,Cat People (1982),1982-04-02,1982,1980s,Apr,4,English,Drama,4,Paul Schrader,Nastassja Kinski,,,,,No,118,6.0,94,Yes,5.7,Unknown,110-129 min,50-499,No
13776,Diner,Diner (1982),1982-04-02,1982,1980s,Apr,4,English,Comedy,2,Barry Levinson,Steve Guttenberg,,,,,No,110,6.9,83,Yes,5.87,Unknown,110-129 min,50-499,No
601,E.T. the Extra-Terrestrial,E.T. the Extra-Terrestrial (1982),1982-04-03,1982,1980s,Apr,4,English,Science Fiction,4,Steven Spielberg,Henry Thomas,10500000,792910554,782410554,75.515,Yes,115,7.3,3269,Yes,56.11,$10M-40M,110-129 min,"2,000-4,999",No
154,Star Trek II: The Wrath of Khan,Star Trek II: The Wrath of Khan (1982),1982-06-03,1982,1980s,Jun,6,English,Action,4,Nicholas Meyer,William Shatner,12000000,96800000,84800000,8.067,Yes,113,7.3,675,Yes,22.43,$10M-40M,110-129 min,"500-1,999",No
609,Poltergeist,Poltergeist (1982),1982-06-04,1982,1980s,Jun,6,English,Horror,1,Tobe Hooper,Craig T. Nelson,10700000,122200000,111500000,11.421,Yes,114,7.0,794,Yes,36.23,$10M-40M,110-129 min,"500-1,999",No
10724,Firefox,Firefox (1982),1982-06-13,1982,1980s,Jun,6,English,Science Fiction,4,Clint Eastwood,Clint Eastwood,18000000,70687344,52687344,3.927,Yes,136,5.5,139,Yes,8.7,$10M-40M,130-149 min,50-499,No
1091,The Thing,The Thing (1982),1982-06-25,1982,1980s,Jun,6,English,Horror,3,John Carpenter,Kurt Russell,15000000,19629760,4629760,1.309,Yes,109,7.8,1588,Yes,52.73,$10M-40M,90-109 min,"500-1,999",No
78,Blade Runner,Blade Runner (1982),1982-06-25,1982,1980s,Jun,6,English,Science Fiction,3,Ridley Scott,Harrison Ford,28000000,33139618,5139618,1.184,Yes,117,7.9,3509,Yes,94.06,$10M-40M,110-129 min,"2,000-4,999",No
27380,Megaforce,Megaforce (1982),1982-06-25,1982,1980s,Jun,6,English,Adventure,3,Hal Needham,Barry Bostwick,,,,,No,99,3.5,15,No,1.11,Unknown,90-109 min,Under 50,No
16363,The Best Little Whorehouse in Texas,The Best Little Whorehouse in Texas (1982),1982-07-23,1982,1980s,Jul,7,English,Comedy,1,Colin Higgins,Burt Reynolds,35000000,69701637,34701637,1.991,Yes,114,5.9,41,No,4.19,$10M-40M,110-129 min,Under 50,No
13342,Fast Times at Ridgemont High,Fast Times at Ridgemont High (1982),1982-08-13,1982,1980s,Aug,8,English,Comedy,1,Amy Heckerling,Sean Penn,4500000,27092880,22592880,6.021,Yes,90,7.0,322,Yes,20.4,Under $10M,90-109 min,50-499,No
9728,Friday the 13th Part III,Friday the 13th Part III (1982),1982-08-13,1982,1980s,Aug,8,English,Horror,2,Steve Miner,Dana Kimmell,4000000,36690067,32690067,9.173,Yes,95,5.7,254,Yes,14.21,Under $10M,90-109 min,50-499,No
16441,The Beastmaster,The Beastmaster (1982),1982-08-20,1982,1980s,Aug,8,English,Action,2,Don Coscarelli,Marc Singer,,14056528,,,No,118,6.0,97,Yes,6.38,Unknown,110-129 min,50-499,No
11564,Class of 1984,Class of 1984 (1982),1982-08-20,1982,1980s,Aug,8,English,Action,5,Mark L. Lester,Perry King,4300000,,,,No,98,6.2,66,Yes,5.64,Under $10M,90-109 min,50-499,No
1368,First Blood,First Blood (1982),1982-10-22,1982,1980s,Oct,10,English,Action,4,Ted Kotcheff,Sylvester Stallone,15000000,125212904,110212904,8.348,Yes,93,7.2,1488,Yes,63.07,$10M-40M,90-109 min,"500-1,999",No
10676,Halloween III: Season of the Witch,Halloween III: Season of the Witch (1982),1982-10-22,1982,1980s,Oct,10,English,Horror,3,Tommy Lee Wallace,Tom Atkins,2500000,14400000,11900000,5.76,Yes,98,5.0,229,Yes,12.03,Under $10M,90-109 min,50-499,No
3028,Jekyll and Hyde ... Together Again,Jekyll and Hyde ... Together Again (1982),1982-11-10,1982,1980s,Nov,11,English,Comedy,3,Jerry Belson,Mark Blankfield,,,,,No,87,4.6,5,No,0.81,Unknown,Under 90 min,Under 50,No
16281,Creepshow,Creepshow (1982),1982-11-12,1982,1980s,Nov,11,English,Horror,3,George A. Romero,Hal Holbrook,8000000,21028755,13028755,2.629,Yes,120,6.7,226,Yes,13.66,Under $10M,110-129 min,50-499,No
783,Gandhi,Gandhi (1982),1982-11-30,1982,1980s,Nov,11,English,Drama,2,Richard Attenborough,Ben Kingsley,22000000,77737889,55737889,3.534,Yes,191,7.4,716,Yes,35.23,$10M-40M,150+ min,"500-1,999",No
24226,The Verdict,The Verdict (1982),1982-12-08,1982,1980s,Dec,12,English,Drama,1,Sidney Lumet,Paul Newman,16000000,53977250,37977250,3.374,Yes,129,7.4,131,Yes,7.98,$10M-40M,110-129 min,50-499,No
9576,Tootsie,Tootsie (1982),1982-12-16,1982,1980s,Dec,12,English,Comedy,2,Sydney Pollack,Dustin Hoffman,21000000,177200000,156200000,8.438,Yes,116,6.9,421,Yes,20.82,$10M-40M,110-129 min,50-499,No
837,Videodrome,Videodrome (1983),1983-02-04,1983,1980s,Feb,2,English,Horror,3,David Cronenberg,James Woods,5952000,2120439,-3831561,0.356,Yes,87,7.1,454,Yes,18.12,Under $10M,Under 90 min,50-499,No
42109,Gabriela,Gabriela (1983),1983-03-24,1983,1980s,Mar,3,Other languages,Drama,2,Bruno Barreto,Sônia Braga,,,,,No,99,6.0,2,No,0.56,Unknown,90-109 min,Under 50,No
227,The Outsiders,The Outsiders (1983),1983-03-25,1983,1980s,Mar,3,English,Crime,2,Francis Ford Coppola,Matt Dillon,10000000,33697647,23697647,3.37,Yes,91,6.9,291,Yes,13.46,$10M-40M,90-109 min,50-499,No
75986,Love Letters,Love Letters (1983),1983-04-01,1983,1980s,Apr,4,English,Drama,2,Amy Holden Jones,Jamie Lee Curtis,550000,,,,No,98,4.6,4,No,0.0,Under $10M,90-109 min,Under 50,No
33676,Losin' It,Losin' It (1983),1983-04-08,1983,1980s,Apr,4,English,Comedy,1,Curtis Hanson,Tom Cruise,7000000,1246141,-5753859,0.178,Yes,100,4.5,31,No,2.55,Under $10M,90-109 min,Under 50,No
535,Flashdance,Flashdance (1983),1983-04-14,1983,1980s,Apr,4,English,Drama,3,Adrian Lyne,Jennifer Beals,4000000,92921203,88921203,23.23,Yes,95,6.1,302,Yes,18.42,Under $10M,90-109 min,50-499,No
14854,Lone Wolf McQuade,Lone Wolf McQuade (1983),1983-04-14,1983,1980s,Apr,4,English,Action,6,Steve Carver,Chuck Norris,5000000,12232628,7232628,2.447,Yes,107,5.5,67,Yes,8.45,Under $10M,90-109 min,50-499,No
110683,The Wicked Lady,The Wicked Lady (1983),1983-04-21,1983,1980s,Apr,4,English,Drama,2,Michael Winner,Faye Dunaway,,,,,No,98,4.3,4,No,0.29,Unknown,90-109 min,Under 50,No
1892,Return of the Jedi,Return of the Jedi (1983),1983-05-23,1983,1980s,May,5,English,Adventure,3,Richard Marquand,Mark Hamill,32350000,572700000,540350000,17.703,Yes,135,7.9,4665,Yes,46.51,$10M-40M,130-149 min,"2,000-4,999",No
860,WarGames,WarGames (1983),1983-06-03,1983,1980s,Jun,6,English,Thriller,2,John Badham,Matthew Broderick,12000000,79567667,67567667,6.631,Yes,114,7.0,504,Yes,23.16,$10M-40M,110-129 min,"500-1,999",No
700,Octopussy,Octopussy (1983),1983-06-05,1983,1980s,Jun,6,English,Adventure,3,John Glen,Roger Moore,27500000,187500000,160000000,6.818,Yes,131,6.2,527,Yes,25.63,$10M-40M,130-149 min,"500-1,999",No
1621,Trading Places,Trading Places (1983),1983-06-07,1983,1980s,Jun,6,English,Comedy,1,John Landis,Eddie Murphy,40600000,90400000,49800000,2.227,Yes,116,7.1,738,Yes,34.02,$40M-100M,110-129 min,"500-1,999",No
9531,Superman III,Superman III (1983),1983-06-17,1983,1980s,Jun,6,English,Comedy,5,Richard Lester,Christopher Reeve,39000000,75850624,36850624,1.945,Yes,125,5.3,490,Yes,22.16,$10M-40M,110-129 min,50-499,No
15301,Twilight Zone: The Movie,Twilight Zone: The Movie (1983),1983-06-24,1983,1980s,Jun,6,English,Drama,5,Steven Spielberg,Albert Brooks,10000000,29450919,19450919,2.945,Yes,101,6.2,161,Yes,12.9,$10M-40M,90-109 min,50-499,No
11153,National Lampoon's Vacation,National Lampoon's Vacation (1983),1983-07-28,1983,1980s,Jul,7,English,Comedy,3,Harold Ramis,Chevy Chase,15000000,61399552,46399552,4.093,Yes,98,7.1,410,Yes,22.84,$10M-40M,90-109 min,50-499,No
849,Krull,Krull (1983),1983-07-29,1983,1980s,Jul,7,English,Fantasy,3,Peter Yates,Ken Marshall,27000000,16519460,-10480540,0.612,Yes,117,5.8,129,Yes,9.9,$10M-40M,110-129 min,50-499,No
218500,The Ballad of Gregorio Cortez,The Ballad of Gregorio Cortez (1983),1983-08-19,1983,1980s,Aug,8,English,Western,1,Robert M. Young,Edward James Olmos,,,,,No,104,,0,No,0.59,Unknown,90-109 min,Under 50,No
36670,Never Say Never Again,Never Say Never Again (1983),1983-10-07,1983,1980s,Oct,10,English,Adventure,3,Irvin Kershner,Sean Connery,36000000,160000000,124000000,4.444,Yes,134,5.8,338,Yes,23.38,$10M-40M,130-149 min,50-499,No
9549,The Right Stuff,The Right Stuff (1983),1983-10-20,1983,1980s,Oct,10,English,Drama,2,Philip Kaufman,Fred Ward,27000000,21500000,-5500000,0.796,Yes,193,7.3,235,Yes,17.57,$10M-40M,150+ min,50-499,No
11336,The Dead Zone,The Dead Zone (1983),1983-10-21,1983,1980s,Oct,10,English,Horror,3,David Cronenberg,Christopher Walken,10000000,20766616,10766616,2.077,Yes,103,6.9,311,Yes,16.79,$10M-40M,90-109 min,50-499,No
10269,Yentl,Yentl (1983),1983-11-18,1983,1980s,Nov,11,English,Music,3,Barbra Streisand,Barbra Streisand,12000000,30400000,18400000,2.533,Yes,132,6.2,51,Yes,3.39,$10M-40M,130-149 min,50-499,No
850,A Christmas Story,A Christmas Story (1983),1983-11-18,1983,1980s,Nov,11,English,Comedy,2,Bob Clark,Melinda Dillon,,19294144,,,No,94,7.4,344,Yes,15.13,Unknown,90-109 min,50-499,No
111,Scarface,Scarface (1983),1983-12-08,1983,1980s,Dec,12,English,Action,4,Brian De Palma,Al Pacino,25000000,65884703,40884703,2.635,Yes,170,8.0,2948,Yes,70.11,$10M-40M,150+ min,"2,000-4,999",No
311,Once Upon a Time in America,Once Upon a Time in America (1984),1984-02-16,1984,1980s,Feb,2,English,Drama,2,Sergio Leone,Robert De Niro,30000000,,,,No,229,8.2,1069,Yes,49.34,$10M-40M,150+ min,"500-1,999",No
1788,Footloose,Footloose (1984),1984-02-17,1984,1980s,Feb,2,English,Drama,4,Herbert Ross,Kevin Bacon,8200000,80035402,71835402,9.76,Yes,107,6.4,505,Yes,25.03,Under $10M,90-109 min,"500-1,999",No
13820,Repo Man,Repo Man (1984),1984-02-20,1984,1980s,Feb,2,English,Comedy,4,Alex Cox,Harry Dean Stanton,1500000,2300000,800000,1.533,Yes,92,6.7,144,Yes,11.35,Under $10M,90-109 min,50-499,No
2619,Splash,Splash (1984),1984-03-09,1984,1980s,Mar,3,English,Comedy,3,Ron Howard,Tom Hanks,8000000,69821334,61821334,8.728,Yes,111,6.1,321,Yes,21.74,Under $10M,110-129 min,50-499,No
11308,The Hotel New Hampshire,The Hotel New Hampshire (1984),1984-03-09,1984,1980s,Mar,3,English,Comedy,2,Tony Richardson,Rob Lowe,7500000,,,,No,109,5.8,26,No,2.23,Under $10M,90-109 min,Under 50,No
10179,The Ice Pirates,The Ice Pirates (1984),1984-03-16,1984,1980s,Mar,3,English,Action,3,Stewart Raffill,Robert Urich,9000000,,,,No,91,5.7,49,No,3.81,Under $10M,90-109 min,Under 50,No
9336,Police Academy,Police Academy (1984),1984-03-22,1984,1980s,Mar,3,English,Comedy,2,Hugh Wilson,Steve Guttenberg,4500000,146198896,141698896,32.489,Yes,96,6.5,602,Yes,15.0,Under $10M,90-109 min,"500-1,999",No
34584,The NeverEnding Story,The NeverEnding Story (1984),1984-04-05,1984,1980s,Apr,4,English,Drama,4,Wolfgang Petersen,Barret Oliver,27000000,20158808,-6841192,0.747,Yes,102,7.0,1002,Yes,47.86,$10M-40M,90-109 min,"500-1,999",No
9730,Friday the 13th: The Final Chapter,Friday the 13th: The Final Chapter (1984),1984-04-13,1984,1980s,Apr,4,English,Horror,2,Joseph Zito,Kimberly Beck,2600000,32980880,30380880,12.685,Yes,91,5.9,237,Yes,14.01,Under $10M,90-109 min,50-499,No
15239,The Toxic Avenger,The Toxic Avenger (1984),1984-05-01,1984,1980s,May,5,English,Science Fiction,4,Lloyd Kaufman,Mitch Cohen,,,,,No,82,6.3,113,Yes,6.67,Unknown,Under 90 min,50-499,No
2669,The Bounty,The Bounty (1984),1984-05-04,1984,1980s,May,5,English,Action,3,Roger Donaldson,Mel Gibson,25000000,8613462,-16386538,0.345,Yes,132,6.5,108,Yes,7.44,$10M-40M,130-149 min,50-499,No
11495,Firestarter,Firestarter (1984),1984-05-11,1984,1980s,May,5,English,Fantasy,5,Mark L. Lester,David Keith,15000000,17080167,2080167,1.139,Yes,114,5.9,173,Yes,11.38,$10M-40M,110-129 min,50-499,No
87,Indiana Jones and the Temple of Doom,Indiana Jones and the Temple of Doom (1984),1984-05-23,1984,1980s,May,5,English,Adventure,2,Steven Spielberg,Harrison Ford,28000000,333000000,305000000,11.893,Yes,118,7.1,2781,Yes,66.98,$10M-40M,110-129 min,"2,000-4,999",No
157,Star Trek III: The Search for Spock,Star Trek III: The Search for Spock (1984),1984-05-31,1984,1980s,May,5,English,Science Fiction,4,Leonard Nimoy,William Shatner,18000000,87000000,69000000,4.833,Yes,105,6.4,434,Yes,15.31,$10M-40M,90-109 min,50-499,No
927,Gremlins,Gremlins (1984),1984-06-07,1984,1980s,Jun,6,English,Fantasy,3,Joe Dante,Zach Galligan,11000000,153083102,142083102,13.917,Yes,106,6.9,1596,Yes,45.07,$10M-40M,90-109 min,"500-1,999",No
1885,The Karate Kid,The Karate Kid (1984),1984-06-22,1984,1980s,Jun,6,English,Drama,1,John G. Avildsen,Ralph Macchio,8000000,90815558,82815558,11.352,Yes,126,6.9,891,Yes,28.46,Under $10M,110-129 min,"500-1,999",No
9610,Conan the Destroyer,Conan the Destroyer (1984),1984-06-29,1984,1980s,Jun,6,English,Adventure,3,Richard Fleischer,Arnold Schwarzenegger,18000000,100000000,82000000,5.556,Yes,103,5.8,383,Yes,18.38,$10M-40M,90-109 min,50-499,No
1880,Red Dawn,Red Dawn (1984),1984-08-10,1984,1980s,Aug,8,English,Action,2,John Milius,Patrick Swayze,4200000,38376497,34176497,9.137,Yes,114,6.4,215,Yes,11.74,Under $10M,110-129 min,50-499,No
24264,Sheena,Sheena (1984),1984-08-17,1984,1980s,Aug,8,English,Action,5,John Guillermin,Tanya Roberts,25000000,5778353,-19221647,0.231,Yes,117,5.0,22,No,4.02,$10M-40M,110-129 min,Under 50,No
23730,C.H.U.D.,C.H.U.D. (1984),1984-08-31,1984,1980s,Aug,8,English,Horror,2,Douglas Cheek,John Heard,1250000,3412497,2162497,2.73,Yes,88,5.3,62,Yes,4.46,Under $10M,Under 90 min,50-499,No
11507,Body Double,Body Double (1984),1984-10-25,1984,1980s,Oct,10,English,Crime,4,Brian De Palma,Craig Wasson,10000000,8801940,-1198060,0.88,Yes,114,6.4,137,Yes,9.53,$10M-40M,110-129 min,50-499,No
279,Amadeus,Amadeus (1984),1984-10-26,1984,1980s,Oct,10,English,Drama,3,Miloš Forman,F. Murray Abraham,18000000,51973029,33973029,2.887,Yes,160,7.8,1076,Yes,31.83,$10M-40M,150+ min,"500-1,999",No
218,The Terminator,The Terminator (1984),1984-10-26,1984,1980s,Oct,10,English,Action,3,James Cameron,Arnold Schwarzenegger,6400000,78371200,71971200,12.246,Yes,108,7.3,4128,Yes,74.23,Under $10M,90-109 min,"2,000-4,999",No
377,A Nightmare on Elm Street,A Nightmare on Elm Street (1984),1984-11-14,1984,1980s,Nov,11,English,Horror,1,Wes Craven,John Saxon,1800000,25504513,23704513,14.169,Yes,91,7.2,1180,Yes,38.2,Under $10M,90-109 min,"500-1,999",No
90,Beverly Hills Cop,Beverly Hills Cop (1984),1984-11-29,1984,1980s,Nov,11,English,Action,3,Martin Brest,Eddie Murphy,15000000,316360478,301360478,21.091,Yes,105,6.8,961,Yes,29.84,$10M-40M,90-109 min,"500-1,999",No
2148,The Cotton Club,The Cotton Club (1984),1984-12-14,1984,1980s,Dec,12,English,Music,4,Francis Ford Coppola,Richard Gere,58000000,25928721,-32071279,0.447,Yes,127,6.6,68,Yes,8.59,$40M-100M,110-129 min,50-499,No
841,Dune,Dune (1984),1984-12-14,1984,1980s,Dec,12,English,Action,3,David Lynch,Kyle MacLachlan,40000000,30925690,-9074310,0.773,Yes,137,6.5,562,Yes,25.88,$40M-100M,130-149 min,"500-1,999",No
15927,A Passage to India,A Passage to India (1984),1984-12-14,1984,1980s,Dec,12,English,Drama,3,David Lean,Judy Davis,8000000,27187653,19187653,3.398,Yes,163,6.9,67,Yes,9.55,Under $10M,150+ min,50-499,No
9281,Witness,Witness (1985),1985-02-08,1985,1980s,Feb,2,English,Crime,4,Peter Weir,Harrison Ford,12000000,68706993,56706993,5.726,Yes,113,7.0,375,Yes,19.2,$10M-40M,110-129 min,50-499,No
68,Brazil,Brazil (1985),1985-02-20,1985,1980s,Feb,2,English,Comedy,2,Terry Gilliam,Jonathan Pryce,15000000,,,,No,132,7.5,861,Yes,41.09,$10M-40M,130-149 min,"500-1,999",No
42033,Def-Con 4,Def-Con 4 (1985),1985-03-15,1985,1980s,Mar,3,English,Science Fiction,1,Paul Donovan,Lenore Zann,,,,,No,88,2.8,10,No,0.32,Unknown,Under 90 min,Under 50,No
13938,The Last Dragon,The Last Dragon (1985),1985-03-22,1985,1980s,Mar,3,English,Action,3,Michael Schultz,Taimak,10000000,25754284,15754284,2.575,Yes,108,6.4,69,Yes,4.93,$10M-40M,90-109 min,50-499,No
9731,Friday the 13th: A New Beginning,Friday the 13th: A New Beginning (1985),1985-03-22,1985,1980s,Mar,3,English,Horror,2,Danny Steinmann,Melanie Kinnaman,2200000,21930418,19730418,9.968,Yes,92,5.1,196,Yes,12.64,Under $10M,90-109 min,50-499,No
526,Ladyhawke,Ladyhawke (1985),1985-03-27,1985,1980s,Mar,3,English,Adventure,4,Richard Donner,Matthew Broderick,20000000,18432000,-1568000,0.922,Yes,121,6.8,260,Yes,14.37,$10M-40M,110-129 min,50-499,No
9626,Red Sonja,Red Sonja (1985),1985-04-09,1985,1980s,Apr,4,English,Adventure,3,Richard Fleischer,Arnold Schwarzenegger,17900000,6948633,-10951367,0.388,Yes,89,5.0,206,Yes,12.75,$10M-40M,Under 90 min,50-499,No
10656,Subway,Subway (1985),1985-04-10,1985,1980s,Apr,4,Other languages,Action,2,Luc Besson,Isabelle Adjani,2000000,390659,-1609341,0.195,Yes,104,6.3,86,Yes,5.26,Under $10M,90-109 min,50-499,No
10925,The Return of the Living Dead,The Return of the Living Dead (1985),1985-05-15,1985,1980s,May,5,English,Comedy,2,Dan O'Bannon,Clu Gulager,4000000,14237000,10237000,3.559,Yes,91,7.3,267,Yes,14.96,Under $10M,90-109 min,50-499,No
1369,Rambo: First Blood Part II,Rambo: First Blood Part II (1985),1985-05-21,1985,1980s,May,5,English,Action,4,George P. Cosmatos,Sylvester Stallone,44000000,300400432,256400432,6.827,Yes,96,6.3,864,Yes,38.65,$40M-100M,90-109 min,"500-1,999",No
707,A View to a Kill,A View to a Kill (1985),1985-05-24,1985,1980s,May,5,English,Adventure,3,John Glen,Roger Moore,30000000,152427960,122427960,5.081,Yes,131,6.0,506,Yes,27.23,$10M-40M,130-149 min,"500-1,999",No
11954,Lifeforce,Lifeforce (1985),1985-06-20,1985,1980s,Jun,6,English,Fantasy,4,Tobe Hooper,Steve Railsback,25000000,,,,No,116,6.2,135,Yes,12.18,$10M-40M,110-129 min,50-499,No
13155,Return to Oz,Return to Oz (1985),1985-06-21,1985,1980s,Jun,6,English,Adventure,3,Walter Murch,Fairuza Balk,25000000,11137801,-13862199,0.446,Yes,109,6.7,120,Yes,5.65,$10M-40M,90-109 min,50-499,No
8879,Pale Rider,Pale Rider (1985),1985-06-28,1985,1980s,Jun,6,English,Romance,2,Clint Eastwood,Clint Eastwood,,41410568,,,No,115,7.0,251,Yes,14.57,Unknown,110-129 min,50-499,No
9355,Mad Max Beyond Thunderdome,Mad Max Beyond Thunderdome (1985),1985-06-29,1985,1980s,Jun,6,English,Action,3,George Miller,Mel Gibson,12305523,36230219,23924696,2.944,Yes,107,5.9,748,Yes,36.58,$10M-40M,90-109 min,"500-1,999",No
105,Back to the Future,Back to the Future (1985),1985-07-03,1985,1980s,Jul,7,English,Adventure,4,Robert Zemeckis,Michael J. Fox,19000000,381109762,362109762,20.058,Yes,116,8.0,6079,Yes,76.6,$10M-40M,110-129 min,"5,000+",No
11509,Silverado,Silverado (1985),1985-07-10,1985,1980s,Jul,7,English,Action,4,Lawrence Kasdan,Kevin Kline,26000000,,,,No,127,7.1,146,Yes,10.98,$10M-40M,110-129 min,50-499,No
8408,Day of the Dead,Day of the Dead (1985),1985-07-19,1985,1980s,Jul,7,English,Horror,2,George A. Romero,Lori Cardille,3500000,34000000,30500000,9.714,Yes,96,6.9,270,Yes,18.03,Under $10M,90-109 min,50-499,No
11240,My Beautiful Laundrette,My Beautiful Laundrette (1985),1985-09-07,1985,1980s,Sep,9,English,Romance,3,Stephen Frears,Gordon Warnecke,860000,2451545,1591545,2.851,Yes,97,6.6,51,Yes,3.7,Under $10M,90-109 min,50-499,No
15983,Invasion U.S.A.,Invasion U.S.A. (1985),1985-09-27,1985,1980s,Sep,9,English,Action,2,Joseph Zito,Chuck Norris,,,,,No,107,5.3,49,No,4.19,Unknown,90-109 min,Under 50,No
10999,Commando,Commando (1985),1985-10-03,1985,1980s,Oct,10,English,Action,3,Mark L. Lester,Arnold Schwarzenegger,10000000,57500000,47500000,5.75,Yes,90,6.4,742,Yes,34.22,$10M-40M,90-109 min,"500-1,999",No
29463,Krush Groove,Krush Groove (1985),1985-10-25,1985,1980s,Oct,10,English,Drama,3,Michael Schultz,Blair Underwood,3000000,,,,No,97,7.0,11,No,0.72,Under $10M,90-109 min,Under 50,No
10014,A Nightmare on Elm Street Part 2: Freddy's Revenge,A Nightmare on Elm Street Part 2: Freddy's Revenge (1985),1985-10-31,1985,1980s,Oct,10,English,Horror,1,Jack Sholder,Robert Englund,3000000,29999213,26999213,10.0,Yes,87,5.7,361,Yes,21.61,Under $10M,Under 90 min,50-499,No
17663,Anne of Green Gables,Anne of Green Gables (1985),1985-12-01,1985,1980s,Dec,12,English,Drama,2,Kevin Sullivan,Megan Follows,,,,,No,199,8.2,68,Yes,8.77,Unknown,150+ min,50-499,No
11904,Young Sherlock Holmes,Young Sherlock Holmes (1985),1985-12-04,1985,1980s,Dec,12,English,Action,7,Barry Levinson,Nicholas Rowe,18000000,,,,No,109,6.7,167,Yes,8.32,$10M-40M,90-109 min,50-499,No
11257,A Room with a View,A Room with a View (1985),1985-12-13,1985,1980s,Dec,12,English,Drama,2,James Ivory,Maggie Smith,3000000,20966644,17966644,6.989,Yes,117,6.9,156,Yes,7.96,Under $10M,110-129 min,50-499,No
873,The Color Purple,The Color Purple (1985),1985-12-18,1985,1980s,Dec,12,English,Drama,1,Steven Spielberg,Whoopi Goldberg,15000000,146292009,131292009,9.753,Yes,154,7.7,338,Yes,17.57,$10M-40M,150+ min,50-499,No
606,Out of Africa,Out of Africa (1985),1985-12-20,1985,1980s,Dec,12,English,Drama,1,Sydney Pollack,Meryl Streep,31000000,128499205,97499205,4.145,Yes,161,7.0,279,Yes,13.86,$10M-40M,150+ min,50-499,No
31909,Invaders from Mars,Invaders from Mars (1986),1986-01-01,1986,1980s,Jan,1,English,Science Fiction,1,Tobe Hooper,Karen Black,12000000,4884663,-7115337,0.407,Yes,100,5.5,57,Yes,4.23,$10M-40M,90-109 min,50-499,No
13853,The Clan of the Cave Bear,The Clan of the Cave Bear (1986),1986-01-17,1986,1980s,Jan,1,English,Adventure,2,Michael Chapman,Daryl Hannah,15000000,,,,No,98,4.8,27,No,5.48,$10M-40M,90-109 min,Under 50,No
10068,Nine 1/2 Weeks,Nine 1/2 Weeks (1986),1986-02-14,1986,1980s,Feb,2,English,Drama,2,Adrian Lyne,Mickey Rourke,17000000,6735922,-10264078,0.396,Yes,117,5.8,177,Yes,12.31,$10M-40M,110-129 min,50-499,No
8009,Highlander,Highlander (1986),1986-03-07,1986,1980s,Mar,3,English,Adventure,3,Russell Mulcahy,Christopher Lambert,16000000,5900000,-10100000,0.369,Yes,116,6.8,624,Yes,29.25,$10M-40M,110-129 min,"500-1,999",No
24913,April Fool's Day,April Fool's Day (1986),1986-03-27,1986,1980s,Mar,3,English,Horror,2,Fred Walton,Deborah Foreman,5000000,,,,No,89,5.8,73,Yes,8.19,Under $10M,Under 90 min,50-499,No
6106,Salvador,Salvador (1986),1986-04-23,1986,1980s,Apr,4,English,Drama,1,Oliver Stone,James Woods,4500000,,,,No,123,7.0,71,Yes,3.82,Under $10M,110-129 min,50-499,No
744,Top Gun,Top Gun (1986),1986-05-16,1986,1980s,May,5,English,Action,3,Tony Scott,Tom Cruise,15000000,356830601,341830601,23.789,Yes,110,6.7,1698,Yes,58.9,$10M-40M,110-129 min,"500-1,999",No
6978,Big Trouble in Little China,Big Trouble in Little China (1986),1986-05-30,1986,1980s,May,5,English,Action,4,John Carpenter,Kurt Russell,25000000,11000000,-14000000,0.44,Yes,99,7.1,705,Yes,29.8,$10M-40M,90-109 min,"500-1,999",No
9930,Legal Eagles,Legal Eagles (1986),1986-06-18,1986,1980s,Jun,6,English,Comedy,5,Ivan Reitman,Robert Redford,,,,,No,116,5.8,51,Yes,7.52,Unknown,110-129 min,50-499,No
679,Aliens,Aliens (1986),1986-07-18,1986,1980s,Jul,7,English,Horror,4,James Cameron,Sigourney Weaver,18500000,183316455,164816455,9.909,Yes,137,7.7,3220,Yes,67.66,$10M-40M,130-149 min,"2,000-4,999",No
10658,Howard the Duck,Howard the Duck (1986),1986-08-01,1986,1980s,Aug,8,English,Comedy,3,Willard Huyck,Lea Thompson,37000000,37962774,962774,1.026,Yes,110,5.1,221,Yes,11.37,$10M-40M,110-129 min,50-499,No
10225,Friday the 13th Part VI: Jason Lives,Friday the 13th Part VI: Jason Lives (1986),1986-08-01,1986,1980s,Aug,8,English,Horror,3,Tom McLoughlin,Thom Mathews,3000000,19472057,16472057,6.491,Yes,86,5.7,216,Yes,11.16,Under $10M,Under 90 min,50-499,No
27995,She's Gotta Have It,She's Gotta Have It (1986),1986-08-08,1986,1980s,Aug,8,English,Comedy,2,Spike Lee,Tracy Camilla Johns,,,,,No,84,6.1,25,No,6.72,Unknown,Under 90 min,Under 50,No
235,Stand by Me,Stand by Me (1986),1986-08-22,1986,1980s,Aug,8,English,Crime,2,Rob Reiner,Wil Wheaton,8000000,52287414,44287414,6.536,Yes,89,7.8,1522,Yes,51.11,Under $10M,Under 90 min,"500-1,999",No
16337,The Texas Chainsaw Massacre 2,The Texas Chainsaw Massacre 2 (1986),1986-08-22,1986,1980s,Aug,8,English,Horror,1,Tobe Hooper,Dennis Hopper,4700000,8025872,3325872,1.708,Yes,101,5.9,139,Yes,9.62,Under $10M,90-109 min,50-499,No
21309,River's Edge,River's Edge (1986),1986-08-27,1986,1980s,Aug,8,English,Crime,2,Tim Hunter,Crispin Glover,19000000,,,,No,99,6.7,59,Yes,6.46,$10M-40M,90-109 min,50-499,No
58048,Shanghai Surprise,Shanghai Surprise (1986),1986-08-29,1986,1980s,Aug,8,English,Adventure,1,Jim Goddard,Madonna,17000000,,,,No,97,2.9,15,No,0.14,$10M-40M,90-109 min,Under 50,No
9671,Crocodile Dundee,Crocodile Dundee (1986),1986-09-26,1986,1980s,Sep,9,English,Adventure,2,Peter Faiman,Paul Hogan,5000000,328203506,323203506,65.641,Yes,97,6.3,503,Yes,16.07,Under $10M,90-109 min,"500-1,999",No
10013,Peggy Sue Got Married,Peggy Sue Got Married (1986),1986-10-05,1986,1980s,Oct,10,English,Comedy,4,Francis Ford Coppola,Kathleen Turner,18000000,41382841,23382841,2.299,Yes,103,5.9,136,Yes,12.24,$10M-40M,90-109 min,50-499,No
11873,The Color of Money,The Color of Money (1986),1986-10-07,1986,1980s,Oct,10,English,Drama,1,Martin Scorsese,Paul Newman,13800000,52293982,38493982,3.789,Yes,119,6.7,291,Yes,17.34,$10M-40M,110-129 min,50-499,No
10017,The Wraith,The Wraith (1986),1986-11-21,1986,1980s,Nov,11,English,Romance,5,Mike Marvin,Charlie Sheen,2700000,3500000,800000,1.296,Yes,93,5.9,108,Yes,10.48,Under $10M,90-109 min,50-499,No
168,Star Trek IV: The Voyage Home,Star Trek IV: The Voyage Home (1986),1986-11-25,1986,1980s,Nov,11,English,Science Fiction,2,Leonard Nimoy,William Shatner,24000000,133000000,109000000,5.542,Yes,119,6.9,477,Yes,22.26,$10M-40M,110-129 min,50-499,No
10136,The Golden Child,The Golden Child (1986),1986-12-12,1986,1980s,Dec,12,English,Action,3,Michael Ritchie,Eddie Murphy,25000000,79817939,54817939,3.193,Yes,94,5.6,304,Yes,15.26,$10M-40M,90-109 min,50-499,No
792,Platoon,Platoon (1986),1986-12-18,1986,1980s,Dec,12,English,Drama,3,Oliver Stone,Tom Berenger,6000000,138530565,132530565,23.088,Yes,120,7.5,1205,Yes,49.8,Under $10M,110-129 min,"500-1,999",No
10776,Little Shop of Horrors,Little Shop of Horrors (1986),1986-12-19,1986,1980s,Dec,12,English,Horror,3,Frank Oz,Rick Moranis,25000000,38748395,13748395,1.55,Yes,94,6.6,384,Yes,12.11,$10M-40M,90-109 min,50-499,No
17994,Witchboard,Witchboard (1986),1986-12-31,1986,1980s,Dec,12,English,Horror,1,Kevin Tenney,Stephen Nichols,,,,,No,98,5.9,58,Yes,7.15,Unknown,90-109 min,50-499,No
30890,Radio Days,Radio Days (1987),1987-01-30,1987,1980s,Jan,1,English,Comedy,2,Woody Allen,Woody Allen,16000000,,,,No,90,7.0,127,Yes,7.61,$10M-40M,90-109 min,50-499,No
10072,A Nightmare on Elm Street 3: Dream Warriors,A Nightmare on Elm Street 3: Dream Warriors (1987),1987-02-27,1987,1980s,Feb,2,English,Horror,2,Chuck Russell,Robert Englund,5000000,44793222,39793222,8.959,Yes,96,6.5,354,Yes,17.3,Under $10M,90-109 min,50-499,No
27551,The Barbarians,The Barbarians (1987),1987-03-01,1987,1980s,Mar,3,English,Fantasy,2,Ruggero Deodato,Peter Paul,,,,,No,87,5.1,8,No,1.63,Unknown,Under 90 min,Under 50,No
765,Evil Dead II,Evil Dead II (1987),1987-03-13,1987,1980s,Mar,3,English,Horror,3,Sam Raimi,Bruce Campbell,3600000,5923044,2323044,1.645,Yes,84,7.6,742,Yes,35.67,Under $10M,Under 90 min,"500-1,999",No
34101,Hollywood Shuffle,Hollywood Shuffle (1987),1987-03-20,1987,1980s,Mar,3,English,Comedy,1,Robert Townsend,Robert Townsend,,,,,No,78,5.7,19,No,2.35,Unknown,Under 90 min,Under 50,No
27342,Malone,Malone (1987),1987-05-01,1987,1980s,May,5,English,Action,2,Harley Cokeliss,Burt Reynolds,,,,,No,92,6.8,15,No,1.61,Unknown,90-109 min,Under 50,No
16288,Creepshow 2,Creepshow 2 (1987),1987-05-01,1987,1980s,May,5,English,Horror,1,Michael Gornick,George Kennedy,3500000,14000000,10500000,4.0,Yes,92,5.9,129,Yes,10.73,Under $10M,90-109 min,50-499,No
25678,American Ninja 2: The Confrontation,American Ninja 2: The Confrontation (1987),1987-05-01,1987,1980s,May,5,English,Action,3,Sam Firstenberg,Michael Dudikoff,,,,,No,90,4.9,49,No,5.06,Unknown,90-109 min,Under 50,No
12704,Ishtar,Ishtar (1987),1987-05-15,1987,1980s,May,5,English,Action,3,Elaine May,Warren Beatty,55000000,14375181,-40624819,0.261,Yes,107,4.2,28,No,2.41,$40M-100M,90-109 min,Under 50,No
96,Beverly Hills Cop II,Beverly Hills Cop II (1987),1987-05-18,1987,1980s,May,5,English,Action,3,Tony Scott,Eddie Murphy,20000000,299965036,279965036,14.998,Yes,100,6.1,613,Yes,25.28,$10M-40M,90-109 min,"500-1,999",No
117,The Untouchables,The Untouchables (1987),1987-06-02,1987,1980s,Jun,6,English,Crime,4,Brian De Palma,Kevin Costner,25000000,76270454,51270454,3.051,Yes,119,7.6,1384,Yes,38.27,$10M-40M,110-129 min,"500-1,999",No
106,Predator,Predator (1987),1987-06-11,1987,1980s,Jun,6,English,Science Fiction,4,John McTiernan,Arnold Schwarzenegger,18000000,98235548,80235548,5.458,Yes,107,7.3,2093,Yes,50.01,$10M-40M,90-109 min,"2,000-4,999",No
957,Spaceballs,Spaceballs (1987),1987-06-24,1987,1980s,Jun,6,English,Comedy,2,Mel Brooks,Mel Brooks,22700000,38119483,15419483,1.679,Yes,96,6.7,902,Yes,39.89,$10M-40M,90-109 min,"500-1,999",No
708,The Living Daylights,The Living Daylights (1987),1987-06-29,1987,1980s,Jun,6,English,Action,3,John Glen,Timothy Dalton,40000000,191185897,151185897,4.78,Yes,130,6.2,440,Yes,23.33,$40M-100M,130-149 min,50-499,No
19933,The Brave Little Toaster,The Brave Little Toaster (1987),1987-07-09,1987,1980s,Jul,7,English,Fantasy,6,Jerry Rees,Jon Lovitz,2000000,,,,No,90,6.7,93,Yes,6.86,Under $10M,90-109 min,50-499,No
580,Jaws: The Revenge,Jaws: The Revenge (1987),1987-07-17,1987,1980s,Jul,7,English,Adventure,2,Joseph Sargent,Lorraine Gary,23000000,51881013,28881013,2.256,Yes,89,3.5,224,Yes,12.78,$10M-40M,Under 90 min,50-499,No
11411,Superman IV: The Quest for Peace,Superman IV: The Quest for Peace (1987),1987-07-23,1987,1980s,Jul,7,English,Action,3,Sidney J. Furie,Christopher Reeve,17000000,19300000,2300000,1.135,Yes,90,4.1,318,Yes,17.06,$10M-40M,90-109 min,50-499,No
16620,La Bamba,La Bamba (1987),1987-07-24,1987,1980s,Jul,7,English,Drama,2,Luis Valdez,Lou Diamond Phillips,6500000,54215416,47715416,8.341,Yes,108,6.8,116,Yes,6.85,Under $10M,90-109 min,50-499,No
1547,The Lost Boys,The Lost Boys (1987),1987-07-31,1987,1980s,Jul,7,English,Horror,2,Joel Schumacher,Jason Patric,8500000,32222567,23722567,3.791,Yes,97,6.8,538,Yes,24.75,Under $10M,90-109 min,"500-1,999",No
10998,Fatal Attraction,Fatal Attraction (1987),1987-09-11,1987,1980s,Sep,9,English,Drama,3,Adrian Lyne,Michael Douglas,14000000,320145693,306145693,22.868,Yes,119,6.6,291,Yes,16.74,$10M-40M,110-129 min,50-499,No
9003,Hellraiser,Hellraiser (1987),1987-09-11,1987,1980s,Sep,9,English,Horror,1,Clive Barker,Andrew Robinson,1000000,14564027,13564027,14.564,Yes,94,6.9,449,Yes,22.58,Under $10M,90-109 min,50-499,No
2493,The Princess Bride,The Princess Bride (1987),1987-09-18,1987,1980s,Sep,9,English,Adventure,5,Rob Reiner,Cary Elwes,16000000,30857814,14857814,1.929,Yes,98,7.6,1486,Yes,44.53,$10M-40M,90-109 min,"500-1,999",No
26371,Maurice,Maurice (1987),1987-09-18,1987,1980s,Sep,9,English,Drama,2,James Ivory,James Wilby,,,,,No,134,7.1,61,Yes,11.55,Unknown,130-149 min,50-499,No
39895,From a Whisper to a Scream,From a Whisper to a Scream (1987),1987-09-25,1987,1980s,Sep,9,English,Comedy,2,Jeff Burr,Vincent Price,1100000,1400000,300000,1.273,Yes,99,6.8,15,No,1.22,Under $10M,90-109 min,Under 50,No
746,The Last Emperor,The Last Emperor (1987),1987-10-21,1987,1980s,Oct,10,English,Drama,2,Bernardo Bertolucci,John Lone,23000000,43984230,20984230,1.912,Yes,163,7.4,355,Yes,21.19,$10M-40M,150+ min,50-499,No
12506,Cry Freedom,Cry Freedom (1987),1987-11-05,1987,1980s,Nov,11,English,Drama,1,Richard Attenborough,Denzel Washington,,,,,No,157,6.9,51,Yes,3.74,Unknown,150+ min,50-499,No
865,The Running Man,The Running Man (1987),1987-11-13,1987,1980s,Nov,11,English,Action,2,Paul Michael Glaser,Arnold Schwarzenegger,27000000,38122105,11122105,1.412,Yes,101,6.4,703,Yes,30.13,$10M-40M,90-109 min,"500-1,999",No
15582,Teen Wolf Too,Teen Wolf Too (1987),1987-11-20,1987,1980s,Nov,11,English,Comedy,3,Christopher Leitch,Jason Bateman,,,,,No,95,3.8,46,No,4.1,Unknown,90-109 min,Under 50,No
12154,Three Men and a Baby,Three Men and a Baby (1987),1987-11-27,1987,1980s,Nov,11,Other languages,Family,3,Leonard Nimoy,Tom Selleck,,,,,No,102,5.8,253,Yes,12.34,Unknown,90-109 min,50-499,No
10673,Wall Street,Wall Street (1987),1987-12-10,1987,1980s,Dec,12,English,Crime,2,Oliver Stone,Charlie Sheen,15000000,43848069,28848069,2.923,Yes,126,7.0,546,Yes,24.9,$10M-40M,110-129 min,"500-1,999",No
801,"Good Morning, Vietnam","Good Morning, Vietnam (1987)",1987-12-23,1987,1980s,Dec,12,English,Comedy,3,Barry Levinson,Robin Williams,13000000,123922370,110922370,9.532,Yes,121,7.1,642,Yes,18.36,$10M-40M,110-129 min,"500-1,999",No
10117,Action Jackson,Action Jackson (1988),1988-02-12,1988,1980s,Feb,2,English,Action,5,Craig R. Baxley,Carl Weathers,7000000,20256975,13256975,2.894,Yes,96,4.9,50,Yes,6.87,Under $10M,90-109 min,50-499,No
36739,School Daze,School Daze (1988),1988-02-12,1988,1980s,Feb,2,English,Comedy,2,Spike Lee,Samuel L. Jackson,,,,,No,121,6.2,26,No,3.16,Unknown,110-129 min,Under 50,No
11690,Bloodsport,Bloodsport (1988),1988-02-26,1988,1980s,Feb,2,English,Action,1,Newt Arnold,Jean-Claude Van Damme,1500000,11806119,10306119,7.871,Yes,92,6.6,363,Yes,17.5,Under $10M,90-109 min,50-499,No
4011,Beetlejuice,Beetlejuice (1988),1988-02-29,1988,1980s,Feb,2,English,Fantasy,2,Tim Burton,Geena Davis,15000000,73326666,58326666,4.888,Yes,92,7.1,1444,Yes,58.55,$10M-40M,90-109 min,"500-1,999",No
48309,Prison,Prison (1988),1988-03-04,1988,1980s,Mar,3,English,Crime,4,Renny Harlin,Viggo Mortensen,1300000,354704,-945296,0.273,Yes,102,6.7,27,No,7.61,Under $10M,90-109 min,Under 50,No
17170,"Bright Lights, Big City","Bright Lights, Big City (1988)",1988-04-01,1988,1980s,Apr,4,English,Drama,1,James Bridges,Michael J. Fox,,,,,No,107,4.7,28,No,2.75,Unknown,90-109 min,Under 50,No
191229,Iguana,Iguana (1988),1988-04-01,1988,1980s,Apr,4,English,No genre,0,Monte Hellman,Everett McGill,,,,,No,88,6.0,1,No,0.21,Unknown,Under 90 min,Under 50,No
49365,Lady in White,Lady in White (1988),1988-04-22,1988,1980s,Apr,4,English,Horror,2,Frank LaLoggia,Lukas Haas,,,,,No,112,6.3,25,No,1.44,Unknown,110-129 min,Under 50,No
10281,Friday the 13th Part VII: The New Blood,Friday the 13th Part VII: The New Blood (1988),1988-05-13,1988,1980s,May,5,English,Horror,2,John Carl Buechler,Kane Hodder,2800000,19170001,16370001,6.846,Yes,88,5.3,192,Yes,9.07,Under $10M,Under 90 min,50-499,No
9396,Crocodile Dundee II,Crocodile Dundee II (1988),1988-05-19,1988,1980s,May,5,English,Adventure,2,John Cornell,Paul Hogan,,239606210,,,No,110,5.5,303,Yes,15.47,Unknown,110-129 min,50-499,No
1370,Rambo III,Rambo III (1988),1988-05-24,1988,1980s,May,5,English,Action,4,Peter MacDonald,Sylvester Stallone,63000000,189015611,126015611,3.0,Yes,102,5.7,690,Yes,31.29,$40M-100M,90-109 min,"500-1,999",No
2280,Big,Big (1988),1988-06-03,1988,1980s,Jun,6,English,Fantasy,5,Penny Marshall,Tom Hanks,18000000,151668774,133668774,8.426,Yes,104,6.9,993,Yes,20.72,$10M-40M,90-109 min,"500-1,999",No
10306,Poltergeist III,Poltergeist III (1988),1988-06-10,1988,1980s,Jun,6,English,Horror,2,Gary Sherman,Tom Skerritt,10500000,14144000,3644000,1.347,Yes,98,4.5,123,Yes,11.23,$10M-40M,90-109 min,50-499,No
15158,Phantasm II,Phantasm II (1988),1988-07-08,1988,1980s,Jul,7,English,Action,4,Don Coscarelli,James Le Gros,3000000,7282851,4282851,2.428,Yes,97,6.3,94,Yes,5.0,Under $10M,90-109 min,50-499,No
562,Die Hard,Die Hard (1988),1988-07-15,1988,1980s,Jul,7,English,Action,2,John McTiernan,Bruce Willis,28000000,140767956,112767956,5.027,Yes,131,7.5,3948,Yes,66.17,$10M-40M,130-149 min,"2,000-4,999",No
149,Akira,Akira (1988),1988-07-16,1988,1980s,Jul,7,Other languages,Science Fiction,2,Katsuhiro Ōtomo,Mitsuo Iwata,8000000,553171,-7446829,0.069,Yes,124,7.8,773,Yes,39.34,Under $10M,110-129 min,"500-1,999",No
9013,Midnight Run,Midnight Run (1988),1988-07-20,1988,1980s,Jul,7,English,Adventure,3,Martin Brest,Robert De Niro,30000000,38413606,8413606,1.28,Yes,126,7.2,238,Yes,12.82,$10M-40M,110-129 min,50-499,No
11967,Young Guns,Young Guns (1988),1988-08-12,1988,1980s,Aug,8,English,Crime,5,Christopher Cain,Emilio Estevez,13000000,44726644,31726644,3.441,Yes,107,6.6,258,Yes,9.5,$10M-40M,90-109 min,50-499,No
11051,The Last Temptation of Christ,The Last Temptation of Christ (1988),1988-08-12,1988,1980s,Aug,8,English,Drama,1,Martin Scorsese,Willem Dafoe,7000000,8373585,1373585,1.196,Yes,164,7.0,201,Yes,14.67,Under $10M,150+ min,50-499,No
10131,A Nightmare on Elm Street 4: The Dream Master,A Nightmare on Elm Street 4: The Dream Master (1988),1988-08-19,1988,1980s,Aug,8,English,Horror,2,Renny Harlin,Robert Englund,7000000,72500000,65500000,10.357,Yes,99,5.8,281,Yes,17.11,Under $10M,90-109 min,50-499,No
11191,Mystic Pizza,Mystic Pizza (1988),1988-10-13,1988,1980s,Oct,10,English,Comedy,3,Donald Petrie,Annabeth Gish,,,,,No,104,5.9,123,Yes,6.38,Unknown,90-109 min,50-499,No
11357,Halloween 4: The Return of Michael Myers,Halloween 4: The Return of Michael Myers (1988),1988-10-21,1988,1980s,Oct,10,English,Horror,2,Dwight H. Little,Donald Pleasence,5000000,17768757,12768757,3.554,Yes,88,5.9,209,Yes,9.3,Under $10M,Under 90 min,50-499,No
10585,Child's Play,Child's Play (1988),1988-11-08,1988,1980s,Nov,11,English,Horror,2,Tom Holland,Catherine Hicks,9000000,44196684,35196684,4.911,Yes,87,6.3,581,Yes,27.6,Under $10M,Under 90 min,"500-1,999",No
12144,The Land Before Time,The Land Before Time (1988),1988-11-18,1988,1980s,Nov,11,English,Animation,3,Don Bluth,Gabriel Damon,12300000,84460846,72160846,6.867,Yes,69,7.0,640,Yes,28.67,$10M-40M,Under 90 min,"500-1,999",No
9647,Scrooged,Scrooged (1988),1988-11-22,1988,1980s,Nov,11,English,Fantasy,3,Richard Donner,Bill Murray,,60328000,,,No,101,6.7,390,Yes,21.62,Unknown,90-109 min,50-499,No
8337,They Live,They Live (1988),1988-11-23,1988,1980s,Nov,11,English,Action,4,John Carpenter,Roddy Piper,4000000,13008928,9008928,3.252,Yes,94,7.1,550,Yes,29.85,Under $10M,90-109 min,"500-1,999",No
12120,My Stepmother is an Alien,My Stepmother is an Alien (1988),1988-12-09,1988,1980s,Dec,12,English,Comedy,2,Richard Benjamin,Dan Aykroyd,20000000,13854000,-6146000,0.693,Yes,108,5.3,131,Yes,9.46,$10M-40M,90-109 min,50-499,No
9493,Twins,Twins (1988),1988-12-09,1988,1980s,Dec,12,English,Comedy,1,Ivan Reitman,Arnold Schwarzenegger,15000000,216614388,201614388,14.441,Yes,107,5.7,559,Yes,17.64,$10M-40M,90-109 min,"500-1,999",No
380,Rain Man,Rain Man (1988),1988-12-11,1988,1980s,Dec,12,English,Drama,1,Barry Levinson,Dustin Hoffman,25000000,412800000,387800000,16.512,Yes,133,7.6,1709,Yes,49.51,$10M-40M,130-149 min,"500-1,999",No
859,Dangerous Liaisons,Dangerous Liaisons (1988),1988-12-16,1988,1980s,Dec,12,English,Drama,2,Stephen Frears,Glenn Close,14000000,34670720,20670720,2.476,Yes,119,7.0,257,Yes,14.48,$10M-40M,110-129 min,50-499,No
10132,Talk Radio,Talk Radio (1988),1988-12-21,1988,1980s,Dec,12,English,Drama,1,Oliver Stone,Eric Bogosian,4000000,3468572,-531428,0.867,Yes,110,6.7,46,No,4.54,Under $10M,110-129 min,Under 50,No
9942,Major League,Major League (1989),1989-02-16,1989,1980s,Feb,2,English,Comedy,1,David S. Ward,Tom Berenger,11000000,49797148,38797148,4.527,Yes,107,6.6,217,Yes,7.56,$10M-40M,90-109 min,50-499,No
1648,Bill & Ted's Excellent Adventure,Bill & Ted's Excellent Adventure (1989),1989-02-17,1989,1980s,Feb,2,English,Adventure,3,Stephen Herek,Keanu Reeves,10000000,40485039,30485039,4.049,Yes,90,6.7,454,Yes,25.93,$10M-40M,90-109 min,50-499,No
28165,The Toxic Avenger Part II,The Toxic Avenger Part II (1989),1989-02-24,1989,1980s,Feb,2,English,Comedy,3,Lloyd Kaufman,Ron Fazio,,,,,No,96,5.3,39,No,1.79,Unknown,90-109 min,Under 50,No
9686,New York Stories,New York Stories (1989),1989-03-10,1989,1980s,Mar,3,English,Comedy,3,Francis Ford Coppola,Woody Allen,15000000,,,,No,124,6.2,64,Yes,6.68,$10M-40M,110-129 min,50-499,No
22102,Troop Beverly Hills,Troop Beverly Hills (1989),1989-03-22,1989,1980s,Mar,3,English,Adventure,3,Jeff Kanew,Shelley Long,,,,,No,105,5.6,56,Yes,3.46,Unknown,90-109 min,50-499,No
8913,Pet Sematary,Pet Sematary (1989),1989-04-21,1989,1980s,Apr,4,English,Drama,2,Mary Lambert,Dale Midkiff,11500000,57469467,45969467,4.997,Yes,103,6.4,407,Yes,20.75,$10M-40M,90-109 min,50-499,No
10135,Road House,Road House (1989),1989-05-19,1989,1980s,May,5,English,Action,2,Rowdy Herrington,Patrick Swayze,15000000,30050028,15050028,2.003,Yes,114,6.3,252,Yes,6.22,$10M-40M,110-129 min,50-499,No
89,Indiana Jones and the Last Crusade,Indiana Jones and the Last Crusade (1989),1989-05-24,1989,1980s,May,5,English,Adventure,2,Steven Spielberg,Harrison Ford,48000000,474171806,426171806,9.879,Yes,127,7.6,3152,Yes,80.97,$40M-100M,110-129 min,"2,000-4,999",No
11342,Warlock,Warlock (1989),1989-06-01,1989,1980s,Jun,6,English,Adventure,4,Steve Miner,Julian Sands,7000000,,,,No,103,5.8,95,Yes,9.89,Under $10M,90-109 min,50-499,No
207,Dead Poets Society,Dead Poets Society (1989),1989-06-02,1989,1980s,Jun,6,English,Drama,1,Peter Weir,Robin Williams,16400000,235860116,219460116,14.382,Yes,129,8.1,2705,Yes,55.46,$10M-40M,110-129 min,"2,000-4,999",No
172,Star Trek V: The Final Frontier,Star Trek V: The Final Frontier (1989),1989-06-09,1989,1980s,Jun,6,English,Science Fiction,4,William Shatner,William Shatner,30000000,70200000,40200000,2.34,Yes,107,5.6,376,Yes,19.58,$10M-40M,90-109 min,50-499,No
268,Batman,Batman (1989),1989-06-23,1989,1980s,Jun,6,English,Fantasy,2,Tim Burton,Jack Nicholson,35000000,411348924,376348924,11.753,Yes,126,7.0,2096,Yes,44.1,$10M-40M,110-129 min,"2,000-4,999",No
925,Do the Right Thing,Do the Right Thing (1989),1989-06-30,1989,1980s,Jun,6,English,Drama,1,Spike Lee,Danny Aiello,6500000,37295445,30795445,5.738,Yes,120,7.6,292,Yes,15.58,Under $10M,110-129 min,50-499,No
709,Licence to Kill,Licence to Kill (1989),1989-07-07,1989,1980s,Jul,7,English,Adventure,3,John Glen,Timothy Dalton,32000000,156167015,124167015,4.88,Yes,133,5.9,541,Yes,28.22,$10M-40M,130-149 min,"500-1,999",No
639,When Harry Met Sally...,When Harry Met Sally... (1989),1989-07-21,1989,1980s,Jul,7,English,Comedy,3,Rob Reiner,Meg Ryan,16000000,92823546,76823546,5.801,Yes,96,7.3,950,Yes,18.43,$10M-40M,90-109 min,"500-1,999",No
11959,UHF,UHF (1989),1989-07-21,1989,1980s,Jul,7,English,Comedy,1,Jay Levey,"""Weird Al"" Yankovic",5000000,,,,No,97,6.7,89,Yes,4.07,Under $10M,90-109 min,50-499,No
10283,Friday the 13th Part VIII: Jason Takes Manhattan,Friday the 13th Part VIII: Jason Takes Manhattan (1989),1989-07-28,1989,1980s,Jul,7,English,Horror,2,Rob Hedden,Kane Hodder,5000000,14000000,9000000,2.8,Yes,100,4.8,191,Yes,12.9,Under $10M,90-109 min,50-499,No
2756,The Abyss,The Abyss (1989),1989-08-09,1989,1980s,Aug,8,English,Adventure,4,James Cameron,Ed Harris,70000000,90000098,20000098,1.286,Yes,139,7.1,808,Yes,24.96,$40M-100M,130-149 min,"500-1,999",No
10160,A Nightmare on Elm Street 5: The Dream Child,A Nightmare on Elm Street 5: The Dream Child (1989),1989-08-11,1989,1980s,Aug,8,English,Horror,2,Stephen Hopkins,Robert Englund,8000000,22168359,14168359,2.771,Yes,89,5.5,245,Yes,12.65,Under $10M,Under 90 min,50-499,No
1412,"Sex, Lies, and Videotape","Sex, Lies, and Videotape (1989)",1989-08-18,1989,1980s,Aug,8,English,Drama,1,Steven Soderbergh,Andie MacDowell,1200000,,,,No,100,6.7,185,Yes,10.87,Under $10M,90-109 min,50-499,No
1779,Roger & Me,Roger & Me (1989),1989-09-01,1989,1980s,Sep,9,English,Documentary,2,Michael Moore,Michael Moore,160000,6706368,6546368,41.915,Yes,91,7.4,90,Yes,3.28,Under $10M,90-109 min,50-499,No
12150,Sea of Love,Sea of Love (1989),1989-09-15,1989,1980s,Sep,9,English,Drama,3,Harold Becker,Al Pacino,19000000,110879513,91879513,5.836,Yes,113,6.7,141,Yes,11.47,$10M-40M,110-129 min,50-499,No
4105,Black Rain,Black Rain (1989),1989-09-22,1989,1980s,Sep,9,English,Action,3,Ridley Scott,Michael Douglas,30000000,45892212,15892212,1.53,Yes,125,6.2,243,Yes,11.2,$10M-40M,110-129 min,50-499,No
10705,Henry V,Henry V (1989),1989-10-05,1989,1980s,Oct,10,English,War,5,Kenneth Branagh,Kenneth Branagh,9000000,,,,No,137,7.4,71,Yes,4.64,Under $10M,130-149 min,50-499,No
11361,Halloween 5: The Revenge of Michael Myers,Halloween 5: The Revenge of Michael Myers (1989),1989-10-12,1989,1980s,Oct,10,English,Horror,2,Dominique Othenin-Girard,Donald Pleasence,5000000,11642254,6642254,2.328,Yes,96,5.2,183,Yes,8.01,Under $10M,90-109 min,50-499,No
21512,The Blood of Heroes,The Blood of Heroes (1989),1989-10-19,1989,1980s,Oct,10,English,Action,3,David Webb Peoples,Rutger Hauer,,882290,,,No,100,5.9,31,No,6.42,Unknown,90-109 min,Under 50,No
165,Back to the Future Part II,Back to the Future Part II (1989),1989-11-20,1989,1980s,Nov,11,English,Adventure,4,Robert Zemeckis,Michael J. Fox,40000000,332000000,292000000,8.3,Yes,108,7.4,3829,Yes,43.35,$40M-100M,90-109 min,"2,000-4,999",No
403,Driving Miss Daisy,Driving Miss Daisy (1989),1989-12-13,1989,1980s,Dec,12,English,Comedy,2,Bruce Beresford,Morgan Freeman,7500000,145793296,138293296,19.439,Yes,99,7.0,350,Yes,19.59,Under $10M,90-109 min,50-499,No
9665,Glory,Glory (1989),1989-12-15,1989,1980s,Dec,12,English,War,1,Edward Zwick,Matthew Broderick,18000000,26828365,8828365,1.49,Yes,122,7.4,383,Yes,16.1,$10M-40M,110-129 min,50-499,No
5971,We're No Angels,We're No Angels (1989),1989-12-15,1989,1980s,Dec,12,English,Comedy,3,Neil Jordan,Robert De Niro,20000000,,,,No,106,5.6,105,Yes,9.93,$10M-40M,90-109 min,50-499,No
2604,Born on the Fourth of July,Born on the Fourth of July (1989),1989-12-20,1989,1980s,Dec,12,English,Drama,2,Oliver Stone,Tom Cruise,14000000,161001698,147001698,11.5,Yes,145,6.7,395,Yes,25.95,$10M-40M,130-149 min,50-499,No
9618,Tango & Cash,Tango & Cash (1989),1989-12-22,1989,1980s,Dec,12,English,Action,3,Andrei Konchalovsky,Sylvester Stallone,55000000,63408614,8408614,1.153,Yes,104,6.1,458,Yes,22.79,$40M-100M,90-109 min,50-499,No
426067,Midnight Cabaret,Midnight Cabaret (1990),1990-01-01,1990,1990s,Jan,1,English,Horror,1,Pece Dingo,Lisa Hart Carroll,,,,,No,94,,0,No,0.0,Unknown,90-109 min,Under 50,No
9362,Tremors,Tremors (1990),1990-01-19,1990,1990s,Jan,1,English,Action,2,Ron Underwood,Kevin Bacon,11000000,48572000,37572000,4.416,Yes,96,6.6,864,Yes,32.58,$10M-40M,90-109 min,"500-1,999",No
29514,Two Evil Eyes,Two Evil Eyes (1990),1990-01-25,1990,1990s,Jan,1,English,Horror,2,George A. Romero,Adrienne Barbeau,9000000,,,,No,120,6.0,35,No,8.22,Under $10M,110-129 min,Under 50,No
1669,The Hunt for Red October,The Hunt for Red October (1990),1990-03-02,1990,1990s,Mar,3,English,Action,3,John McTiernan,Alec Baldwin,30000000,199200000,169200000,6.64,Yes,134,7.2,957,Yes,46.21,$10M-40M,130-149 min,"500-1,999",No
114,Pretty Woman,Pretty Woman (1990),1990-03-23,1990,1990s,Mar,3,English,Romance,2,Garry Marshall,Julia Roberts,14000000,463000000,449000000,33.071,Yes,119,7.0,1746,Yes,45.47,$10M-40M,110-129 min,"500-1,999",No
34086,Spaced Invaders,Spaced Invaders (1990),1990-04-27,1990,1990s,Apr,4,English,Comedy,3,Patrick Read Johnson,Ariana Richards,3000000,15369573,12369573,5.123,Yes,100,4.7,25,No,1.59,Under $10M,90-109 min,Under 50,No
196,Back to the Future Part III,Back to the Future Part III (1990),1990-05-25,1990,1990s,May,5,English,Adventure,4,Robert Zemeckis,Michael J. Fox,40000000,244527583,204527583,6.113,Yes,118,7.1,2900,Yes,45.77,$40M-100M,110-129 min,"2,000-4,999",No
861,Total Recall,Total Recall (1990),1990-06-01,1990,1990s,Jun,6,English,Action,3,Paul Verhoeven,Arnold Schwarzenegger,65000000,261317921,196317921,4.02,Yes,113,7.1,1710,Yes,43.13,$40M-100M,110-129 min,"500-1,999",No
928,Gremlins 2: The New Batch,Gremlins 2: The New Batch (1990),1990-06-15,1990,1990s,Jun,6,English,Comedy,3,Joe Dante,Zach Galligan,50000000,41482207,-8517793,0.83,Yes,106,6.2,652,Yes,33.99,$40M-100M,90-109 min,"500-1,999",No
8592,Dick Tracy,Dick Tracy (1990),1990-06-15,1990,1990s,Jun,6,English,Adventure,5,Warren Beatty,Warren Beatty,47000000,103738726,56738726,2.207,Yes,103,5.9,251,Yes,7.86,$40M-100M,90-109 min,50-499,No
2119,Days of Thunder,Days of Thunder (1990),1990-06-27,1990,1990s,Jun,6,English,Adventure,1,Tony Scott,Tom Cruise,60000000,157920733,97920733,2.632,Yes,107,5.9,353,Yes,16.28,$40M-100M,90-109 min,50-499,No
1573,Die Hard 2,Die Hard 2 (1990),1990-07-02,1990,1990s,Jul,7,English,Action,2,Renny Harlin,Bruce Willis,70000000,240031094,170031094,3.429,Yes,124,6.6,1896,Yes,57.7,$40M-100M,110-129 min,"500-1,999",No
9548,The Adventures of Ford Fairlane,The Adventures of Ford Fairlane (1990),1990-07-11,1990,1990s,Jul,7,English,Action,5,Renny Harlin,Andrew Dice Clay,49000000,20423389,-28576611,0.417,Yes,104,6.2,71,Yes,2.81,$40M-100M,90-109 min,50-499,No
251,Ghost,Ghost (1990),1990-07-12,1990,1990s,Jul,7,English,Fantasy,5,Jerry Zucker,Patrick Swayze,22000000,505000000,483000000,22.955,Yes,127,6.9,1339,Yes,41.97,$10M-40M,110-129 min,"500-1,999",No
14022,Slacker,Slacker (1990),1990-07-27,1990,1990s,Jul,7,English,Comedy,1,Richard Linklater,Richard Linklater,,,,,No,97,6.4,77,Yes,3.32,Unknown,90-109 min,50-499,No
41823,Mo' Better Blues,Mo' Better Blues (1990),1990-08-03,1990,1990s,Aug,8,English,Drama,2,Spike Lee,Denzel Washington,10000000,16153593,6153593,1.615,Yes,129,6.3,47,No,3.08,$10M-40M,110-129 min,Under 50,No
15389,Metropolitan,Metropolitan (1990),1990-08-03,1990,1990s,Aug,8,English,Comedy,2,Whit Stillman,Edward Clements,225000,,,,No,98,7.0,38,No,1.01,Under $10M,90-109 min,Under 50,No
6488,Arachnophobia,Arachnophobia (1990),1990-08-09,1990,1990s,Aug,8,English,Comedy,2,Frank Marshall,Jeff Daniels,31000000,53208180,22208180,1.716,Yes,103,6.2,433,Yes,15.9,$10M-40M,90-109 min,50-499,No
1551,Flatliners,Flatliners (1990),1990-08-09,1990,1990s,Aug,8,English,Drama,4,Joel Schumacher,Kiefer Sutherland,26000000,61489265,35489265,2.365,Yes,115,6.3,404,Yes,24.11,$10M-40M,110-129 min,50-499,No
769,GoodFellas,GoodFellas (1990),1990-09-12,1990,1990s,Sep,9,English,Drama,2,Martin Scorsese,Robert De Niro,25000000,46836394,21836394,1.873,Yes,145,8.2,3128,Yes,63.65,$10M-40M,130-149 min,"2,000-4,999",No
71805,Shipwrecked,Shipwrecked (1990),1990-10-03,1990,1990s,Oct,10,English,Adventure,2,Nils Gaup,Stian Smestad,,,,,No,92,6.1,14,No,0.7,Unknown,90-109 min,Under 50,No
9588,Quigley Down Under,Quigley Down Under (1990),1990-10-17,1990,1990s,Oct,10,English,Romance,5,Simon Wincer,Tom Selleck,,,,,No,119,6.5,119,Yes,11.36,Unknown,110-129 min,50-499,No
581,Dances with Wolves,Dances with Wolves (1990),1990-11-09,1990,1990s,Nov,11,English,Adventure,3,Kevin Costner,Kevin Costner,22000000,424208848,402208848,19.282,Yes,181,7.6,1046,Yes,45.71,$10M-40M,150+ min,"500-1,999",No
771,Home Alone,Home Alone (1990),1990-11-09,1990,1990s,Nov,11,English,Comedy,2,Chris Columbus,Macaulay Culkin,18000000,476684675,458684675,26.482,Yes,103,7.1,2414,Yes,2.19,$10M-40M,90-109 min,"2,000-4,999",No
11186,Child's Play 2,Child's Play 2 (1990),1990-11-09,1990,1990s,Nov,11,English,Drama,2,John Lafia,Alex Vincent,13000000,35763605,22763605,2.751,Yes,84,5.8,308,Yes,16.68,$10M-40M,Under 90 min,50-499,No
169,Predator 2,Predator 2 (1990),1990-11-20,1990,1990s,Nov,11,English,Science Fiction,3,Stephen Hopkins,Kevin Peter Hall,35000000,57120318,22120318,1.632,Yes,108,5.9,730,Yes,27.93,$10M-40M,90-109 min,"500-1,999",No
162,Edward Scissorhands,Edward Scissorhands (1990),1990-12-05,1990,1990s,Dec,12,English,Fantasy,3,Tim Burton,Johnny Depp,20000000,53000000,33000000,2.65,Yes,105,7.5,3601,Yes,47.51,$10M-40M,90-109 min,"2,000-4,999",No
951,Kindergarten Cop,Kindergarten Cop (1990),1990-12-21,1990,1990s,Dec,12,English,Comedy,1,Ivan Reitman,Arnold Schwarzenegger,15000000,201957688,186957688,13.464,Yes,111,5.8,628,Yes,5.41,$10M-40M,110-129 min,"500-1,999",No
242,The Godfather: Part III,The Godfather: Part III (1990),1990-12-24,1990,1990s,Dec,12,English,Crime,3,Francis Ford Coppola,Al Pacino,54000000,136766062,82766062,2.533,Yes,162,7.1,1546,Yes,59.19,$40M-100M,150+ min,"500-1,999",No
18886,Flight of the Intruder,Flight of the Intruder (1991),1991-01-18,1991,1990s,Jan,1,English,Action,4,John Milius,Danny Glover,35000000,,,,No,115,5.7,31,No,6.82,$10M-40M,110-129 min,Under 50,No
12227,White Fang,White Fang (1991),1991-01-18,1991,1990s,Jan,1,English,Action,4,Randal Kleiser,Klaus Maria Brandauer,14000000,34793160,20793160,2.485,Yes,107,6.5,135,Yes,13.14,$10M-40M,90-109 min,50-499,No
274,The Silence of the Lambs,The Silence of the Lambs (1991),1991-02-01,1991,1990s,Feb,2,English,Crime,3,Jonathan Demme,Jodie Foster,19000000,272742922,253742922,14.355,Yes,119,8.1,4443,Yes,18.17,$10M-40M,110-129 min,"2,000-4,999",No
10537,The Doors,The Doors (1991),1991-03-01,1991,1990s,Mar,3,English,Drama,2,Oliver Stone,Val Kilmer,38000000,34416893,-3583107,0.906,Yes,140,6.7,275,Yes,10.79,$10M-40M,130-149 min,50-499,No
1497,Teenage Mutant Ninja Turtles II: The Secret of the Ooze,Teenage Mutant Ninja Turtles II: The Secret of the Ooze (1991),1991-03-22,1991,1990s,Mar,3,English,Science Fiction,5,Michael Pressman,Paige Turco,25000000,78000000,53000000,3.12,Yes,88,5.8,286,Yes,15.51,$10M-40M,Under 90 min,50-499,No
21338,Stone Cold,Stone Cold (1991),1991-05-17,1991,1990s,May,5,English,Action,3,Craig R. Baxley,Brian Bosworth,,,,,No,92,5.7,34,No,3.62,Unknown,90-109 min,Under 50,No
9292,Hudson Hawk,Hudson Hawk (1991),1991-05-23,1991,1990s,May,5,English,Action,3,Michael Lehmann,Bruce Willis,65000000,17218080,-47781920,0.265,Yes,100,5.4,269,Yes,16.8,$40M-100M,90-109 min,50-499,No
27549,Beastmaster 2: Through the Portal of Time,Beastmaster 2: Through the Portal of Time (1991),1991-06-08,1991,1990s,Jun,6,English,Action,4,Sylvio Tabet,Marc Singer,6000000,869325,-5130675,0.145,Yes,107,4.6,17,No,1.48,Under $10M,90-109 min,Under 50,No
94072,Straight Out of Brooklyn,Straight Out of Brooklyn (1991),1991-06-13,1991,1990s,Jun,6,English,Drama,1,Matty Rich,Unknown,,,,,No,,4.3,4,No,0.16,Unknown,Unknown,Under 50,No
8367,Robin Hood: Prince of Thieves,Robin Hood: Prince of Thieves (1991),1991-06-14,1991,1990s,Jun,6,English,Adventure,1,Kevin Reynolds,Kevin Costner,48000000,390493908,342493908,8.135,Yes,143,6.6,909,Yes,28.8,$40M-100M,130-149 min,"500-1,999",No
37137,The Naked Gun 2½: The Smell of Fear,The Naked Gun 2½: The Smell of Fear (1991),1991-06-28,1991,1990s,Jun,6,English,Comedy,2,David Zucker,Leslie Nielsen,23000000,86930411,63930411,3.78,Yes,85,6.6,546,Yes,27.33,$10M-40M,Under 90 min,"500-1,999",No
280,Terminator 2: Judgment Day,Terminator 2: Judgment Day (1991),1991-07-01,1991,1990s,Jul,7,English,Action,3,James Cameron,Arnold Schwarzenegger,100000000,520000000,420000000,5.2,Yes,137,7.7,4185,Yes,101.74,$100M+,130-149 min,"2,000-4,999",No
650,Boyz n the Hood,Boyz n the Hood (1991),1991-07-12,1991,1990s,Jul,7,English,Crime,2,John Singleton,Laurence Fishburne,6500000,57504069,51004069,8.847,Yes,112,7.4,364,Yes,17.71,Under $10M,110-129 min,50-499,No
1649,Bill & Ted's Bogus Journey,Bill & Ted's Bogus Journey (1991),1991-07-19,1991,1990s,Jul,7,English,Adventure,5,Peter Hewitt,Keanu Reeves,,,,,No,98,5.9,308,Yes,11.35,Unknown,90-109 min,50-499,No
13888,Return to the Blue Lagoon,Return to the Blue Lagoon (1991),1991-08-02,1991,1990s,Aug,8,English,Drama,3,William A. Graham,Milla Jovovich,11000000,2807854,-8192146,0.255,Yes,98,5.1,153,Yes,9.71,$10M-40M,90-109 min,50-499,No
9594,Double Impact,Double Impact (1991),1991-08-10,1991,1990s,Aug,8,English,Thriller,4,Sheldon Lettich,Jean-Claude Van Damme,15000000,30102717,15102717,2.007,Yes,110,5.3,215,Yes,10.48,$10M-40M,110-129 min,50-499,No
45145,Johnny Suede,Johnny Suede (1991),1991-08-18,1991,1990s,Aug,8,English,Comedy,2,Tom DiCillo,Brad Pitt,500000,,,,No,97,4.7,13,No,1.35,Under $10M,90-109 min,Under 50,No
2453,Harley Davidson and the Marlboro Man,Harley Davidson and the Marlboro Man (1991),1991-08-23,1991,1990s,Aug,8,English,Action,2,Simon Wincer,Mickey Rourke,23000000,7434726,-15565274,0.323,Yes,98,6.1,82,Yes,12.87,$10M-40M,90-109 min,50-499,No
13154,Showdown in Little Tokyo,Showdown in Little Tokyo (1991),1991-08-23,1991,1990s,Aug,8,English,Action,2,Mark L. Lester,Dolph Lundgren,8000000,2275557,-5724443,0.284,Yes,79,5.7,95,Yes,8.4,Under $10M,Under 90 min,50-499,No
11284,Freddy's Dead: The Final Nightmare,Freddy's Dead: The Final Nightmare (1991),1991-09-05,1991,1990s,Sep,9,English,Horror,3,Rachel Talalay,Robert Englund,11000000,34872033,23872033,3.17,Yes,89,5.1,272,Yes,16.86,$10M-40M,Under 90 min,50-499,No
177,The Fisher King,The Fisher King (1991),1991-09-09,1991,1990s,Sep,9,English,Comedy,2,Terry Gilliam,Jeff Bridges,24000000,41895491,17895491,1.746,Yes,137,7.2,341,Yes,16.15,$10M-40M,130-149 min,50-499,No
468,My Own Private Idaho,My Own Private Idaho (1991),1991-10-17,1991,1990s,Oct,10,English,Drama,2,Gus Van Sant,River Phoenix,2500000,,,,No,104,7.1,212,Yes,10.36,Under $10M,90-109 min,50-499,No
16096,House Party 2,House Party 2 (1991),1991-10-23,1991,1990s,Oct,10,English,Comedy,1,Doug McHenry,Martin Lawrence,,,,,No,94,4.7,21,No,3.67,Unknown,90-109 min,Under 50,No
1598,Cape Fear,Cape Fear (1991),1991-11-15,1991,1990s,Nov,11,English,Crime,2,Martin Scorsese,Robert De Niro,35000000,182300000,147300000,5.209,Yes,128,7.0,675,Yes,27.71,$10M-40M,110-129 min,"500-1,999",No
2907,The Addams Family,The Addams Family (1991),1991-11-22,1991,1990s,Nov,11,English,Horror,3,Barry Sonnenfeld,Raúl Juliá,30000000,191502426,161502426,6.383,Yes,99,6.7,848,Yes,37.18,$10M-40M,90-109 min,"500-1,999",No
4032,My Girl,My Girl (1991),1991-11-27,1991,1990s,Nov,11,English,Comedy,3,Howard Zieff,Anna Chlumsky,16500000,,,,No,102,7.0,428,Yes,20.94,$10M-40M,90-109 min,50-499,No
174,Star Trek VI: The Undiscovered Country,Star Trek VI: The Undiscovered Country (1991),1991-12-05,1991,1990s,Dec,12,English,Science Fiction,4,Nicholas Meyer,William Shatner,27000000,96900000,69900000,3.589,Yes,113,6.7,413,Yes,16.19,$10M-40M,110-129 min,50-499,No
879,Hook,Hook (1991),1991-12-11,1991,1990s,Dec,12,English,Adventure,4,Steven Spielberg,Robin Williams,70000000,300854823,230854823,4.298,Yes,144,6.6,1532,Yes,33.65,$40M-100M,130-149 min,"500-1,999",No
820,JFK,JFK (1991),1991-12-20,1991,1990s,Dec,12,English,Drama,3,Oliver Stone,Kevin Costner,40000000,205405498,165405498,5.135,Yes,189,7.5,502,Yes,26.82,$40M-100M,150+ min,"500-1,999",No
10333,The Prince of Tides,The Prince of Tides (1991),1991-12-25,1991,1990s,Dec,12,English,Drama,2,Barbra Streisand,Nick Nolte,30000000,74787599,44787599,2.493,Yes,132,5.9,56,Yes,3.85,$10M-40M,130-149 min,50-499,No
9096,Medicine Man,Medicine Man (1992),1992-02-07,1992,1990s,Feb,2,English,Adventure,1,John McTiernan,Sean Connery,40000000,,,,No,106,5.8,114,Yes,7.02,$40M-100M,90-109 min,50-499,No
8872,Wayne's World,Wayne's World (1992),1992-02-14,1992,1990s,Feb,2,English,Music,2,Penelope Spheeris,Mike Myers,20000000,121697323,101697323,6.085,Yes,94,6.5,728,Yes,21.82,$10M-40M,90-109 min,"500-1,999",No
20763,Radio Flyer,Radio Flyer (1992),1992-02-21,1992,1990s,Feb,2,English,Drama,1,Richard Donner,Elijah Wood,35000000,4651977,-30348023,0.133,Yes,114,6.6,53,Yes,3.5,$10M-40M,110-129 min,50-499,No
2687,Memoirs of an Invisible Man,Memoirs of an Invisible Man (1992),1992-02-28,1992,1990s,Feb,2,English,Comedy,3,John Carpenter,Chevy Chase,40000000,14358033,-25641967,0.359,Yes,99,5.7,125,Yes,7.22,$40M-100M,90-109 min,50-499,No
10163,The Lawnmower Man,The Lawnmower Man (1992),1992-03-05,1992,1990s,Mar,3,English,Horror,3,Brett Leonard,Jeff Fahey,10000000,32101000,22101000,3.21,Yes,108,5.4,197,Yes,10.13,$10M-40M,90-109 min,50-499,No
10377,My Cousin Vinny,My Cousin Vinny (1992),1992-03-13,1992,1990s,Mar,3,English,Comedy,2,Jonathan Lynn,Joe Pesci,11000000,64088552,53088552,5.826,Yes,120,7.3,384,Yes,19.23,$10M-40M,110-129 min,50-499,No
8293,Howards End,Howards End (1992),1992-03-13,1992,1990s,Mar,3,English,Drama,2,James Ivory,Vanessa Redgrave,,25966555,,,No,140,6.9,95,Yes,5.9,Unknown,130-149 min,50-499,No
13006,Split Second,Split Second (1992),1992-05-01,1992,1990s,May,5,English,Thriller,5,Tony Maylam,Rutger Hauer,,,,,No,90,5.7,63,Yes,4.86,Unknown,90-109 min,50-499,No
943,Lethal Weapon 3,Lethal Weapon 3 (1992),1992-05-15,1992,1990s,May,5,English,Adventure,5,Richard Donner,Mel Gibson,35000000,321731527,286731527,9.192,Yes,118,6.4,811,Yes,36.17,$10M-40M,110-129 min,"500-1,999",No
8077,Alien³,Alien³ (1992),1992-05-22,1992,1990s,May,5,English,Science Fiction,3,David Fincher,Sigourney Weaver,50000000,159773545,109773545,3.195,Yes,114,6.2,1633,Yes,45.86,$40M-100M,110-129 min,"500-1,999",No
9869,Patriot Games,Patriot Games (1992),1992-06-04,1992,1990s,Jun,6,English,Drama,4,Phillip Noyce,Harrison Ford,45000000,178051587,133051587,3.957,Yes,117,6.3,433,Yes,19.64,$40M-100M,110-129 min,50-499,No
364,Batman Returns,Batman Returns (1992),1992-06-19,1992,1990s,Jun,6,English,Action,2,Tim Burton,Michael Keaton,80000000,280000000,200000000,3.5,Yes,126,6.6,1673,Yes,59.11,$40M-100M,110-129 min,"500-1,999",No
11066,Boomerang,Boomerang (1992),1992-06-30,1992,1990s,Jun,6,English,Comedy,2,Reginald Hudlin,Eddie Murphy,40000000,70100000,30100000,1.752,Yes,117,5.4,134,Yes,6.42,$40M-100M,110-129 min,50-499,No
11287,A League of Their Own,A League of Their Own (1992),1992-07-01,1992,1990s,Jul,7,English,Comedy,1,Penny Marshall,Tom Hanks,40000000,107458785,67458785,2.686,Yes,128,6.7,354,Yes,21.66,$40M-100M,110-129 min,50-499,No
9374,Death Becomes Her,Death Becomes Her (1992),1992-07-30,1992,1990s,Jul,7,English,Fantasy,2,Robert Zemeckis,Meryl Streep,55000000,149022650,94022650,2.71,Yes,104,6.3,636,Yes,29.5,$40M-100M,90-109 min,"500-1,999",No
33,Unforgiven,Unforgiven (1992),1992-08-07,1992,1990s,Aug,8,English,Western,1,Clint Eastwood,Clint Eastwood,14000000,159157447,145157447,11.368,Yes,131,7.7,1113,Yes,37.38,$10M-40M,130-149 min,"500-1,999",No
13937,Raising Cain,Raising Cain (1992),1992-08-07,1992,1990s,Aug,8,English,Drama,4,Brian De Palma,John Lithgow,12000000,37170057,25170057,3.098,Yes,91,5.9,65,Yes,7.56,$10M-40M,90-109 min,50-499,No
36351,Light Sleeper,Light Sleeper (1992),1992-08-21,1992,1990s,Aug,8,English,Drama,2,Paul Schrader,Willem Dafoe,5000000,,,,No,103,5.7,15,No,6.06,Under $10M,90-109 min,Under 50,No
11386,The Crying Game,The Crying Game (1992),1992-09-02,1992,1990s,Sep,9,English,Romance,4,Neil Jordan,Stephen Rea,3705538,62548947,58843409,16.88,Yes,112,6.9,176,Yes,8.84,Under $10M,110-129 min,50-499,No
500,Reservoir Dogs,Reservoir Dogs (1992),1992-09-02,1992,1990s,Sep,9,English,Crime,2,Quentin Tarantino,Harvey Keitel,1200000,14661007,13461007,12.218,Yes,99,8.0,3697,Yes,66.93,Under $10M,90-109 min,"2,000-4,999",No
9367,El Mariachi,El Mariachi (1992),1992-09-04,1992,1990s,Sep,9,Other languages,Action,3,Robert Rodriguez,Carlos Gallardo,220000,2040920,1820920,9.277,Yes,81,6.6,238,Yes,14.27,Under $10M,Under 90 min,50-499,No
9504,Glengarry Glen Ross,Glengarry Glen Ross (1992),1992-09-15,1992,1990s,Sep,9,English,Crime,3,James Foley,Al Pacino,12500000,10725228,-1774772,0.858,Yes,100,7.5,323,Yes,13.94,$10M-40M,90-109 min,50-499,No
9361,The Last of the Mohicans,The Last of the Mohicans (1992),1992-09-25,1992,1990s,Sep,9,English,Action,6,Michael Mann,Daniel Day-Lewis,40000000,75505856,35505856,1.888,Yes,112,7.1,732,Yes,37.78,$40M-100M,110-129 min,"500-1,999",No
12088,Fortress,Fortress (1992),1992-09-30,1992,1990s,Sep,9,English,Action,3,Stuart Gordon,Christopher Lambert,8000000,6739141,-1260859,0.842,Yes,95,5.7,168,Yes,8.71,Under $10M,90-109 min,50-499,No
10414,The Mighty Ducks,The Mighty Ducks (1992),1992-10-01,1992,1990s,Oct,10,English,Comedy,2,Stephen Herek,Emilio Estevez,10000000,50752337,40752337,5.075,Yes,101,6.4,198,Yes,8.93,$10M-40M,90-109 min,50-499,No
766,Army of Darkness,Army of Darkness (1992),1992-10-09,1992,1990s,Oct,10,English,Fantasy,3,Sam Raimi,Bruce Campbell,11000000,,,,No,81,7.3,838,Yes,33.76,$10M-40M,Under 90 min,"500-1,999",No
6114,Dracula,Dracula (1992),1992-11-13,1992,1990s,Nov,11,English,Romance,2,Francis Ford Coppola,Gary Oldman,40000000,215862692,175862692,5.397,Yes,128,7.1,1056,Yes,45.02,$40M-100M,110-129 min,"500-1,999",No
1883,Malcolm X,Malcolm X (1992),1992-11-18,1992,1990s,Nov,11,English,Drama,2,Spike Lee,Denzel Washington,34000000,48169908,14169908,1.417,Yes,202,7.2,370,Yes,19.82,$10M-40M,150+ min,50-499,No
772,Home Alone 2: Lost in New York,Home Alone 2: Lost in New York (1992),1992-11-19,1992,1990s,Nov,11,English,Comedy,4,Chris Columbus,Macaulay Culkin,18000000,358991681,340991681,19.944,Yes,120,6.3,2395,Yes,81.49,$10M-40M,110-129 min,"2,000-4,999",No
812,Aladdin,Aladdin (1992),1992-11-25,1992,1990s,Nov,11,English,Animation,6,Ron Clements,Scott Weinger,28000000,504050219,476050219,18.002,Yes,90,7.4,3416,Yes,92.98,$10M-40M,90-109 min,"2,000-4,999",No
619,The Bodyguard,The Bodyguard (1992),1992-11-25,1992,1990s,Nov,11,English,Thriller,5,Mick Jackson,Whitney Houston,25000000,411006740,386006740,16.44,Yes,129,6.1,661,Yes,26.58,$10M-40M,110-129 min,"500-1,999",No
10437,The Muppet Christmas Carol,The Muppet Christmas Carol (1992),1992-12-10,1992,1990s,Dec,12,English,Comedy,4,Brian Henson,Michael Caine,,27281507,,,No,85,7.2,212,Yes,15.09,Unknown,Under 90 min,50-499,No
881,A Few Good Men,A Few Good Men (1992),1992-12-11,1992,1990s,Dec,12,English,Drama,1,Rob Reiner,Tom Cruise,40000000,243240178,203240178,6.081,Yes,138,7.1,877,Yes,40.38,$40M-100M,130-149 min,"500-1,999",No
10410,Hoffa,Hoffa (1992),1992-12-25,1992,1990s,Dec,12,English,Crime,2,Danny DeVito,Jack Nicholson,35000000,,,,No,140,6.1,81,Yes,5.93,$10M-40M,130-149 min,50-499,No
7305,Alive,Alive (1993),1993-01-15,1993,1990s,Jan,1,English,Action,4,Frank Marshall,Ethan Hawke,32000000,36733909,4733909,1.148,Yes,120,6.7,374,Yes,14.49,$10M-40M,110-129 min,50-499,No
10413,Nowhere to Run,Nowhere to Run (1993),1993-01-15,1993,1990s,Jan,1,English,Action,4,Robert Harmon,Jean-Claude Van Damme,,,,,No,94,5.5,119,Yes,11.69,Unknown,90-109 min,50-499,No
11687,The Visitors,The Visitors (1993),1993-01-27,1993,1990s,Jan,1,Other languages,Fantasy,3,Jean-Marie Poiré,Jean Reno,,,,,No,107,7.1,420,Yes,8.89,Unknown,90-109 min,50-499,No
9644,National Lampoon's Loaded Weapon 1,National Lampoon's Loaded Weapon 1 (1993),1993-02-04,1993,1990s,Feb,2,English,Comedy,1,Gene Quintano,Emilio Estevez,,,,,No,84,5.7,157,Yes,12.96,Unknown,Under 90 min,50-499,No
9702,Bound by Honor,Bound by Honor (1993),1993-02-05,1993,1990s,Feb,2,English,Action,4,Taylor Hackford,Damian Chapa,35000000,,,,No,180,7.7,115,Yes,9.12,$10M-40M,150+ min,50-499,No
137,Groundhog Day,Groundhog Day (1993),1993-02-11,1993,1990s,Feb,2,English,Romance,4,Harold Ramis,Bill Murray,14600000,70906973,56306973,4.857,Yes,101,7.4,2301,Yes,52.74,$10M-40M,90-109 min,"2,000-4,999",No
1499,Teenage Mutant Ninja Turtles III,Teenage Mutant Ninja Turtles III (1993),1993-03-17,1993,1990s,Mar,3,English,Action,6,Stuart Gillard,Paige Turco,21000000,42000000,21000000,2.0,Yes,96,5.1,184,Yes,10.21,$10M-40M,90-109 min,50-499,No
34723,The Adventures of Huck Finn,The Adventures of Huck Finn (1993),1993-04-02,1993,1990s,Apr,4,English,Action,4,Stephen Sommers,Elijah Wood,6500000,,,,No,108,6.2,42,No,2.16,Under $10M,90-109 min,Under 50,No
5550,RoboCop 3,RoboCop 3 (1993),1993-04-17,1993,1990s,Apr,4,English,Action,5,Fred Dekker,Robert John Burke,22000000,10696210,-11303790,0.486,Yes,104,4.2,305,Yes,14.73,$10M-40M,90-109 min,50-499,No
13889,Madadayo,Madadayo (1993),1993-04-17,1993,1990s,Apr,4,Other languages,Drama,1,Akira Kurosawa,Tatsuo Matsumura,,,,,No,134,7.5,20,No,2.93,Unknown,130-149 min,Under 50,No
24126,Warlock: The Armageddon,Warlock: The Armageddon (1993),1993-05-01,1993,1990s,May,5,English,Fantasy,3,Anthony Hickox,Julian Sands,,,,,No,98,5.2,38,No,3.11,Unknown,90-109 min,Under 50,No
11971,Much Ado About Nothing,Much Ado About Nothing (1993),1993-05-07,1993,1990s,May,5,English,Drama,3,Kenneth Branagh,Kenneth Branagh,8000000,,,,No,111,7.2,189,Yes,10.19,Under $10M,110-129 min,50-499,No
24227,Excessive Force,Excessive Force (1993),1993-05-14,1993,1990s,May,5,English,Action,1,Jon Hess,Thomas Ian Griffith,3000000,1200000,-1800000,0.4,Yes,87,4.5,10,No,1.28,Under $10M,Under 90 min,Under 50,No
713,The Piano,The Piano (1993),1993-05-19,1993,1990s,May,5,English,Drama,2,Jane Campion,Holly Hunter,7000000,116700000,109700000,16.671,Yes,121,7.1,281,Yes,17.68,Under $10M,110-129 min,50-499,No
9516,Menace II Society,Menace II Society (1993),1993-05-26,1993,1990s,May,5,English,Drama,3,Albert Hughes,Tyrin Turner,3500000,27900000,24400000,7.971,Yes,97,7.2,173,Yes,3.42,Under $10M,90-109 min,50-499,No
9350,Cliffhanger,Cliffhanger (1993),1993-05-28,1993,1990s,May,5,English,Action,3,Renny Harlin,Sylvester Stallone,70000000,255000211,185000211,3.643,Yes,112,6.1,588,Yes,26.2,$40M-100M,110-129 min,"500-1,999",No
9607,Super Mario Bros.,Super Mario Bros. (1993),1993-05-28,1993,1990s,May,5,English,Adventure,4,Annabel Jankel,Bob Hoskins,48000000,20915465,-27084535,0.436,Yes,104,4.0,232,Yes,14.59,$40M-100M,90-109 min,50-499,No
44562,Ed and His Dead Mother,Ed and His Dead Mother (1993),1993-06-04,1993,1990s,Jun,6,English,Comedy,1,Jonathan Wacks,Eric Christmas,,,,,No,93,5.5,12,No,0.02,Unknown,90-109 min,Under 50,No
15765,What's Love Got to Do with It,What's Love Got to Do with It (1993),1993-06-09,1993,1990s,Jun,6,English,Drama,2,Brian Gibson,Angela Bassett,,,,,No,118,6.9,72,Yes,7.92,Unknown,110-129 min,50-499,No
329,Jurassic Park,Jurassic Park (1993),1993-06-11,1993,1990s,Jun,6,English,Adventure,2,Steven Spielberg,Sam Neill,63000000,920100000,857100000,14.605,Yes,127,7.6,4856,Yes,40.41,$40M-100M,110-129 min,"2,000-4,999",No
9593,Last Action Hero,Last Action Hero (1993),1993-06-18,1993,1990s,Jun,6,English,Adventure,5,John McTiernan,Arnold Schwarzenegger,85000000,137298489,52298489,1.615,Yes,130,6.1,712,Yes,32.04,$40M-100M,130-149 min,"500-1,999",No
37233,The Firm,The Firm (1993),1993-06-30,1993,1990s,Jun,6,English,Drama,3,Sydney Pollack,Tom Cruise,42000000,270248367,228248367,6.434,Yes,154,6.6,501,Yes,23.74,$40M-100M,150+ min,"500-1,999",No
10439,Hocus Pocus,Hocus Pocus (1993),1993-07-16,1993,1990s,Jul,7,English,Comedy,3,Kenny Ortega,Bette Midler,28000000,39514713,11514713,1.411,Yes,96,6.4,471,Yes,18.65,$10M-40M,90-109 min,50-499,No
8291,Poetic Justice,Poetic Justice (1993),1993-07-23,1993,1990s,Jul,7,English,Drama,2,John Singleton,Janet Jackson,14000000,27515786,13515786,1.965,Yes,109,6.9,47,No,3.65,$10M-40M,90-109 min,Under 50,No
5503,The Fugitive,The Fugitive (1993),1993-08-06,1993,1990s,Aug,8,English,Adventure,5,Andrew Davis,Harrison Ford,44000000,368875760,324875760,8.384,Yes,130,7.2,1220,Yes,54.88,$40M-100M,130-149 min,"500-1,999",No
10285,Jason Goes to Hell: The Final Friday,Jason Goes to Hell: The Final Friday (1993),1993-08-13,1993,1990s,Aug,8,English,Fantasy,3,Adam Marcus,Kane Hodder,3000000,15938065,12938065,5.313,Yes,87,4.2,193,Yes,10.34,Under $10M,Under 90 min,50-499,No
15797,Only the Strong,Only the Strong (1993),1993-08-27,1993,1990s,Aug,8,English,Action,1,Sheldon Lettich,Mark Dacascos,6000000,3283371,-2716629,0.547,Yes,99,6.9,29,No,5.41,Under $10M,90-109 min,Under 50,No
319,True Romance,True Romance (1993),1993-09-09,1993,1990s,Sep,9,English,Action,4,Tony Scott,Christian Slater,12500000,12281551,-218449,0.983,Yes,120,7.5,749,Yes,35.27,$10M-40M,110-129 min,"500-1,999",No
2088,Romeo Is Bleeding,Romeo Is Bleeding (1993),1993-09-13,1993,1990s,Sep,9,English,Action,4,Peter Medak,Gary Oldman,11500000,3275585,-8224415,0.285,Yes,100,5.7,36,No,4.85,$10M-40M,90-109 min,Under 50,No
10436,The Age of Innocence,The Age of Innocence (1993),1993-09-17,1993,1990s,Sep,9,English,Drama,2,Martin Scorsese,Daniel Day-Lewis,34000000,32255440,-1744560,0.949,Yes,139,7.0,169,Yes,9.13,$10M-40M,130-149 min,50-499,No
13064,Airborne,Airborne (1993),1993-09-17,1993,1990s,Sep,9,English,Action,3,Rob Bowman,Shane McDermott,2600000,2850263,250263,1.096,Yes,91,6.1,20,No,8.0,Under $10M,90-109 min,Under 50,No
26672,The Thief and the Cobbler,The Thief and the Cobbler (1993),1993-09-23,1993,1990s,Sep,9,English,Adventure,5,Richard Williams,Vincent Price,28000000,669276,-27330724,0.024,Yes,72,6.8,26,No,2.44,$10M-40M,Under 90 min,Under 50,No
9571,Dazed and Confused,Dazed and Confused (1993),1993-09-24,1993,1990s,Sep,9,English,Comedy,2,Richard Linklater,Jason London,6900000,7993039,1093039,1.158,Yes,102,7.4,583,Yes,26.18,Under $10M,90-109 min,"500-1,999",No
864,Cool Runnings,Cool Runnings (1993),1993-09-30,1993,1990s,Sep,9,English,Comedy,1,Jon Turteltaub,Leon Robinson,14000000,154864401,140864401,11.062,Yes,98,6.8,491,Yes,22.41,$10M-40M,90-109 min,50-499,No
28260,Return of the Living Dead 3,Return of the Living Dead 3 (1993),1993-10-01,1993,1990s,Oct,10,English,Comedy,4,Brian Yuzna,Melinda Clarke,2000000,54207,-1945793,0.027,Yes,97,5.9,88,Yes,7.5,Under $10M,90-109 min,50-499,No
507,Killing Zoe,Killing Zoe (1993),1993-10-01,1993,1990s,Oct,10,English,Action,4,Roger Avary,Eric Stoltz,1500000,418961,-1081039,0.279,Yes,96,6.1,111,Yes,5.82,Under $10M,90-109 min,50-499,No
10655,Gettysburg,Gettysburg (1993),1993-10-08,1993,1990s,Oct,10,English,War,3,Ronald F. Maxwell,Jeff Daniels,,25000000,,,No,254,6.6,90,Yes,5.53,Unknown,150+ min,50-499,No
47889,Ruby in Paradise,Ruby in Paradise (1993),1993-10-08,1993,1990s,Oct,10,English,Drama,2,Victor Nunez,Ashley Judd,800000,1001437,201437,1.252,Yes,114,5.6,10,No,0.59,Under $10M,110-129 min,Under 50,No
1245,The Remains of the Day,The Remains of the Day (1993),1993-11-05,1993,1990s,Nov,11,English,Drama,2,James Ivory,Anthony Hopkins,11500000,23237911,11737911,2.021,Yes,134,7.5,202,Yes,15.36,$10M-40M,130-149 min,50-499,No
788,Mrs. Doubtfire,Mrs. Doubtfire (1993),1993-11-24,1993,1990s,Nov,11,English,Comedy,3,Chris Columbus,Robin Williams,25000000,441286195,416286195,17.651,Yes,125,7.0,1591,Yes,30.88,$10M-40M,110-129 min,"500-1,999",No
73191,The Nutcracker,The Nutcracker (1993),1993-11-24,1993,1990s,Nov,11,English,Family,3,Emile Ardolino,Darci Kistler,19000000,2119994,-16880006,0.112,Yes,93,5.6,5,No,0.07,$10M-40M,90-109 min,Under 50,No
424,Schindler's List,Schindler's List (1993),1993-11-29,1993,1990s,Nov,11,English,Drama,3,Steven Spielberg,Liam Neeson,22000000,321365567,299365567,14.608,Yes,195,8.3,4329,Yes,104.47,$10M-40M,150+ min,"2,000-4,999",No
9944,The Pelican Brief,The Pelican Brief (1993),1993-12-16,1993,1990s,Dec,12,English,Drama,4,Alan J. Pakula,Julia Roberts,45000000,195268056,150268056,4.339,Yes,141,6.3,371,Yes,17.92,$40M-100M,130-149 min,50-499,No
1587,What's Eating Gilbert Grape,What's Eating Gilbert Grape (1993),1993-12-17,1993,1990s,Dec,12,English,Romance,2,Lasse Hallström,Johnny Depp,11000000,30000000,19000000,2.727,Yes,118,7.5,919,Yes,33.28,$10M-40M,110-129 min,"500-1,999",No
9800,Philadelphia,Philadelphia (1993),1993-12-22,1993,1990s,Dec,12,English,Drama,1,Jonathan Demme,Tom Hanks,26000000,206678440,180678440,7.949,Yes,125,7.6,988,Yes,44.3,$10M-40M,110-129 min,"500-1,999",No
11969,Tombstone,Tombstone (1993),1993-12-25,1993,1990s,Dec,12,English,Action,5,George P. Cosmatos,Kurt Russell,25000000,56505065,31505065,2.26,Yes,130,7.4,626,Yes,30.54,$10M-40M,130-149 min,"500-1,999",No
10445,Shadowlands,Shadowlands (1993),1993-12-25,1993,1990s,Dec,12,English,Drama,2,Richard Attenborough,Anthony Hopkins,22000000,,,,No,131,6.8,61,Yes,5.61,$10M-40M,130-149 min,50-499,No
12207,The Legend of Drunken Master,The Legend of Drunken Master (1994),1994-02-03,1994,1990s,Feb,2,Other languages,Action,2,Liu Chia-Liang,Jackie Chan,,,,,No,102,7.2,242,Yes,15.05,Unknown,90-109 min,50-499,No
3049,Ace Ventura: Pet Detective,Ace Ventura: Pet Detective (1994),1994-02-04,1994,1990s,Feb,2,English,Comedy,2,Tom Shadyac,Jim Carrey,15000000,107217396,92217396,7.148,Yes,86,6.4,1648,Yes,41.25,$10M-40M,Under 90 min,"500-1,999",No
9624,On Deadly Ground,On Deadly Ground (1994),1994-02-18,1994,1990s,Feb,2,English,Action,2,Steven Seagal,Steven Seagal,50000000,49000000,-1000000,0.98,Yes,102,4.5,104,Yes,9.11,$40M-100M,90-109 min,50-499,No
39349,Sugar Hill,Sugar Hill (1994),1994-02-25,1994,1990s,Feb,2,English,Drama,3,Leon Ichaso,Wesley Snipes,,,,,No,123,5.2,13,No,2.58,Unknown,110-129 min,Under 50,No
712,Four Weddings and a Funeral,Four Weddings and a Funeral (1994),1994-03-09,1994,1990s,Mar,3,English,Comedy,3,Mike Newell,Hugh Grant,6000000,254700832,248700832,42.45,Yes,117,6.6,632,Yes,29.83,Under $10M,110-129 min,"500-1,999",No
11934,The Hudsucker Proxy,The Hudsucker Proxy (1994),1994-03-11,1994,1990s,Mar,3,English,Comedy,2,Joel Coen,Tim Robbins,30000000,,,,No,111,7.1,275,Yes,14.19,$10M-40M,110-129 min,50-499,No
36593,The Naked Gun 33⅓: The Final Insult,The Naked Gun 33⅓: The Final Insult (1994),1994-03-18,1994,1990s,Mar,3,English,Comedy,2,Peter Segal,Leslie Nielsen,30000000,51132598,21132598,1.704,Yes,83,6.3,521,Yes,28.62,$10M-40M,Under 90 min,"500-1,999",No
11592,Serial Mom,Serial Mom (1994),1994-04-13,1994,1990s,Apr,4,English,Comedy,4,John Waters,Kathleen Turner,13000000,7820688,-5179312,0.602,Yes,95,6.4,135,Yes,6.17,$10M-40M,90-109 min,50-499,No
59930,The Inkwell,The Inkwell (1994),1994-04-22,1994,1990s,Apr,4,English,Comedy,3,Matty Rich,Larenz Tate,,8880705,,,No,110,3.9,5,No,0.27,Unknown,110-129 min,Under 50,No
14425,PCU,PCU (1994),1994-04-29,1994,1990s,Apr,4,English,Comedy,1,Hart Bochner,Jeremy Piven,9000000,4350774,-4649226,0.483,Yes,79,6.0,41,No,8.74,Under $10M,Under 90 min,Under 50,No
18885,3 Ninjas Kick Back,3 Ninjas Kick Back (1994),1994-05-06,1994,1990s,May,5,English,Adventure,4,Charles T. Kanganis,Victor Wong,,,,,No,93,4.5,48,No,2.65,Unknown,90-109 min,Under 50,No
9495,The Crow,The Crow (1994),1994-05-11,1994,1990s,May,5,English,Fantasy,3,Alex Proyas,Brandon Lee,15000000,94000000,79000000,6.267,Yes,102,7.3,953,Yes,44.69,$10M-40M,90-109 min,"500-1,999",No
34152,Crooklyn,Crooklyn (1994),1994-05-13,1994,1990s,May,5,English,Comedy,2,Spike Lee,Alfre Woodard,,,,,No,115,6.7,31,No,1.89,Unknown,110-129 min,Under 50,No
306,Beverly Hills Cop III,Beverly Hills Cop III (1994),1994-05-24,1994,1990s,May,5,English,Action,3,John Landis,Eddie Murphy,50000000,119208989,69208989,2.384,Yes,104,5.5,434,Yes,20.33,$40M-100M,90-109 min,50-499,No
888,The Flintstones,The Flintstones (1994),1994-05-26,1994,1990s,May,5,English,Fantasy,3,Brian Levant,John Goodman,46000000,341631208,295631208,7.427,Yes,91,5.0,543,Yes,28.96,$40M-100M,90-109 min,"500-1,999",No
11858,Renaissance Man,Renaissance Man (1994),1994-06-03,1994,1990s,Jun,6,English,Comedy,2,Penny Marshall,Danny DeVito,40000000,24332324,-15667676,0.608,Yes,128,5.9,81,Yes,4.52,$40M-100M,110-129 min,50-499,No
1637,Speed,Speed (1994),1994-06-09,1994,1990s,Jun,6,English,Action,3,Jan de Bont,Keanu Reeves,30000000,350448145,320448145,11.682,Yes,116,6.8,1783,Yes,49.53,$10M-40M,110-129 min,"500-1,999",No
11546,Police Academy: Mission to Moscow,Police Academy: Mission to Moscow (1994),1994-06-09,1994,1990s,Jun,6,English,Comedy,2,Alan Metter,George Gaynes,,126247,,,No,83,4.1,178,Yes,11.95,Unknown,Under 90 min,50-499,No
10395,Wolf,Wolf (1994),1994-06-17,1994,1990s,Jun,6,English,Fantasy,1,Mike Nichols,Jack Nicholson,,,,,No,125,6.0,216,Yes,13.76,Unknown,110-129 min,50-499,No
8587,The Lion King,The Lion King (1994),1994-06-23,1994,1990s,Jun,6,English,Family,3,Roger Allers,Jonathan Taylor Thomas,45000000,788241776,743241776,17.516,Yes,89,8.0,5376,Yes,90.46,$40M-100M,Under 90 min,"5,000+",No
12160,Wyatt Earp,Wyatt Earp (1994),1994-06-24,1994,1990s,Jun,6,English,Drama,3,Lawrence Kasdan,Kevin Costner,63000000,25052000,-37948000,0.398,Yes,191,6.5,202,Yes,13.86,$40M-100M,150+ min,50-499,No
11212,Baby's Day Out,Baby's Day Out (1994),1994-07-01,1994,1990s,Jul,7,English,Action,4,Patrick Read Johnson,Joe Mantegna,50000000,16671505,-33328495,0.333,Yes,99,5.8,274,Yes,21.31,$40M-100M,90-109 min,50-499,No
8850,The Shadow,The Shadow (1994),1994-07-01,1994,1990s,Jul,7,English,Adventure,5,Russell Mulcahy,Alec Baldwin,25000000,48063435,23063435,1.923,Yes,108,5.4,138,Yes,8.18,$10M-40M,90-109 min,50-499,No
13,Forrest Gump,Forrest Gump (1994),1994-07-06,1994,1990s,Jul,7,English,Comedy,3,Robert Zemeckis,Tom Hanks,55000000,677945399,622945399,12.326,Yes,142,8.2,7927,Yes,138.13,$40M-100M,130-149 min,"5,000+",No
36955,True Lies,True Lies (1994),1994-07-14,1994,1990s,Jul,7,English,Action,2,James Cameron,Arnold Schwarzenegger,115000000,378882411,263882411,3.295,Yes,141,6.8,1116,Yes,38.73,$100M+,130-149 min,"500-1,999",No
10731,The Client,The Client (1994),1994-07-20,1994,1990s,Jul,7,English,Drama,4,Joel Schumacher,Susan Sarandon,45000000,117615211,72615211,2.614,Yes,119,6.4,278,Yes,17.75,$40M-100M,110-129 min,50-499,No
854,The Mask,The Mask (1994),1994-07-29,1994,1990s,Jul,7,English,Romance,4,Chuck Russell,Jim Carrey,23000000,351583407,328583407,15.286,Yes,101,6.6,2472,Yes,85.3,$10M-40M,90-109 min,"2,000-4,999",No
9331,Clear and Present Danger,Clear and Present Danger (1994),1994-08-03,1994,1990s,Aug,8,English,Action,3,Phillip Noyce,Harrison Ford,62000000,215887717,153887717,3.482,Yes,141,6.4,386,Yes,18.83,$40M-100M,130-149 min,50-499,No
88641,There Goes My Baby,There Goes My Baby (1994),1994-09-02,1994,1990s,Sep,9,English,Drama,2,Floyd Mutrux,Dermot Mulroney,10500000,123509,-10376491,0.012,Yes,99,8.5,2,No,0.04,$10M-40M,90-109 min,Under 50,No
1024,Heavenly Creatures,Heavenly Creatures (1994),1994-09-02,1994,1990s,Sep,9,English,Drama,2,Peter Jackson,Melanie Lynskey,5000000,3049135,-1950865,0.61,Yes,99,7.0,294,Yes,8.75,Under $10M,90-109 min,50-499,No
38940,Men of War,Men of War (1994),1994-09-04,1994,1990s,Sep,9,English,Action,2,Perry Lang,Dolph Lundgren,,,,,No,103,5.4,29,No,1.73,Unknown,90-109 min,Under 50,No
10448,Rapa Nui,Rapa Nui (1994),1994-09-09,1994,1990s,Sep,9,English,Adventure,1,Kevin Reynolds,Jason Scott Lee,20000000,305070,-19694930,0.015,Yes,107,6.2,33,No,3.58,$10M-40M,90-109 min,Under 50,No
14275,Hoop Dreams,Hoop Dreams (1994),1994-09-12,1994,1990s,Sep,9,English,Documentary,1,Steve James,William Gates,700000,7830611,7130611,11.187,Yes,171,7.7,87,Yes,9.19,Under $10M,150+ min,50-499,No
2292,Clerks,Clerks (1994),1994-09-13,1994,1990s,Sep,9,English,Comedy,1,Kevin Smith,Brian O'Halloran,27000,3151130,3124130,116.709,Yes,92,7.4,755,Yes,19.75,Under $10M,90-109 min,"500-1,999",No
8831,Timecop,Timecop (1994),1994-09-15,1994,1990s,Sep,9,English,Thriller,4,Peter Hyams,Jean-Claude Van Damme,27000000,101646581,74646581,3.765,Yes,99,5.5,282,Yes,13.31,$10M-40M,90-109 min,50-499,No
278,The Shawshank Redemption,The Shawshank Redemption (1994),1994-09-23,1994,1990s,Sep,9,English,Drama,2,Frank Darabont,Tim Robbins,25000000,28341469,3341469,1.134,Yes,142,8.5,8205,Yes,136.75,$10M-40M,130-149 min,"5,000+",No
20156,Exotica,Exotica (1994),1994-09-24,1994,1990s,Sep,9,English,Drama,2,Atom Egoyan,Bruce Greenwood,,,,,No,103,6.5,64,Yes,5.45,Unknown,90-109 min,50-499,No
522,Ed Wood,Ed Wood (1994),1994-09-27,1994,1990s,Sep,9,English,Comedy,3,Tim Burton,Johnny Depp,18000000,5887457,-12112543,0.327,Yes,127,7.3,630,Yes,24.55,$10M-40M,110-129 min,"500-1,999",No
8987,The River Wild,The River Wild (1994),1994-09-30,1994,1990s,Sep,9,English,Action,4,Curtis Hanson,Meryl Streep,45000000,,,,No,111,6.1,210,Yes,12.36,$40M-100M,110-129 min,50-499,No
1909,Don Juan DeMarco,Don Juan DeMarco (1994),1994-10-01,1994,1990s,Oct,10,English,Romance,3,Jeremy Leven,Johnny Depp,25000000,22200000,-2800000,0.888,Yes,97,6.2,183,Yes,8.87,$10M-40M,90-109 min,50-499,No
2636,The Specialist,The Specialist (1994),1994-10-07,1994,1990s,Oct,10,English,Action,2,Luis Llosa,Sylvester Stallone,45000000,170362582,125362582,3.786,Yes,110,5.5,313,Yes,16.58,$40M-100M,110-129 min,50-499,No
680,Pulp Fiction,Pulp Fiction (1994),1994-10-08,1994,1990s,Oct,10,English,Thriller,2,Quentin Tarantino,John Travolta,8000000,213928762,205928762,26.741,Yes,154,8.3,8428,Yes,121.46,Under $10M,150+ min,"5,000+",No
11596,New Nightmare,New Nightmare (1994),1994-10-13,1994,1990s,Oct,10,English,Horror,4,Wes Craven,Heather Langenkamp,14000000,18090181,4090181,1.292,Yes,112,6.4,291,Yes,14.73,$10M-40M,110-129 min,50-499,No
11382,Bullets Over Broadway,Bullets Over Broadway (1994),1994-10-14,1994,1990s,Oct,10,English,Action,3,Woody Allen,John Cusack,,,,,No,98,7.0,130,Yes,7.83,Unknown,90-109 min,50-499,No
11395,The Santa Clause,The Santa Clause (1994),1994-11-10,1994,1990s,Nov,11,English,Fantasy,4,John Pasquin,Tim Allen,22000000,189833357,167833357,8.629,Yes,97,6.3,489,Yes,16.23,$10M-40M,90-109 min,50-499,No
628,Interview with the Vampire,Interview with the Vampire (1994),1994-11-11,1994,1990s,Nov,11,English,Horror,2,Neil Jordan,Brad Pitt,60000000,223664608,163664608,3.728,Yes,123,7.2,1516,Yes,50.16,$40M-100M,110-129 min,"500-1,999",No
193,Star Trek: Generations,Star Trek: Generations (1994),1994-11-17,1994,1990s,Nov,11,English,Science Fiction,4,David Carson,Patrick Stewart,38000000,120000000,82000000,3.158,Yes,118,6.4,452,Yes,14.78,$10M-40M,110-129 min,50-499,No
26352,A Low Down Dirty Shame,A Low Down Dirty Shame (1994),1994-11-23,1994,1990s,Nov,11,English,Action,3,Keenen Ivory Wayans,Keenen Ivory Wayans,10000000,29392418,19392418,2.939,Yes,100,6.0,31,No,3.29,$10M-40M,90-109 min,Under 50,No
8011,Highlander: The Final Dimension,Highlander: The Final Dimension (1994),1994-11-29,1994,1990s,Nov,11,English,Action,3,Andrew Morahan,Christopher Lambert,26000000,36800000,10800000,1.415,Yes,99,4.5,110,Yes,7.96,$10M-40M,90-109 min,50-499,No
8984,Disclosure,Disclosure (1994),1994-12-09,1994,1990s,Dec,12,English,Drama,5,Barry Levinson,Michael Douglas,55000000,214015089,159015089,3.891,Yes,123,5.9,210,Yes,15.06,$40M-100M,110-129 min,50-499,No
4476,Legends of the Fall,Legends of the Fall (1994),1994-12-16,1994,1990s,Dec,12,English,Adventure,4,Edward Zwick,Brad Pitt,30000000,160638883,130638883,5.355,Yes,133,7.2,619,Yes,26.95,$10M-40M,130-149 min,"500-1,999",No
8467,Dumb and Dumber,Dumb and Dumber (1994),1994-12-16,1994,1990s,Dec,12,English,Comedy,1,Bobby Farrelly,Jim Carrey,16000000,247275374,231275374,15.455,Yes,107,6.5,1859,Yes,35.78,$10M-40M,90-109 min,"500-1,999",No
11011,Ri¢hie Ri¢h,Ri¢hie Ri¢h (1994),1994-12-19,1994,1990s,Dec,12,English,Comedy,2,Donald Petrie,Macaulay Culkin,40000000,,,,No,95,5.4,415,Yes,14.4,$40M-100M,90-109 min,50-499,No
9587,Little Women,Little Women (1994),1994-12-21,1994,1990s,Dec,12,English,Drama,2,Gillian Armstrong,Winona Ryder,18000000,,,,No,115,7.0,215,Yes,16.42,$10M-40M,110-129 min,50-499,No
11667,Street Fighter,Street Fighter (1994),1994-12-22,1994,1990s,Dec,12,English,Action,3,Steven E. de Souza,Jean-Claude Van Damme,35000000,99423521,64423521,2.841,Yes,102,4.1,325,Yes,19.29,$10M-40M,90-109 min,50-499,No
9059,Tales from the Crypt: Demon Knight,Tales from the Crypt: Demon Knight (1995),1995-01-13,1995,1990s,Jan,1,English,Horror,3,Ernest R. Dickerson,Billy Zane,,,,,No,92,6.7,94,Yes,7.71,Unknown,90-109 min,50-499,No
76,Before Sunrise,Before Sunrise (1995),1995-01-27,1995,1990s,Jan,1,English,Drama,2,Richard Linklater,Ethan Hawke,2500000,5535405,3035405,2.214,Yes,105,7.7,959,Yes,23.67,Under $10M,90-109 min,"500-1,999",No
33542,Rumble in the Bronx,Rumble in the Bronx (1995),1995-01-30,1995,1990s,Jan,1,Other languages,Crime,4,Stanley Tong,Jackie Chan,7500000,32392047,24892047,4.319,Yes,91,6.5,240,Yes,17.32,Under $10M,90-109 min,50-499,No
18713,The Jerky Boys,The Jerky Boys (1995),1995-02-03,1995,1990s,Feb,2,English,Comedy,2,James Melkonian,John G. Brennan,,,,,No,82,4.8,10,No,1.74,Unknown,Under 90 min,Under 50,No
12106,The Quick and the Dead,The Quick and the Dead (1995),1995-02-09,1995,1990s,Feb,2,English,Action,2,Sam Raimi,Sharon Stone,32000000,18552460,-13447540,0.58,Yes,107,6.3,427,Yes,16.47,$10M-40M,90-109 min,50-499,No
6950,Outbreak,Outbreak (1995),1995-03-10,1995,1990s,Mar,3,English,Action,4,Wolfgang Petersen,Dustin Hoffman,50000000,189859560,139859560,3.797,Yes,127,6.3,513,Yes,30.4,$40M-100M,110-129 min,"500-1,999",No
9067,Tank Girl,Tank Girl (1995),1995-03-31,1995,1990s,Mar,3,English,Action,4,Rachel Talalay,Lori Petty,25000000,4064495,-20935505,0.163,Yes,98,5.5,138,Yes,8.19,$10M-40M,90-109 min,50-499,No
87729,Jefferson in Paris,Jefferson in Paris (1995),1995-03-31,1995,1990s,Mar,3,English,Drama,2,James Ivory,Nick Nolte,14000000,2474000,-11526000,0.177,Yes,139,5.2,10,No,0.9,$10M-40M,130-149 min,Under 50,No
9737,Bad Boys,Bad Boys (1995),1995-04-07,1995,1990s,Apr,4,English,Action,4,Michael Bay,Will Smith,19000000,141407024,122407024,7.442,Yes,118,6.5,1699,Yes,33.87,$10M-40M,110-129 min,"500-1,999",No
11780,Rob Roy,Rob Roy (1995),1995-04-13,1995,1990s,Apr,4,English,Adventure,1,Michael Caton-Jones,Liam Neeson,28000000,31596911,3596911,1.128,Yes,139,6.5,148,Yes,10.7,$10M-40M,130-149 min,50-499,No
6071,Kiss of Death,Kiss of Death (1995),1995-04-21,1995,1990s,Apr,4,English,Action,4,Barbet Schroeder,David Caruso,40000000,,,,No,101,5.7,81,Yes,6.91,$40M-100M,90-109 min,50-499,No
10634,Friday,Friday (1995),1995-04-26,1995,1990s,Apr,4,English,Comedy,1,F. Gary Gray,Ice Cube,3500000,28215918,24715918,8.062,Yes,91,7.0,503,Yes,25.57,Under $10M,90-109 min,"500-1,999",No
8963,Crimson Tide,Crimson Tide (1995),1995-05-12,1995,1990s,May,5,English,Action,3,Tony Scott,Denzel Washington,53000000,157387195,104387195,2.97,Yes,116,7.0,498,Yes,20.33,$40M-100M,110-129 min,50-499,No
63020,The Perez Family,The Perez Family (1995),1995-05-12,1995,1990s,May,5,English,Comedy,3,Mira Nair,Marisa Tomei,11000000,2832826,-8167174,0.258,Yes,113,6.6,9,No,1.19,$10M-40M,110-129 min,Under 50,No
1572,Die Hard: With a Vengeance,Die Hard: With a Vengeance (1995),1995-05-19,1995,1990s,May,5,English,Action,2,John McTiernan,Bruce Willis,90000000,366101666,276101666,4.068,Yes,128,6.9,2066,Yes,51.88,$40M-100M,110-129 min,"2,000-4,999",No
577,To Die For,To Die For (1995),1995-05-20,1995,1990s,May,5,English,Fantasy,4,Gus Van Sant,Nicole Kidman,20000000,21284514,1284514,1.064,Yes,106,6.7,175,Yes,12.31,$10M-40M,90-109 min,50-499,No
197,Braveheart,Braveheart (1995),1995-05-24,1995,1990s,May,5,English,Action,4,Mel Gibson,Mel Gibson,72000000,210000000,138000000,2.917,Yes,177,7.7,3336,Yes,60.72,$40M-100M,150+ min,"2,000-4,999",No
25066,Tales from the Hood,Tales from the Hood (1995),1995-05-24,1995,1990s,May,5,English,Crime,3,Rusty Cundieff,Clarence Williams III,6000000,12000000,6000000,2.0,Yes,98,5.4,32,No,3.89,Under $10M,90-109 min,Under 50,No
11446,Welcome to the Dollhouse,Welcome to the Dollhouse (1995),1995-05-24,1995,1990s,May,5,English,Comedy,2,Todd Solondz,Heather Matarazzo,,,,,No,88,6.9,103,Yes,5.87,Unknown,Under 90 min,50-499,No
8839,Casper,Casper (1995),1995-05-26,1995,1990s,May,5,English,Fantasy,3,Brad Silberling,Christina Ricci,50000000,287928194,237928194,5.759,Yes,100,6.0,1019,Yes,19.83,$40M-100M,90-109 min,"500-1,999",No
688,The Bridges of Madison County,The Bridges of Madison County (1995),1995-05-28,1995,1990s,May,5,English,Drama,2,Clint Eastwood,Meryl Streep,24000000,182016617,158016617,7.584,Yes,135,7.3,385,Yes,17.61,$10M-40M,130-149 min,50-499,No
414,Batman Forever,Batman Forever (1995),1995-05-31,1995,1990s,May,5,English,Action,3,Joel Schumacher,Val Kilmer,100000000,336529144,236529144,3.365,Yes,121,5.2,1498,Yes,48.21,$100M+,110-129 min,"500-1,999",No
10329,Congo,Congo (1995),1995-06-09,1995,1990s,Jun,6,English,Action,6,Frank Marshall,Laura Linney,50000000,152022101,102022101,3.04,Yes,109,5.0,213,Yes,10.76,$40M-100M,90-109 min,50-499,No
10530,Pocahontas,Pocahontas (1995),1995-06-14,1995,1990s,Jun,6,English,Adventure,4,Mike Gabriel,Irene Bedard,55000000,346079773,291079773,6.292,Yes,81,6.7,1457,Yes,47.85,$40M-100M,Under 90 min,"500-1,999",No
29371,The Incredibly True Adventure of Two Girls In Love,The Incredibly True Adventure of Two Girls In Love (1995),1995-06-16,1995,1990s,Jun,6,English,Comedy,3,Maria Maggenti,Laurel Holloman,,,,,No,94,5.7,13,No,1.71,Unknown,90-109 min,Under 50,No
568,Apollo 13,Apollo 13 (1995),1995-06-30,1995,1990s,Jun,6,English,Drama,1,Ron Howard,Tom Hanks,52000000,355237933,303237933,6.831,Yes,140,7.3,1599,Yes,68.14,$40M-100M,130-149 min,"500-1,999",No
6520,First Knight,First Knight (1995),1995-07-07,1995,1990s,Jul,7,English,Action,4,Jerry Zucker,Sean Connery,55000000,127600435,72600435,2.32,Yes,134,5.9,311,Yes,19.14,$40M-100M,130-149 min,50-499,No
9348,Species,Species (1995),1995-07-07,1995,1990s,Jul,7,English,Science Fiction,3,Roger Donaldson,Natasha Henstridge,35000000,113374103,78374103,3.239,Yes,108,5.5,453,Yes,23.61,$10M-40M,90-109 min,50-499,No
3512,Under Siege 2: Dark Territory,Under Siege 2: Dark Territory (1995),1995-07-13,1995,1990s,Jul,7,English,Action,2,Geoff Murphy,Steven Seagal,60000000,104324083,44324083,1.739,Yes,100,5.6,210,Yes,13.08,$40M-100M,90-109 min,50-499,No
11359,The Indian in the Cupboard,The Indian in the Cupboard (1995),1995-07-14,1995,1990s,Jul,7,English,Adventure,3,Frank Oz,Hal Scardino,45000000,,,,No,96,5.9,134,Yes,11.1,$40M-100M,90-109 min,50-499,No
9598,Babe,Babe (1995),1995-07-18,1995,1990s,Jul,7,English,Fantasy,4,Chris Noonan,Christine Cavanaugh,30000000,254134910,224134910,8.471,Yes,89,6.0,733,Yes,34.37,$10M-40M,Under 90 min,"500-1,999",No
9603,Clueless,Clueless (1995),1995-07-19,1995,1990s,Jul,7,English,Comedy,3,Amy Heckerling,Alicia Silverstone,12000000,,,,No,97,6.9,803,Yes,16.05,$10M-40M,90-109 min,"500-1,999",No
629,The Usual Suspects,The Usual Suspects (1995),1995-07-19,1995,1990s,Jul,7,English,Drama,3,Bryan Singer,Stephen Baldwin,6000000,23341568,17341568,3.89,Yes,106,8.1,3254,Yes,64.03,Under $10M,90-109 min,"2,000-4,999",No
9804,Waterworld,Waterworld (1995),1995-07-28,1995,1990s,Jul,7,English,Adventure,2,Kevin Reynolds,Kevin Costner,175000000,264218220,89218220,1.51,Yes,135,5.9,992,Yes,44.64,$100M+,130-149 min,"500-1,999",No
1642,The Net,The Net (1995),1995-07-28,1995,1990s,Jul,7,English,Crime,5,Irwin Winkler,Sandra Bullock,22000000,110627965,88627965,5.029,Yes,114,5.6,354,Yes,23.22,$10M-40M,110-129 min,50-499,No
9344,Kids,Kids (1995),1995-07-28,1995,1990s,Jul,7,English,Drama,2,Larry Clark,Leo Fitzpatrick,1500000,7412216,5912216,4.941,Yes,91,6.8,279,Yes,13.29,Under $10M,90-109 min,50-499,No
9271,Virtuosity,Virtuosity (1995),1995-08-04,1995,1990s,Aug,8,English,Action,4,Brett Leonard,Denzel Washington,30000000,24048000,-5952000,0.802,Yes,106,5.4,163,Yes,5.3,$10M-40M,90-109 min,50-499,No
16388,The Brothers McMullen,The Brothers McMullen (1995),1995-08-09,1995,1990s,Aug,8,English,Comedy,3,Edward Burns,Shari Albert,,,,,No,98,6.3,23,No,1.58,Unknown,90-109 min,Under 50,No
9312,Mortal Kombat,Mortal Kombat (1995),1995-08-18,1995,1990s,Aug,8,English,Action,2,Paul W.S. Anderson,Christopher Lambert,18000000,122195920,104195920,6.789,Yes,101,5.4,442,Yes,16.47,$10M-40M,90-109 min,50-499,No
8068,Desperado,Desperado (1995),1995-08-25,1995,1990s,Aug,8,English,Thriller,3,Robert Rodriguez,Antonio Banderas,7000000,25405445,18405445,3.629,Yes,104,6.8,881,Yes,25.51,Under $10M,90-109 min,"500-1,999",No
11980,The Prophecy,The Prophecy (1995),1995-09-01,1995,1990s,Sep,9,English,Fantasy,3,Gregory Widen,Christopher Walken,,,,,No,98,6.4,138,Yes,11.82,Unknown,90-109 min,50-499,No
124606,Bang,Bang (1995),1995-09-09,1995,1990s,Sep,9,English,Drama,1,Ash Baron-Cohen,Darling Narita,,,,,No,98,6.0,1,No,0.92,Unknown,90-109 min,Under 50,No
10428,Hackers,Hackers (1995),1995-09-14,1995,1990s,Sep,9,English,Action,4,Iain Softley,Jonny Lee Miller,20000000,7563728,-12436272,0.378,Yes,107,6.2,398,Yes,17.84,$10M-40M,90-109 min,50-499,No
11876,The Horseman on the Roof,The Horseman on the Roof (1995),1995-09-20,1995,1990s,Sep,9,English,War,4,Jean-Paul Rappeneau,Juliette Binoche,35000000,15000000,-20000000,0.429,Yes,135,6.7,25,No,2.88,$10M-40M,130-149 min,Under 50,No
10802,Showgirls,Showgirls (1995),1995-09-22,1995,1990s,Sep,9,English,Drama,1,Paul Verhoeven,Elizabeth Berkley,45000000,20350754,-24649246,0.452,Yes,128,4.9,256,Yes,14.51,$40M-100M,110-129 min,50-499,No
807,Se7en,Se7en (1995),1995-09-22,1995,1990s,Sep,9,English,Crime,3,David Fincher,Brad Pitt,33000000,327311859,294311859,9.919,Yes,127,8.1,5765,Yes,79.58,$10M-40M,110-129 min,"5,000+",No
10987,Halloween: The Curse of Michael Myers,Halloween: The Curse of Michael Myers (1995),1995-09-29,1995,1990s,Sep,9,English,Horror,2,Joe Chappelle,Donald Pleasence,5000000,15116634,10116634,3.023,Yes,88,5.0,170,Yes,9.48,Under $10M,Under 90 min,50-499,No
9691,Assassins,Assassins (1995),1995-10-06,1995,1990s,Oct,10,English,Action,4,Richard Donner,Sylvester Stallone,50000000,30303072,-19696928,0.606,Yes,132,6.0,387,Yes,23.07,$40M-100M,130-149 min,50-499,No
10533,The Scarlet Letter,The Scarlet Letter (1995),1995-10-13,1995,1990s,Oct,10,English,Drama,3,Roland Joffé,Demi Moore,50000000,10382407,-39617593,0.208,Yes,135,5.5,108,Yes,7.44,$40M-100M,130-149 min,50-499,No
11863,Jade,Jade (1995),1995-10-13,1995,1990s,Oct,10,English,Action,4,William Friedkin,David Caruso,50000000,9851610,-40148390,0.197,Yes,95,5.2,44,No,8.19,$40M-100M,90-109 min,Under 50,No
8012,Get Shorty,Get Shorty (1995),1995-10-20,1995,1990s,Oct,10,English,Comedy,3,Barry Sonnenfeld,John Travolta,30250000,115101622,84851622,3.805,Yes,105,6.4,302,Yes,15.59,$10M-40M,90-109 min,50-499,No
2293,Mallrats,Mallrats (1995),1995-10-20,1995,1990s,Oct,10,English,Romance,2,Kevin Smith,Jason Lee,6000000,2122561,-3877439,0.354,Yes,94,6.8,392,Yes,16.14,Under $10M,90-109 min,50-499,No
1710,Copycat,Copycat (1995),1995-10-27,1995,1990s,Oct,10,English,Drama,2,Jon Amiel,Sigourney Weaver,,,,,No,124,6.4,194,Yes,14.21,Unknown,110-129 min,50-499,No
12158,Vampire in Brooklyn,Vampire in Brooklyn (1995),1995-10-27,1995,1990s,Oct,10,English,Comedy,3,Wes Craven,Eddie Murphy,14000000,19800000,5800000,1.414,Yes,100,4.5,111,Yes,6.77,$10M-40M,90-109 min,50-499,No
451,Leaving Las Vegas,Leaving Las Vegas (1995),1995-10-27,1995,1990s,Oct,10,English,Drama,2,Mike Figgis,Nicolas Cage,3600000,49800000,46200000,13.833,Yes,112,7.1,360,Yes,22.03,Under $10M,110-129 min,50-499,No
862,Toy Story,Toy Story (1995),1995-10-30,1995,1990s,Oct,10,English,Animation,3,John Lasseter,Tom Hanks,30000000,373554033,343554033,12.452,Yes,81,7.7,5269,Yes,73.64,$10M-40M,Under 90 min,"5,000+",No
9089,Home for the Holidays,Home for the Holidays (1995),1995-11-02,1995,1990s,Nov,11,English,Comedy,3,Jodie Foster,Holly Hunter,,17519169,,,No,103,6.3,39,No,4.03,Unknown,90-109 min,Under 50,No
9273,Ace Ventura: When Nature Calls,Ace Ventura: When Nature Calls (1995),1995-11-10,1995,1990s,Nov,11,English,Crime,3,Steve Oedekerk,Jim Carrey,30000000,212385533,182385533,7.08,Yes,90,6.1,1099,Yes,34.39,$10M-40M,90-109 min,"500-1,999",No
710,GoldenEye,GoldenEye (1995),1995-11-16,1995,1990s,Nov,11,English,Adventure,3,Martin Campbell,Pierce Brosnan,58000000,352194034,294194034,6.072,Yes,130,6.6,1174,Yes,59.82,$40M-100M,130-149 min,"500-1,999",No
9087,The American President,The American President (1995),1995-11-17,1995,1990s,Nov,11,English,Comedy,3,Rob Reiner,Michael Douglas,62000000,107879496,45879496,1.74,Yes,106,6.5,195,Yes,11.06,$40M-100M,90-109 min,50-499,No
11517,Money Train,Money Train (1995),1995-11-21,1995,1990s,Nov,11,English,Action,3,Joseph Ruben,Wesley Snipes,60000000,35431113,-24568887,0.591,Yes,103,5.4,222,Yes,10.0,$40M-100M,90-109 min,50-499,No
524,Casino,Casino (1995),1995-11-22,1995,1990s,Nov,11,English,Drama,2,Martin Scorsese,Robert De Niro,52000000,116112375,64112375,2.233,Yes,178,7.8,1307,Yes,40.07,$40M-100M,150+ min,"500-1,999",No
400,Things to Do in Denver When You're Dead,Things to Do in Denver When You're Dead (1995),1995-12-01,1995,1990s,Dec,12,English,Drama,2,Gary Fleder,Andy García,8000000,529766,-7470234,0.066,Yes,116,6.7,85,Yes,6.93,Under $10M,110-129 min,50-499,No
5,Four Rooms,Four Rooms (1995),1995-12-09,1995,1990s,Dec,12,English,Crime,2,Allison Anders,Tim Roth,4000000,4300000,300000,1.075,Yes,98,6.5,530,Yes,22.88,Under $10M,90-109 min,"500-1,999",No
4584,Sense and Sensibility,Sense and Sensibility (1995),1995-12-13,1995,1990s,Dec,12,English,Drama,2,Ang Lee,Kate Winslet,16500000,135000000,118500000,8.182,Yes,136,7.2,352,Yes,20.9,$10M-40M,130-149 min,50-499,No
1408,Cutthroat Island,Cutthroat Island (1995),1995-12-22,1995,1990s,Dec,12,English,Action,2,Renny Harlin,Geena Davis,98000000,10017322,-87982678,0.102,Yes,119,5.7,136,Yes,7.03,$40M-100M,110-129 min,50-499,No
10858,Nixon,Nixon (1995),1995-12-22,1995,1990s,Dec,12,English,History,2,Oliver Stone,Anthony Hopkins,44000000,13681765,-30318235,0.311,Yes,192,7.1,71,Yes,3.77,$40M-100M,150+ min,50-499,No
2054,Mr. Holland's Opus,Mr. Holland's Opus (1995),1995-12-29,1995,1990s,Dec,12,English,Music,3,Stephen Herek,Richard Dreyfuss,,106269971,,,No,137,6.9,113,Yes,6.78,Unknown,130-149 min,50-499,No
687,Dead Man Walking,Dead Man Walking (1995),1995-12-29,1995,1990s,Dec,12,English,Drama,1,Tim Robbins,Susan Sarandon,11000000,39363635,28363635,3.579,Yes,122,7.3,337,Yes,15.86,$10M-40M,110-129 min,50-499,No
31174,Richard III,Richard III (1995),1995-12-29,1995,1990s,Dec,12,English,Drama,2,Richard Loncraine,Ian McKellen,,,,,No,104,6.9,49,No,5.11,Unknown,90-109 min,Under 50,No
17182,Eye for an Eye,Eye for an Eye (1996),1996-01-12,1996,1990s,Jan,1,English,Drama,2,John Schlesinger,Sally Field,20000000,,,,No,101,5.8,63,Yes,4.0,$10M-40M,90-109 min,50-499,No
755,From Dusk Till Dawn,From Dusk Till Dawn (1996),1996-01-19,1996,1990s,Jan,1,English,Horror,4,Robert Rodriguez,George Clooney,19000000,25836616,6836616,1.36,Yes,108,6.9,1603,Yes,64.18,$10M-40M,90-109 min,"500-1,999",No
7863,Shine,Shine (1996),1996-01-21,1996,1990s,Jan,1,English,Drama,1,Scott Hicks,Geoffrey Rush,,,,,No,105,7.3,131,Yes,10.4,Unknown,90-109 min,50-499,No
21612,The Funeral,The Funeral (1996),1996-01-26,1996,1990s,Jan,1,English,Crime,2,Abel Ferrara,Christopher Walken,12500000,1227324,-11272676,0.098,Yes,99,7.3,31,No,2.95,$10M-40M,90-109 min,Under 50,No
16448,Waiting for Guffman,Waiting for Guffman (1996),1996-01-31,1996,1990s,Jan,1,English,Music,2,Christopher Guest,Christopher Guest,,,,,No,84,7.3,63,Yes,4.35,Unknown,Under 90 min,50-499,No
9623,The Juror,The Juror (1996),1996-02-02,1996,1990s,Feb,2,English,Drama,2,Brian Gibson,Demi Moore,44000000,,,,No,118,5.5,89,Yes,3.94,$40M-100M,110-129 min,50-499,No
10534,White Squall,White Squall (1996),1996-02-02,1996,1990s,Feb,2,English,Action,2,Ridley Scott,Jeff Bridges,38000000,10300000,-27700000,0.271,Yes,129,6.3,86,Yes,10.05,$10M-40M,110-129 min,50-499,No
9208,Broken Arrow,Broken Arrow (1996),1996-02-09,1996,1990s,Feb,2,English,Action,4,John Woo,John Travolta,50000000,150270147,100270147,3.005,Yes,108,5.7,453,Yes,22.77,$40M-100M,90-109 min,50-499,No
11062,City Hall,City Hall (1996),1996-02-16,1996,1990s,Feb,2,English,Drama,2,Harold Becker,Al Pacino,,,,,No,111,6.0,67,Yes,3.62,Unknown,110-129 min,50-499,No
9614,Happy Gilmore,Happy Gilmore (1996),1996-02-16,1996,1990s,Feb,2,English,Comedy,1,Dennis Dugan,Adam Sandler,12000000,41205099,29205099,3.434,Yes,92,6.5,755,Yes,26.6,$10M-40M,90-109 min,"500-1,999",No
13685,Bottle Rocket,Bottle Rocket (1996),1996-02-21,1996,1990s,Feb,2,English,Comedy,3,Wes Anderson,Luke Wilson,7000000,560069,-6439931,0.08,Yes,91,6.8,281,Yes,11.7,Under $10M,90-109 min,50-499,No
9095,Mary Reilly,Mary Reilly (1996),1996-02-23,1996,1990s,Feb,2,English,Drama,4,Stephen Frears,Julia Roberts,47000000,12379402,-34620598,0.263,Yes,104,5.7,74,Yes,6.07,$40M-100M,90-109 min,50-499,No
627,Trainspotting,Trainspotting (1996),1996-02-23,1996,1990s,Feb,2,English,Drama,2,Danny Boyle,Ewan McGregor,4000000,16491080,12491080,4.123,Yes,93,7.8,2655,Yes,63.51,Under $10M,90-109 min,"2,000-4,999",No
9302,Up Close & Personal,Up Close & Personal (1996),1996-03-01,1996,1990s,Mar,3,English,Drama,2,Jon Avnet,Robert Redford,60000000,,,,No,119,5.9,50,Yes,4.8,$40M-100M,110-129 min,50-499,No
2320,Executive Decision,Executive Decision (1996),1996-03-15,1996,1990s,Mar,3,English,Action,4,Stuart Baird,Kurt Russell,55000000,121969216,66969216,2.218,Yes,133,5.8,256,Yes,17.23,$40M-100M,130-149 min,50-499,No
5900,The Dress,The Dress (1996),1996-03-21,1996,1990s,Mar,3,Other languages,Comedy,2,Alex van Warmerdam,Henri Garcin,,,,,No,103,7.0,3,No,0.14,Unknown,90-109 min,Under 50,No
61752,Girl 6,Girl 6 (1996),1996-03-22,1996,1990s,Mar,3,English,Comedy,1,Spike Lee,Theresa Randle,12000000,4939939,-7060061,0.412,Yes,108,5.7,16,No,2.99,$10M-40M,90-109 min,Under 50,No
2074,Flirting with Disaster,Flirting with Disaster (1996),1996-03-22,1996,1990s,Mar,3,English,Comedy,2,David O. Russell,Ben Stiller,7000000,14702438,7702438,2.1,Yes,92,6.3,66,Yes,5.5,Under $10M,90-109 min,50-499,No
9099,Sgt. Bilko,Sgt. Bilko (1996),1996-03-29,1996,1990s,Mar,3,English,Comedy,2,Jonathan Lynn,Steve Martin,,,,,No,90,5.5,94,Yes,5.42,Unknown,90-109 min,50-499,No
47502,Faithful,Faithful (1996),1996-04-03,1996,1990s,Apr,4,English,Comedy,3,Paul Mazursky,Cher,13000000,9789900,-3210100,0.753,Yes,91,4.8,4,No,1.65,$10M-40M,90-109 min,Under 50,No
11956,When the Cat's Away,When the Cat's Away (1996),1996-04-03,1996,1990s,Apr,4,Other languages,Comedy,1,Cédric Klapisch,Garance Clavel,,,,,No,91,6.1,16,No,1.41,Unknown,90-109 min,Under 50,No
28121,A Thin Line Between Love and Hate,A Thin Line Between Love and Hate (1996),1996-04-04,1996,1990s,Apr,4,English,Comedy,4,Martin Lawrence,Lynn Whitfield,,,,,No,108,5.7,15,No,2.09,Unknown,90-109 min,Under 50,No
40001,Mrs. Winterbourne,Mrs. Winterbourne (1996),1996-04-19,1996,1990s,Apr,4,English,Comedy,3,Richard Benjamin,Shirley MacLaine,25000000,10070000,-14930000,0.403,Yes,105,5.3,25,No,7.95,$10M-40M,90-109 min,Under 50,No
9100,The Craft,The Craft (1996),1996-05-03,1996,1990s,May,5,English,Drama,4,Andrew Fleming,Robin Tunney,15000000,24769466,9769466,1.651,Yes,101,6.3,380,Yes,19.52,$10M-40M,90-109 min,50-499,No
23570,The Pallbearer,The Pallbearer (1996),1996-05-03,1996,1990s,May,5,English,Comedy,2,Matt Reeves,David Schwimmer,8000000,,,,No,97,4.6,30,No,2.15,Under $10M,90-109 min,Under 50,No
664,Twister,Twister (1996),1996-05-10,1996,1990s,May,5,English,Action,3,Jan de Bont,Helen Hunt,92000000,494471524,402471524,5.375,Yes,113,6.1,950,Yes,32.08,$40M-100M,110-129 min,"500-1,999",No
36355,Flipper,Flipper (1996),1996-05-17,1996,1990s,May,5,English,Adventure,2,Alan Shapiro,Elijah Wood,25530000,20080020,-5449980,0.787,Yes,95,5.3,84,Yes,4.48,$10M-40M,90-109 min,50-499,No
954,Mission: Impossible,Mission: Impossible (1996),1996-05-22,1996,1990s,May,5,English,Adventure,3,Brian De Palma,Tom Cruise,80000000,457696359,377696359,5.721,Yes,110,6.7,2631,Yes,75.29,$40M-100M,110-129 min,"2,000-4,999",No
10535,Spy Hard,Spy Hard (1996),1996-05-24,1996,1990s,May,5,English,Action,2,Rick Friedberg,Leslie Nielsen,18000000,,,,No,81,4.9,147,Yes,11.24,$10M-40M,Under 90 min,50-499,No
8840,DragonHeart,DragonHeart (1996),1996-05-31,1996,1990s,May,5,English,Fantasy,1,Rob Cohen,Dennis Quaid,57000000,115267375,58267375,2.022,Yes,103,6.4,535,Yes,31.79,$40M-100M,90-109 min,"500-1,999",No
9802,The Rock,The Rock (1996),1996-06-06,1996,1990s,Jun,6,English,Action,3,Michael Bay,Sean Connery,75000000,335062621,260062621,4.468,Yes,136,6.9,1456,Yes,51.47,$40M-100M,130-149 min,"500-1,999",No
9826,The Phantom,The Phantom (1996),1996-06-06,1996,1990s,Jun,6,English,Adventure,2,Simon Wincer,Billy Zane,45000000,17300889,-27699111,0.384,Yes,100,4.7,136,Yes,9.03,$40M-100M,90-109 min,50-499,No
9894,The Cable Guy,The Cable Guy (1996),1996-06-10,1996,1990s,Jun,6,English,Comedy,3,Ben Stiller,Jim Carrey,47000000,102825796,55825796,2.188,Yes,96,5.7,594,Yes,19.53,$40M-100M,90-109 min,"500-1,999",No
9268,Eraser,Eraser (1996),1996-06-21,1996,1990s,Jun,6,English,Action,4,Chuck Russell,Arnold Schwarzenegger,100000000,242295562,142295562,2.423,Yes,115,5.6,543,Yes,24.51,$100M+,110-129 min,"500-1,999",No
10545,The Hunchback of Notre Dame,The Hunchback of Notre Dame (1996),1996-06-21,1996,1990s,Jun,6,English,Drama,3,Gary Trousdale,Tom Hulce,100000000,100138851,138851,1.001,Yes,91,6.8,1129,Yes,46.73,$100M+,90-109 min,"500-1,999",No
26748,Lone Star,Lone Star (1996),1996-06-21,1996,1990s,Jun,6,English,Drama,3,John Sayles,Chris Cooper,5000000,13269963,8269963,2.654,Yes,135,6.9,77,Yes,5.96,Under $10M,130-149 min,50-499,No
602,Independence Day,Independence Day (1996),1996-06-25,1996,1990s,Jun,6,English,Action,3,Roland Emmerich,Will Smith,75000000,816969268,741969268,10.893,Yes,145,6.7,3260,Yes,60.44,$40M-100M,130-149 min,"2,000-4,999",No
9327,The Nutty Professor,The Nutty Professor (1996),1996-06-26,1996,1990s,Jun,6,English,Fantasy,4,Tom Shadyac,Eddie Murphy,54000000,128769345,74769345,2.385,Yes,95,5.4,702,Yes,20.28,$40M-100M,90-109 min,"500-1,999",No
24206,Silent Trigger,Silent Trigger (1996),1996-06-26,1996,1990s,Jun,6,English,Drama,3,Russell Mulcahy,Dolph Lundgren,15000000,76382,-14923618,0.005,Yes,93,5.0,22,No,2.61,$10M-40M,90-109 min,Under 50,No
9879,Striptease,Striptease (1996),1996-06-28,1996,1990s,Jun,6,English,Drama,3,Andrew Bergman,Demi Moore,50000000,113309743,63309743,2.266,Yes,115,4.4,205,Yes,11.11,$40M-100M,110-129 min,50-499,No
10684,Courage Under Fire,Courage Under Fire (1996),1996-07-04,1996,1990s,Jul,7,English,Drama,4,Edward Zwick,Denzel Washington,46000000,100860818,54860818,2.193,Yes,117,6.2,232,Yes,12.97,$40M-100M,110-129 min,50-499,No
11543,Kingpin,Kingpin (1996),1996-07-04,1996,1990s,Jul,7,English,Comedy,1,Bobby Farrelly,Woody Harrelson,27000000,25023434,-1976566,0.927,Yes,113,6.7,244,Yes,17.33,$10M-40M,110-129 min,50-499,No
9294,Phenomenon,Phenomenon (1996),1996-07-05,1996,1990s,Jul,7,English,Drama,4,Jon Turteltaub,John Travolta,32000000,152036382,120036382,4.751,Yes,123,6.2,323,Yes,15.04,$10M-40M,110-129 min,50-499,No
38223,Harriet the Spy,Harriet the Spy (1996),1996-07-10,1996,1990s,Jul,7,English,Comedy,3,Bronwen Hughes,Michelle Trachtenberg,12000000,,,,No,100,5.7,46,No,4.63,$10M-40M,90-109 min,Under 50,No
49963,Walking and Talking,Walking and Talking (1996),1996-07-17,1996,1990s,Jul,7,English,Comedy,3,Nicole Holofcener,Catherine Keener,,,,,No,86,6.6,7,No,0.37,Unknown,Under 90 min,Under 50,No
9304,Multiplicity,Multiplicity (1996),1996-07-19,1996,1990s,Jul,7,English,Comedy,3,Harold Ramis,Michael Keaton,45000000,,,,No,117,5.5,154,Yes,11.12,$40M-100M,110-129 min,50-499,No
18550,Fled,Fled (1996),1996-07-19,1996,1990s,Jul,7,English,Action,3,Kevin Hooks,Laurence Fishburne,25000000,17193231,-7806769,0.688,Yes,98,5.2,47,No,2.77,$10M-40M,90-109 min,Under 50,No
1645,A Time to Kill,A Time to Kill (1996),1996-07-24,1996,1990s,Jul,7,English,Crime,3,Joel Schumacher,Matthew McConaughey,40000000,152266007,112266007,3.807,Yes,149,7.0,509,Yes,25.22,$40M-100M,130-149 min,"500-1,999",No
18975,The Adventures of Pinocchio,The Adventures of Pinocchio (1996),1996-07-26,1996,1990s,Jul,7,English,Animation,3,Steve Barron,Martin Landau,,,,,No,90,5.0,54,Yes,6.72,Unknown,90-109 min,50-499,No
76996,Love and Other Catastrophes,Love and Other Catastrophes (1996),1996-08-01,1996,1990s,Aug,8,Other languages,Comedy,2,Emma-Kate Croghan,Matt Day,,,,,No,78,5.8,9,No,0.62,Unknown,Under 90 min,Under 50,No
12123,Chain Reaction,Chain Reaction (1996),1996-08-02,1996,1990s,Aug,8,English,Action,4,Andrew Davis,Keanu Reeves,50000000,60209334,10209334,1.204,Yes,107,5.3,284,Yes,20.59,$40M-100M,90-109 min,50-499,No
10061,Escape from L.A.,Escape from L.A. (1996),1996-08-09,1996,1990s,Aug,8,English,Action,4,John Carpenter,Kurt Russell,50000000,42277365,-7722635,0.846,Yes,97,5.6,373,Yes,21.64,$40M-100M,90-109 min,50-499,No
549,Basquiat,Basquiat (1996),1996-08-09,1996,1990s,Aug,8,English,Drama,2,Julian Schnabel,Jeffrey Wright,2962051,3011195,49144,1.017,Yes,108,6.6,94,Yes,3.64,Under $10M,90-109 min,50-499,No
9566,The Fan,The Fan (1996),1996-08-15,1996,1990s,Aug,8,English,Drama,3,Tony Scott,Robert De Niro,55000000,18626419,-36373581,0.339,Yes,116,5.7,194,Yes,4.37,$40M-100M,110-129 min,50-499,No
10478,Tin Cup,Tin Cup (1996),1996-08-16,1996,1990s,Aug,8,English,Comedy,3,Ron Shelton,Kevin Costner,45000000,53854588,8854588,1.197,Yes,135,5.9,150,Yes,10.73,$40M-100M,130-149 min,50-499,No
22479,Kansas City,Kansas City (1996),1996-08-16,1996,1990s,Aug,8,English,Thriller,4,Robert Altman,Jennifer Jason Leigh,18000000,,,,No,116,6.1,12,No,5.38,$10M-40M,110-129 min,Under 50,No
9306,The Island of Dr. Moreau,The Island of Dr. Moreau (1996),1996-08-23,1996,1990s,Aug,8,English,Fantasy,3,John Frankenheimer,Marlon Brando,40000000,49627779,9627779,1.241,Yes,96,4.6,147,Yes,13.21,$40M-100M,90-109 min,50-499,No
11229,Freeway,Freeway (1996),1996-08-23,1996,1990s,Aug,8,English,Comedy,3,Matthew Bright,Kiefer Sutherland,3000000,,,,No,110,6.5,95,Yes,4.68,Under $10M,110-129 min,50-499,No
11363,She's the One,She's the One (1996),1996-08-26,1996,1990s,Aug,8,English,Comedy,2,Edward Burns,Edward Burns,3500000,9482579,5982579,2.709,Yes,96,5.7,70,Yes,8.41,Under $10M,90-109 min,50-499,No
12498,Sling Blade,Sling Blade (1996),1996-08-30,1996,1990s,Aug,8,English,Drama,1,Billy Bob Thornton,Billy Bob Thornton,1000000,24475416,23475416,24.475,Yes,135,7.4,231,Yes,14.81,Under $10M,130-149 min,50-499,No
3587,Bogus,Bogus (1996),1996-09-06,1996,1990s,Sep,9,English,Fantasy,3,Norman Jewison,Whoopi Goldberg,32000000,,,,No,110,5.4,44,No,3.38,$10M-40M,110-129 min,Under 50,No
8744,Albino Alligator,Albino Alligator (1996),1996-09-09,1996,1990s,Sep,9,English,Crime,3,Kevin Spacey,Matt Dillon,6000000,,,,No,97,5.6,45,No,2.39,Under $10M,90-109 min,Under 50,No
28005,Kama Sutra - A Tale of Love,Kama Sutra - A Tale of Love (1996),1996-09-11,1996,1990s,Sep,9,English,Drama,3,Mira Nair,Indira Varma,3000000,4109095,1109095,1.37,Yes,117,5.7,35,No,3.94,Under $10M,110-129 min,Under 50,No
10861,Maximum Risk,Maximum Risk (1996),1996-09-13,1996,1990s,Sep,9,English,Action,3,Ringo Lam,Jean-Claude Van Damme,25000000,51702483,26702483,2.068,Yes,100,5.2,101,Yes,10.12,$10M-40M,90-109 min,50-499,No
9303,Bound,Bound (1996),1996-09-13,1996,1990s,Sep,9,English,Crime,4,Lilly Wachowski,Jennifer Tilly,4500000,7011317,2511317,1.558,Yes,108,6.9,198,Yes,15.36,Under $10M,90-109 min,50-499,No
2925,The First Wives Club,The First Wives Club (1996),1996-09-20,1996,1990s,Sep,9,English,Comedy,1,Hugh Wilson,Goldie Hawn,26000000,116400000,90400000,4.477,Yes,102,6.5,166,Yes,10.7,$10M-40M,90-109 min,50-499,No
11306,Extreme Measures,Extreme Measures (1996),1996-09-27,1996,1990s,Sep,9,English,Drama,2,Michael Apted,Hugh Grant,38000000,17380126,-20619874,0.457,Yes,118,5.7,80,Yes,3.43,$10M-40M,110-129 min,50-499,No
31640,Blood and Wine,Blood and Wine (1996),1996-10-03,1996,1990s,Oct,10,English,Crime,3,Bob Rafelson,Jack Nicholson,26000000,,,,No,101,5.5,34,No,1.49,$10M-40M,90-109 min,Under 50,No
9625,The Glimmer Man,The Glimmer Man (1996),1996-10-04,1996,1990s,Oct,10,English,Action,5,John Gray,Steven Seagal,45000000,,,,No,92,4.7,100,Yes,6.25,$40M-100M,90-109 min,50-499,No
9591,That Thing You Do!,That Thing You Do! (1996),1996-10-04,1996,1990s,Oct,10,English,Comedy,2,Tom Hanks,Tom Everett Scott,,34585416,,,No,108,6.8,225,Yes,14.89,Unknown,90-109 min,50-499,No
11412,The Long Kiss Goodnight,The Long Kiss Goodnight (1996),1996-10-11,1996,1990s,Oct,10,English,Crime,4,Renny Harlin,Geena Davis,65000000,89456761,24456761,1.376,Yes,120,6.5,314,Yes,15.86,$40M-100M,110-129 min,50-499,No
10586,The Ghost and the Darkness,The Ghost and the Darkness (1996),1996-10-11,1996,1990s,Oct,10,English,Adventure,1,Stephen Hopkins,Michael Douglas,50000000,75000000,25000000,1.5,Yes,109,6.4,236,Yes,12.47,$40M-100M,90-109 min,50-499,No
27845,Trees Lounge,Trees Lounge (1996),1996-10-11,1996,1990s,Oct,10,English,Comedy,2,Steve Buscemi,Steve Buscemi,,,,,No,95,6.7,51,Yes,3.44,Unknown,90-109 min,50-499,No
49471,Get on the Bus,Get on the Bus (1996),1996-10-16,1996,1990s,Oct,10,English,Drama,1,Spike Lee,Ossie Davis,2400000,5731103,3331103,2.388,Yes,120,7.0,11,No,4.62,Under $10M,110-129 min,Under 50,No
819,Sleepers,Sleepers (1996),1996-10-18,1996,1990s,Oct,10,English,Crime,3,Barry Levinson,Robert De Niro,44000000,165615285,121615285,3.764,Yes,147,7.3,715,Yes,16.25,$40M-100M,130-149 min,"500-1,999",No
10218,Swingers,Swingers (1996),1996-10-18,1996,1990s,Oct,10,English,Comedy,2,Doug Liman,Jon Favreau,200000,4505922,4305922,22.53,Yes,94,6.8,253,Yes,13.97,Under $10M,90-109 min,50-499,No
1770,Michael Collins,Michael Collins (1996),1996-10-25,1996,1990s,Oct,10,English,Drama,2,Neil Jordan,Liam Neeson,28000000,16900000,-11100000,0.604,Yes,132,6.7,97,Yes,8.31,$10M-40M,130-149 min,50-499,No
10280,Thinner,Thinner (1996),1996-10-25,1996,1990s,Oct,10,English,Horror,2,Tom Holland,Robert John Burke,,,,,No,92,5.5,124,Yes,7.87,Unknown,90-109 min,50-499,No
454,Romeo + Juliet,Romeo + Juliet (1996),1996-10-31,1996,1990s,Oct,10,English,Drama,2,Baz Luhrmann,Leonardo DiCaprio,14500000,147298761,132798761,10.159,Yes,120,6.7,1374,Yes,41.49,$10M-40M,110-129 min,"500-1,999",No
9400,Set It Off,Set It Off (1996),1996-11-06,1996,1990s,Nov,11,English,Drama,3,F. Gary Gray,Jada Pinkett Smith,9000000,41590886,32590886,4.621,Yes,118,6.9,66,Yes,6.72,Under $10M,110-129 min,50-499,No
3595,Ransom,Ransom (1996),1996-11-08,1996,1990s,Nov,11,English,Action,2,Ron Howard,Mel Gibson,80000000,309492681,229492681,3.869,Yes,117,6.4,470,Yes,16.41,$40M-100M,110-129 min,50-499,No
409,The English Patient,The English Patient (1996),1996-11-14,1996,1990s,Nov,11,English,Drama,3,Anthony Minghella,Ralph Fiennes,27000000,231976425,204976425,8.592,Yes,162,7.0,542,Yes,29.38,$10M-40M,150+ min,"500-1,999",No
2300,Space Jam,Space Jam (1996),1996-11-15,1996,1990s,Nov,11,English,Animation,5,Joe Pytka,Michael Jordan,80000000,250200000,170200000,3.128,Yes,88,6.5,1288,Yes,36.13,$40M-100M,Under 90 min,"500-1,999",No
9279,Jingle All the Way,Jingle All the Way (1996),1996-11-15,1996,1990s,Nov,11,English,Family,2,Brian Levant,Arnold Schwarzenegger,60000000,129832389,69832389,2.164,Yes,89,5.5,575,Yes,22.5,$40M-100M,Under 90 min,"500-1,999",No
25189,The Mirror Has Two Faces,The Mirror Has Two Faces (1996),1996-11-15,1996,1990s,Nov,11,English,Comedy,3,Barbra Streisand,Barbra Streisand,42000000,,,,No,126,6.5,47,No,3.84,$40M-100M,110-129 min,Under 50,No
199,Star Trek: First Contact,Star Trek: First Contact (1996),1996-11-21,1996,1990s,Nov,11,English,Science Fiction,4,Jonathan Frakes,Patrick Stewart,46000000,150000000,104000000,3.261,Yes,111,7.0,661,Yes,25.67,$40M-100M,110-129 min,"500-1,999",No
11228,Daylight,Daylight (1996),1996-12-06,1996,1990s,Dec,12,English,Action,3,Rob Cohen,Sylvester Stallone,80000000,159212469,79212469,1.99,Yes,115,5.8,378,Yes,16.68,$40M-100M,110-129 min,50-499,No
9390,Jerry Maguire,Jerry Maguire (1996),1996-12-06,1996,1990s,Dec,12,English,Comedy,3,Cameron Crowe,Tom Cruise,50000000,273552592,223552592,5.471,Yes,139,6.7,913,Yes,27.04,$40M-100M,130-149 min,"500-1,999",No
9716,Everyone Says I Love You,Everyone Says I Love You (1996),1996-12-06,1996,1990s,Dec,12,English,Music,3,Woody Allen,Drew Barrymore,20000000,,,,No,101,6.5,147,Yes,12.38,$10M-40M,90-109 min,50-499,No
75,Mars Attacks!,Mars Attacks! (1996),1996-12-12,1996,1990s,Dec,12,English,Comedy,3,Tim Burton,Jack Nicholson,70000000,101371017,31371017,1.448,Yes,106,6.1,1509,Yes,44.09,$40M-100M,90-109 min,"500-1,999",No
8818,Evita,Evita (1996),1996-12-14,1996,1990s,Dec,12,English,History,3,Alan Parker,Madonna,55000000,141047179,86047179,2.564,Yes,134,5.9,120,Yes,7.03,$40M-100M,130-149 min,50-499,No
3179,Beavis and Butt-Head Do America,Beavis and Butt-Head Do America (1996),1996-12-15,1996,1990s,Dec,12,English,Animation,2,Mike Judge,Mike Judge,12000000,,,,No,81,6.5,168,Yes,12.61,$10M-40M,Under 90 min,50-499,No
9819,Marvin's Room,Marvin's Room (1996),1996-12-18,1996,1990s,Dec,12,English,Drama,1,Jerry Zaks,Diane Keaton,,,,,No,98,6.6,124,Yes,6.13,Unknown,90-109 min,50-499,No
31908,Ghosts of Mississippi,Ghosts of Mississippi (1996),1996-12-20,1996,1990s,Dec,12,English,History,2,Rob Reiner,Alec Baldwin,,,,,No,130,6.2,40,No,8.1,Unknown,130-149 min,Under 50,No
17795,My Fellow Americans,My Fellow Americans (1996),1996-12-20,1996,1990s,Dec,12,English,Comedy,2,Peter Segal,Jack Lemmon,,,,,No,101,6.3,46,No,2.81,Unknown,90-109 min,Under 50,No
4232,Scream,Scream (1996),1996-12-20,1996,1990s,Dec,12,English,Crime,3,Wes Craven,David Arquette,14000000,173046663,159046663,12.36,Yes,111,7.0,1476,Yes,46.0,$10M-40M,110-129 min,"500-1,999",No
10549,Hamlet,Hamlet (1996),1996-12-25,1996,1990s,Dec,12,English,Drama,1,Kenneth Branagh,Kenneth Branagh,,,,,No,242,7.3,117,Yes,9.81,Unknown,150+ min,50-499,No
47452,Love and Death on Long Island,Love and Death on Long Island (1997),1997-01-01,1997,1990s,Jan,1,English,Drama,3,Richard Kwietniowski,John Hurt,,,,,No,93,6.9,11,No,0.93,Unknown,90-109 min,Under 50,No
55561,Clockwatchers,Clockwatchers (1997),1997-01-01,1997,1990s,Jan,1,English,Comedy,2,Jill Sprecher,Toni Collette,,,,,No,96,5.6,13,No,1.2,Unknown,90-109 min,Under 50,No
47686,Dream with the Fishes,Dream with the Fishes (1997),1997-01-01,1997,1990s,Jan,1,English,Comedy,1,Unknown,David Arquette,,,,,No,97,7.7,10,No,0.95,Unknown,90-109 min,Under 50,No
34314,Turbulence,Turbulence (1997),1997-01-09,1997,1990s,Jan,1,English,Action,3,Robert Butler,Ray Liotta,55000000,11466088,-43533912,0.208,Yes,100,5.2,62,Yes,4.7,$40M-100M,90-109 min,50-499,No
11015,The Relic,The Relic (1997),1997-01-10,1997,1990s,Jan,1,English,Horror,3,Peter Hyams,Penelope Ann Miller,60000000,33956608,-26043392,0.566,Yes,110,5.8,130,Yes,12.62,$40M-100M,110-129 min,50-499,No
14585,In the Company of Men,In the Company of Men (1997),1997-01-19,1997,1990s,Jan,1,English,Comedy,2,Neil LaBute,Aaron Eckhart,,,,,No,97,6.8,44,No,2.63,Unknown,90-109 min,Under 50,No
125052,Hurricane Streets,Hurricane Streets (1997),1997-01-21,1997,1990s,Jan,1,English,Romance,3,Morgan J. Freeman,Brendan Sexton III,,,,,No,86,4.8,4,No,0.36,Unknown,Under 90 min,Under 50,No
90414,"I Love You, Don't Touch Me!","I Love You, Don't Touch Me! (1997)",1997-01-21,1997,1990s,Jan,1,Other languages,Comedy,2,Julie Davis,Marla Schaffel,,,,,No,86,6.0,1,No,0.02,Unknown,Under 90 min,Under 50,No
26306,Prefontaine,Prefontaine (1997),1997-01-24,1997,1990s,Jan,1,English,Drama,2,Steve James,Jared Leto,8000000,589304,-7410696,0.074,Yes,106,6.7,21,No,8.72,Under $10M,90-109 min,Under 50,No
38153,Shadow Conspiracy,Shadow Conspiracy (1997),1997-01-31,1997,1990s,Jan,1,English,Action,2,George P. Cosmatos,Charlie Sheen,45000000,2154540,-42845460,0.048,Yes,103,4.0,11,No,3.85,$40M-100M,90-109 min,Under 50,No
10622,Mr. Nice Guy,Mr. Nice Guy (1997),1997-01-31,1997,1990s,Jan,1,Other languages,Crime,3,Sammo Hung,Jackie Chan,12716953,18814720,6097767,1.479,Yes,113,6.3,128,Yes,7.08,$10M-40M,110-129 min,50-499,No
9619,Dante's Peak,Dante's Peak (1997),1997-02-07,1997,1990s,Feb,2,English,Action,3,Roger Donaldson,Pierce Brosnan,116000000,178127760,62127760,1.536,Yes,108,5.7,428,Yes,16.9,$100M+,90-109 min,50-499,No
9311,Smilla's Sense of Snow,Smilla's Sense of Snow (1997),1997-02-13,1997,1990s,Feb,2,English,Action,5,Bille August,Julia Ormond,35000000,,,,No,121,6.6,60,Yes,5.42,$10M-40M,110-129 min,50-499,No
66,Absolute Power,Absolute Power (1997),1997-02-14,1997,1990s,Feb,2,English,Crime,3,Clint Eastwood,Clint Eastwood,50000000,50068310,68310,1.001,Yes,121,6.4,223,Yes,13.58,$40M-100M,110-129 min,50-499,No
9366,Donnie Brasco,Donnie Brasco (1997),1997-02-27,1997,1990s,Feb,2,English,Crime,3,Mike Newell,Johnny Depp,35000000,41954997,6954997,1.199,Yes,127,7.4,1147,Yes,40.37,$10M-40M,110-129 min,"500-1,999",No
4477,The Devil's Own,The Devil's Own (1997),1997-03-12,1997,1990s,Mar,3,English,Crime,3,Alan J. Pakula,Harrison Ford,90000000,140807547,50807547,1.565,Yes,107,5.9,290,Yes,15.35,$40M-100M,90-109 min,50-499,No
27322,Love Jones,Love Jones (1997),1997-03-14,1997,1990s,Mar,3,English,Comedy,3,Theodore Witcher,Larenz Tate,10000000,,,,No,104,8.1,12,No,1.0,$10M-40M,90-109 min,Under 50,No
1624,Liar Liar,Liar Liar (1997),1997-03-21,1997,1990s,Mar,3,English,Comedy,1,Tom Shadyac,Jim Carrey,45000000,181000000,136000000,4.022,Yes,86,6.4,1424,Yes,26.72,$40M-100M,Under 90 min,"500-1,999",No
16052,Selena,Selena (1997),1997-03-21,1997,1990s,Mar,3,English,Drama,1,Gregory Nava,Jennifer Lopez,20000000,60000000,40000000,3.0,Yes,127,7.0,114,Yes,6.93,$10M-40M,110-129 min,50-499,No
24662,Cats Don't Dance,Cats Don't Dance (1997),1997-03-26,1997,1990s,Mar,3,English,Animation,4,Mark Dindal,Scott Bakula,32000000,3566637,-28433363,0.111,Yes,75,7.1,24,No,4.1,$10M-40M,Under 90 min,Under 50,No
10003,The Saint,The Saint (1997),1997-04-03,1997,1990s,Apr,4,English,Thriller,5,Phillip Noyce,Val Kilmer,68000000,118063304,50063304,1.736,Yes,116,5.9,302,Yes,20.91,$40M-100M,110-129 min,50-499,No
2255,Chasing Amy,Chasing Amy (1997),1997-04-04,1997,1990s,Apr,4,English,Comedy,3,Kevin Smith,Ben Affleck,250000,12021272,11771272,48.085,Yes,113,6.7,433,Yes,20.6,Under $10M,110-129 min,50-499,No
9360,Anaconda,Anaconda (1997),1997-04-11,1997,1990s,Apr,4,English,Adventure,3,Luis Llosa,Jennifer Lopez,45000000,136885767,91885767,3.042,Yes,89,4.7,610,Yes,27.68,$40M-100M,Under 90 min,"500-1,999",No
9434,Grosse Pointe Blank,Grosse Pointe Blank (1997),1997-04-11,1997,1990s,Apr,4,English,Action,4,George Armitage,John Cusack,,28084357,,,No,107,6.9,275,Yes,13.82,Unknown,90-109 min,50-499,No
17139,Character,Character (1997),1997-04-17,1997,1990s,Apr,4,Other languages,Drama,3,Mike van Diem,Jan Decleir,4500000,,,,No,122,7.7,25,No,0.01,Under $10M,110-129 min,Under 50,No
13982,8 Heads in a Duffel Bag,8 Heads in a Duffel Bag (1997),1997-04-18,1997,1990s,Apr,4,English,Comedy,2,Tom Schulman,Joe Pesci,,,,,No,95,5.4,39,No,5.02,Unknown,90-109 min,Under 50,No
10357,Volcano,Volcano (1997),1997-04-25,1997,1990s,Apr,4,English,Science Fiction,4,Mick Jackson,Tommy Lee Jones,90000000,,,,No,104,5.2,376,Yes,19.84,$40M-100M,90-109 min,50-499,No
2163,Breakdown,Breakdown (1997),1997-05-02,1997,1990s,May,5,English,Drama,3,Jonathan Mostow,Kurt Russell,36000000,50159144,14159144,1.393,Yes,95,6.6,198,Yes,9.18,$10M-40M,90-109 min,50-499,No
49478,Warriors of Virtue,Warriors of Virtue (1997),1997-05-02,1997,1990s,May,5,English,Fantasy,3,Ronny Yu,Angus Macfadyen,,,,,No,103,4.7,9,No,0.91,Unknown,90-109 min,Under 50,No
816,Austin Powers: International Man of Mystery,Austin Powers: International Man of Mystery (1997),1997-05-02,1997,1990s,May,5,English,Science Fiction,3,Jay Roach,Mike Myers,16500000,67683989,51183989,4.102,Yes,94,6.5,1013,Yes,36.16,$10M-40M,90-109 min,"500-1,999",No
18,The Fifth Element,The Fifth Element (1997),1997-05-07,1997,1990s,May,5,English,Adventure,5,Luc Besson,Bruce Willis,90000000,263920180,173920180,2.932,Yes,126,7.3,3885,Yes,109.53,$40M-100M,110-129 min,"2,000-4,999",No
10217,The Sweet Hereafter,The Sweet Hereafter (1997),1997-05-14,1997,1990s,May,5,English,Drama,1,Atom Egoyan,Ian Holm,5000000,3263585,-1736415,0.653,Yes,112,6.8,103,Yes,7.67,Under $10M,110-129 min,50-499,No
330,The Lost World: Jurassic Park,The Lost World: Jurassic Park (1997),1997-05-23,1997,1990s,May,5,English,Adventure,3,Steven Spielberg,Jeff Goldblum,73000000,229074524,156074524,3.138,Yes,129,6.2,2487,Yes,2.5,$40M-100M,110-129 min,"2,000-4,999",No
1701,Con Air,Con Air (1997),1997-06-01,1997,1990s,Jun,6,English,Action,3,Simon West,Nicolas Cage,75000000,224012234,149012234,2.987,Yes,115,6.5,1270,Yes,45.15,$40M-100M,110-129 min,"500-1,999",No
70687,The Sticky Fingers of Time,The Sticky Fingers of Time (1997),1997-06-06,1997,1990s,Jun,6,English,Science Fiction,2,Hilary Brougher,Terumi Matthews,250000,,,,No,90,4.8,3,No,0.13,Under $10M,90-109 min,Under 50,No
1639,Speed 2: Cruise Control,Speed 2: Cruise Control (1997),1997-06-13,1997,1990s,Jun,6,English,Action,3,Jan de Bont,Sandra Bullock,160000000,164508066,4508066,1.028,Yes,121,4.1,434,Yes,23.34,$100M+,110-129 min,50-499,No
55306,Ulee's Gold,Ulee's Gold (1997),1997-06-13,1997,1990s,Jun,6,English,Drama,1,Victor Nunez,Peter Fonda,,,,,No,112,6.5,19,No,0.93,Unknown,110-129 min,Under 50,No
8874,My Best Friend's Wedding,My Best Friend's Wedding (1997),1997-06-19,1997,1990s,Jun,6,English,Comedy,2,P.J. Hogan,Julia Roberts,38000000,299288605,261288605,7.876,Yes,105,6.3,584,Yes,15.4,$10M-40M,90-109 min,"500-1,999",No
415,Batman & Robin,Batman & Robin (1997),1997-06-20,1997,1990s,Jun,6,English,Action,3,Joel Schumacher,George Clooney,125000000,238207122,113207122,1.906,Yes,125,4.2,1418,Yes,50.07,$100M+,110-129 min,"500-1,999",No
34941,The Last Time I Committed Suicide,The Last Time I Committed Suicide (1997),1997-06-20,1997,1990s,Jun,6,English,Drama,1,Stephen T. Kay,Thomas Jane,,,,,No,92,6.7,7,No,0.6,Unknown,90-109 min,Under 50,No
754,Face/Off,Face/Off (1997),1997-06-27,1997,1990s,Jun,6,English,Action,4,John Woo,John Travolta,80000000,245676146,165676146,3.071,Yes,138,6.8,1583,Yes,46.08,$40M-100M,130-149 min,"500-1,999",No
607,Men in Black,Men in Black (1997),1997-07-02,1997,1990s,Jul,7,English,Action,4,Barry Sonnenfeld,Tommy Lee Jones,90000000,589390539,499390539,6.549,Yes,98,6.9,4412,Yes,104.12,$40M-100M,90-109 min,"2,000-4,999",No
686,Contact,Contact (1997),1997-07-11,1997,1990s,Jul,7,English,Drama,3,Robert Zemeckis,Jodie Foster,90000000,171120329,81120329,1.901,Yes,150,7.2,1308,Yes,55.25,$40M-100M,150+ min,"500-1,999",No
17834,A Simple Wish,A Simple Wish (1997),1997-07-11,1997,1990s,Jul,7,English,Adventure,4,Michael Ritchie,Martin Short,28000000,8345056,-19654944,0.298,Yes,86,5.5,46,No,1.77,$10M-40M,Under 90 min,Under 50,No
128,Princess Mononoke,Princess Mononoke (1997),1997-07-12,1997,1990s,Jul,7,Other languages,Adventure,3,Hayao Miyazaki,Yōji Matsuda,26500000,159375308,132875308,6.014,Yes,134,8.2,1983,Yes,60.73,$10M-40M,130-149 min,"500-1,999",No
10603,George of the Jungle,George of the Jungle (1997),1997-07-15,1997,1990s,Jul,7,English,Adventure,4,Sam Weisman,Brendan Fraser,55000000,,,,No,92,5.4,496,Yes,22.57,$40M-100M,90-109 min,50-499,No
9092,Snow White: A Tale of Terror,Snow White: A Tale of Terror (1997),1997-07-18,1997,1990s,Jul,7,English,Fantasy,2,Michael Cohn,Sigourney Weaver,26000000,,,,No,100,6.0,62,Yes,4.81,$10M-40M,90-109 min,50-499,No
11676,Nothing to Lose,Nothing to Lose (1997),1997-07-18,1997,1990s,Jul,7,English,Action,3,Steve Oedekerk,Tim Robbins,25000000,,,,No,97,6.3,174,Yes,8.62,$10M-40M,90-109 min,50-499,No
9772,Air Force One,Air Force One (1997),1997-07-25,1997,1990s,Jul,7,English,Action,2,Wolfgang Petersen,Harrison Ford,85000000,315156409,230156409,3.708,Yes,124,6.2,840,Yes,36.39,$40M-100M,110-129 min,"500-1,999",No
10336,Spawn,Spawn (1997),1997-07-31,1997,1990s,Jul,7,English,Action,6,Mark A.Z. Dippé,Michael Jai White,40000000,87840042,47840042,2.196,Yes,96,5.0,336,Yes,19.83,$40M-100M,90-109 min,50-499,No
20737,Air Bud,Air Bud (1997),1997-08-01,1997,1990s,Aug,8,English,Comedy,3,Charles Martin Smith,Kevin Zegers,3000000,23144499,20144499,7.715,Yes,98,5.3,106,Yes,11.24,Under $10M,90-109 min,50-499,No
21334,Children of Heaven,Children of Heaven (1997),1997-08-01,1997,1990s,Aug,8,Other languages,Drama,3,Majid Majidi,Mohammad Amir Naji,180000,900000,720000,5.0,Yes,89,7.8,112,Yes,7.07,Under $10M,Under 90 min,50-499,No
28353,Def Jam's How to Be a Player,Def Jam's How to Be a Player (1997),1997-08-06,1997,1990s,Aug,8,English,Comedy,2,Lionel C. Martin,Bill Bellamy,,13960203,,,No,93,5.3,8,No,1.2,Unknown,90-109 min,Under 50,No
8834,Conspiracy Theory,Conspiracy Theory (1997),1997-08-07,1997,1990s,Aug,8,English,Action,4,Richard Donner,Mel Gibson,75000000,136982834,61982834,1.826,Yes,135,6.5,431,Yes,22.18,$40M-100M,130-149 min,50-499,No
9427,The Full Monty,The Full Monty (1997),1997-08-13,1997,1990s,Aug,8,English,Comedy,1,Peter Cattaneo,Robert Carlyle,3500000,257850122,254350122,73.671,Yes,91,6.8,363,Yes,17.0,Under $10M,90-109 min,50-499,No
8413,Event Horizon,Event Horizon (1997),1997-08-15,1997,1990s,Aug,8,English,Horror,3,Paul W.S. Anderson,Laurence Fishburne,60000000,26673242,-33326758,0.445,Yes,96,6.5,742,Yes,29.79,$40M-100M,90-109 min,"500-1,999",No
8854,Steel,Steel (1997),1997-08-15,1997,1990s,Aug,8,English,Science Fiction,3,Kenneth Johnson,Shaquille O'Neal,16000000,1686429,-14313571,0.105,Yes,97,4.3,48,No,2.85,$10M-40M,90-109 min,Under 50,No
2142,Cop Land,Cop Land (1997),1997-08-15,1997,1990s,Aug,8,English,Action,3,James Mangold,Sylvester Stallone,15000000,44862187,29862187,2.991,Yes,104,6.6,382,Yes,19.28,$10M-40M,90-109 min,50-499,No
4421,G.I. Jane,G.I. Jane (1997),1997-08-22,1997,1990s,Aug,8,English,Action,2,Ridley Scott,Demi Moore,50000000,48169156,-1830844,0.963,Yes,125,6.0,395,Yes,19.43,$40M-100M,110-129 min,50-499,No
9416,Money Talks,Money Talks (1997),1997-08-22,1997,1990s,Aug,8,English,Action,3,Brett Ratner,Chris Tucker,,,,,No,97,5.9,87,Yes,7.62,Unknown,90-109 min,50-499,No
25719,Shooting Fish,Shooting Fish (1997),1997-08-22,1997,1990s,Aug,8,English,Crime,3,Stefan Schwartz,Dan Futterman,3000000,302204,-2697796,0.101,Yes,109,7.0,23,No,1.2,Under $10M,90-109 min,Under 50,No
2639,Deconstructing Harry,Deconstructing Harry (1997),1997-08-26,1997,1990s,Aug,8,English,Comedy,2,Woody Allen,Woody Allen,20000000,10686841,-9313159,0.534,Yes,96,7.3,187,Yes,11.35,$10M-40M,90-109 min,50-499,No
22913,24 7: Twenty Four Seven,24 7: Twenty Four Seven (1997),1997-08-31,1997,1990s,Aug,8,English,Comedy,3,Shane Meadows,Bob Hoskins,,,,,No,96,6.3,10,No,0.74,Unknown,90-109 min,Under 50,No
9433,The Edge,The Edge (1997),1997-09-06,1997,1990s,Sep,9,English,Action,3,Lee Tamahori,Alec Baldwin,,43312294,,,No,117,6.7,349,Yes,20.63,Unknown,110-129 min,50-499,No
8675,Orgazmo,Orgazmo (1997),1997-09-06,1997,1990s,Sep,9,English,Comedy,1,Trey Parker,Trey Parker,1000000,,,,No,94,6.2,115,Yes,5.07,Under $10M,90-109 min,50-499,No
782,Gattaca,Gattaca (1997),1997-09-07,1997,1990s,Sep,9,English,Thriller,4,Andrew Niccol,Ethan Hawke,36000000,12532777,-23467223,0.348,Yes,106,7.5,1808,Yes,70.4,$10M-40M,90-109 min,"500-1,999",No
45153,Eve's Bayou,Eve's Bayou (1997),1997-09-07,1997,1990s,Sep,9,English,Drama,1,Kasi Lemmons,Jurnee Smollett,,,,,No,109,6.1,27,No,1.13,Unknown,90-109 min,Under 50,No
32456,Two Girls and a Guy,Two Girls and a Guy (1997),1997-09-07,1997,1990s,Sep,9,English,Drama,2,James Toback,Robert Downey Jr.,1000000,2057193,1057193,2.057,Yes,84,5.4,24,No,4.87,Under $10M,Under 90 min,Under 50,No
29193,The Spanish Prisoner,The Spanish Prisoner (1997),1997-09-08,1997,1990s,Sep,9,English,Crime,4,David Mamet,Steve Martin,10000000,13835130,3835130,1.384,Yes,110,7.1,73,Yes,3.09,$10M-40M,110-129 min,50-499,No
431,Cube,Cube (1997),1997-09-09,1997,1990s,Sep,9,English,Thriller,3,Vincenzo Natali,Nicole de Boer,250000,501818,251818,2.007,Yes,90,6.9,1069,Yes,44.66,Under $10M,90-109 min,"500-1,999",No
10806,In & Out,In & Out (1997),1997-09-10,1997,1990s,Sep,9,English,Comedy,2,Frank Oz,Kevin Kline,35000000,,,,No,90,6.3,177,Yes,11.9,$10M-40M,90-109 min,50-499,No
4995,Boogie Nights,Boogie Nights (1997),1997-09-11,1997,1990s,Sep,9,English,Drama,1,Paul Thomas Anderson,Mark Wahlberg,15000000,43101594,28101594,2.873,Yes,155,7.5,796,Yes,19.86,$10M-40M,150+ min,"500-1,999",No
51955,Hav Plenty,Hav Plenty (1997),1997-09-11,1997,1990s,Sep,9,English,Action,5,Christopher Scott Cherot,Christopher Scott Cherot,,,,,No,92,,0,No,0.0,Unknown,90-109 min,Under 50,No
978,Seven Years in Tibet,Seven Years in Tibet (1997),1997-09-12,1997,1990s,Sep,9,English,Adventure,3,Jean-Jacques Annaud,Brad Pitt,70000000,131457682,61457682,1.878,Yes,136,7.0,630,Yes,16.93,$40M-100M,130-149 min,"500-1,999",No
2649,The Game,The Game (1997),1997-09-12,1997,1990s,Sep,9,English,Drama,3,David Fincher,Michael Douglas,50000000,109423648,59423648,2.188,Yes,129,7.5,1506,Yes,62.93,$40M-100M,110-129 min,"500-1,999",No
2118,L.A. Confidential,L.A. Confidential (1997),1997-09-19,1997,1990s,Sep,9,English,Crime,4,Curtis Hanson,Kevin Spacey,35000000,126216940,91216940,3.606,Yes,138,7.7,1310,Yes,24.86,$10M-40M,130-149 min,"500-1,999",No
6623,The Peacemaker,The Peacemaker (1997),1997-09-26,1997,1990s,Sep,9,English,Action,2,Mimi Leder,George Clooney,50000000,,,,No,124,5.8,255,Yes,15.93,$40M-100M,110-129 min,50-499,No
29461,Soul Food,Soul Food (1997),1997-09-26,1997,1990s,Sep,9,English,Comedy,2,"George Tillman, Jr.",Vivica A. Fox,,,,,No,114,6.6,19,No,4.11,Unknown,110-129 min,Under 50,No
68924,The Ice Storm,The Ice Storm (1997),1997-09-27,1997,1990s,Sep,9,English,Drama,1,Ang Lee,Kevin Kline,18000000,8038061,-9961939,0.447,Yes,112,6.9,176,Yes,14.92,$10M-40M,110-129 min,50-499,No
9437,Kiss the Girls,Kiss the Girls (1997),1997-10-03,1997,1990s,Oct,10,English,Drama,4,Gary Fleder,Morgan Freeman,27000000,60527873,33527873,2.242,Yes,115,6.2,345,Yes,18.91,$10M-40M,110-129 min,50-499,No
2895,The Apostle,The Apostle (1997),1997-10-09,1997,1990s,Oct,10,English,Drama,1,Robert Duvall,Robert Duvall,5000000,,,,No,134,6.1,38,No,4.23,Under $10M,130-149 min,Under 50,No
115872,The Chambermaid on the Titanic,The Chambermaid on the Titanic (1997),1997-10-10,1997,1990s,Oct,10,English,Drama,1,Bigas Luna,Olivier Martinez,,,,,No,100,5.3,3,No,1.03,Unknown,90-109 min,Under 50,No
64559,The Swindle,The Swindle (1997),1997-10-15,1997,1990s,Oct,10,Other languages,Comedy,3,Claude Chabrol,Michel Serrault,,,,,No,105,6.4,5,No,0.63,Unknown,90-109 min,Under 50,No
1813,The Devil's Advocate,The Devil's Advocate (1997),1997-10-17,1997,1990s,Oct,10,English,Drama,4,Taylor Hackford,Keanu Reeves,57000000,152944660,95944660,2.683,Yes,144,7.2,1374,Yes,33.85,$40M-100M,130-149 min,"500-1,999",No
3597,I Know What You Did Last Summer,I Know What You Did Last Summer (1997),1997-10-17,1997,1990s,Oct,10,English,Horror,3,Jim Gillespie,Jennifer Love Hewitt,17000000,125586134,108586134,7.387,Yes,100,5.6,687,Yes,27.65,$10M-40M,90-109 min,"500-1,999",No
15800,Trekkies,Trekkies (1997),1997-10-18,1997,1990s,Oct,10,English,Documentary,1,Roger Nygard,Denise Crosby,,,,,No,86,6.3,22,No,2.78,Unknown,Under 90 min,Under 50,No
10871,Switchback,Switchback (1997),1997-10-31,1997,1990s,Oct,10,English,Action,4,Jeb Stuart,Dennis Quaid,37000000,6482195,-30517805,0.175,Yes,118,5.8,52,Yes,4.13,$10M-40M,110-129 min,50-499,No
61337,Critical Care,Critical Care (1997),1997-10-31,1997,1990s,Oct,10,English,Comedy,2,Sidney Lumet,James Spader,,,,,No,107,6.1,9,No,2.68,Unknown,90-109 min,Under 50,No
563,Starship Troopers,Starship Troopers (1997),1997-11-06,1997,1990s,Nov,11,English,Adventure,4,Paul Verhoeven,Casper Van Dien,105000000,121214377,16214377,1.154,Yes,129,6.7,1560,Yes,58.78,$100M+,110-129 min,"500-1,999",No
36095,Cure,Cure (1997),1997-11-06,1997,1990s,Nov,11,Other languages,Crime,4,Kiyoshi Kurosawa,Koji Yakusho,20000,99000,79000,4.95,Yes,111,7.4,63,Yes,0.21,Under $10M,110-129 min,50-499,No
9770,Mad City,Mad City (1997),1997-11-07,1997,1990s,Nov,11,English,Action,3,Costa-Gavras,John Travolta,50000000,10541523,-39458477,0.211,Yes,114,5.9,81,Yes,3.31,$40M-100M,110-129 min,50-499,No
8078,Alien: Resurrection,Alien: Resurrection (1997),1997-11-12,1997,1990s,Nov,11,English,Science Fiction,3,Jean-Pierre Jeunet,Sigourney Weaver,70000000,162000000,92000000,2.314,Yes,109,5.9,1365,Yes,37.45,$40M-100M,90-109 min,"500-1,999",No
4824,The Jackal,The Jackal (1997),1997-11-14,1997,1990s,Nov,11,English,Action,4,Michael Caton-Jones,Bruce Willis,60000000,159330280,99330280,2.656,Yes,124,6.1,527,Yes,19.75,$40M-100M,110-129 min,"500-1,999",No
9414,The Man Who Knew Too Little,The Man Who Knew Too Little (1997),1997-11-14,1997,1990s,Nov,11,English,Comedy,4,Jon Amiel,Bill Murray,20000000,13801755,-6198245,0.69,Yes,97,6.5,125,Yes,6.4,$10M-40M,90-109 min,50-499,No
597,Titanic,Titanic (1997),1997-11-18,1997,1990s,Nov,11,English,Drama,3,James Cameron,Kate Winslet,200000000,1845034188,1645034188,9.225,Yes,194,7.5,7562,Yes,100.03,$100M+,150+ min,"5,000+",No
11975,The Rainmaker,The Rainmaker (1997),1997-11-18,1997,1990s,Nov,11,English,Drama,3,Francis Ford Coppola,Matt Damon,40000000,45916769,5916769,1.148,Yes,135,6.7,235,Yes,12.23,$40M-100M,130-149 min,50-499,No
9444,Anastasia,Anastasia (1997),1997-11-20,1997,1990s,Nov,11,English,Animation,2,Gary Goldman,Meg Ryan,53000000,139804348,86804348,2.638,Yes,94,7.4,1432,Yes,45.57,$40M-100M,90-109 min,"500-1,999",No
8197,Midnight in the Garden of Good and Evil,Midnight in the Garden of Good and Evil (1997),1997-11-21,1997,1990s,Nov,11,English,Crime,4,Clint Eastwood,John Cusack,35000000,25105255,-9894745,0.717,Yes,155,6.3,157,Yes,5.53,$10M-40M,150+ min,50-499,No
9823,Mortal Kombat: Annihilation,Mortal Kombat: Annihilation (1997),1997-11-21,1997,1990s,Nov,11,English,Action,3,John R. Leonetti,Robin Shou,30000000,51376861,21376861,1.713,Yes,95,3.8,221,Yes,11.92,$10M-40M,90-109 min,50-499,No
9574,Flubber,Flubber (1997),1997-11-26,1997,1990s,Nov,11,English,Comedy,3,Les Mayfield,Robin Williams,80000000,177977226,97977226,2.225,Yes,93,5.3,695,Yes,11.5,$40M-100M,90-109 min,"500-1,999",No
11831,Amistad,Amistad (1997),1997-12-03,1997,1990s,Dec,12,English,Drama,3,Steven Spielberg,Morgan Freeman,36000000,74000000,38000000,2.056,Yes,155,6.8,316,Yes,3.7,$10M-40M,150+ min,50-499,No
9449,The Borrowers,The Borrowers (1997),1997-12-05,1997,1990s,Dec,12,English,Adventure,5,Peter Hewitt,John Goodman,29000000,,,,No,86,5.8,135,Yes,10.36,$10M-40M,Under 90 min,50-499,No
489,Good Will Hunting,Good Will Hunting (1997),1997-12-05,1997,1990s,Dec,12,English,Drama,1,Gus Van Sant,Robin Williams,10000000,225933435,215933435,22.593,Yes,126,7.9,2811,Yes,43.73,$10M-40M,110-129 min,"2,000-4,999",No
4233,Scream 2,Scream 2 (1997),1997-12-09,1997,1990s,Dec,12,English,Horror,2,Wes Craven,David Arquette,24000000,172363301,148363301,7.182,Yes,120,6.1,840,Yes,35.24,$10M-40M,110-129 min,"500-1,999",No
714,Tomorrow Never Dies,Tomorrow Never Dies (1997),1997-12-11,1997,1990s,Dec,12,English,Adventure,3,Roger Spottiswoode,Pierce Brosnan,110000000,333011068,223011068,3.027,Yes,119,6.0,925,Yes,42.89,$100M+,110-129 min,"500-1,999",No
2898,As Good as It Gets,As Good as It Gets (1997),1997-12-19,1997,1990s,Dec,12,English,Comedy,2,James L. Brooks,Jack Nicholson,50000000,314178011,264178011,6.284,Yes,139,7.2,915,Yes,37.89,$40M-100M,130-149 min,"500-1,999",No
6116,Spice World,Spice World (1997),1997-12-19,1997,1990s,Dec,12,English,Adventure,5,Bob Spiers,Victoria Beckham,25000000,100000000,75000000,4.0,Yes,93,4.7,123,Yes,6.89,$10M-40M,90-109 min,50-499,No
184,Jackie Brown,Jackie Brown (1997),1997-12-24,1997,1990s,Dec,12,English,Comedy,3,Quentin Tarantino,Pam Grier,12000000,39673162,27673162,3.306,Yes,154,7.3,1514,Yes,40.63,$10M-40M,150+ min,"500-1,999",No
9922,The Postman,The Postman (1997),1997-12-25,1997,1990s,Dec,12,English,Drama,2,Kevin Costner,Kevin Costner,80000000,17626234,-62373766,0.22,Yes,177,6.1,299,Yes,14.56,$40M-100M,150+ min,50-499,No
9746,Kundun,Kundun (1997),1997-12-25,1997,1990s,Dec,12,English,Drama,1,Martin Scorsese,Tenzin Thuthob Tsarong,28000000,5684789,-22315211,0.203,Yes,134,6.8,91,Yes,7.04,$10M-40M,130-149 min,50-499,No
586,Wag the Dog,Wag the Dog (1997),1997-12-25,1997,1990s,Dec,12,English,Comedy,2,Barry Levinson,Dustin Hoffman,15000000,64256513,49256513,4.284,Yes,97,6.7,270,Yes,13.58,$10M-40M,90-109 min,50-499,No
39780,Oscar and Lucinda,Oscar and Lucinda (1997),1997-12-31,1997,1990s,Dec,12,English,Drama,2,Gillian Armstrong,Ralph Fiennes,,,,,No,132,6.2,25,No,0.14,Unknown,130-149 min,Under 50,No
17644,Barney's Great Adventure,Barney's Great Adventure (1998),1998-01-01,1998,1990s,Jan,1,English,Family,1,Steve Gomer,Unknown,,,,,No,76,2.9,8,No,0.72,Unknown,Under 90 min,Under 50,No
111794,20 Dates,20 Dates (1998),1998-01-01,1998,1990s,Jan,1,English,Romance,2,Myles Berkowitz,Myles Berkowitz,,,,,No,87,3.7,3,No,0.41,Unknown,Under 90 min,Under 50,No
11258,Hard Rain,Hard Rain (1998),1998-01-16,1998,1990s,Jan,1,English,Thriller,1,Mikael Salomon,Morgan Freeman,70000000,19870567,-50129433,0.284,Yes,97,5.5,179,Yes,10.93,$40M-100M,90-109 min,50-499,No
9490,Half Baked,Half Baked (1998),1998-01-16,1998,1990s,Jan,1,English,Comedy,2,Tamra Davis,Dave Chappelle,8000000,17460020,9460020,2.183,Yes,82,6.4,177,Yes,7.89,Under $10M,Under 90 min,50-499,No
666,Central Station,Central Station (1998),1998-01-16,1998,1990s,Jan,1,Other languages,Drama,1,Walter Salles,Fernanda Montenegro,2900000,5596708,2696708,1.93,Yes,113,7.6,126,Yes,5.93,Under $10M,110-129 min,50-499,No
20862,Smoke Signals,Smoke Signals (1998),1998-01-16,1998,1990s,Jan,1,English,Drama,2,Chris Eyre,Adam Beach,,,,,No,89,6.6,24,No,2.3,Unknown,Under 90 min,Under 50,No
9464,Buffalo '66,Buffalo '66 (1998),1998-01-20,1998,1990s,Jan,1,English,Romance,4,Vincent Gallo,Vincent Gallo,1500000,2375097,875097,1.583,Yes,110,7.1,166,Yes,10.01,Under $10M,110-129 min,50-499,No
3033,Gods and Monsters,Gods and Monsters (1998),1998-01-21,1998,1990s,Jan,1,English,Drama,1,Bill Condon,Ian McKellen,10000000,6451628,-3548372,0.645,Yes,105,6.8,81,Yes,5.59,$10M-40M,90-109 min,50-499,No
9457,Deep Rising,Deep Rising (1998),1998-01-30,1998,1990s,Jan,1,English,Adventure,4,Stephen Sommers,Treat Williams,45000000,11203026,-33796974,0.249,Yes,106,6.0,154,Yes,6.51,$40M-100M,90-109 min,50-499,No
16148,Zero Effect,Zero Effect (1998),1998-01-30,1998,1990s,Jan,1,English,Comedy,4,Jake Kasdan,Bill Pullman,5000000,1980338,-3019662,0.396,Yes,116,6.0,55,Yes,2.73,Under $10M,110-129 min,50-499,No
57943,The Love Letter,The Love Letter (1998),1998-02-01,1998,1990s,Feb,2,English,Comedy,4,Dan Curtis,Campbell Scott,,,,,No,98,4.7,3,No,0.12,Unknown,90-109 min,Under 50,No
11702,The Replacement Killers,The Replacement Killers (1998),1998-02-06,1998,1990s,Feb,2,English,Action,4,Antoine Fuqua,Chow Yun-fat,30000000,19204929,-10795071,0.64,Yes,87,6.0,127,Yes,9.61,$10M-40M,Under 90 min,50-499,No
10353,The Visitors II: The Corridors of Time,The Visitors II: The Corridors of Time (1998),1998-02-11,1998,1990s,Feb,2,Other languages,Comedy,2,Jean-Marie Poiré,Christian Clavier,,,,,No,118,5.8,221,Yes,12.28,Unknown,110-129 min,50-499,No
65749,Tango,Tango (1998),1998-02-12,1998,1990s,Feb,2,Other languages,Drama,3,Carlos Saura,Miguel Ángel Solá,,,,,No,115,6.8,6,No,0.43,Unknown,110-129 min,Under 50,No
10153,Sphere,Sphere (1998),1998-02-13,1998,1990s,Feb,2,English,Science Fiction,1,Barry Levinson,Dustin Hoffman,75000000,13100000,-61900000,0.175,Yes,134,5.8,476,Yes,18.66,$40M-100M,130-149 min,50-499,No
78149,"An Alan Smithee Film: Burn, Hollywood, Burn","An Alan Smithee Film: Burn, Hollywood, Burn (1998)",1998-02-20,1998,1990s,Feb,2,English,Comedy,1,Alan Smithee,Jackie Chan,10000000,45779,-9954221,0.005,Yes,86,3.0,9,No,0.67,$10M-40M,Under 90 min,Under 50,No
2666,Dark City,Dark City (1998),1998-02-27,1998,1990s,Feb,2,English,Mystery,2,Alex Proyas,Rufus Sewell,27000000,27200316,200316,1.007,Yes,100,7.2,828,Yes,39.32,$10M-40M,90-109 min,"500-1,999",No
9422,A Civil Action,A Civil Action (1998),1998-03-05,1998,1990s,Mar,3,English,Drama,1,Steven Zaillian,John Travolta,70000000,56702901,-13297099,0.81,Yes,115,6.1,109,Yes,10.15,$40M-100M,110-129 min,50-499,No
100,"Lock, Stock and Two Smoking Barrels","Lock, Stock and Two Smoking Barrels (1998)",1998-03-05,1998,1990s,Mar,3,English,Comedy,2,Guy Ritchie,Jason Flemyng,1350000,3897569,2547569,2.887,Yes,105,7.5,1648,Yes,16.03,Under $10M,90-109 min,"500-1,999",No
115,The Big Lebowski,The Big Lebowski (1998),1998-03-06,1998,1990s,Mar,3,English,Comedy,2,Joel Coen,Jeff Bridges,15000000,46189568,31189568,3.079,Yes,117,7.8,2926,Yes,49.23,$10M-40M,110-129 min,"2,000-4,999",No
9313,The Man in the Iron Mask,The Man in the Iron Mask (1998),1998-03-12,1998,1990s,Mar,3,English,Action,3,Randall Wallace,Leonardo DiCaprio,,,,,No,132,6.3,1018,Yes,28.98,Unknown,130-149 min,"500-1,999",No
31535,Chairman of the Board,Chairman of the Board (1998),1998-03-13,1998,1990s,Mar,3,English,Comedy,1,Alex Zamm,Scott 'Carrot Top' Thompson,,,,,No,95,2.7,13,No,0.59,Unknown,90-109 min,Under 50,No
9440,Primary Colors,Primary Colors (1998),1998-03-20,1998,1990s,Mar,3,English,Comedy,2,Mike Nichols,John Travolta,65000000,,,,No,143,6.1,94,Yes,9.11,$40M-100M,130-149 min,50-499,No
617,Wild Things,Wild Things (1998),1998-03-20,1998,1990s,Mar,3,English,Crime,3,John McNaughton,Matt Dillon,20000000,67200000,47200000,3.36,Yes,108,6.3,444,Yes,25.04,$10M-40M,90-109 min,50-499,No
42807,The Newton Boys,The Newton Boys (1998),1998-03-26,1998,1990s,Mar,3,English,Crime,3,Richard Linklater,Matthew McConaughey,27000000,76000000,49000000,2.815,Yes,113,5.9,44,No,3.12,$10M-40M,110-129 min,Under 50,No
40688,Meet the Deedles,Meet the Deedles (1998),1998-03-27,1998,1990s,Mar,3,English,Animation,3,Steve Boyum,Paul Walker,24000000,4562146,-19437854,0.19,Yes,93,4.1,19,No,2.35,$10M-40M,90-109 min,Under 50,No
2157,Lost in Space,Lost in Space (1998),1998-04-03,1998,1990s,Apr,4,English,Adventure,3,Stephen Hopkins,Gary Oldman,80000000,136159423,56159423,1.702,Yes,130,5.0,388,Yes,17.46,$40M-100M,130-149 min,50-499,No
8838,Mercury Rising,Mercury Rising (1998),1998-04-03,1998,1990s,Apr,4,English,Action,4,Harold Becker,Bruce Willis,60000000,,,,No,111,6.0,368,Yes,18.88,$40M-100M,110-129 min,50-499,No
19848,The Players Club,The Players Club (1998),1998-04-08,1998,1990s,Apr,4,English,Drama,1,Ice Cube,LisaRaye McCoy,,,,,No,104,6.4,14,No,5.77,Unknown,90-109 min,Under 50,No
795,City of Angels,City of Angels (1998),1998-04-10,1998,1990s,Apr,4,English,Drama,3,Brad Silberling,Nicolas Cage,55000000,198685114,143685114,3.612,Yes,114,6.4,529,Yes,21.27,$40M-100M,110-129 min,"500-1,999",No
9945,Vampires,Vampires (1998),1998-04-15,1998,1990s,Apr,4,English,Action,5,John Carpenter,James Woods,20000000,,,,No,108,5.8,255,Yes,17.02,$10M-40M,90-109 min,50-499,No
17127,The Object of My Affection,The Object of My Affection (1998),1998-04-17,1998,1990s,Apr,4,English,Comedy,3,Nicholas Hytner,Jennifer Aniston,15000000,46905889,31905889,3.127,Yes,111,5.6,72,Yes,5.16,$10M-40M,110-129 min,50-499,No
125263,Broken Vessels,Broken Vessels (1998),1998-04-18,1998,1990s,Apr,4,English,Drama,1,Scott Ziehl,Todd Field,,,,,No,90,6.0,2,No,0.07,Unknown,90-109 min,Under 50,No
161795,Déjà Vu,Déjà Vu (1998),1998-04-22,1998,1990s,Apr,4,English,Romance,2,Henry Jaglom,Stephen Dillane,,,,,No,117,8.0,1,No,0.61,Unknown,110-129 min,Under 50,No
10215,Sliding Doors,Sliding Doors (1998),1998-04-23,1998,1990s,Apr,4,English,Comedy,4,Peter Howitt,Gwyneth Paltrow,6000000,58000000,52000000,9.667,Yes,99,6.5,354,Yes,15.64,Under $10M,90-109 min,50-499,No
9448,The Big Hit,The Big Hit (1998),1998-04-24,1998,1990s,Apr,4,English,Action,4,Kirk Wong,Mark Wahlberg,13000000,27007143,14007143,2.077,Yes,91,6.1,109,Yes,6.43,$10M-40M,90-109 min,50-499,No
9469,He Got Game,He Got Game (1998),1998-05-01,1998,1990s,May,5,English,Drama,1,Spike Lee,Denzel Washington,25000000,21567853,-3432147,0.863,Yes,136,6.7,134,Yes,10.23,$10M-40M,130-149 min,50-499,No
78373,"Dancer, Texas Pop. 81","Dancer, Texas Pop. 81 (1998)",1998-05-01,1998,1990s,May,5,English,Comedy,3,Tim McCanlies,Breckin Meyer,,565592,,,No,97,10.0,1,No,0.38,Unknown,90-109 min,Under 50,No
8656,Deep Impact,Deep Impact (1998),1998-05-08,1998,1990s,May,5,English,Action,3,Mimi Leder,Robert Duvall,75000000,140464664,65464664,1.873,Yes,120,5.9,855,Yes,34.07,$40M-100M,110-129 min,"500-1,999",No
58680,Woo,Woo (1998),1998-05-08,1998,1990s,May,5,English,Comedy,2,Daisy von Scherler Mayer,Jada Pinkett Smith,13000000,8026971,-4973029,0.617,Yes,84,5.5,10,No,1.75,$10M-40M,Under 90 min,Under 50,No
547,The Horse Whisperer,The Horse Whisperer (1998),1998-05-14,1998,1990s,May,5,English,Drama,2,Robert Redford,Robert Redford,60000000,186883563,126883563,3.115,Yes,170,6.7,292,Yes,12.87,$40M-100M,150+ min,50-499,No
18937,Quest for Camelot,Quest for Camelot (1998),1998-05-15,1998,1990s,May,5,English,Fantasy,5,Frederik Du Chau,Jessalyn Gilsig,40000000,38172500,-1827500,0.954,Yes,86,6.9,190,Yes,16.06,$40M-100M,Under 90 min,50-499,No
9452,Bulworth,Bulworth (1998),1998-05-15,1998,1990s,May,5,English,Comedy,2,Warren Beatty,Warren Beatty,30000000,29202884,-797116,0.973,Yes,108,6.3,66,Yes,4.52,$10M-40M,90-109 min,50-499,No
50942,Creature,Creature (1998),1998-05-17,1998,1990s,May,5,English,Horror,3,Stuart Gillard,Craig T. Nelson,,,,,No,176,4.0,21,No,2.86,Unknown,150+ min,Under 50,No
309,The Celebration,The Celebration (1998),1998-05-20,1998,1990s,May,5,Other languages,Drama,1,Thomas Vinterberg,Ulrich Thomsen,1300000,,,,No,105,7.7,207,Yes,10.24,Under $10M,90-109 min,50-499,No
91076,Illuminata,Illuminata (1998),1998-05-21,1998,1990s,May,5,English,Drama,1,John Turturro,John Turturro,,,,,No,119,6.3,7,No,0.11,Unknown,110-129 min,Under 50,No
1878,Fear and Loathing in Las Vegas,Fear and Loathing in Las Vegas (1998),1998-05-22,1998,1990s,May,5,English,Adventure,3,Terry Gilliam,Johnny Depp,18500000,10680275,-7819725,0.577,Yes,118,7.2,1301,Yes,44.51,$10M-40M,110-129 min,"500-1,999",No
40505,I Got the Hook Up,I Got the Hook Up (1998),1998-05-27,1998,1990s,May,5,English,Action,2,Michael Martin,Master P,,,,,No,93,5.4,8,No,0.59,Unknown,90-109 min,Under 50,No
9715,Hope Floats,Hope Floats (1998),1998-05-29,1998,1990s,May,5,English,Drama,2,Forest Whitaker,Sandra Bullock,,,,,No,114,5.8,81,Yes,7.92,Unknown,110-129 min,50-499,No
37165,The Truman Show,The Truman Show (1998),1998-06-04,1998,1990s,Jun,6,English,Comedy,2,Peter Weir,Jim Carrey,60000000,264118201,204118201,4.402,Yes,103,7.8,4537,Yes,56.49,$40M-100M,90-109 min,"2,000-4,999",No
162396,The Big Swap,The Big Swap (1998),1998-06-11,1998,1990s,Jun,6,English,No genre,0,Niall Johnson,Mark Adams,,,,,No,,,0,No,0.63,Unknown,Unknown,Under 50,No
6068,Six Days Seven Nights,Six Days Seven Nights (1998),1998-06-12,1998,1990s,Jun,6,English,Action,4,Ivan Reitman,Harrison Ford,70000000,164000000,94000000,2.343,Yes,98,5.6,332,Yes,18.26,$40M-100M,90-109 min,50-499,No
14577,Dirty Work,Dirty Work (1998),1998-06-12,1998,1990s,Jun,6,English,Comedy,1,Bob Saget,Norm Macdonald,,,,,No,82,6.5,66,Yes,9.07,Unknown,Under 90 min,50-499,No
15037,Can't Hardly Wait,Can't Hardly Wait (1998),1998-06-12,1998,1990s,Jun,6,English,Comedy,3,Deborah Kaplan,Jennifer Love Hewitt,10000000,25605015,15605015,2.561,Yes,100,6.1,122,Yes,11.35,$10M-40M,90-109 min,50-499,No
89861,Stiff Upper Lips,Stiff Upper Lips (1998),1998-06-12,1998,1990s,Jun,6,English,Comedy,1,Gary Sinyor,Georgina Cates,,,,,No,99,10.0,1,No,0.36,Unknown,90-109 min,Under 50,No
10674,Mulan,Mulan (1998),1998-06-18,1998,1990s,Jun,6,English,Animation,3,Tony Bancroft,Eddie Murphy,90000000,304320254,214320254,3.381,Yes,88,7.6,2008,Yes,67.43,$40M-100M,Under 90 min,"2,000-4,999",No
846,The X Files,The X Files (1998),1998-06-19,1998,1990s,Jun,6,English,Mystery,3,Rob Bowman,David Duchovny,66000000,189198313,123198313,2.867,Yes,121,6.6,488,Yes,18.6,$40M-100M,110-129 min,50-499,No
3050,Doctor Dolittle,Doctor Dolittle (1998),1998-06-22,1998,1990s,Jun,6,English,Comedy,3,Betty Thomas,Eddie Murphy,71000000,294456605,223456605,4.147,Yes,85,5.4,686,Yes,21.46,$40M-100M,Under 90 min,"500-1,999",No
125123,Among Giants,Among Giants (1998),1998-06-24,1998,1990s,Jun,6,English,Comedy,2,Sam Miller,Pete Postlethwaite,,,,,No,93,4.5,2,No,0.54,Unknown,90-109 min,Under 50,No
1389,Out of Sight,Out of Sight (1998),1998-06-26,1998,1990s,Jun,6,English,Romance,3,Steven Soderbergh,George Clooney,48000000,77745568,29745568,1.62,Yes,123,6.5,333,Yes,16.0,$40M-100M,110-129 min,50-499,No
95,Armageddon,Armageddon (1998),1998-07-01,1998,1990s,Jul,7,English,Action,4,Michael Bay,Bruce Willis,140000000,553799566,413799566,3.956,Yes,151,6.4,2482,Yes,58.49,$100M+,150+ min,"2,000-4,999",No
944,Lethal Weapon 4,Lethal Weapon 4 (1998),1998-07-10,1998,1990s,Jul,7,English,Action,5,Richard Donner,Mel Gibson,140000000,285444603,145444603,2.039,Yes,127,6.3,767,Yes,24.86,$100M+,110-129 min,"500-1,999",No
11551,Small Soldiers,Small Soldiers (1998),1998-07-10,1998,1990s,Jul,7,English,Comedy,5,Joe Dante,Gregory Smith,40000000,54682547,14682547,1.367,Yes,110,6.2,511,Yes,23.09,$40M-100M,110-129 min,"500-1,999",No
473,Pi,Pi (1998),1998-07-10,1998,1990s,Jul,7,English,Mystery,3,Darren Aronofsky,Sean Gullette,60000,3221152,3161152,53.686,Yes,84,7.1,586,Yes,27.79,Under $10M,Under 90 min,"500-1,999",No
544,There's Something About Mary,There's Something About Mary (1998),1998-07-15,1998,1990s,Jul,7,English,Romance,2,Bobby Farrelly,Cameron Diaz,23000000,369884651,346884651,16.082,Yes,119,6.5,1590,Yes,57.11,$10M-40M,110-129 min,"500-1,999",No
9342,The Mask of Zorro,The Mask of Zorro (1998),1998-07-16,1998,1990s,Jul,7,English,Action,2,Martin Campbell,Antonio Banderas,95000000,250288523,155288523,2.635,Yes,136,6.3,1183,Yes,31.09,$40M-100M,130-149 min,"500-1,999",No
857,Saving Private Ryan,Saving Private Ryan (1998),1998-07-24,1998,1990s,Jul,7,English,Drama,3,Steven Spielberg,Tom Hanks,70000000,481840909,411840909,6.883,Yes,169,7.9,5048,Yes,76.04,$40M-100M,150+ min,"5,000+",No
9424,Disturbing Behavior,Disturbing Behavior (1998),1998-07-24,1998,1990s,Jul,7,English,Mystery,3,David Nutter,James Marsden,15000000,17507368,2507368,1.167,Yes,84,5.5,104,Yes,9.38,$10M-40M,Under 90 min,50-499,No
9631,The Negotiator,The Negotiator (1998),1998-07-29,1998,1990s,Jul,7,English,Action,6,F. Gary Gray,Samuel L. Jackson,50000000,44547681,-5452319,0.891,Yes,140,6.8,582,Yes,28.73,$40M-100M,130-149 min,"500-1,999",No
9454,Ever After: A Cinderella Story,Ever After: A Cinderella Story (1998),1998-07-31,1998,1990s,Jul,7,English,Drama,3,Andy Tennant,Drew Barrymore,26000000,65705772,39705772,2.527,Yes,121,6.8,399,Yes,21.99,$10M-40M,110-129 min,50-499,No
8688,Snake Eyes,Snake Eyes (1998),1998-08-07,1998,1990s,Aug,8,English,Crime,2,Brian De Palma,Nicolas Cage,73000000,103891409,30891409,1.423,Yes,98,5.8,327,Yes,20.79,$40M-100M,90-109 min,50-499,No
118452,"First Love, Last Rites","First Love, Last Rites (1998)",1998-08-07,1998,1990s,Aug,8,English,Drama,1,Jesse Peretz,Giovanni Ribisi,300000,40542,-259458,0.135,Yes,94,3.0,1,No,0.37,Under $10M,90-109 min,Under 50,No
33644,How Stella Got Her Groove Back,How Stella Got Her Groove Back (1998),1998-08-14,1998,1990s,Aug,8,English,Comedy,3,Kevin Rodney Sullivan,Angela Bassett,20000000,37672350,17672350,1.884,Yes,124,6.0,24,No,2.0,$10M-40M,110-129 min,Under 50,No
14662,Slums of Beverly Hills,Slums of Beverly Hills (1998),1998-08-14,1998,1990s,Aug,8,English,Comedy,2,Tamara Jenkins,Natasha Lyonne,5000000,,,,No,91,6.5,44,No,6.31,Under $10M,90-109 min,Under 50,No
16155,Safe Men,Safe Men (1998),1998-08-17,1998,1990s,Aug,8,English,Comedy,2,John Hamburg,Sam Rockwell,,,,,No,88,6.3,16,No,1.19,Unknown,Under 90 min,Under 50,No
104,Run Lola Run,Run Lola Run (1998),1998-08-20,1998,1990s,Aug,8,Other languages,Action,3,Tom Tykwer,Franka Potente,1530000,7267585,5737585,4.75,Yes,81,7.2,664,Yes,27.37,Under $10M,Under 90 min,"500-1,999",No
36647,Blade,Blade (1998),1998-08-21,1998,1990s,Aug,8,English,Horror,2,Stephen Norrington,Wesley Snipes,45000000,131183530,86183530,2.915,Yes,120,6.5,1905,Yes,43.82,$40M-100M,110-129 min,"500-1,999",No
14557,Dead Man on Campus,Dead Man on Campus (1998),1998-08-21,1998,1990s,Aug,8,English,Comedy,1,Alan Cohn,Tom Everett Scott,,,,,No,96,5.6,49,No,7.71,Unknown,90-109 min,Under 50,No
41469,Next Stop Wonderland,Next Stop Wonderland (1998),1998-08-21,1998,1990s,Aug,8,English,Comedy,3,Brad Anderson,Hope Davis,,,,,No,96,6.0,20,No,1.33,Unknown,90-109 min,Under 50,No
3682,54,54 (1998),1998-08-28,1998,1990s,Aug,8,English,Music,2,Mark Christopher,Ryan Phillippe,13000000,16757163,3757163,1.289,Yes,106,5.5,135,Yes,11.88,$10M-40M,90-109 min,50-499,No
51942,I Married a Strange Person!,I Married a Strange Person! (1998),1998-08-28,1998,1990s,Aug,8,English,Drama,3,Bill Plympton,Charis Michelsen,,,,,No,72,7.5,12,No,0.29,Unknown,Under 90 min,Under 50,No
37498,Knock Off,Knock Off (1998),1998-09-04,1998,1990s,Sep,9,English,Action,3,Tsui Hark,Jean-Claude Van Damme,33000000,,,,No,91,4.7,64,Yes,2.71,$10M-40M,90-109 min,50-499,No
9466,Celebrity,Celebrity (1998),1998-09-07,1998,1990s,Sep,9,English,Drama,2,Woody Allen,Kenneth Branagh,,,,,No,113,6.0,111,Yes,7.59,Unknown,110-129 min,50-499,No
14283,The Red Violin,The Red Violin (1998),1998-09-10,1998,1990s,Sep,9,English,Drama,5,François Girard,Carlo Cecchi,18000000,9495408,-8504592,0.528,Yes,131,7.3,99,Yes,6.19,$10M-40M,130-149 min,50-499,No
22256,Without Limits,Without Limits (1998),1998-09-11,1998,1990s,Sep,9,English,Drama,1,Robert Towne,Billy Crudup,25000000,777423,-24222577,0.031,Yes,117,6.2,19,No,3.85,$10M-40M,110-129 min,Under 50,No
22796,Simon Birch,Simon Birch (1998),1998-09-11,1998,1990s,Sep,9,English,Comedy,3,Mark Steven Johnson,Jim Carrey,20000000,18253415,-1746585,0.913,Yes,114,6.5,52,Yes,11.09,$10M-40M,110-129 min,50-499,No
10220,Rounders,Rounders (1998),1998-09-11,1998,1990s,Sep,9,English,Drama,2,John Dahl,Matt Damon,12000000,22921898,10921898,1.91,Yes,121,6.9,439,Yes,18.42,$10M-40M,110-129 min,50-499,No
10029,Very Bad Things,Very Bad Things (1998),1998-09-11,1998,1990s,Sep,9,English,Comedy,3,Peter Berg,Jon Favreau,30000000,9898412,-20101588,0.33,Yes,100,6.2,179,Yes,5.67,$10M-40M,90-109 min,50-499,No
4518,Elizabeth,Elizabeth (1998),1998-09-13,1998,1990s,Sep,9,English,Drama,2,Shekhar Kapur,Cate Blanchett,30000000,82150642,52150642,2.738,Yes,124,7.1,334,Yes,14.18,$10M-40M,110-129 min,50-499,No
10162,Waking Ned,Waking Ned (1998),1998-09-15,1998,1990s,Sep,9,English,Comedy,2,Kirk Jones,Ian Bannen,,,,,No,91,7.4,54,Yes,5.74,Unknown,90-109 min,50-499,No
7504,Earth,Earth (1998),1998-09-16,1998,1990s,Sep,9,Other languages,Drama,1,Deepa Mehta,Aamir Khan,,528972,,,No,101,6.6,9,No,1.25,Unknown,90-109 min,Under 50,No
11545,Rushmore,Rushmore (1998),1998-09-17,1998,1990s,Sep,9,English,Comedy,2,Wes Anderson,Jason Schwartzman,9000000,17096053,8096053,1.9,Yes,93,7.5,676,Yes,18.29,Under $10M,90-109 min,"500-1,999",No
53113,One True Thing,One True Thing (1998),1998-09-18,1998,1990s,Sep,9,English,Drama,2,Carl Franklin,Meryl Streep,,,,,No,127,6.2,27,No,2.64,Unknown,110-129 min,Under 50,No
24746,Six-String Samurai,Six-String Samurai (1998),1998-09-18,1998,1990s,Sep,9,English,Action,3,Lance Mungia,Jeffrey Falcon,2000000,124494,-1875506,0.062,Yes,91,5.8,36,No,1.89,Under $10M,90-109 min,Under 50,No
55180,The Last Big Thing,The Last Big Thing (1998),1998-09-23,1998,1990s,Sep,9,English,Comedy,2,Dan Zukovic,Dan Zukovic,,,,,No,98,6.0,3,No,0.68,Unknown,90-109 min,Under 50,No
8195,Ronin,Ronin (1998),1998-09-25,1998,1990s,Sep,9,English,Action,4,John Frankenheimer,Robert De Niro,55000000,41610884,-13389116,0.757,Yes,122,6.7,658,Yes,32.66,$40M-100M,110-129 min,"500-1,999",No
9877,Urban Legend,Urban Legend (1998),1998-09-25,1998,1990s,Sep,9,English,Horror,2,Jamie Blanks,Alicia Witt,14000000,72527595,58527595,5.181,Yes,99,5.6,290,Yes,12.16,$10M-40M,90-109 min,50-499,No
26618,Clay Pigeons,Clay Pigeons (1998),1998-09-25,1998,1990s,Sep,9,English,Comedy,4,David Dobkin,Joaquin Phoenix,,,,,No,104,6.3,39,No,4.22,Unknown,90-109 min,Under 50,No
17044,The Land Girls,The Land Girls (1998),1998-09-25,1998,1990s,Sep,9,English,Drama,3,David Leland,Catherine McCormack,,,,,No,111,7.0,3,No,1.28,Unknown,110-129 min,Under 50,No
9429,A Night at the Roxbury,A Night at the Roxbury (1998),1998-10-01,1998,1990s,Oct,10,English,Comedy,1,John Fortenberry,Will Ferrell,17000000,30331165,13331165,1.784,Yes,81,5.9,198,Yes,12.71,$10M-40M,Under 90 min,50-499,No
12159,What Dreams May Come,What Dreams May Come (1998),1998-10-02,1998,1990s,Oct,10,English,Drama,3,Vincent Ward,Robin Williams,85000000,71485043,-13514957,0.841,Yes,113,6.8,577,Yes,21.89,$40M-100M,110-129 min,"500-1,999",No
8916,Antz,Antz (1998),1998-10-02,1998,1990s,Oct,10,English,Adventure,4,Eric Darnell,Woody Allen,60000000,171757863,111757863,2.863,Yes,83,6.0,1272,Yes,41.52,$40M-100M,Under 90 min,"500-1,999",No
37532,Slam,Slam (1998),1998-10-07,1998,1990s,Oct,10,English,Drama,1,Marc Levin,Saul Williams,,,,,No,100,6.7,7,No,0.29,Unknown,90-109 min,Under 50,No
9713,Holy Man,Holy Man (1998),1998-10-08,1998,1990s,Oct,10,English,Drama,2,Stephen Herek,Eddie Murphy,60000000,,,,No,114,4.9,111,Yes,9.27,$40M-100M,110-129 min,50-499,No
6435,Practical Magic,Practical Magic (1998),1998-10-16,1998,1990s,Oct,10,English,Drama,3,Griffin Dunne,Sandra Bullock,75000000,46683377,-28316623,0.622,Yes,104,6.3,338,Yes,15.14,$40M-100M,90-109 min,50-499,No
39437,Beloved,Beloved (1998),1998-10-16,1998,1990s,Oct,10,English,Drama,2,Jonathan Demme,Oprah Winfrey,,,,,No,172,5.9,26,No,1.45,Unknown,150+ min,Under 50,No
11932,Bride of Chucky,Bride of Chucky (1998),1998-10-16,1998,1990s,Oct,10,English,Horror,2,Ronny Yu,Ed Gale,25000000,50671850,25671850,2.027,Yes,89,5.5,350,Yes,14.34,$10M-40M,Under 90 min,50-499,No
10683,Happiness,Happiness (1998),1998-10-16,1998,1990s,Oct,10,English,Comedy,2,Todd Solondz,Jane Adams,3000000,2807390,-192610,0.936,Yes,139,7.4,194,Yes,10.76,Under $10M,130-149 min,50-499,No
9425,Soldier,Soldier (1998),1998-10-23,1998,1990s,Oct,10,English,Action,3,Paul W.S. Anderson,Kurt Russell,75000000,14567883,-60432117,0.194,Yes,99,6.1,221,Yes,11.87,$40M-100M,90-109 min,50-499,No
1808,Velvet Goldmine,Velvet Goldmine (1998),1998-10-23,1998,1990s,Oct,10,English,Drama,2,Todd Haynes,Ewan McGregor,,1053788,,,No,119,6.9,116,Yes,10.93,Unknown,110-129 min,50-499,No
9821,The Mighty,The Mighty (1998),1998-10-23,1998,1990s,Oct,10,English,Comedy,2,Peter Chelsom,Sharon Stone,,,,,No,100,7.1,51,Yes,5.5,Unknown,90-109 min,50-499,No
46889,Living Out Loud,Living Out Loud (1998),1998-10-30,1998,1990s,Oct,10,English,Comedy,3,Richard LaGravenese,Holly Hunter,12000000,12902790,902790,1.075,Yes,100,5.3,11,No,0.7,$10M-40M,90-109 min,Under 50,No
73,American History X,American History X (1998),1998-10-30,1998,1990s,Oct,10,English,Drama,1,Tony Kaye,Edward Norton,20000000,23875127,3875127,1.194,Yes,119,8.2,3016,Yes,73.57,$10M-40M,110-129 min,"2,000-4,999",No
8545,Little Voice,Little Voice (1998),1998-11-05,1998,1990s,Nov,11,English,Comedy,2,Mark Herman,Brenda Blethyn,,,,,No,97,6.6,61,Yes,4.65,Unknown,90-109 min,50-499,No
9882,The Siege,The Siege (1998),1998-11-06,1998,1990s,Nov,11,English,Drama,4,Edward Zwick,Denzel Washington,70000000,116672912,46672912,1.667,Yes,116,6.0,352,Yes,20.09,$40M-100M,110-129 min,50-499,No
10663,The Waterboy,The Waterboy (1998),1998-11-06,1998,1990s,Nov,11,English,Comedy,1,Frank Coraci,Adam Sandler,23000000,185991646,162991646,8.087,Yes,90,5.9,512,Yes,23.84,$10M-40M,90-109 min,"500-1,999",No
297,Meet Joe Black,Meet Joe Black (1998),1998-11-12,1998,1990s,Nov,11,English,Fantasy,3,Martin Brest,Brad Pitt,90000000,142940100,52940100,1.588,Yes,178,6.9,1147,Yes,36.07,$40M-100M,150+ min,"500-1,999",No
3600,I Still Know What You Did Last Summer,I Still Know What You Did Last Summer (1998),1998-11-13,1998,1990s,Nov,11,English,Horror,3,Danny Cannon,Jennifer Love Hewitt,65000000,40002112,-24997888,0.615,Yes,100,5.1,374,Yes,20.79,$40M-100M,90-109 min,50-499,No
9798,Enemy of the State,Enemy of the State (1998),1998-11-20,1998,1990s,Nov,11,English,Action,3,Tony Scott,Will Smith,90000000,250649836,160649836,2.785,Yes,132,6.7,1240,Yes,41.21,$40M-100M,130-149 min,"500-1,999",No
14444,The Rugrats Movie,The Rugrats Movie (1998),1998-11-20,1998,1990s,Nov,11,English,Animation,2,Norton Virgien,Whoopi Goldberg,30000000,100491683,70491683,3.35,Yes,79,5.7,147,Yes,7.98,$10M-40M,Under 90 min,50-499,No
9447,Babe: Pig in the City,Babe: Pig in the City (1998),1998-11-25,1998,1990s,Nov,11,English,Adventure,5,George Miller,James Cromwell,90000000,69131860,-20868140,0.768,Yes,92,5.2,305,Yes,11.36,$40M-100M,90-109 min,50-499,No
9487,A Bug's Life,A Bug's Life (1998),1998-11-25,1998,1990s,Nov,11,English,Adventure,4,Andrew Stanton,Kevin Spacey,120000000,363258859,243258859,3.027,Yes,95,6.8,2303,Yes,87.35,$100M+,90-109 min,"2,000-4,999",No
12257,Home Fries,Home Fries (1998),1998-11-25,1998,1990s,Nov,11,English,Drama,3,Dean Parisot,Drew Barrymore,15000000,10443316,-4556684,0.696,Yes,93,4.8,32,No,3.03,$10M-40M,90-109 min,Under 50,No
200,Star Trek: Insurrection,Star Trek: Insurrection (1998),1998-12-10,1998,1990s,Dec,12,English,Science Fiction,4,Jonathan Frakes,Patrick Stewart,70000000,118000000,48000000,1.686,Yes,103,6.3,391,Yes,19.71,$40M-100M,90-109 min,50-499,No
1934,Shakespeare in Love,Shakespeare in Love (1998),1998-12-11,1998,1990s,Dec,12,English,Romance,2,John Madden,Joseph Fiennes,25000000,289317794,264317794,11.573,Yes,122,6.8,796,Yes,31.79,$10M-40M,110-129 min,"500-1,999",No
10223,A Simple Plan,A Simple Plan (1998),1998-12-11,1998,1990s,Dec,12,English,Drama,3,Sam Raimi,Bill Paxton,,,,,No,121,6.9,187,Yes,10.18,Unknown,110-129 min,50-499,No
9837,The Prince of Egypt,The Prince of Egypt (1998),1998-12-15,1998,1990s,Dec,12,English,Adventure,5,Simon Wells,Val Kilmer,70000000,218613188,148613188,3.123,Yes,99,6.8,817,Yes,29.46,$40M-100M,90-109 min,"500-1,999",No
9489,You've Got Mail,You've Got Mail (1998),1998-12-17,1998,1990s,Dec,12,English,Comedy,2,Nora Ephron,Tom Hanks,65000000,250821495,185821495,3.859,Yes,119,6.3,838,Yes,28.54,$40M-100M,110-129 min,"500-1,999",No
9822,Mighty Joe Young,Mighty Joe Young (1998),1998-12-25,1998,1990s,Dec,12,English,Action,4,Ron Underwood,Charlize Theron,90000000,,,,No,114,5.9,208,Yes,6.64,$40M-100M,110-129 min,50-499,No
8741,The Thin Red Line,The Thin Red Line (1998),1998-12-25,1998,1990s,Dec,12,English,Drama,3,Terrence Malick,Sean Penn,52000000,98126565,46126565,1.887,Yes,170,7.2,771,Yes,40.07,$40M-100M,150+ min,"500-1,999",No
10312,Patch Adams,Patch Adams (1998),1998-12-25,1998,1990s,Dec,12,English,Comedy,2,Tom Shadyac,Robin Williams,50000000,202292902,152292902,4.046,Yes,115,7.0,832,Yes,35.54,$40M-100M,110-129 min,"500-1,999",No
9441,Stepmom,Stepmom (1998),1998-12-25,1998,1990s,Dec,12,English,Drama,2,Chris Columbus,Julia Roberts,,,,,No,124,6.9,277,Yes,16.37,Unknown,110-129 min,50-499,No
9276,The Faculty,The Faculty (1998),1998-12-25,1998,1990s,Dec,12,English,Horror,3,Robert Rodriguez,Jordana Brewster,15000000,40283321,25283321,2.686,Yes,104,6.2,492,Yes,21.54,$10M-40M,90-109 min,50-499,No
20468,The Big Tease,The Big Tease (1999),1999-01-01,1999,1990s,Jan,1,English,Comedy,2,Kevin Allen,Craig Ferguson,,,,,No,87,5.8,6,No,0.5,Unknown,Under 90 min,Under 50,No
15556,At First Sight,At First Sight (1999),1999-01-15,1999,1990s,Jan,1,English,Drama,2,Irwin Winkler,Val Kilmer,,,,,No,128,5.9,48,No,5.78,Unknown,110-129 min,Under 50,No
28902,In Dreams,In Dreams (1999),1999-01-15,1999,1990s,Jan,1,English,Drama,2,Neil Jordan,Annette Bening,,,,,No,100,5.4,44,No,3.23,Unknown,90-109 min,Under 50,No
14709,Varsity Blues,Varsity Blues (1999),1999-01-15,1999,1990s,Jan,1,English,Comedy,3,Brian Robbins,James Van Der Beek,,,,,No,106,6.0,122,Yes,9.23,Unknown,90-109 min,50-499,No
8374,The Boondock Saints,The Boondock Saints (1999),1999-01-22,1999,1990s,Jan,1,English,Action,3,Troy Duffy,Willem Dafoe,6000000,30471,-5969529,0.005,Yes,108,7.2,837,Yes,34.92,Under $10M,90-109 min,"500-1,999",No
28029,A Walk on the Moon,A Walk on the Moon (1999),1999-01-29,1999,1990s,Jan,1,English,Drama,2,Tony Goldwyn,Diane Lane,14000000,,,,No,107,6.2,21,No,6.37,$10M-40M,90-109 min,Under 50,No
10314,She's All That,She's All That (1999),1999-01-29,1999,1990s,Jan,1,English,Comedy,2,Robert Iscove,Freddie Prinze Jr.,10000000,103166989,93166989,10.317,Yes,95,5.7,418,Yes,8.99,$10M-40M,90-109 min,50-499,No
18892,Jawbreaker,Jawbreaker (1999),1999-01-30,1999,1990s,Jan,1,English,Comedy,1,Darren Stein,Rose McGowan,3000000,3076820,76820,1.026,Yes,87,5.9,90,Yes,4.34,Under $10M,Under 90 min,50-499,No
2112,Payback,Payback (1999),1999-02-05,1999,1990s,Feb,2,English,Drama,4,Brian Helgeland,Mel Gibson,90000000,161626121,71626121,1.796,Yes,100,6.7,548,Yes,17.46,$40M-100M,90-109 min,"500-1,999",No
16172,Simply Irresistible,Simply Irresistible (1999),1999-02-05,1999,1990s,Feb,2,English,Comedy,1,Mark Tarlov,Sarah Michelle Gellar,6000000,4398989,-1601011,0.733,Yes,95,5.5,52,Yes,5.7,Under $10M,90-109 min,50-499,No
2211,Aimee & Jaguar,Aimee & Jaguar (1999),1999-02-10,1999,1990s,Feb,2,Other languages,Drama,3,Max Färberböck,Maria Schrader,,,,,No,125,6.3,20,No,2.83,Unknown,110-129 min,Under 50,No
9849,My Favorite Martian,My Favorite Martian (1999),1999-02-11,1999,1990s,Feb,2,English,Comedy,4,Donald Petrie,Jeff Daniels,65000000,36850101,-28149899,0.567,Yes,94,5.1,80,Yes,6.81,$40M-100M,90-109 min,50-499,No
46727,Speedway Junky,Speedway Junky (1999),1999-02-11,1999,1990s,Feb,2,English,Romance,3,Nickolas Perry,Jesse Bradford,1000000,,,,No,104,5.2,7,No,0.34,Under $10M,90-109 min,Under 50,No
11622,Blast from the Past,Blast from the Past (1999),1999-02-12,1999,1990s,Feb,2,English,Comedy,2,Hugh Wilson,Brendan Fraser,35000000,40263020,5263020,1.15,Yes,112,6.3,245,Yes,8.74,$10M-40M,110-129 min,50-499,No
12479,Breakfast of Champions,Breakfast of Champions (1999),1999-02-13,1999,1990s,Feb,2,English,Comedy,1,Alan Rudolph,Bruce Willis,12000000,,,,No,110,5.2,28,No,2.7,$10M-40M,110-129 min,Under 50,No
1542,Office Space,Office Space (1999),1999-02-19,1999,1990s,Feb,2,English,Comedy,2,Mike Judge,Ron Livingston,10000000,12827813,2827813,1.283,Yes,89,7.4,1050,Yes,18.37,$10M-40M,Under 90 min,"500-1,999",No
10207,Message in a Bottle,Message in a Bottle (1999),1999-02-22,1999,1990s,Feb,2,English,Romance,2,Luis Mandoki,Kevin Costner,80000000,118880016,38880016,1.486,Yes,131,5.8,196,Yes,10.81,$40M-100M,130-149 min,50-499,No
8224,8MM,8MM (1999),1999-02-26,1999,1990s,Feb,2,English,Thriller,3,Joel Schumacher,Nicolas Cage,40000000,96618699,56618699,2.415,Yes,123,6.1,474,Yes,25.58,$40M-100M,110-129 min,50-499,No
15256,200 Cigarettes,200 Cigarettes (1999),1999-02-26,1999,1990s,Feb,2,English,Comedy,3,Risa Bramon Garcia,Ben Affleck,6000000,6852450,852450,1.142,Yes,101,6.1,44,No,3.56,Under $10M,90-109 min,Under 50,No
9535,Analyze This,Analyze This (1999),1999-03-05,1999,1990s,Mar,3,English,Comedy,2,Harold Ramis,Robert De Niro,80000000,176885658,96885658,2.211,Yes,103,6.4,503,Yes,29.42,$40M-100M,90-109 min,"500-1,999",No
796,Cruel Intentions,Cruel Intentions (1999),1999-03-05,1999,1990s,Mar,3,English,Drama,3,Roger Kumble,Sarah Michelle Gellar,10500000,75902208,65402208,7.229,Yes,97,6.6,827,Yes,23.45,$10M-40M,90-109 min,"500-1,999",No
10350,Wing Commander,Wing Commander (1999),1999-03-11,1999,1990s,Mar,3,English,Action,2,Christopher Roberts,Freddie Prinze Jr.,30000000,,,,No,100,4.0,72,Yes,5.26,$10M-40M,90-109 min,50-499,No
7341,The Rage: Carrie 2,The Rage: Carrie 2 (1999),1999-03-11,1999,1990s,Mar,3,English,Horror,3,Katt Shea,Emily Bergl,21000000,17762705,-3237295,0.846,Yes,104,5.1,76,Yes,4.78,$10M-40M,90-109 min,50-499,No
30943,The Deep End of the Ocean,The Deep End of the Ocean (1999),1999-03-12,1999,1990s,Mar,3,English,Drama,2,Ulu Grosbard,Michelle Pfeiffer,38000000,28121100,-9878900,0.74,Yes,106,5.9,54,Yes,4.75,$10M-40M,90-109 min,50-499,No
22345,Baby Geniuses,Baby Geniuses (1999),1999-03-12,1999,1990s,Mar,3,English,Science Fiction,3,Bob Clark,Kathleen Turner,12000000,36450736,24450736,3.038,Yes,97,3.3,75,Yes,4.58,$10M-40M,90-109 min,50-499,No
9455,The Corruptor,The Corruptor (1999),1999-03-12,1999,1990s,Mar,3,English,Action,4,James Foley,Mark Wahlberg,25000000,15156200,-9843800,0.606,Yes,110,6.0,57,Yes,4.07,$10M-40M,110-129 min,50-499,No
10212,Ravenous,Ravenous (1999),1999-03-16,1999,1990s,Mar,3,English,Comedy,4,Antonia Bird,Guy Pearce,12000000,,,,No,100,6.9,141,Yes,9.16,$10M-40M,90-109 min,50-499,No
1073,Arlington Road,Arlington Road (1999),1999-03-19,1999,1990s,Mar,3,English,Drama,3,Mark Pellington,Jeff Bridges,21500000,,,,No,117,7.0,239,Yes,12.82,$10M-40M,110-129 min,50-499,No
219716,Sparkler,Sparkler (1999),1999-03-19,1999,1990s,Mar,3,English,No genre,0,Darren Stein,Park Overall,,,,,No,96,0.0,1,No,0.55,Unknown,90-109 min,Under 50,No
10368,Tea with Mussolini,Tea with Mussolini (1999),1999-03-25,1999,1990s,Mar,3,English,Comedy,3,Franco Zeffirelli,Cher,12000000,21001563,9001563,1.75,Yes,117,5.8,32,No,2.24,$10M-40M,110-129 min,Under 50,No
11374,Edtv,Edtv (1999),1999-03-26,1999,1990s,Mar,3,English,Comedy,1,Ron Howard,Matthew McConaughey,80000000,,,,No,122,5.7,166,Yes,14.3,$40M-100M,110-129 min,50-499,No
16508,Doug's 1st Movie,Doug's 1st Movie (1999),1999-03-26,1999,1990s,Mar,3,English,Animation,3,Maurice Joyce,Thomas McHugh,,,,,No,77,5.4,22,No,1.88,Unknown,Under 90 min,Under 50,No
603,The Matrix,The Matrix (1999),1999-03-30,1999,1990s,Mar,3,English,Action,2,Lilly Wachowski,Keanu Reeves,63000000,463517383,400517383,7.357,Yes,136,7.9,8907,Yes,104.31,$40M-100M,130-149 min,"5,000+",No
4951,10 Things I Hate About You,10 Things I Hate About You (1999),1999-03-30,1999,1990s,Mar,3,English,Comedy,3,Gil Junger,Heath Ledger,16000000,53478166,37478166,3.342,Yes,97,7.3,1701,Yes,54.55,$10M-40M,90-109 min,"500-1,999",No
89540,The Other Conquest,The Other Conquest (1999),1999-04-01,1999,1990s,Apr,4,Other languages,Drama,2,Salvador Carrasco,Damián Delgado,,,,,No,105,5.4,4,No,0.02,Unknown,90-109 min,Under 50,No
8970,The Out-of-Towners,The Out-of-Towners (1999),1999-04-02,1999,1990s,Apr,4,English,Comedy,1,Sam Weisman,Steve Martin,75000000,29000000,-46000000,0.387,Yes,90,5.0,45,No,4.84,$40M-100M,90-109 min,Under 50,No
9430,Go,Go (1999),1999-04-09,1999,1990s,Apr,4,English,Crime,3,Doug Liman,Sarah Polley,6500000,28451622,21951622,4.377,Yes,98,7.0,196,Yes,11.14,Under $10M,90-109 min,50-499,No
27455,Foolish,Foolish (1999),1999-04-09,1999,1990s,Apr,4,English,Comedy,2,Dave Meyers,Eddie Griffin,,6033999,,,No,84,6.3,3,No,0.8,Unknown,Under 90 min,Under 50,No
1946,eXistenZ,eXistenZ (1999),1999-04-14,1999,1990s,Apr,4,English,Action,4,David Cronenberg,Jennifer Jason Leigh,15000000,2856712,-12143288,0.19,Yes,97,6.7,475,Yes,21.93,$10M-40M,90-109 min,50-499,No
24137,An Ideal Husband,An Ideal Husband (1999),1999-04-15,1999,1990s,Apr,4,English,Drama,3,Oliver Parker,Cate Blanchett,14000000,18535191,4535191,1.324,Yes,97,6.3,46,No,4.52,$10M-40M,90-109 min,Under 50,No
1090,The Thirteenth Floor,The Thirteenth Floor (1999),1999-04-16,1999,1990s,Apr,4,English,Thriller,3,Josef Rusnak,Craig Bierko,16000000,18564088,2564088,1.16,Yes,100,6.8,378,Yes,19.89,$10M-40M,90-109 min,50-499,No
1443,The Virgin Suicides,The Virgin Suicides (1999),1999-04-21,1999,1990s,Apr,4,English,Drama,2,Sofia Coppola,James Woods,6000000,10409377,4409377,1.735,Yes,97,7.1,817,Yes,26.22,Under $10M,90-109 min,"500-1,999",No
12596,Pushing Tin,Pushing Tin (1999),1999-04-23,1999,1990s,Apr,4,English,Comedy,2,Mike Newell,John Cusack,33000000,,,,No,124,5.7,116,Yes,9.06,$10M-40M,110-129 min,50-499,No
9451,Election,Election (1999),1999-04-23,1999,1990s,Apr,4,English,Comedy,1,Alexander Payne,Matthew Broderick,,,,,No,99,6.7,270,Yes,13.48,Unknown,90-109 min,50-499,No
1844,Entrapment,Entrapment (1999),1999-04-29,1999,1990s,Apr,4,English,Romance,3,Jon Amiel,Sean Connery,66000000,212404396,146404396,3.218,Yes,112,6.0,602,Yes,25.88,$40M-100M,110-129 min,"500-1,999",No
15059,The Loss of Sexual Innocence,The Loss of Sexual Innocence (1999),1999-04-29,1999,1990s,Apr,4,English,Drama,1,Mike Figgis,Julian Sands,4000000,,,,No,106,5.2,9,No,2.87,Under $10M,90-109 min,Under 50,No
6552,Idle Hands,Idle Hands (1999),1999-04-30,1999,1990s,Apr,4,English,Thriller,3,Rodman Flender,Devon Sawa,25000000,4152230,-20847770,0.166,Yes,92,6.1,182,Yes,8.58,$10M-40M,90-109 min,50-499,No
53862,Trippin',Trippin' (1999),1999-05-12,1999,1990s,May,5,English,Comedy,2,David Raynr,Deon Richmond,,9016377,,,No,94,4.5,4,No,0.19,Unknown,90-109 min,Under 50,No
509,Notting Hill,Notting Hill (1999),1999-05-13,1999,1990s,May,5,English,Romance,3,Roger Michell,Julia Roberts,42000000,363889678,321889678,8.664,Yes,124,7.0,1262,Yes,28.97,$40M-100M,110-129 min,"500-1,999",No
10557,East Is East,East Is East (1999),1999-05-14,1999,1990s,May,5,English,Comedy,1,Damien O'Donnell,Om Puri,3800000,28200000,24400000,7.421,Yes,97,6.5,59,Yes,3.67,Under $10M,90-109 min,50-499,No
10388,The Limey,The Limey (1999),1999-05-15,1999,1990s,May,5,English,Action,5,Steven Soderbergh,Terence Stamp,10000000,3193102,-6806898,0.319,Yes,89,6.6,105,Yes,8.9,$10M-40M,Under 90 min,50-499,No
1893,Star Wars: Episode I - The Phantom Menace,Star Wars: Episode I - The Phantom Menace (1999),1999-05-19,1999,1990s,May,5,English,Adventure,3,George Lucas,Liam Neeson,115000000,924317558,809317558,8.038,Yes,136,6.3,4432,Yes,54.04,$100M+,130-149 min,"2,000-4,999",No
12117,Instinct,Instinct (1999),1999-06-04,1999,1990s,Jun,6,English,Drama,3,Jon Turteltaub,Anthony Hopkins,80000000,,,,No,126,6.2,146,Yes,7.39,$40M-100M,110-129 min,50-499,No
62676,Limbo,Limbo (1999),1999-06-04,1999,1990s,Jun,6,English,Adventure,3,John Sayles,Mary Elizabeth Mastrantonio,8000000,1997807,-6002193,0.25,Yes,126,7.0,17,No,0.03,Under $10M,110-129 min,Under 50,No
11129,Human Traffic,Human Traffic (1999),1999-06-04,1999,1990s,Jun,6,English,Comedy,2,Justin Kerrigan,John Simm,600000,4000000,3400000,6.667,Yes,99,6.8,97,Yes,4.86,Under $10M,90-109 min,50-499,No
41730,Desert Blue,Desert Blue (1999),1999-06-06,1999,1990s,Jun,6,English,Comedy,2,Morgan J. Freeman,Casey Affleck,,,,,No,90,5.5,9,No,1.12,Unknown,90-109 min,Under 50,No
817,Austin Powers: The Spy Who Shagged Me,Austin Powers: The Spy Who Shagged Me (1999),1999-06-08,1999,1990s,Jun,6,English,Adventure,4,Jay Roach,Mike Myers,33000000,310940086,277940086,9.422,Yes,95,6.2,1011,Yes,18.32,$10M-40M,90-109 min,"500-1,999",No
2275,The General's Daughter,The General's Daughter (1999),1999-06-18,1999,1990s,Jun,6,English,Crime,4,Simon West,John Travolta,60000000,149705852,89705852,2.495,Yes,116,6.1,205,Yes,18.35,$40M-100M,110-129 min,50-499,No
9032,Big Daddy,Big Daddy (1999),1999-06-25,1999,1990s,Jun,6,English,Comedy,2,Dennis Dugan,Adam Sandler,34200000,234801895,200601895,6.866,Yes,93,6.1,875,Yes,34.87,$10M-40M,90-109 min,"500-1,999",No
8487,Wild Wild West,Wild Wild West (1999),1999-06-29,1999,1990s,Jun,6,English,Action,5,Barry Sonnenfeld,Will Smith,170000000,222104681,52104681,1.306,Yes,106,5.1,1020,Yes,40.75,$100M+,90-109 min,"500-1,999",No
9473,"South Park: Bigger, Longer & Uncut","South Park: Bigger, Longer & Uncut (1999)",1999-06-30,1999,1990s,Jun,6,English,Animation,3,Trey Parker,Trey Parker,21000000,,,,No,81,7.1,893,Yes,27.2,$10M-40M,Under 90 min,"500-1,999",No
10279,Summer of Sam,Summer of Sam (1999),1999-07-02,1999,1990s,Jul,7,English,Thriller,4,Spike Lee,John Leguizamo,,,,,No,142,6.3,112,Yes,3.71,Unknown,130-149 min,50-499,No
2105,American Pie,American Pie (1999),1999-07-09,1999,1990s,Jul,7,English,Comedy,2,Chris Weitz,Jason Biggs,11000000,235483004,224483004,21.408,Yes,95,6.4,2296,Yes,60.77,$10M-40M,90-109 min,"2,000-4,999",No
345,Eyes Wide Shut,Eyes Wide Shut (1999),1999-07-14,1999,1990s,Jul,7,English,Mystery,2,Stanley Kubrick,Tom Cruise,65000000,162091208,97091208,2.494,Yes,159,7.1,1234,Yes,27.87,$40M-100M,150+ min,"500-1,999",No
10208,Muppets from Space,Muppets from Space (1999),1999-07-14,1999,1990s,Jul,7,English,Fantasy,4,Tim Hill,Steve Whitmire,24000000,16290976,-7709024,0.679,Yes,87,5.8,92,Yes,6.59,$10M-40M,Under 90 min,50-499,No
2667,The Blair Witch Project,The Blair Witch Project (1999),1999-07-14,1999,1990s,Jul,7,English,Horror,2,Daniel Myrick,Michael C. Williams,60000,248000000,247940000,4133.333,Yes,81,6.3,1055,Yes,41.69,Under $10M,Under 90 min,"500-1,999",No
9825,Lake Placid,Lake Placid (1999),1999-07-15,1999,1990s,Jul,7,English,Horror,5,Steve Miner,Bill Pullman,27000000,56870414,29870414,2.106,Yes,82,5.5,247,Yes,11.68,$10M-40M,Under 90 min,50-499,No
16158,The Wood,The Wood (1999),1999-07-16,1999,1990s,Jul,7,English,Comedy,3,Rick Famuyiwa,Omar Epps,6000000,25059640,19059640,4.177,Yes,106,7.1,34,No,5.54,Under $10M,90-109 min,Under 50,No
133575,The Velocity of Gary,The Velocity of Gary (1999),1999-07-16,1999,1990s,Jul,7,English,Drama,2,Dan Ireland,Vincent D'Onofrio,4000000,,,,No,100,4.2,5,No,0.41,Under $10M,90-109 min,Under 50,No
11618,The Haunting,The Haunting (1999),1999-07-23,1999,1990s,Jul,7,English,Horror,4,Jan de Bont,Liam Neeson,80000000,91188905,11188905,1.14,Yes,113,5.2,369,Yes,19.38,$40M-100M,110-129 min,50-499,No
332,Inspector Gadget,Inspector Gadget (1999),1999-07-23,1999,1990s,Jul,7,English,Action,4,David Kellogg,Matthew Broderick,75000000,,,,No,78,4.3,318,Yes,17.56,$40M-100M,Under 90 min,50-499,No
10490,Drop Dead Gorgeous,Drop Dead Gorgeous (1999),1999-07-23,1999,1990s,Jul,7,English,Comedy,1,Michael Patrick Jann,Kirsten Dunst,10000000,10571408,571408,1.057,Yes,98,6.4,86,Yes,6.74,$10M-40M,90-109 min,50-499,No
8914,Deep Blue Sea,Deep Blue Sea (1999),1999-07-28,1999,1990s,Jul,7,English,Action,3,Renny Harlin,Thomas Jane,60000000,73648228,13648228,1.227,Yes,105,5.6,604,Yes,22.99,$40M-100M,90-109 min,"500-1,999",No
4806,Runaway Bride,Runaway Bride (1999),1999-07-30,1999,1990s,Jul,7,English,Comedy,2,Garry Marshall,Julia Roberts,70000000,309457509,239457509,4.421,Yes,116,5.7,455,Yes,20.23,$40M-100M,110-129 min,50-499,No
33430,Twin Falls Idaho,Twin Falls Idaho (1999),1999-07-30,1999,1990s,Jul,7,English,Drama,2,Michael Polish,Mark Polish,,,,,No,111,7.0,11,No,0.62,Unknown,110-129 min,Under 50,No
69848,One Man's Hero,One Man's Hero (1999),1999-08-02,1999,1990s,Aug,8,English,Western,4,Lance Hool,Tom Berenger,,,,,No,121,9.3,2,No,0.91,Unknown,110-129 min,Under 50,No
16406,Dick,Dick (1999),1999-08-04,1999,1990s,Aug,8,English,Comedy,1,Andrew Fleming,Kirsten Dunst,13000000,27500000,14500000,2.115,Yes,94,5.7,67,Yes,4.74,$10M-40M,90-109 min,50-499,No
10366,Universal Soldier: The Return,Universal Soldier: The Return (1999),1999-08-05,1999,1990s,Aug,8,English,Action,2,Mic Rodgers,Jean-Claude Van Damme,45000000,10667893,-34332107,0.237,Yes,82,4.2,135,Yes,14.57,$40M-100M,Under 90 min,50-499,No
9824,Mystery Men,Mystery Men (1999),1999-08-06,1999,1990s,Aug,8,English,Adventure,5,Kinka Usher,Ben Stiller,68000000,29762011,-38237989,0.438,Yes,121,5.7,250,Yes,12.95,$40M-100M,110-129 min,50-499,No
10386,The Iron Giant,The Iron Giant (1999),1999-08-06,1999,1990s,Aug,8,English,Adventure,5,Brad Bird,Eli Marienthal,70000000,23159305,-46840695,0.331,Yes,86,7.6,1436,Yes,61.25,$40M-100M,Under 90 min,"500-1,999",No
913,The Thomas Crown Affair,The Thomas Crown Affair (1999),1999-08-06,1999,1990s,Aug,8,English,Drama,3,John McTiernan,Pierce Brosnan,48000000,124305181,76305181,2.59,Yes,113,6.6,339,Yes,18.1,$40M-100M,110-129 min,50-499,No
745,The Sixth Sense,The Sixth Sense (1999),1999-08-06,1999,1990s,Aug,8,English,Mystery,3,M. Night Shyamalan,Bruce Willis,40000000,672806292,632806292,16.82,Yes,107,7.7,3147,Yes,73.09,$40M-100M,90-109 min,"2,000-4,999",No
11353,Bowfinger,Bowfinger (1999),1999-08-12,1999,1990s,Aug,8,English,Comedy,1,Frank Oz,Steve Martin,55000000,,,,No,97,6.0,254,Yes,13.19,$40M-100M,90-109 min,50-499,No
17707,Brokedown Palace,Brokedown Palace (1999),1999-08-13,1999,1990s,Aug,8,English,Drama,2,Jonathan Kaplan,Claire Danes,25000000,13000000,-12000000,0.52,Yes,100,6.2,111,Yes,7.3,$10M-40M,90-109 min,50-499,No
9781,Detroit Rock City,Detroit Rock City (1999),1999-08-13,1999,1990s,Aug,8,English,Comedy,2,Adam Rifkin,Giuseppe Andrews,6500000,4217115,-2282885,0.649,Yes,95,6.7,100,Yes,5.7,Under $10M,90-109 min,50-499,No
10154,Mickey Blue Eyes,Mickey Blue Eyes (1999),1999-08-16,1999,1990s,Aug,8,English,Comedy,3,Kelly Makin,Hugh Grant,,,,,No,102,5.3,140,Yes,6.79,Unknown,90-109 min,50-499,No
14578,Outside Providence,Outside Providence (1999),1999-08-16,1999,1990s,Aug,8,English,Romance,3,Michael Corrente,Shawn Hatosy,7000000,7292175,292175,1.042,Yes,96,5.6,30,No,2.63,Under $10M,90-109 min,Under 50,No
22908,A Room for Romeo Brass,A Room for Romeo Brass (1999),1999-08-23,1999,1990s,Aug,8,English,Drama,3,Shane Meadows,Paddy Considine,,,,,No,90,7.3,18,No,1.39,Unknown,90-109 min,Under 50,No
622,The Ninth Gate,The Ninth Gate (1999),1999-08-24,1999,1990s,Aug,8,English,Horror,3,Roman Polanski,Johnny Depp,38000000,58401898,20401898,1.537,Yes,133,6.3,756,Yes,30.36,$10M-40M,130-149 min,"500-1,999",No
22314,In Too Deep,In Too Deep (1999),1999-08-25,1999,1990s,Aug,8,English,Drama,4,Michael Rymer,Omar Epps,7000000,14011454,7011454,2.002,Yes,97,6.2,17,No,2.77,Under $10M,90-109 min,Under 50,No
2900,The Astronaut's Wife,The Astronaut's Wife (1999),1999-08-26,1999,1990s,Aug,8,English,Drama,3,Rand Ravich,Johnny Depp,75000000,19598588,-55401412,0.261,Yes,109,5.4,254,Yes,20.7,$40M-100M,90-109 min,50-499,No
1911,The 13th Warrior,The 13th Warrior (1999),1999-08-27,1999,1990s,Aug,8,English,Adventure,3,John McTiernan,Antonio Banderas,160000000,61698899,-98301101,0.386,Yes,102,6.4,510,Yes,27.22,$100M+,90-109 min,"500-1,999",No
17709,Dudley Do-Right,Dudley Do-Right (1999),1999-08-27,1999,1990s,Aug,8,English,Comedy,3,Hugh Wilson,Brendan Fraser,70000000,,,,No,77,3.8,48,No,8.79,$40M-100M,Under 90 min,Under 50,No
37718,The Muse,The Muse (1999),1999-08-27,1999,1990s,Aug,8,English,Fantasy,2,Albert Brooks,Albert Brooks,,,,,No,97,5.3,31,No,2.86,Unknown,90-109 min,Under 50,No
104896,A Dog Of Flanders,A Dog Of Flanders (1999),1999-08-27,1999,1990s,Aug,8,English,Drama,2,Kevin Brodie,Jack Warden,,,,,No,96,6.4,6,No,0.84,Unknown,90-109 min,Under 50,No
2162,Chill Factor,Chill Factor (1999),1999-09-01,1999,1990s,Sep,9,English,Action,3,Hugh Johnson,Cuba Gooding Jr.,70000000,11263966,-58736034,0.161,Yes,101,5.3,29,No,3.28,$40M-100M,90-109 min,Under 50,No
226,Boys Don't Cry,Boys Don't Cry (1999),1999-09-02,1999,1990s,Sep,9,English,Crime,2,Kimberly Peirce,Hilary Swank,2000000,11540607,9540607,5.77,Yes,118,7.2,353,Yes,15.56,Under $10M,110-129 min,50-499,No
46435,Topsy-Turvy,Topsy-Turvy (1999),1999-09-03,1999,1990s,Sep,9,English,Comedy,3,Mike Leigh,Allan Corduner,,,,,No,160,6.7,41,No,8.63,Unknown,150+ min,Under 50,No
18681,Eye of the Beholder,Eye of the Beholder (1999),1999-09-04,1999,1990s,Sep,9,English,Drama,3,Stephan Elliott,Ewan McGregor,15000000,,,,No,109,5.3,42,No,4.3,$10M-40M,90-109 min,Under 50,No
25636,Jesus' Son,Jesus' Son (1999),1999-09-05,1999,1990s,Sep,9,English,Comedy,3,Alison Maclean,Billy Crudup,,,,,No,107,6.7,22,No,5.58,Unknown,90-109 min,Under 50,No
10307,Stigmata,Stigmata (1999),1999-09-10,1999,1990s,Sep,9,English,Horror,1,Rupert Wainwright,Patricia Arquette,29000000,50041732,21041732,1.726,Yes,103,6.0,242,Yes,14.99,$10M-40M,90-109 min,50-499,No
11601,Stir of Echoes,Stir of Echoes (1999),1999-09-10,1999,1990s,Sep,9,English,Horror,3,David Koepp,Kevin Bacon,12000000,21133087,9133087,1.761,Yes,99,6.5,330,Yes,6.04,$10M-40M,90-109 min,50-499,No
15122,Love Stinks,Love Stinks (1999),1999-09-10,1999,1990s,Sep,9,English,Comedy,2,Jeff Franklin,French Stewart,,,,,No,94,5.4,11,No,3.35,Unknown,90-109 min,Under 50,No
20770,But I'm a Cheerleader,But I'm a Cheerleader (1999),1999-09-12,1999,1990s,Sep,9,English,Comedy,1,Jamie Babbit,Natasha Lyonne,,,,,No,85,6.5,101,Yes,4.83,Unknown,Under 90 min,50-499,No
4816,Ghost Dog: The Way of the Samurai,Ghost Dog: The Way of the Samurai (1999),1999-09-13,1999,1990s,Sep,9,English,Crime,2,Jim Jarmusch,Forest Whitaker,,,,,No,116,7.2,298,Yes,18.22,Unknown,110-129 min,50-499,No
14,American Beauty,American Beauty (1999),1999-09-15,1999,1990s,Sep,9,English,Drama,1,Sam Mendes,Kevin Spacey,15000000,356296601,341296601,23.753,Yes,122,7.9,3313,Yes,80.88,$10M-40M,110-129 min,"2,000-4,999",No
2290,Jakob the Liar,Jakob the Liar (1999),1999-09-16,1999,1990s,Sep,9,English,Comedy,3,Peter Kassovitz,Robin Williams,,,,,No,120,6.0,90,Yes,8.96,Unknown,110-129 min,50-499,No
224569,Taxman,Taxman (1999),1999-09-16,1999,1990s,Sep,9,English,Action,4,Avi Nesher,Joe Pantoliano,,,,,No,104,2.0,1,No,0.96,Unknown,90-109 min,Under 50,No
125537,Smiling Fish & Goat On Fire,Smiling Fish & Goat On Fire (1999),1999-09-16,1999,1990s,Sep,9,English,Comedy,2,Kevin Jordan,Derick Martini,,,,,No,90,7.0,1,No,0.01,Unknown,90-109 min,Under 50,No
10390,For Love of the Game,For Love of the Game (1999),1999-09-17,1999,1990s,Sep,9,English,Drama,2,Sam Raimi,Kevin Costner,50000000,,,,No,137,6.3,88,Yes,9.62,$40M-100M,130-149 min,50-499,No
10400,The Hurricane,The Hurricane (1999),1999-09-17,1999,1990s,Sep,9,English,Drama,1,Norman Jewison,Denzel Washington,50000000,73956241,23956241,1.479,Yes,146,7.2,396,Yes,20.83,$40M-100M,130-149 min,50-499,No
11001,Blue Streak,Blue Streak (1999),1999-09-17,1999,1990s,Sep,9,English,Action,3,Les Mayfield,Martin Lawrence,65000000,117758500,52758500,1.812,Yes,93,6.1,352,Yes,16.87,$40M-100M,90-109 min,50-499,No
142132,Sugar Town,Sugar Town (1999),1999-09-17,1999,1990s,Sep,9,English,Comedy,1,Allison Anders,John Taylor,,,,,No,92,5.5,2,No,0.38,Unknown,90-109 min,Under 50,No
10398,Double Jeopardy,Double Jeopardy (1999),1999-09-24,1999,1990s,Sep,9,English,Crime,4,Bruce Beresford,Tommy Lee Jones,70000000,177841558,107841558,2.541,Yes,105,6.2,278,Yes,19.44,$40M-100M,90-109 min,50-499,No
24071,Mumford,Mumford (1999),1999-09-24,1999,1990s,Sep,9,English,Comedy,3,Lawrence Kasdan,Loren Dean,,,,,No,112,6.3,26,No,4.31,Unknown,110-129 min,Under 50,No
6415,Three Kings,Three Kings (1999),1999-09-27,1999,1990s,Sep,9,English,Action,3,David O. Russell,George Clooney,75000000,108000000,33000000,1.44,Yes,114,6.6,692,Yes,34.97,$40M-100M,110-129 min,"500-1,999",No
492,Being John Malkovich,Being John Malkovich (1999),1999-09-30,1999,1990s,Sep,9,English,Fantasy,3,Spike Jonze,John Cusack,13000000,22863596,9863596,1.759,Yes,112,7.3,1101,Yes,27.55,$10M-40M,110-129 min,"500-1,999",No
15198,"Mystery, Alaska","Mystery, Alaska (1999)",1999-10-01,1999,1990s,Oct,10,English,Drama,2,Jay Roach,Russell Crowe,28000000,8888143,-19111857,0.317,Yes,119,6.0,69,Yes,4.44,$10M-40M,110-129 min,50-499,No
16112,The Adventures of Elmo in Grouchland,The Adventures of Elmo in Grouchland (1999),1999-10-01,1999,1990s,Oct,10,English,Family,1,Gary Halvorson,Kevin Clash,,,,,No,73,6.3,14,No,3.09,Unknown,Under 90 min,Under 50,No
14429,Drive Me Crazy,Drive Me Crazy (1999),1999-10-01,1999,1990s,Oct,10,English,Drama,4,John Schultz,Melissa Joan Hart,8000000,22593409,14593409,2.824,Yes,91,5.8,62,Yes,4.48,Under $10M,90-109 min,50-499,No
12618,Random Hearts,Random Hearts (1999),1999-10-08,1999,1990s,Oct,10,English,Drama,2,Sydney Pollack,Harrison Ford,64000000,74608570,10608570,1.166,Yes,133,5.3,63,Yes,4.14,$40M-100M,130-149 min,50-499,No
13824,Superstar,Superstar (1999),1999-10-08,1999,1990s,Oct,10,English,Comedy,2,Bruce McCulloch,Molly Shannon,,,,,No,81,5.1,83,Yes,4.05,Unknown,Under 90 min,50-499,No
19489,Held Up,Held Up (1999),1999-10-08,1999,1990s,Oct,10,English,Comedy,1,Steve Rash,Jamie Foxx,,,,,No,89,4.9,11,No,1.57,Unknown,Under 90 min,Under 50,No
302579,Naturally Native,Naturally Native (1999),1999-10-08,1999,1990s,Oct,10,English,Drama,1,Valerie Red-Horse,Valerie Red-Horse,700000,10508,-689492,0.015,Yes,107,,0,No,0.58,Under $10M,90-109 min,Under 50,No
28666,The Woman Chaser,The Woman Chaser (1999),1999-10-08,1999,1990s,Oct,10,English,Drama,1,Robinson Devor,Patrick Warburton,,,,,No,90,4.9,4,No,0.62,Unknown,90-109 min,Under 50,No
12220,The Story of Us,The Story of Us (1999),1999-10-13,1999,1990s,Oct,10,English,Comedy,3,Rob Reiner,Bruce Willis,50000000,58900031,8900031,1.178,Yes,95,5.9,75,Yes,6.23,$40M-100M,90-109 min,50-499,No
550,Fight Club,Fight Club (1999),1999-10-15,1999,1990s,Oct,10,English,Drama,1,David Fincher,Edward Norton,63000000,100853753,37853753,1.601,Yes,139,8.3,9413,Yes,146.76,$40M-100M,130-149 min,"5,000+",No
404,The Straight Story,The Straight Story (1999),1999-10-15,1999,1990s,Oct,10,English,Drama,1,David Lynch,Richard Farnsworth,10000000,,,,No,112,7.7,306,Yes,15.28,$10M-40M,110-129 min,50-499,No
29064,The Omega Code,The Omega Code (1999),1999-10-15,1999,1990s,Oct,10,English,Horror,2,Robert Marcarelli,Casper Van Dien,,2400000,,,No,100,4.4,17,No,1.29,Unknown,90-109 min,Under 50,No
10047,The Messenger: The Story of Joan of Arc,The Messenger: The Story of Joan of Arc (1999),1999-10-18,1999,1990s,Oct,10,Other languages,Adventure,5,Luc Besson,Milla Jovovich,60000000,66976317,6976317,1.116,Yes,148,6.2,367,Yes,21.08,$40M-100M,130-149 min,50-499,No
100975,Just Looking,Just Looking (1999),1999-10-21,1999,1990s,Oct,10,English,Drama,2,Jason Alexander,Gretchen Mol,3000000,,,,No,97,5.8,5,No,0.43,Under $10M,90-109 min,Under 50,No
8649,Bringing Out the Dead,Bringing Out the Dead (1999),1999-10-22,1999,1990s,Oct,10,English,Drama,1,Martin Scorsese,Nicolas Cage,32000000,,,,No,121,6.6,225,Yes,15.56,$10M-40M,110-129 min,50-499,No
44857,Molly,Molly (1999),1999-10-22,1999,1990s,Oct,10,English,Drama,3,John Duigan,Elisabeth Shue,,,,,No,102,5.5,14,No,2.64,Unknown,90-109 min,Under 50,No
10563,Three to Tango,Three to Tango (1999),1999-10-22,1999,1990s,Oct,10,English,Comedy,2,Damon Santostefano,Matthew Perry,20000000,,,,No,98,5.4,62,Yes,7.55,$10M-40M,90-109 min,50-499,No
31306,Crazy in Alabama,Crazy in Alabama (1999),1999-10-22,1999,1990s,Oct,10,English,Comedy,2,Antonio Banderas,Melanie Griffith,,,,,No,111,6.5,12,No,5.77,Unknown,110-129 min,Under 50,No
16162,The Best Man,The Best Man (1999),1999-10-22,1999,1990s,Oct,10,English,Drama,2,Malcolm D. Lee,Nia Long,9000000,34573780,25573780,3.842,Yes,120,6.8,38,No,3.95,Under $10M,110-129 min,Under 50,No
10496,Bats,Bats (1999),1999-10-22,1999,1990s,Oct,10,English,Horror,2,Louis Morneau,Lou Diamond Phillips,,,,,No,91,4.1,35,No,1.54,Unknown,90-109 min,Under 50,No
14271,Beyond the Mat,Beyond the Mat (1999),1999-10-22,1999,1990s,Oct,10,English,Documentary,1,Barry W. Blaustein,Mick Foley,2053648,500000,-1553648,0.243,Yes,102,7.8,17,No,2.78,Under $10M,90-109 min,Under 50,No
9008,The Insider,The Insider (1999),1999-10-28,1999,1990s,Oct,10,English,Drama,2,Michael Mann,Al Pacino,90000000,60289912,-29710088,0.67,Yes,157,7.3,481,Yes,26.15,$40M-100M,150+ min,50-499,No
11377,House on Haunted Hill,House on Haunted Hill (1999),1999-10-29,1999,1990s,Oct,10,English,Horror,3,William Malone,Geoffrey Rush,19000000,40846082,21846082,2.15,Yes,93,5.5,209,Yes,13.66,$10M-40M,90-109 min,50-499,No
108346,Dreaming of Joseph Lees,Dreaming of Joseph Lees (1999),1999-10-29,1999,1990s,Oct,10,English,Romance,2,Eric Styles,Rupert Graves,2000000,,,,No,92,8.0,1,No,0.12,Under $10M,90-109 min,Under 50,No
863,Toy Story 2,Toy Story 2 (1999),1999-10-30,1999,1990s,Oct,10,English,Animation,3,John Lasseter,Tom Hanks,90000000,497366869,407366869,5.526,Yes,92,7.3,3806,Yes,73.58,$40M-100M,90-109 min,"2,000-4,999",No
9481,The Bone Collector,The Bone Collector (1999),1999-11-04,1999,1990s,Nov,11,English,Drama,4,Phillip Noyce,Denzel Washington,73000000,151493655,78493655,2.075,Yes,118,6.5,826,Yes,33.88,$40M-100M,110-129 min,"500-1,999",No
19052,Light It Up,Light It Up (1999),1999-11-04,1999,1990s,Nov,11,English,Drama,2,Craig Bolotin,Usher Raymond,,,,,No,99,6.6,7,No,1.21,Unknown,90-109 min,Under 50,No
36643,The World Is Not Enough,The World Is Not Enough (1999),1999-11-08,1999,1990s,Nov,11,English,Adventure,3,Michael Apted,Pierce Brosnan,135000000,361832400,226832400,2.68,Yes,128,6.0,862,Yes,39.6,$100M+,110-129 min,"500-1,999",No
21349,Anywhere But Here,Anywhere But Here (1999),1999-11-12,1999,1990s,Nov,11,English,Drama,3,Wayne Wang,Susan Sarandon,23000000,18653615,-4346385,0.811,Yes,114,5.9,66,Yes,8.98,$10M-40M,110-129 min,50-499,No
1832,Dogma,Dogma (1999),1999-11-12,1999,1990s,Nov,11,English,Fantasy,3,Kevin Smith,Ben Affleck,10000000,30652890,20652890,3.065,Yes,130,6.8,823,Yes,14.54,$10M-40M,130-149 min,"500-1,999",No
9946,End of Days,End of Days (1999),1999-11-24,1999,1990s,Nov,11,English,Action,4,Peter Hyams,Arnold Schwarzenegger,100000000,211989043,111989043,2.12,Yes,121,5.5,482,Yes,20.65,$100M+,110-129 min,50-499,No
22267,Ride with the Devil,Ride with the Devil (1999),1999-11-24,1999,1990s,Nov,11,English,Drama,4,Ang Lee,Tobey Maguire,38000000,635096,-37364904,0.017,Yes,138,6.6,49,No,5.52,$10M-40M,130-149 min,Under 50,No
47692,Felicia's Journey,Felicia's Journey (1999),1999-11-24,1999,1990s,Nov,11,English,Drama,1,Atom Egoyan,Bob Hoskins,,,,,No,116,6.6,23,No,0.47,Unknown,110-129 min,Under 50,No
31582,Flawless,Flawless (1999),1999-11-26,1999,1990s,Nov,11,English,Comedy,2,Joel Schumacher,Robert De Niro,,4488529,,,No,112,5.9,56,Yes,5.27,Unknown,110-129 min,50-499,No
55123,Tumbleweeds,Tumbleweeds (1999),1999-11-28,1999,1990s,Nov,11,English,Comedy,2,Gavin O'Connor,Janet McTeer,312000,1281176,969176,4.106,Yes,102,6.2,11,No,1.51,Under $10M,90-109 min,Under 50,No
20024,The End of the Affair,The End of the Affair (1999),1999-12-03,1999,1990s,Dec,12,English,Drama,1,Neil Jordan,Ralph Fiennes,23000000,10827816,-12172184,0.471,Yes,102,6.6,55,Yes,6.92,$10M-40M,90-109 min,50-499,No
24066,"Happy, Texas","Happy, Texas (1999)",1999-12-03,1999,1990s,Dec,12,English,Comedy,2,Mark Illsley,Steve Zahn,1700000,1943649,243649,1.143,Yes,98,5.5,39,No,2.08,Under $10M,90-109 min,Under 50,No
334,Magnolia,Magnolia (1999),1999-12-08,1999,1990s,Dec,12,English,Drama,1,Paul Thomas Anderson,Julianne Moore,37000000,48451803,11451803,1.31,Yes,188,7.5,825,Yes,30.99,$10M-40M,150+ min,"500-1,999",No
497,The Green Mile,The Green Mile (1999),1999-12-10,1999,1990s,Dec,12,English,Fantasy,3,Frank Darabont,Tom Hanks,60000000,284600000,224600000,4.743,Yes,189,8.2,4048,Yes,103.7,$40M-100M,150+ min,"2,000-4,999",No
32274,Cradle Will Rock,Cradle Will Rock (1999),1999-12-10,1999,1990s,Dec,12,English,Drama,1,Tim Robbins,Hank Azaria,,,,,No,132,7.2,18,No,4.9,Unknown,130-149 min,Under 50,No
10402,Deuce Bigalow: Male Gigolo,Deuce Bigalow: Male Gigolo (1999),1999-12-10,1999,1990s,Dec,12,English,Comedy,1,Mike Mitchell,Rob Schneider,17000000,65535067,48535067,3.855,Yes,88,5.5,308,Yes,9.83,$10M-40M,Under 90 min,50-499,No
10643,Godzilla 2000,Godzilla 2000 (1999),1999-12-11,1999,1990s,Dec,12,Other languages,Adventure,4,Takao Okawara,Takehiro Murata,1000000,10037390,9037390,10.037,Yes,107,5.9,43,No,3.32,Under $10M,90-109 min,Under 50,No
1439,Anna and the King,Anna and the King (1999),1999-12-16,1999,1990s,Dec,12,English,Drama,3,Andy Tennant,Jodie Foster,75000000,,,,No,148,6.4,197,Yes,13.33,$40M-100M,130-149 min,50-499,No
9563,Any Given Sunday,Any Given Sunday (1999),1999-12-16,1999,1990s,Dec,12,English,Drama,1,Oliver Stone,Al Pacino,55000000,100230832,45230832,1.822,Yes,163,6.8,422,Yes,23.13,$40M-100M,150+ min,50-499,No
10137,Stuart Little,Stuart Little (1999),1999-12-17,1999,1990s,Dec,12,English,Animation,4,Rob Minkoff,Michael J. Fox,133000000,300135367,167135367,2.257,Yes,84,5.8,959,Yes,30.48,$100M+,Under 90 min,"500-1,999",No
2277,Bicentennial Man,Bicentennial Man (1999),1999-12-17,1999,1990s,Dec,12,English,Comedy,2,Chris Columbus,Robin Williams,100000000,93700000,-6300000,0.937,Yes,131,6.9,963,Yes,24.94,$100M+,130-149 min,"500-1,999",No
49948,Fantasia 2000,Fantasia 2000 (1999),1999-12-17,1999,1990s,Dec,12,English,Animation,3,James Algar,Steve Martin,80000000,90874570,10874570,1.136,Yes,74,7.0,292,Yes,14.53,$40M-100M,Under 90 min,50-499,No
3558,"Girl, Interrupted","Girl, Interrupted (1999)",1999-12-21,1999,1990s,Dec,12,English,Drama,1,James Mangold,Winona Ryder,40000000,,,,No,127,7.6,721,Yes,10.71,$40M-100M,110-129 min,"500-1,999",No
1850,Man on the Moon,Man on the Moon (1999),1999-12-22,1999,1990s,Dec,12,English,Comedy,3,Miloš Forman,Jim Carrey,82000000,47434430,-34565570,0.578,Yes,118,6.9,435,Yes,24.44,$40M-100M,110-129 min,50-499,No
10219,Snow Falling on Cedars,Snow Falling on Cedars (1999),1999-12-22,1999,1990s,Dec,12,English,Drama,2,Scott Hicks,Ethan Hawke,,,,,No,127,6.3,32,No,2.79,Unknown,110-129 min,Under 50,No
926,Galaxy Quest,Galaxy Quest (1999),1999-12-23,1999,1990s,Dec,12,English,Comedy,3,Dean Parisot,Tim Allen,45000000,90683916,45683916,2.015,Yes,102,6.9,710,Yes,30.82,$40M-100M,90-109 min,"500-1,999",No
1213,The Talented Mr. Ripley,The Talented Mr. Ripley (1999),1999-12-25,1999,1990s,Dec,12,English,Thriller,3,Anthony Minghella,Matt Damon,40000000,128798265,88798265,3.22,Yes,139,7.0,767,Yes,31.39,$40M-100M,130-149 min,"500-1,999",No
10397,Angela's Ashes,Angela's Ashes (1999),1999-12-25,1999,1990s,Dec,12,English,Drama,1,Alan Parker,Emily Watson,,,,,No,145,7.0,59,Yes,4.89,Unknown,130-149 min,50-499,No
20761,Play It to the Bone,Play It to the Bone (1999),1999-12-25,1999,1990s,Dec,12,English,Comedy,2,Ron Shelton,Antonio Banderas,24000000,8434146,-15565854,0.351,Yes,124,5.7,53,Yes,5.57,$10M-40M,110-129 min,50-499,No
48217,The Widow of Saint-Pierre,The Widow of Saint-Pierre (2000),2000-01-01,2000,2000s,Jan,1,English,Romance,2,Patrice Leconte,Daniel Auteuil,,,,,No,112,6.7,11,No,1.78,Unknown,110-129 min,Under 50,No
10471,Next Friday,Next Friday (2000),2000-01-12,2000,2000s,Jan,1,English,Comedy,1,Steve Carr,Ice Cube,11000000,59827328,48827328,5.439,Yes,98,6.4,135,Yes,9.34,$10M-40M,90-109 min,50-499,No
10384,Supernova,Supernova (2000),2000-01-14,2000,2000s,Jan,1,English,Horror,3,Walter Hill,James Spader,90000000,14828081,-75171919,0.165,Yes,91,4.9,109,Yes,5.76,$40M-100M,90-109 min,50-499,No
17908,My Dog Skip,My Dog Skip (2000),2000-01-14,2000,2000s,Jan,1,English,Comedy,3,Jay Russell,Frankie Muniz,7000000,,,,No,95,6.5,69,Yes,5.68,Under $10M,90-109 min,50-499,No
10472,Down to You,Down to You (2000),2000-01-21,2000,2000s,Jan,1,English,Comedy,4,Kris Isacsson,Freddie Prinze Jr.,9000000,,,,No,91,4.9,70,Yes,3.27,Under $10M,90-109 min,50-499,No
44490,Chuck & Buck,Chuck & Buck (2000),2000-01-21,2000,2000s,Jan,1,English,Comedy,2,Miguel Arteta,Mike White,,,,,No,96,5.7,16,No,0.81,Unknown,90-109 min,Under 50,No
77332,Urbania,Urbania (2000),2000-01-24,2000,2000s,Jan,1,English,Romance,2,Jon Matthews,Dan Futterman,,,,,No,103,5.2,10,No,0.07,Unknown,90-109 min,Under 50,No
75531,Isn't She Great,Isn't She Great (2000),2000-01-28,2000,2000s,Jan,1,Other languages,Drama,2,Andrew Bergman,Bette Midler,36000000,3003296,-32996704,0.083,Yes,95,4.6,14,No,1.07,$10M-40M,90-109 min,Under 50,No
22597,The Broken Hearts Club: A Romantic Comedy,The Broken Hearts Club: A Romantic Comedy (2000),2000-02-01,2000,2000s,Feb,2,English,Comedy,3,Greg Berlanti,Ben Weber,1000000,1744858,744858,1.745,Yes,94,6.3,25,No,3.42,Under $10M,90-109 min,Under 50,No
4234,Scream 3,Scream 3 (2000),2000-02-03,2000,2000s,Feb,2,English,Horror,2,Wes Craven,David Arquette,40000000,161834276,121834276,4.046,Yes,116,5.7,736,Yes,24.99,$40M-100M,110-129 min,"500-1,999",No
1698,Anatomy,Anatomy (2000),2000-02-03,2000,2000s,Feb,2,Other languages,Horror,2,Stefan Ruzowitzky,Franka Potente,,,,,No,103,6.1,61,Yes,5.03,Unknown,90-109 min,50-499,No
29076,Gun Shy,Gun Shy (2000),2000-02-04,2000,2000s,Feb,2,English,Action,4,Eric Blakeney,Sandra Bullock,10000000,1631839,-8368161,0.163,Yes,101,5.4,24,No,3.99,$10M-40M,90-109 min,Under 50,No
1907,The Beach,The Beach (2000),2000-02-11,2000,2000s,Feb,2,English,Drama,4,Danny Boyle,Leonardo DiCaprio,40000000,144056873,104056873,3.601,Yes,119,6.3,1233,Yes,41.36,$40M-100M,110-129 min,"500-1,999",No
15655,The Tigger Movie,The Tigger Movie (2000),2000-02-11,2000,2000s,Feb,2,English,Animation,2,Jun Falkenstein,Jim Cummings,30000000,45554533,15554533,1.518,Yes,77,6.3,143,Yes,9.83,$10M-40M,Under 90 min,50-499,No
15489,Snow Day,Snow Day (2000),2000-02-11,2000,2000s,Feb,2,English,Comedy,2,Chris Koch,Chevy Chase,,,,,No,89,4.8,51,Yes,7.96,Unknown,Under 90 min,50-499,No
10385,Hanging Up,Hanging Up (2000),2000-02-16,2000,2000s,Feb,2,English,Comedy,2,Diane Keaton,Meg Ryan,40000000,36037909,-3962091,0.901,Yes,94,5.0,40,No,3.42,$40M-100M,90-109 min,Under 50,No
2069,The Whole Nine Yards,The Whole Nine Yards (2000),2000-02-18,2000,2000s,Feb,2,English,Comedy,2,Jonathan Lynn,Bruce Willis,41300000,106371651,65071651,2.576,Yes,98,6.2,531,Yes,23.44,$40M-100M,90-109 min,"500-1,999",No
2787,Pitch Black,Pitch Black (2000),2000-02-18,2000,2000s,Feb,2,English,Thriller,3,David Twohy,Vin Diesel,23000000,53187659,30187659,2.313,Yes,108,6.7,1789,Yes,18.49,$10M-40M,90-109 min,"500-1,999",No
14181,Boiler Room,Boiler Room (2000),2000-02-18,2000,2000s,Feb,2,English,Crime,3,Ben Younger,Giovanni Ribisi,26000000,28780255,2780255,1.107,Yes,118,6.5,201,Yes,11.23,$10M-40M,110-129 min,50-499,No
11004,Wonder Boys,Wonder Boys (2000),2000-02-22,2000,2000s,Feb,2,English,Comedy,2,Curtis Hanson,Michael Douglas,35000000,,,,No,111,6.9,161,Yes,9.01,$10M-40M,110-129 min,50-499,No
2155,Reindeer Games,Reindeer Games (2000),2000-02-25,2000,2000s,Feb,2,English,Thriller,1,John Frankenheimer,Ben Affleck,42000000,32168970,-9831030,0.766,Yes,124,5.4,173,Yes,11.47,$40M-100M,110-129 min,50-499,No
47816,3 Strikes,3 Strikes (2000),2000-03-01,2000,2000s,Mar,3,English,Action,3,DJ Pooh,Brian Hooks,6000000,9000000,3000000,1.5,Yes,82,5.9,15,No,1.43,Under $10M,Under 90 min,Under 50,No
10416,What Planet Are You From?,What Planet Are You From? (2000),2000-03-03,2000,2000s,Mar,3,English,Comedy,4,Mike Nichols,Garry Shandling,60000000,,,,No,105,5.4,37,No,2.28,$40M-100M,90-109 min,Under 50,No
1831,The Next Best Thing,The Next Best Thing (2000),2000-03-03,2000,2000s,Mar,3,English,Comedy,1,John Schlesinger,Madonna,25000000,24362772,-637228,0.975,Yes,108,4.3,29,No,3.71,$10M-40M,90-109 min,Under 50,No
25166,Drowning Mona,Drowning Mona (2000),2000-03-03,2000,2000s,Mar,3,English,Comedy,3,Nick Gomez,Danny DeVito,16000000,15427192,-572808,0.964,Yes,96,5.4,43,No,3.02,$10M-40M,90-109 min,Under 50,No
2067,Mission to Mars,Mission to Mars (2000),2000-03-10,2000,2000s,Mar,3,English,Science Fiction,1,Brian De Palma,Gary Sinise,90000000,60874615,-29125385,0.676,Yes,114,5.7,369,Yes,16.06,$40M-100M,110-129 min,50-499,No
25212,Deterrence,Deterrence (2000),2000-03-10,2000,2000s,Mar,3,English,Action,4,Rod Lurie,Kevin Pollak,,,,,No,101,6.1,7,No,2.17,Unknown,90-109 min,Under 50,No
146269,The Young Unknowns,The Young Unknowns (2000),2000-03-12,2000,2000s,Mar,3,English,Drama,1,Catherine Jelski,Devon Gummersall,,,,,No,87,,0,No,0.0,Unknown,Under 90 min,Under 50,No
2133,The Perfect Storm,The Perfect Storm (2000),2000-03-15,2000,2000s,Mar,3,English,Drama,1,Wolfgang Petersen,George Clooney,120000000,325756637,205756637,2.715,Yes,130,6.2,597,Yes,25.75,$100M+,130-149 min,"500-1,999",No
9532,Final Destination,Final Destination (2000),2000-03-16,2000,2000s,Mar,3,English,Horror,1,James Wong,Devon Sawa,23000000,53302314,30302314,2.317,Yes,98,6.4,1378,Yes,38.8,$10M-40M,90-109 min,"500-1,999",No
462,Erin Brockovich,Erin Brockovich (2000),2000-03-17,2000,2000s,Mar,3,English,Drama,1,Steven Soderbergh,Julia Roberts,52000000,256271286,204271286,4.928,Yes,131,7.1,716,Yes,30.35,$40M-100M,130-149 min,"500-1,999",No
243,High Fidelity,High Fidelity (2000),2000-03-17,2000,2000s,Mar,3,English,Comedy,4,Stephen Frears,John Cusack,30000000,47126295,17126295,1.571,Yes,113,7.0,628,Yes,23.98,$10M-40M,110-129 min,"500-1,999",No
20455,Digimon: The Movie,Digimon: The Movie (2000),2000-03-17,2000,2000s,Mar,3,English,Fantasy,4,Mamoru Hosoda,Lara Jill Miller,5500000,,,,No,82,6.2,72,Yes,3.74,Under $10M,Under 90 min,50-499,No
2085,Romeo Must Die,Romeo Must Die (2000),2000-03-20,2000,2000s,Mar,3,English,Action,3,Andrzej Bartkowiak,Jet Li,25000000,91036760,66036760,3.641,Yes,115,6.0,330,Yes,19.75,$10M-40M,110-129 min,50-499,No
13539,Here On Earth,Here On Earth (2000),2000-03-23,2000,2000s,Mar,3,English,Romance,1,Mark Piznarski,Leelee Sobieski,,,,,No,96,5.4,48,No,3.31,Unknown,90-109 min,Under 50,No
10501,The Road to El Dorado,The Road to El Dorado (2000),2000-03-31,2000,2000s,Mar,3,English,Adventure,4,Don Michael Paul,Kenneth Branagh,95000000,76432727,-18567273,0.805,Yes,89,7.0,858,Yes,37.05,$40M-100M,Under 90 min,"500-1,999",No
11478,The Skulls,The Skulls (2000),2000-03-31,2000,2000s,Mar,3,English,Crime,3,Rob Cohen,Joshua Jackson,15000000,35007180,20007180,2.334,Yes,106,5.8,156,Yes,11.38,$10M-40M,90-109 min,50-499,No
16222,Whatever It Takes,Whatever It Takes (2000),2000-03-31,2000,2000s,Mar,3,English,Drama,3,David Raynr,Jodi Lyn O'Keefe,15000000,9902115,-5097885,0.66,Yes,94,5.0,37,No,8.07,$10M-40M,90-109 min,Under 50,No
10468,28 Days,28 Days (2000),2000-04-06,2000,2000s,Apr,4,English,Comedy,2,Betty Thomas,Sandra Bullock,43000000,,,,No,103,6.0,208,Yes,5.42,$40M-100M,90-109 min,50-499,No
2621,Return to Me,Return to Me (2000),2000-04-07,2000,2000s,Apr,4,English,Romance,3,Bonnie Hunt,David Duchovny,24000000,36609995,12609995,1.525,Yes,115,6.1,67,Yes,5.77,$10M-40M,110-129 min,50-499,No
20697,Ready to Rumble,Ready to Rumble (2000),2000-04-07,2000,2000s,Apr,4,English,Action,3,Brian Robbins,David Arquette,24000000,12372410,-11627590,0.516,Yes,107,4.7,49,No,3.11,$10M-40M,90-109 min,Under 50,No
1359,American Psycho,American Psycho (2000),2000-04-13,2000,2000s,Apr,4,English,Thriller,3,Mary Harron,Christian Bale,7000000,34266564,27266564,4.895,Yes,102,7.3,2066,Yes,45.31,Under $10M,90-109 min,"2,000-4,999",No
4967,Keeping the Faith,Keeping the Faith (2000),2000-04-14,2000,2000s,Apr,4,English,Comedy,1,Edward Norton,Ben Stiller,30000000,37036004,7036004,1.235,Yes,127,5.9,159,Yes,8.09,$10M-40M,110-129 min,50-499,No
3536,U-571,U-571 (2000),2000-04-20,2000,2000s,Apr,4,English,Action,4,Jonathan Mostow,Matthew McConaughey,62000000,127666415,65666415,2.059,Yes,116,6.1,340,Yes,18.1,$40M-100M,110-129 min,50-499,No
14736,Love & Basketball,Love & Basketball (2000),2000-04-21,2000,2000s,Apr,4,English,Action,4,Gina Prince-Bythewood,"Chris Warren, Jr.",20000000,27728118,7728118,1.386,Yes,124,7.4,88,Yes,2.03,$10M-40M,110-129 min,50-499,No
18041,Gossip,Gossip (2000),2000-04-21,2000,2000s,Apr,4,English,Drama,3,Davis Guggenheim,Joshua Jackson,14000000,5108820,-8891180,0.365,Yes,90,5.5,68,Yes,5.83,$10M-40M,90-109 min,50-499,No
19457,The Yards,The Yards (2000),2000-04-27,2000,2000s,Apr,4,English,Drama,4,James Gray,Mark Wahlberg,,,,,No,115,6.0,97,Yes,10.15,Unknown,110-129 min,50-499,No
10564,Where the Heart Is,Where the Heart Is (2000),2000-04-27,2000,2000s,Apr,4,English,Comedy,3,Matt Williams,Natalie Portman,15000000,33771174,18771174,2.251,Yes,120,6.9,155,Yes,6.86,$10M-40M,110-129 min,50-499,No
889,The Flintstones in Viva Rock Vegas,The Flintstones in Viva Rock Vegas (2000),2000-04-28,2000,2000s,Apr,4,English,Science Fiction,4,Brian Levant,Mark Addy,83000000,59468275,-23531725,0.716,Yes,90,4.4,134,Yes,6.25,$40M-100M,90-109 min,50-499,No
10559,Frequency,Frequency (2000),2000-04-28,2000,2000s,Apr,4,English,Crime,4,Gregory Hoblit,Dennis Quaid,31000000,68106245,37106245,2.197,Yes,118,7.0,462,Yes,19.26,$10M-40M,110-129 min,50-499,No
98,Gladiator,Gladiator (2000),2000-05-01,2000,2000s,May,5,English,Action,3,Ridley Scott,Russell Crowe,103000000,457640427,354640427,4.443,Yes,155,7.9,5439,Yes,95.3,$100M+,150+ min,"5,000+",No
21311,I Dreamed of Africa,I Dreamed of Africa (2000),2000-05-05,2000,2000s,May,5,English,Romance,3,Hugh Hudson,Kim Basinger,34000000,,,,No,114,5.3,18,No,1.66,$10M-40M,110-129 min,Under 50,No
24977,Michael Jordan to the Max,Michael Jordan to the Max (2000),2000-05-05,2000,2000s,May,5,English,Documentary,1,James D. Stern,Michael Jordan,,21268532,,,No,46,7.5,10,No,1.83,Unknown,Under 90 min,Under 50,No
52790,The Basket,The Basket (2000),2000-05-05,2000,2000s,May,5,English,Drama,1,Rich Cowan,Peter Coyote,,619042,,,No,105,6.5,6,No,0.43,Unknown,90-109 min,Under 50,No
5491,Battlefield Earth,Battlefield Earth (2000),2000-05-10,2000,2000s,May,5,English,Action,3,Roger Christian,John Travolta,44000000,21400000,-22600000,0.486,Yes,118,3.0,255,Yes,7.89,$40M-100M,110-129 min,50-499,No
10560,Center Stage,Center Stage (2000),2000-05-12,2000,2000s,May,5,English,Drama,2,Nicholas Hytner,Amanda Schull,18000000,17200925,-799075,0.956,Yes,115,6.8,90,Yes,6.96,$10M-40M,110-129 min,50-499,No
19419,Screwed,Screwed (2000),2000-05-12,2000,2000s,May,5,English,Action,2,Scott Alexander,Norm Macdonald,,,,,No,81,4.9,23,No,5.36,Unknown,Under 90 min,Under 50,No
206412,Lisa Picard Is Famous,Lisa Picard Is Famous (2000),2000-05-14,2000,2000s,May,5,English,No genre,0,Griffin Dunne,Laura Kirk,,,,,No,90,4.0,1,No,0.69,Unknown,90-109 min,Under 50,No
10873,Shadow of the Vampire,Shadow of the Vampire (2000),2000-05-15,2000,2000s,May,5,English,Drama,2,E. Elias Merhige,John Malkovich,8000000,8279017,279017,1.035,Yes,92,6.6,148,Yes,5.94,Under $10M,90-109 min,50-499,No
16,Dancer in the Dark,Dancer in the Dark (2000),2000-05-17,2000,2000s,May,5,English,Drama,3,Lars von Trier,Björk,12800000,40031879,27231879,3.127,Yes,140,7.6,377,Yes,22.02,$10M-40M,130-149 min,50-499,No
14195,Cecil B. Demented,Cecil B. Demented (2000),2000-05-17,2000,2000s,May,5,English,Thriller,3,John Waters,Melanie Griffith,10000000,,,,No,87,6.2,51,Yes,4.18,$10M-40M,Under 90 min,50-499,No
71,Billy Elliot,Billy Elliot (2000),2000-05-18,2000,2000s,May,5,English,Drama,3,Stephen Daldry,Jamie Bell,5000000,110000000,105000000,22.0,Yes,110,7.4,750,Yes,20.43,Under $10M,110-129 min,"500-1,999",No
10567,Dinosaur,Dinosaur (2000),2000-05-19,2000,2000s,May,5,English,Animation,2,Ralph Zondag,D. B. Sweeney,127500000,354248063,226748063,2.778,Yes,82,6.2,542,Yes,26.55,$100M+,Under 90 min,"500-1,999",No
10569,Small Time Crooks,Small Time Crooks (2000),2000-05-19,2000,2000s,May,5,English,Action,3,Woody Allen,Woody Allen,,,,,No,94,6.4,155,Yes,11.42,Unknown,90-109 min,50-499,No
9285,Road Trip,Road Trip (2000),2000-05-19,2000,2000s,May,5,English,Comedy,2,Todd Phillips,Breckin Meyer,16000000,119754278,103754278,7.485,Yes,93,5.9,542,Yes,14.76,$10M-40M,90-109 min,"500-1,999",No
955,Mission: Impossible II,Mission: Impossible II (2000),2000-05-24,2000,2000s,May,5,English,Adventure,3,John Woo,Tom Cruise,125000000,546388105,421388105,4.371,Yes,123,5.9,1928,Yes,54.93,$100M+,110-129 min,"500-1,999",No
8584,Shanghai Noon,Shanghai Noon (2000),2000-05-26,2000,2000s,May,5,English,Adventure,4,Tom Dey,Jackie Chan,55000000,56932305,1932305,1.035,Yes,110,6.2,735,Yes,25.4,$40M-100M,110-129 min,"500-1,999",No
325140,Hum To Mohabbat Karega,Hum To Mohabbat Karega (2000),2000-05-26,2000,2000s,May,5,English,No genre,0,Unknown,Unknown,,,,,No,,,0,No,0.0,Unknown,Unknown,Under 50,No
9600,Big Momma's House,Big Momma's House (2000),2000-05-31,2000,2000s,May,5,English,Crime,2,Raja Gosnell,Martin Lawrence,30000000,173959438,143959438,5.799,Yes,98,5.6,506,Yes,24.39,$10M-40M,90-109 min,"500-1,999",No
23655,Groove,Groove (2000),2000-06-08,2000,2000s,Jun,6,English,Drama,3,Greg Harrison,Hamish Linklater,,,,,No,86,5.6,6,No,1.09,Unknown,Under 90 min,Under 50,No
9679,Gone in Sixty Seconds,Gone in Sixty Seconds (2000),2000-06-09,2000,2000s,Jun,6,English,Action,3,Dominic Sena,Nicolas Cage,90000000,237202299,147202299,2.636,Yes,118,6.1,1485,Yes,53.0,$40M-100M,110-129 min,"500-1,999",No
479,Shaft,Shaft (2000),2000-06-15,2000,2000s,Jun,6,English,Action,4,John Singleton,Samuel L. Jackson,46000000,107196498,61196498,2.33,Yes,99,5.5,308,Yes,19.64,$40M-100M,90-109 min,50-499,No
7450,Titan A.E.,Titan A.E. (2000),2000-06-16,2000,2000s,Jun,6,English,Animation,5,Gary Goldman,Matt Damon,75000000,36754634,-38245366,0.49,Yes,94,6.3,313,Yes,14.44,$40M-100M,90-109 min,50-499,No
10571,Boys and Girls,Boys and Girls (2000),2000-06-16,2000,2000s,Jun,6,English,Comedy,3,Robert Iscove,Freddie Prinze Jr.,16000000,20627372,4627372,1.289,Yes,94,5.4,103,Yes,9.12,$10M-40M,90-109 min,50-499,No
55,Amores perros,Amores perros (2000),2000-06-16,2000,2000s,Jun,6,Other languages,Drama,2,Alejandro González Iñárritu,Gael García Bernal,2000000,20908467,18908467,10.454,Yes,154,7.6,521,Yes,23.28,Under $10M,150+ min,"500-1,999",No
7443,Chicken Run,Chicken Run (2000),2000-06-21,2000,2000s,Jun,6,English,Animation,3,Nick Park,Mel Gibson,45000000,224834564,179834564,4.996,Yes,84,6.5,1150,Yes,31.79,$40M-100M,Under 90 min,"500-1,999",No
2123,"Me, Myself & Irene","Me, Myself & Irene (2000)",2000-06-22,2000,2000s,Jun,6,English,Comedy,1,Bobby Farrelly,Jim Carrey,51000000,149270999,98270999,2.927,Yes,116,6.1,927,Yes,39.0,$40M-100M,110-129 min,"500-1,999",No
2024,The Patriot,The Patriot (2000),2000-06-28,2000,2000s,Jun,6,English,Drama,4,Roland Emmerich,Mel Gibson,110000000,215294342,105294342,1.957,Yes,165,6.8,1099,Yes,23.66,$100M+,150+ min,"500-1,999",No
17711,The Adventures of Rocky & Bullwinkle,The Adventures of Rocky & Bullwinkle (2000),2000-06-30,2000,2000s,Jun,6,English,Action,5,Des McAnuff,Rene Russo,76000000,35134820,-40865180,0.462,Yes,88,3.9,87,Yes,8.98,$40M-100M,Under 90 min,50-499,No
26665,Aberdeen,Aberdeen (2000),2000-07-05,2000,2000s,Jul,7,English,Drama,3,Hans Petter Moland,Stellan Skarsgård,,,,,No,113,7.0,6,No,1.07,Unknown,110-129 min,Under 50,No
4244,The Kid,The Kid (2000),2000-07-07,2000,2000s,Jul,7,English,Fantasy,3,Jon Turteltaub,Bruce Willis,65000000,69700000,4700000,1.072,Yes,104,6.0,238,Yes,18.28,$40M-100M,90-109 min,50-499,No
10991,Pokémon: Spell of the Unknown,Pokémon: Spell of the Unknown (2000),2000-07-08,2000,2000s,Jul,7,Other languages,Adventure,5,Michael Haigney,Veronica Taylor,16000000,68411275,52411275,4.276,Yes,93,5.9,137,Yes,9.19,$10M-40M,90-109 min,50-499,No
36657,X-Men,X-Men (2000),2000-07-13,2000,2000s,Jul,7,English,Adventure,3,Bryan Singer,Patrick Stewart,75000000,296339527,221339527,3.951,Yes,104,6.8,4097,Yes,4.67,$40M-100M,90-109 min,"2,000-4,999",No
36047,The In Crowd,The In Crowd (2000),2000-07-19,2000,2000s,Jul,7,English,Thriller,1,Mary Lambert,Susan Ward,15000000,5217498,-9782502,0.348,Yes,105,4.7,15,No,0.25,$10M-40M,90-109 min,Under 50,No
2655,What Lies Beneath,What Lies Beneath (2000),2000-07-21,2000,2000s,Jul,7,English,Drama,4,Robert Zemeckis,Harrison Ford,100000000,155464351,55464351,1.555,Yes,130,6.3,488,Yes,15.84,$100M+,130-149 min,50-499,No
10642,Loser,Loser (2000),2000-07-21,2000,2000s,Jul,7,English,Drama,4,Amy Heckerling,Jason Biggs,,,,,No,98,5.0,120,Yes,5.21,Unknown,90-109 min,50-499,No
16110,Thomas and the Magic Railroad,Thomas and the Magic Railroad (2000),2000-07-26,2000,2000s,Jul,7,English,Animation,4,Britt Allcroft,Alec Baldwin,,,,,No,85,4.6,8,No,1.92,Unknown,Under 90 min,Under 50,No
12107,Nutty Professor II: The Klumps,Nutty Professor II: The Klumps (2000),2000-07-27,2000,2000s,Jul,7,English,Fantasy,4,Peter Segal,Eddie Murphy,84000000,123307945,39307945,1.468,Yes,106,4.7,332,Yes,17.78,$40M-100M,90-109 min,50-499,No
6282,Coyote Ugly,Coyote Ugly (2000),2000-07-30,2000,2000s,Jul,7,English,Comedy,1,David McNally,Piper Perabo,45000000,113916474,68916474,2.531,Yes,100,5.8,575,Yes,26.8,$40M-100M,90-109 min,"500-1,999",No
5551,Space Cowboys,Space Cowboys (2000),2000-07-31,2000,2000s,Jul,7,English,Action,3,Clint Eastwood,Clint Eastwood,65000000,128884132,63884132,1.983,Yes,130,6.3,403,Yes,15.77,$40M-100M,130-149 min,50-499,No
9383,Hollow Man,Hollow Man (2000),2000-08-04,2000,2000s,Aug,8,English,Action,3,Paul Verhoeven,Kevin Bacon,95000000,190213455,95213455,2.002,Yes,112,5.6,634,Yes,28.2,$40M-100M,110-129 min,"500-1,999",No
27723,Psycho Beach Party,Psycho Beach Party (2000),2000-08-06,2000,2000s,Aug,8,English,Comedy,1,Robert Lee King,Lauren Ambrose,1500000,,,,No,95,6.0,26,No,2.86,Under $10M,90-109 min,Under 50,No
10393,The Replacements,The Replacements (2000),2000-08-07,2000,2000s,Aug,8,English,Comedy,1,Howard Deutch,Keanu Reeves,,,,,No,118,6.1,203,Yes,14.84,Unknown,110-129 min,50-499,No
10641,Autumn in New York,Autumn in New York (2000),2000-08-11,2000,2000s,Aug,8,English,Drama,2,Joan Chen,Richard Gere,65000000,,,,No,103,5.7,135,Yes,8.68,$40M-100M,90-109 min,50-499,No
10391,Bless the Child,Bless the Child (2000),2000-08-11,2000,2000s,Aug,8,English,Drama,4,Chuck Russell,Kim Basinger,40000000,,,,No,107,4.9,71,Yes,3.32,$40M-100M,90-109 min,50-499,No
8843,The Cell,The Cell (2000),2000-08-17,2000,2000s,Aug,8,English,Horror,3,Tarsem Singh,Jennifer Lopez,33000000,104155843,71155843,3.156,Yes,107,6.0,436,Yes,25.41,$10M-40M,90-109 min,50-499,No
23618,The Original Kings of Comedy,The Original Kings of Comedy (2000),2000-08-18,2000,2000s,Aug,8,English,Comedy,1,Spike Lee,Steve Harvey,,,,,No,115,6.3,15,No,1.92,Unknown,110-129 min,Under 50,No
19150,The Crew,The Crew (2000),2000-08-21,2000,2000s,Aug,8,English,Action,2,Michael Dinner,Richard Dreyfuss,,,,,No,88,6.4,11,No,2.63,Unknown,Under 90 min,Under 50,No
11398,The Art of War,The Art of War (2000),2000-08-23,2000,2000s,Aug,8,English,Crime,3,Christian Duguay,Wesley Snipes,40000000,30199105,-9800895,0.755,Yes,117,5.6,135,Yes,7.83,$40M-100M,110-129 min,50-499,No
1588,Bring It On,Bring It On (2000),2000-08-25,2000,2000s,Aug,8,English,Comedy,1,Peyton Reed,Kirsten Dunst,28000000,90449929,62449929,3.23,Yes,98,5.8,568,Yes,14.75,$10M-40M,90-109 min,"500-1,999",No
134,"O Brother, Where Art Thou?","O Brother, Where Art Thou? (2000)",2000-08-30,2000,2000s,Aug,8,English,Action,3,Joel Coen,George Clooney,26000000,71868327,45868327,2.764,Yes,106,7.3,1112,Yes,39.74,$10M-40M,90-109 min,"500-1,999",No
18079,Nine Queens,Nine Queens (2000),2000-08-31,2000,2000s,Aug,8,Other languages,Crime,3,Fabián Bielinsky,Ricardo Darín,1500000,,,,No,114,7.4,153,Yes,8.59,Under $10M,110-129 min,50-499,No
12211,Highlander: Endgame,Highlander: Endgame (2000),2000-09-01,2000,2000s,Sep,9,English,Action,3,Douglas Aarniokoski,Christopher Lambert,25000000,15843608,-9156392,0.634,Yes,87,4.4,104,Yes,11.78,$10M-40M,Under 90 min,50-499,No
107,Snatch,Snatch (2000),2000-09-01,2000,2000s,Sep,9,English,Thriller,2,Guy Ritchie,Jason Statham,10000000,83557872,73557872,8.356,Yes,103,7.7,2912,Yes,53.6,$10M-40M,90-109 min,"2,000-4,999",No
23531,Whipped,Whipped (2000),2000-09-01,2000,2000s,Sep,9,English,Comedy,2,Peter M. Cohen,Amanda Peet,3000000,,,,No,82,3.1,11,No,2.14,Under $10M,Under 90 min,Under 50,No
22617,Dinner Rush,Dinner Rush (2000),2000-09-01,2000,2000s,Sep,9,English,Drama,3,Bob Giraldi,Danny Aiello,,,,,No,99,7.1,19,No,1.1,Unknown,90-109 min,Under 50,No
12509,Pollock,Pollock (2000),2000-09-06,2000,2000s,Sep,9,English,Drama,2,Ed Harris,Ed Harris,,,,,No,122,6.6,91,Yes,8.48,Unknown,110-129 min,50-499,No
10685,The Watcher,The Watcher (2000),2000-09-08,2000,2000s,Sep,9,English,Mystery,2,Joe Charbanic,James Spader,33000000,,,,No,96,4.9,110,Yes,7.34,$10M-40M,90-109 min,50-499,No
10480,Nurse Betty,Nurse Betty (2000),2000-09-08,2000,2000s,Sep,9,English,Comedy,3,Neil LaBute,Renée Zellweger,24000000,,,,No,108,5.9,111,Yes,3.57,$10M-40M,90-109 min,50-499,No
1619,The Way of the Gun,The Way of the Gun (2000),2000-09-08,2000,2000s,Sep,9,English,Action,4,Christopher McQuarrie,Benicio del Toro,8500000,19125401,10625401,2.25,Yes,119,6.4,100,Yes,8.78,Under $10M,110-129 min,50-499,No
56666,Fiza,Fiza (2000),2000-09-08,2000,2000s,Sep,9,Other languages,Drama,3,Khalid Mohammed,Hrithik Roshan,1000000,623791,-376209,0.624,Yes,170,6.1,7,No,0.04,Under $10M,150+ min,Under 50,No
13898,The Circle,The Circle (2000),2000-09-08,2000,2000s,Sep,9,Other languages,Drama,2,Jafar Panahi,Nargess Mamizadeh,,,,,No,90,6.6,17,No,1.19,Unknown,90-109 min,Under 50,No
18074,Duets,Duets (2000),2000-09-09,2000,2000s,Sep,9,English,Comedy,3,Bruce Paltrow,Gwyneth Paltrow,,,,,No,112,5.5,34,No,2.25,Unknown,110-129 min,Under 50,No
327,Brother,Brother (2000),2000-09-09,2000,2000s,Sep,9,Other languages,Crime,3,Takeshi Kitano,Takeshi Kitano,12000000,15250000,3250000,1.271,Yes,114,6.8,107,Yes,5.33,$10M-40M,110-129 min,50-499,No
11978,Men of Honor,Men of Honor (2000),2000-09-13,2000,2000s,Sep,9,English,Drama,1,"George Tillman, Jr.",Robert De Niro,32000000,48814909,16814909,1.525,Yes,129,7.0,544,Yes,24.15,$10M-40M,110-129 min,"500-1,999",No
11826,Sexy Beast,Sexy Beast (2000),2000-09-13,2000,2000s,Sep,9,English,Crime,3,Jonathan Glazer,Ray Winstone,5000000,,,,No,89,7.0,217,Yes,11.21,Under $10M,Under 90 min,50-499,No
16340,Rugrats in Paris: The Movie,Rugrats in Paris: The Movie (2000),2000-09-14,2000,2000s,Sep,9,Other languages,Adventure,4,Stig Bergqvist,E.G. Daily,,,,,No,78,6.0,100,Yes,4.59,Unknown,Under 90 min,50-499,No
786,Almost Famous,Almost Famous (2000),2000-09-15,2000,2000s,Sep,9,English,Drama,2,Cameron Crowe,Kate Hudson,60000000,47383689,-12616311,0.79,Yes,122,7.4,797,Yes,21.55,$40M-100M,110-129 min,"500-1,999",No
12212,Urban Legends: Final Cut,Urban Legends: Final Cut (2000),2000-09-19,2000,2000s,Sep,9,English,Horror,1,John Ottman,Jennifer Morrison,14000000,38574362,24574362,2.755,Yes,97,4.4,100,Yes,8.89,$10M-40M,90-109 min,50-499,No
13785,Best in Show,Best in Show (2000),2000-09-19,2000,2000s,Sep,9,English,Comedy,1,Christopher Guest,Jay Brazeau,,,,,No,90,6.7,166,Yes,10.98,Unknown,90-109 min,50-499,No
14629,Woman on Top,Woman on Top (2000),2000-09-22,2000,2000s,Sep,9,English,Comedy,3,Fina Torres,Penélope Cruz,8000000,,,,No,92,5.5,46,No,3.54,Under $10M,90-109 min,Under 50,No
29015,The Specials,The Specials (2000),2000-09-22,2000,2000s,Sep,9,English,Action,2,Craig Mazin,Jordan Ladd,,,,,No,82,5.5,11,No,9.06,Unknown,Under 90 min,Under 50,No
25520,The House of Mirth,The House of Mirth (2000),2000-09-23,2000,2000s,Sep,9,English,Drama,2,Terence Davies,Gillian Anderson,10000000,5164404,-4835596,0.516,Yes,140,6.4,25,No,3.01,$10M-40M,130-149 min,Under 50,No
10637,Remember the Titans,Remember the Titans (2000),2000-09-29,2000,2000s,Sep,9,English,Drama,1,Boaz Yakin,Denzel Washington,30000000,136706683,106706683,4.557,Yes,113,7.4,821,Yes,26.0,$10M-40M,110-129 min,"500-1,999",No
146,"Crouching Tiger, Hidden Dragon","Crouching Tiger, Hidden Dragon (2000)",2000-10-01,2000,2000s,Oct,10,Other languages,Adventure,4,Ang Lee,Chow Yun-fat,17000000,213525736,196525736,12.56,Yes,120,7.2,927,Yes,45.74,$10M-40M,110-129 min,"500-1,999",No
18292,George Washington,George Washington (2000),2000-10-01,2000,2000s,Oct,10,English,Drama,1,David Gordon Green,Candace Evanofski,,,,,No,89,6.4,36,No,2.06,Unknown,Under 90 min,Under 50,No
1597,Meet the Parents,Meet the Parents (2000),2000-10-06,2000,2000s,Oct,10,English,Comedy,2,Jay Roach,Ben Stiller,55000000,330444045,275444045,6.008,Yes,108,6.6,1698,Yes,29.97,$40M-100M,90-109 min,"500-1,999",No
10461,Get Carter,Get Carter (2000),2000-10-06,2000,2000s,Oct,10,English,Action,4,Stephen T. Kay,Sylvester Stallone,63600000,19412993,-44187007,0.305,Yes,102,4.8,145,Yes,4.49,$40M-100M,90-109 min,50-499,No
24664,Bamboozled,Bamboozled (2000),2000-10-06,2000,2000s,Oct,10,English,Comedy,2,Spike Lee,Damon Wayans,,,,,No,135,6.3,24,No,2.23,Unknown,130-149 min,Under 50,No
10481,102 Dalmatians,102 Dalmatians (2000),2000-10-07,2000,2000s,Oct,10,English,Comedy,2,Kevin Lima,Glenn Close,85000000,183611771,98611771,2.16,Yes,100,5.1,313,Yes,9.9,$40M-100M,90-109 min,50-499,No
77,Memento,Memento (2000),2000-10-11,2000,2000s,Oct,10,English,Mystery,2,Christopher Nolan,Guy Pearce,9000000,39723096,30723096,4.414,Yes,113,8.1,4028,Yes,60.72,Under $10M,110-129 min,"2,000-4,999",No
10647,Pay It Forward,Pay It Forward (2000),2000-10-12,2000,2000s,Oct,10,English,Drama,2,Mimi Leder,Kevin Spacey,40000000,55707411,15707411,1.393,Yes,122,7.0,432,Yes,24.31,$40M-100M,110-129 min,50-499,No
10383,Lost Souls,Lost Souls (2000),2000-10-13,2000,2000s,Oct,10,English,Horror,2,Janusz Kamiński,Winona Ryder,,,,,No,97,4.5,38,No,3.31,Unknown,90-109 min,Under 50,No
16888,The Ladies Man,The Ladies Man (2000),2000-10-13,2000,2000s,Oct,10,English,Comedy,1,Reginald Hudlin,Tim Meadows,24000000,13700000,-10300000,0.571,Yes,84,5.7,34,No,2.26,$10M-40M,Under 90 min,Under 50,No
6521,The Contender,The Contender (2000),2000-10-13,2000,2000s,Oct,10,English,Drama,2,Rod Lurie,Gary Oldman,9000000,,,,No,126,6.7,60,Yes,7.03,Under $10M,110-129 min,50-499,No
1636,Bedazzled,Bedazzled (2000),2000-10-19,2000,2000s,Oct,10,English,Fantasy,3,Harold Ramis,Elizabeth Hurley,48000000,90383208,42383208,1.883,Yes,93,5.6,512,Yes,19.35,$40M-100M,90-109 min,"500-1,999",No
10783,Lucky Numbers,Lucky Numbers (2000),2000-10-27,2000,2000s,Oct,10,English,Action,6,Nora Ephron,John Travolta,65000000,,,,No,105,4.9,52,Yes,2.95,$40M-100M,90-109 min,50-499,No
24100,The Little Vampire,The Little Vampire (2000),2000-10-27,2000,2000s,Oct,10,English,Family,2,Uli Edel,Richard E. Grant,22000000,13555988,-8444012,0.616,Yes,95,6.1,77,Yes,4.37,$10M-40M,90-109 min,50-499,No
11531,Book of Shadows: Blair Witch 2,Book of Shadows: Blair Witch 2 (2000),2000-10-27,2000,2000s,Oct,10,English,Mystery,3,Joe Berlinger,Kim Director,,,,,No,90,4.3,212,Yes,3.89,Unknown,90-109 min,50-499,No
641,Requiem for a Dream,Requiem for a Dream (2000),2000-10-27,2000,2000s,Oct,10,English,Crime,2,Darren Aronofsky,Ellen Burstyn,4500000,7390108,2890108,1.642,Yes,102,7.9,2443,Yes,11.57,Under $10M,90-109 min,"2,000-4,999",No
26916,Mercy Streets,Mercy Streets (2000),2000-10-31,2000,2000s,Oct,10,English,Action,3,Jon Gunn,Eric Roberts,,,,,No,106,5.5,2,No,0.1,Unknown,90-109 min,Under 50,No
4327,Charlie's Angels,Charlie's Angels (2000),2000-11-02,2000,2000s,Nov,11,English,Action,5,McG,Cameron Diaz,92000000,264105545,172105545,2.871,Yes,98,5.6,1232,Yes,40.2,$40M-100M,90-109 min,"500-1,999",No
4958,The Legend of Bagger Vance,The Legend of Bagger Vance (2000),2000-11-02,2000,2000s,Nov,11,English,Fantasy,2,Robert Redford,Matt Damon,80000000,39459427,-40540573,0.493,Yes,126,6.3,251,Yes,16.85,$40M-100M,110-129 min,50-499,No
9678,Little Nicky,Little Nicky (2000),2000-11-10,2000,2000s,Nov,11,English,Comedy,3,Steven Brill,Adam Sandler,85000000,,,,No,90,5.2,438,Yes,18.34,$40M-100M,90-109 min,50-499,No
8870,Red Planet,Red Planet (2000),2000-11-10,2000,2000s,Nov,11,English,Thriller,3,Antony Hoffman,Val Kilmer,80000000,33463969,-46536031,0.418,Yes,106,5.4,267,Yes,13.8,$40M-100M,90-109 min,50-499,No
9741,Unbreakable,Unbreakable (2000),2000-11-13,2000,2000s,Nov,11,English,Science Fiction,3,M. Night Shyamalan,Bruce Willis,75000000,248118121,173118121,3.308,Yes,106,6.9,1946,Yes,42.01,$40M-100M,90-109 min,"500-1,999",No
8871,How the Grinch Stole Christmas,How the Grinch Stole Christmas (2000),2000-11-17,2000,2000s,Nov,11,English,Family,3,Ron Howard,Jim Carrey,123000000,345141403,222141403,2.806,Yes,104,6.2,1386,Yes,45.42,$100M+,90-109 min,"500-1,999",No
8452,The 6th Day,The 6th Day (2000),2000-11-17,2000,2000s,Nov,11,English,Science Fiction,1,Roger Spottiswoode,Arnold Schwarzenegger,82000000,96085477,14085477,1.172,Yes,123,5.7,595,Yes,18.45,$40M-100M,110-129 min,"500-1,999",No
14295,You Can Count on Me,You Can Count on Me (2000),2000-11-17,2000,2000s,Nov,11,English,Drama,2,Kenneth Lonergan,Laura Linney,,,,,No,111,6.8,88,Yes,7.14,Unknown,110-129 min,50-499,No
10876,Quills,Quills (2000),2000-11-22,2000,2000s,Nov,11,English,Drama,1,Philip Kaufman,Geoffrey Rush,13500000,7060876,-6439124,0.523,Yes,124,6.8,128,Yes,7.26,$10M-40M,110-129 min,50-499,No
11678,Vertical Limit,Vertical Limit (2000),2000-12-08,2000,2000s,Dec,12,English,Action,3,Martin Campbell,Chris O'Donnell,75000000,215663859,140663859,2.876,Yes,124,5.9,283,Yes,13.32,$40M-100M,110-129 min,50-499,No
11983,Proof of Life,Proof of Life (2000),2000-12-08,2000,2000s,Dec,12,English,Action,5,Taylor Hackford,Meg Ryan,65000000,,,,No,135,6.0,208,Yes,14.87,$40M-100M,130-149 min,50-499,No
11688,The Emperor's New Groove,The Emperor's New Groove (2000),2000-12-09,2000,2000s,Dec,12,English,Adventure,5,Mark Dindal,David Spade,100000000,169327687,69327687,1.693,Yes,78,7.2,1490,Yes,51.11,$100M+,Under 90 min,"500-1,999",No
21355,All the Pretty Horses,All the Pretty Horses (2000),2000-12-11,2000,2000s,Dec,12,English,Drama,3,Billy Bob Thornton,Matt Damon,57000000,,,,No,117,5.8,60,Yes,7.52,$40M-100M,110-129 min,50-499,No
5994,The Family Man,The Family Man (2000),2000-12-12,2000,2000s,Dec,12,English,Comedy,4,Brett Ratner,Nicolas Cage,60000000,,,,No,125,6.5,521,Yes,19.71,$40M-100M,110-129 min,"500-1,999",No
1493,Miss Congeniality,Miss Congeniality (2000),2000-12-14,2000,2000s,Dec,12,English,Comedy,3,Donald Petrie,Sandra Bullock,45000000,212000000,167000000,4.711,Yes,111,6.1,961,Yes,32.62,$40M-100M,110-129 min,"500-1,999",No
392,Chocolat,Chocolat (2000),2000-12-14,2000,2000s,Dec,12,English,Comedy,3,Lasse Hallström,Juliette Binoche,25000000,152500343,127500343,6.1,Yes,121,6.8,951,Yes,28.73,$10M-40M,110-129 min,"500-1,999",No
3981,What Women Want,What Women Want (2000),2000-12-15,2000,2000s,Dec,12,English,Comedy,2,Nancy Meyers,Helen Hunt,70000000,374111707,304111707,5.344,Yes,127,6.1,992,Yes,31.39,$40M-100M,110-129 min,"500-1,999",No
8859,"Dude, Where’s My Car?","Dude, Where’s My Car? (2000)",2000-12-15,2000,2000s,Dec,12,English,Comedy,1,Danny Leiner,Ashton Kutcher,13000000,73180723,60180723,5.629,Yes,83,5.2,509,Yes,25.32,$10M-40M,Under 90 min,"500-1,999",No
711,Finding Forrester,Finding Forrester (2000),2000-12-21,2000,2000s,Dec,12,English,Drama,1,Gus Van Sant,Sean Connery,43000000,80049764,37049764,1.862,Yes,136,7.0,302,Yes,19.04,$40M-100M,130-149 min,50-499,No
8358,Cast Away,Cast Away (2000),2000-12-22,2000,2000s,Dec,12,English,Adventure,2,Robert Zemeckis,Tom Hanks,90000000,429632142,339632142,4.774,Yes,143,7.5,3218,Yes,57.74,$40M-100M,130-149 min,"2,000-4,999",No
10577,Dracula 2000,Dracula 2000 (2000),2000-12-22,2000,2000s,Dec,12,English,Thriller,2,Patrick Lussier,Gerard Butler,28000000,33000337,5000337,1.179,Yes,99,4.6,148,Yes,6.76,$10M-40M,90-109 min,50-499,No
29122,An Everlasting Piece,An Everlasting Piece (2000),2000-12-22,2000,2000s,Dec,12,English,Comedy,2,Barry Levinson,Barry McEvoy,,,,,No,103,6.0,1,No,0.07,Unknown,90-109 min,Under 50,No
11973,Thirteen Days,Thirteen Days (2000),2000-12-24,2000,2000s,Dec,12,English,Drama,2,Roger Donaldson,Kevin Costner,80000000,34566746,-45433254,0.432,Yes,145,6.9,189,Yes,18.26,$40M-100M,130-149 min,50-499,No
1900,Traffic,Traffic (2000),2000-12-27,2000,2000s,Dec,12,English,Thriller,3,Steven Soderbergh,Michael Douglas,48000000,207515725,159515725,4.323,Yes,147,6.9,562,Yes,25.17,$40M-100M,130-149 min,"500-1,999",No
44853,The Claim,The Claim (2000),2000-12-29,2000,2000s,Dec,12,English,Drama,3,Michael Winterbottom,Peter Mullan,,,,,No,120,5.6,17,No,3.0,Unknown,110-129 min,Under 50,No
27451,Harvard Man,Harvard Man (2001),2001-01-01,2001,2000s,Jan,1,English,Drama,1,James Toback,Sarah Michelle Gellar,,,,,No,99,4.8,15,No,5.34,Unknown,90-109 min,Under 50,No
32222,American Desi,American Desi (2001),2001-01-01,2001,2000s,Jan,1,English,Drama,3,Piyush Dinker Pandya,Kal Penn,250000,,,,No,100,5.0,4,No,0.13,Under $10M,90-109 min,Under 50,No
5955,The Pledge,The Pledge (2001),2001-01-09,2001,2000s,Jan,1,English,Crime,4,Sean Penn,Jack Nicholson,35000000,29400000,-5600000,0.84,Yes,123,6.5,215,Yes,12.5,$10M-40M,110-129 min,50-499,No
9989,Antitrust,Antitrust (2001),2001-01-12,2001,2000s,Jan,1,English,Action,3,Peter Howitt,Ryan Phillippe,30000000,18195610,-11804390,0.607,Yes,108,5.8,153,Yes,8.36,$10M-40M,90-109 min,50-499,No
18828,Double Take,Double Take (2001),2001-01-12,2001,2000s,Jan,1,English,Adventure,5,George Gallo,Orlando Jones,,,,,No,88,5.5,24,No,1.9,Unknown,Under 90 min,Under 50,No
9816,Save the Last Dance,Save the Last Dance (2001),2001-01-12,2001,2000s,Jan,1,English,Drama,4,Thomas Carter,Julia Stiles,13000000,91038276,78038276,7.003,Yes,112,6.3,352,Yes,9.97,$10M-40M,110-129 min,50-499,No
141,Donnie Darko,Donnie Darko (2001),2001-01-18,2001,2000s,Jan,1,English,Fantasy,3,Richard Kelly,Jake Gyllenhaal,6000000,1270522,-4729478,0.212,Yes,113,7.7,3452,Yes,61.21,Under $10M,110-129 min,"2,000-4,999",No
39939,Super Troopers,Super Troopers (2001),2001-01-18,2001,2000s,Jan,1,English,Comedy,3,Jay Chandrasekhar,Jay Chandrasekhar,3000000,18492362,15492362,6.164,Yes,100,6.6,362,Yes,16.31,Under $10M,90-109 min,50-499,No
1282,Dogtown and Z-Boys,Dogtown and Z-Boys (2001),2001-01-18,2001,2000s,Jan,1,English,Documentary,1,Stacy Peralta,Sean Penn,,,,,No,91,7.2,52,Yes,3.29,Unknown,90-109 min,50-499,No
25208,The Caveman's Valentine,The Caveman's Valentine (2001),2001-01-19,2001,2000s,Jan,1,English,Drama,3,Kasi Lemmons,Samuel L. Jackson,,,,,No,105,6.0,27,No,4.72,Unknown,90-109 min,Under 50,No
31064,The Business of Strangers,The Business of Strangers (2001),2001-01-19,2001,2000s,Jan,1,English,Drama,2,Patrick Stettner,Julia Stiles,,,,,No,84,5.7,19,No,1.37,Unknown,Under 90 min,Under 50,No
4012,The Believer,The Believer (2001),2001-01-19,2001,2000s,Jan,1,English,Drama,1,Henry Bean,Ryan Gosling,1500000,416925,-1083075,0.278,Yes,98,6.8,151,Yes,9.86,Under $10M,90-109 min,50-499,No
18734,L.I.E.,L.I.E. (2001),2001-01-20,2001,2000s,Jan,1,English,Drama,1,Michael Cuesta,Paul Dano,700000,1667192,967192,2.382,Yes,97,6.7,31,No,7.73,Under $10M,90-109 min,Under 50,No
38717,Madison,Madison (2001),2001-01-23,2001,2000s,Jan,1,English,Action,3,William Bindley,Jim Caviezel,,,,,No,99,5.3,3,No,0.21,Unknown,90-109 min,Under 50,No
2018,The Wedding Planner,The Wedding Planner (2001),2001-01-26,2001,2000s,Jan,1,English,Comedy,1,Adam Shankman,Jennifer Lopez,35000000,94728529,59728529,2.707,Yes,103,5.5,427,Yes,14.95,$10M-40M,90-109 min,50-499,No
19405,Recess: School's Out,Recess: School's Out (2001),2001-01-27,2001,2000s,Jan,1,English,Science Fiction,4,Chuck Sheetz,Rickey D'Shon Collins,10000000,44460850,34460850,4.446,Yes,83,6.6,67,Yes,5.7,$10M-40M,Under 90 min,50-499,No
10984,Valentine,Valentine (2001),2001-02-01,2001,2000s,Feb,2,English,Horror,2,Jamie Blanks,Denise Richards,,,,,No,96,5.0,114,Yes,5.9,Unknown,90-109 min,50-499,No
24940,Head Over Heels,Head Over Heels (2001),2001-02-02,2001,2000s,Feb,2,English,Comedy,2,Mark Waters,Monica Potter,14000000,10424470,-3575530,0.745,Yes,86,5.3,73,Yes,4.67,$10M-40M,Under 90 min,50-499,No
10878,Saving Silverman,Saving Silverman (2001),2001-02-09,2001,2000s,Feb,2,English,Comedy,3,Dennis Dugan,Jason Biggs,22000000,19351569,-2648431,0.88,Yes,90,5.4,154,Yes,12.89,$10M-40M,90-109 min,50-499,No
2575,The Tailor of Panama,The Tailor of Panama (2001),2001-02-11,2001,2000s,Feb,2,English,Drama,2,John Boorman,Pierce Brosnan,21000000,28008462,7008462,1.334,Yes,109,6.2,92,Yes,7.05,$10M-40M,90-109 min,50-499,No
1921,Sweet November,Sweet November (2001),2001-02-16,2001,2000s,Feb,2,English,Drama,2,Pat O'Connor,Keanu Reeves,40000000,65754228,25754228,1.644,Yes,119,6.4,278,Yes,19.37,$40M-100M,110-129 min,50-499,No
16300,Down to Earth,Down to Earth (2001),2001-02-16,2001,2000s,Feb,2,English,Fantasy,4,Chris Weitz,Chris Rock,,,,,No,87,4.9,95,Yes,9.17,Unknown,Under 90 min,50-499,No
23685,Monkeybone,Monkeybone (2001),2001-02-23,2001,2000s,Feb,2,English,Adventure,5,Henry Selick,Brendan Fraser,75000000,5409517,-69590483,0.072,Yes,93,4.3,78,Yes,8.1,$40M-100M,90-109 min,50-499,No
12138,3000 Miles to Graceland,3000 Miles to Graceland (2001),2001-02-23,2001,2000s,Feb,2,English,Action,5,Demian Lichtenstein,Kurt Russell,62000000,18720175,-43279825,0.302,Yes,125,5.8,178,Yes,11.26,$40M-100M,110-129 min,50-499,No
2749,15 Minutes,15 Minutes (2001),2001-03-01,2001,2000s,Mar,3,English,Action,3,John Herzfeld,Robert De Niro,60000000,56359980,-3640020,0.939,Yes,120,5.7,191,Yes,15.21,$40M-100M,110-129 min,50-499,No
6073,The Mexican,The Mexican (2001),2001-03-01,2001,2000s,Mar,3,English,Action,4,Gore Verbinski,Brad Pitt,57000000,147845033,90845033,2.594,Yes,123,5.8,441,Yes,21.02,$40M-100M,110-129 min,50-499,No
62677,Songcatcher,Songcatcher (2001),2001-03-01,2001,2000s,Mar,3,English,Drama,2,Maggie Greenwald,Janet McTeer,,,,,No,109,5.6,9,No,3.36,Unknown,90-109 min,Under 50,No
39180,See Spot Run,See Spot Run (2001),2001-03-02,2001,2000s,Mar,3,English,Action,3,John Whitesell,Michael Clarke Duncan,,,,,No,94,4.8,44,No,6.58,Unknown,90-109 min,Under 50,No
10050,Get Over It,Get Over It (2001),2001-03-08,2001,2000s,Mar,3,English,Comedy,2,Tommy O'Haver,Kirsten Dunst,10000000,,,,No,87,5.5,75,Yes,11.59,$10M-40M,Under 90 min,50-499,No
824,Moulin Rouge!,Moulin Rouge! (2001),2001-03-09,2001,2000s,Mar,3,English,Drama,3,Baz Luhrmann,Nicole Kidman,52500000,179213434,126713434,3.414,Yes,127,7.4,1300,Yes,57.37,$40M-100M,110-129 min,"500-1,999",No
20309,Say It Isn't So,Say It Isn't So (2001),2001-03-12,2001,2000s,Mar,3,English,Comedy,2,J.B. Rogers,Chris Klein,25000000,,,,No,95,4.8,47,No,2.91,$10M-40M,90-109 min,Under 50,No
853,Enemy at the Gates,Enemy at the Gates (2001),2001-03-13,2001,2000s,Mar,3,English,War,1,Jean-Jacques Annaud,Jude Law,68000000,96976270,28976270,1.426,Yes,131,7.2,999,Yes,41.27,$40M-100M,130-149 min,"500-1,999",No
10877,Exit Wounds,Exit Wounds (2001),2001-03-13,2001,2000s,Mar,3,English,Action,3,Andrzej Bartkowiak,Steven Seagal,50000000,79958599,29958599,1.599,Yes,101,5.3,110,Yes,12.6,$40M-100M,90-109 min,50-499,No
6007,Elling,Elling (2001),2001-03-16,2001,2000s,Mar,3,English,Comedy,2,Petter Næss,Per Christian Ellefsen,,,,,No,89,7.0,51,Yes,2.53,Unknown,Under 90 min,50-499,No
10054,Spy Kids,Spy Kids (2001),2001-03-18,2001,2000s,Mar,3,English,Action,4,Robert Rodriguez,Alexa PenaVega,35000000,147934180,112934180,4.227,Yes,88,5.5,867,Yes,21.54,$10M-40M,Under 90 min,"500-1,999",No
10833,Heartbreakers,Heartbreakers (2001),2001-03-23,2001,2000s,Mar,3,English,Crime,3,David Mirkin,Sigourney Weaver,35000000,,,,No,123,5.7,254,Yes,13.93,$10M-40M,110-129 min,50-499,No
20322,The Brothers,The Brothers (2001),2001-03-23,2001,2000s,Mar,3,English,Comedy,3,Gary Hardwick,Morris Chestnut,,,,,No,106,6.5,10,No,3.03,Unknown,90-109 min,Under 50,No
12658,Someone Like You...,Someone Like You... (2001),2001-03-30,2001,2000s,Mar,3,English,Comedy,2,Tony Goldwyn,Ashley Judd,23000000,,,,No,97,6.0,118,Yes,7.9,$10M-40M,90-109 min,50-499,No
10646,Tomcats,Tomcats (2001),2001-03-30,2001,2000s,Mar,3,English,Comedy,2,Gregory Poirier,Jerry O'Connell,11000000,23430766,12430766,2.13,Yes,95,4.9,74,Yes,7.06,$10M-40M,90-109 min,50-499,No
26791,Brigham City,Brigham City (2001),2001-03-30,2001,2000s,Mar,3,English,Crime,4,Richard Dutcher,Richard Dutcher,1000000,852206,-147794,0.852,Yes,119,7.3,4,No,0.28,Under $10M,110-129 min,Under 50,No
4133,Blow,Blow (2001),2001-04-04,2001,2000s,Apr,4,English,Crime,2,Ted Demme,Johnny Depp,53000000,83282296,30282296,1.571,Yes,124,7.4,1317,Yes,28.35,$40M-100M,110-129 min,"500-1,999",No
56715,Just Visiting,Just Visiting (2001),2001-04-06,2001,2000s,Apr,4,English,Comedy,3,Jean-Marie Poiré,Jean Reno,,,,,No,88,4.8,171,Yes,10.84,Unknown,Under 90 min,50-499,No
2043,Along Came a Spider,Along Came a Spider (2001),2001-04-06,2001,2000s,Apr,4,English,Crime,4,Lee Tamahori,Morgan Freeman,60000000,105178561,45178561,1.753,Yes,104,6.1,400,Yes,21.25,$40M-100M,90-109 min,50-499,No
19366,Josie and the Pussycats,Josie and the Pussycats (2001),2001-04-06,2001,2000s,Apr,4,English,Comedy,2,Deborah Kaplan,Rachael Leigh Cook,22000000,,,,No,98,5.3,72,Yes,6.4,$10M-40M,90-109 min,50-499,No
10956,Joe Dirt,Joe Dirt (2001),2001-04-10,2001,2000s,Apr,4,English,Mystery,5,Dennie Gordon,David Spade,17700000,30987695,13287695,1.751,Yes,91,5.5,242,Yes,15.98,$10M-40M,90-109 min,50-499,No
9290,Crocodile Dundee in Los Angeles,Crocodile Dundee in Los Angeles (2001),2001-04-12,2001,2000s,Apr,4,English,Adventure,2,Simon Wincer,Paul Hogan,21150000,39438674,18288674,1.865,Yes,92,4.7,146,Yes,6.08,$10M-40M,90-109 min,50-499,No
16651,The Other Side of Heaven,The Other Side of Heaven (2001),2001-04-12,2001,2000s,Apr,4,English,Action,4,Mitch Davis,Christopher Gorham,7000000,4720371,-2279629,0.674,Yes,113,6.7,14,No,2.21,Under $10M,110-129 min,Under 50,No
634,Bridget Jones's Diary,Bridget Jones's Diary (2001),2001-04-13,2001,2000s,Apr,4,English,Comedy,3,Sharon Maguire,Renée Zellweger,25000000,281929795,256929795,11.277,Yes,97,6.5,1356,Yes,35.31,$10M-40M,90-109 min,"500-1,999",No
13166,Freddy Got Fingered,Freddy Got Fingered (2001),2001-04-18,2001,2000s,Apr,4,English,Comedy,1,Tom Green,Tom Green,,,,,No,87,4.6,115,Yes,8.71,Unknown,Under 90 min,50-499,No
15647,Kissing Jessica Stein,Kissing Jessica Stein (2001),2001-04-21,2001,2000s,Apr,4,English,Comedy,1,Charles Herman-Wurmfeld,Jennifer Westfeldt,1000000,10013424,9013424,10.013,Yes,97,5.9,48,No,3.99,Under $10M,90-109 min,Under 50,No
194,Amélie,Amélie (2001),2001-04-25,2001,2000s,Apr,4,Other languages,Comedy,2,Jean-Pierre Jeunet,Audrey Tautou,10000000,173921954,163921954,17.392,Yes,122,7.8,3310,Yes,73.72,$10M-40M,110-129 min,"2,000-4,999",No
24113,Town & Country,Town & Country (2001),2001-04-27,2001,2000s,Apr,4,English,Comedy,2,Peter Chelsom,Warren Beatty,90000000,10372291,-79627709,0.115,Yes,104,3.7,16,No,1.0,$40M-100M,90-109 min,Under 50,No
10477,Driven,Driven (2001),2001-04-27,2001,2000s,Apr,4,English,Action,1,Renny Harlin,Kip Pardue,94000000,54744738,-39255262,0.582,Yes,116,4.5,179,Yes,8.47,$40M-100M,110-129 min,50-499,No
12484,The Forsaken,The Forsaken (2001),2001-04-27,2001,2000s,Apr,4,English,Action,4,J.S. Cardone,Kerr Smith,5000000,,,,No,90,4.9,47,No,2.74,Under $10M,90-109 min,Under 50,No
1734,The Mummy Returns,The Mummy Returns (2001),2001-04-28,2001,2000s,Apr,4,English,Adventure,3,Stephen Sommers,Brendan Fraser,98000000,433013274,335013274,4.419,Yes,130,6.0,2206,Yes,41.86,$40M-100M,130-149 min,"2,000-4,999",No
9476,A Knight's Tale,A Knight's Tale (2001),2001-05-11,2001,2000s,May,5,English,Adventure,4,Brian Helgeland,Heath Ledger,65000000,117487473,52487473,1.807,Yes,132,6.6,907,Yes,36.67,$40M-100M,130-149 min,"500-1,999",No
5852,Angel Eyes,Angel Eyes (2001),2001-05-15,2001,2000s,May,5,English,Drama,3,Luis Mandoki,Jennifer Lopez,53000000,29700000,-23300000,0.56,Yes,102,5.6,88,Yes,6.45,$40M-100M,90-109 min,50-499,No
808,Shrek,Shrek (2001),2001-05-16,2001,2000s,May,5,English,Adventure,5,Andrew Adamson,Mike Myers,60000000,484409218,424409218,8.073,Yes,90,7.3,4056,Yes,67.3,$40M-100M,90-109 min,"2,000-4,999",No
1018,Mulholland Drive,Mulholland Drive (2001),2001-05-16,2001,2000s,May,5,English,Thriller,3,David Lynch,Naomi Watts,15000000,20117339,5117339,1.341,Yes,147,7.6,1477,Yes,31.61,$10M-40M,130-149 min,"500-1,999",No
676,Pearl Harbor,Pearl Harbor (2001),2001-05-21,2001,2000s,May,5,English,History,3,Michael Bay,Ben Affleck,140000000,449220945,309220945,3.209,Yes,183,6.6,1791,Yes,34.21,$100M+,150+ min,"500-1,999",No
14034,What's the Worst That Could Happen?,What's the Worst That Could Happen? (2001),2001-05-31,2001,2000s,May,5,English,Action,2,Sam Weisman,Martin Lawrence,45000000,,,,No,94,5.1,66,Yes,7.19,$40M-100M,90-109 min,50-499,No
11090,The Animal,The Animal (2001),2001-06-01,2001,2000s,Jun,6,English,Action,2,Luke Greenfield,Rob Schneider,22000000,84772742,62772742,3.853,Yes,84,4.6,304,Yes,13.79,$10M-40M,Under 90 min,50-499,No
10865,Atlantis: The Lost Empire,Atlantis: The Lost Empire (2001),2001-06-02,2001,2000s,Jun,6,English,Animation,4,Gary Trousdale,Michael J. Fox,120000000,186053725,66053725,1.55,Yes,95,6.7,1224,Yes,51.55,$100M+,90-109 min,"500-1,999",No
9705,Swordfish,Swordfish (2001),2001-06-07,2001,2000s,Jun,6,English,Action,3,Dominic Sena,John Travolta,102000000,147080413,45080413,1.442,Yes,99,6.1,932,Yes,36.79,$100M+,90-109 min,"500-1,999",No
1391,Y Tu Mamá También,Y Tu Mamá También (2001),2001-06-08,2001,2000s,Jun,6,Other languages,Drama,2,Alfonso Cuarón,Gael García Bernal,5000000,33616692,28616692,6.723,Yes,106,7.3,315,Yes,16.89,Under $10M,90-109 min,50-499,No
1995,Lara Croft: Tomb Raider,Lara Croft: Tomb Raider (2001),2001-06-11,2001,2000s,Jun,6,English,Adventure,4,Simon West,Angelina Jolie,115000000,274703340,159703340,2.389,Yes,100,5.7,2192,Yes,41.5,$100M+,90-109 min,"2,000-4,999",No
9517,Bully,Bully (2001),2001-06-15,2001,2000s,Jun,6,English,Crime,2,Larry Clark,Brad Renfro,,480811,,,No,113,6.7,125,Yes,6.68,Unknown,110-129 min,50-499,No
9799,The Fast and the Furious,The Fast and the Furious (2001),2001-06-22,2001,2000s,Jun,6,English,Action,3,Rob Cohen,Paul Walker,38000000,207283925,169283925,5.455,Yes,106,6.6,3428,Yes,6.91,$10M-40M,90-109 min,"2,000-4,999",No
10808,Dr. Dolittle 2,Dr. Dolittle 2 (2001),2001-06-22,2001,2000s,Jun,6,English,Comedy,4,Steve Carr,Eddie Murphy,70000000,176104344,106104344,2.516,Yes,87,4.9,410,Yes,13.54,$40M-100M,Under 90 min,50-499,No
16161,Baby Boy,Baby Boy (2001),2001-06-27,2001,2000s,Jun,6,English,Crime,3,John Singleton,Tyrese Gibson,16000000,29381649,13381649,1.836,Yes,130,7.4,55,Yes,7.85,$10M-40M,130-149 min,50-499,No
644,A.I. Artificial Intelligence,A.I. Artificial Intelligence (2001),2001-06-29,2001,2000s,Jun,6,English,Drama,3,Steven Spielberg,Haley Joel Osment,100000000,235926552,135926552,2.359,Yes,146,6.8,1974,Yes,34.04,$100M+,130-149 min,"500-1,999",No
40880,Pandaemonium,Pandaemonium (2001),2001-06-29,2001,2000s,Jun,6,English,Drama,2,Julien Temple,Linus Roache,,,,,No,124,4.5,2,No,0.17,Unknown,110-129 min,Under 50,No
10691,Crazy/Beautiful,Crazy/Beautiful (2001),2001-06-29,2001,2000s,Jun,6,English,Drama,2,John Stockwell,Kirsten Dunst,13000000,16929123,3929123,1.302,Yes,99,6.6,96,Yes,6.13,$10M-40M,90-109 min,50-499,No
10615,Pootie Tang,Pootie Tang (2001),2001-06-29,2001,2000s,Jun,6,English,Action,2,Louis C.K.,Jennifer Coolidge,,,,,No,81,5.4,43,No,3.12,Unknown,Under 90 min,Under 50,No
8922,Jeepers Creepers,Jeepers Creepers (2001),2001-07-01,2001,2000s,Jul,7,English,Horror,2,Victor Salva,Gina Philips,10000000,59217789,49217789,5.922,Yes,90,6.1,720,Yes,23.32,$10M-40M,90-109 min,"500-1,999",No
2114,Final Fantasy: The Spirits Within,Final Fantasy: The Spirits Within (2001),2001-07-02,2001,2000s,Jul,7,English,Adventure,6,Hironobu Sakaguchi,Donald Sutherland,137000000,85131830,-51868170,0.621,Yes,106,5.9,433,Yes,26.07,$100M+,90-109 min,50-499,No
10992,Cats & Dogs,Cats & Dogs (2001),2001-07-04,2001,2000s,Jul,7,English,Comedy,2,Lawrence Guterman,Jeff Goldblum,60000000,93375151,33375151,1.556,Yes,87,5.0,352,Yes,18.74,$40M-100M,Under 90 min,50-499,No
4248,Scary Movie 2,Scary Movie 2 (2001),2001-07-04,2001,2000s,Jul,7,English,Comedy,1,Keenen Ivory Wayans,Anna Faris,45000000,141220678,96220678,3.138,Yes,83,5.4,982,Yes,35.38,$40M-100M,Under 90 min,"500-1,999",No
2140,Kiss of the Dragon,Kiss of the Dragon (2001),2001-07-06,2001,2000s,Jul,7,English,Action,3,Chris Nahon,Jet Li,25000000,64437847,39437847,2.578,Yes,98,6.4,298,Yes,16.94,$10M-40M,90-109 min,50-499,No
11770,Shaolin Soccer,Shaolin Soccer (2001),2001-07-12,2001,2000s,Jul,7,Other languages,Action,2,Stephen Chow,Stephen Chow,,42776760,,,No,113,6.6,491,Yes,17.55,Unknown,110-129 min,50-499,No
11371,The Score,The Score (2001),2001-07-13,2001,2000s,Jul,7,English,Action,3,Frank Oz,Robert De Niro,68000000,71069884,3069884,1.045,Yes,124,6.7,423,Yes,22.57,$40M-100M,110-129 min,50-499,No
8835,Legally Blonde,Legally Blonde (2001),2001-07-13,2001,2000s,Jul,7,English,Comedy,1,Robert Luketic,Reese Witherspoon,18000000,141774679,123774679,7.876,Yes,96,6.1,882,Yes,25.44,$10M-40M,90-109 min,"500-1,999",No
15745,Made,Made (2001),2001-07-13,2001,2000s,Jul,7,English,Action,3,Jon Favreau,Vince Vaughn,5000000,5476060,476060,1.095,Yes,94,6.3,55,Yes,4.15,Under $10M,90-109 min,50-499,No
10034,High Heels and Low Lifes,High Heels and Low Lifes (2001),2001-07-16,2001,2000s,Jul,7,English,Action,3,Mel Smith,Minnie Driver,,,,,No,86,6.4,12,No,1.77,Unknown,Under 90 min,Under 50,No
11467,America's Sweethearts,America's Sweethearts (2001),2001-07-17,2001,2000s,Jul,7,English,Comedy,2,Joe Roth,Julia Roberts,,,,,No,102,5.5,252,Yes,10.7,Unknown,90-109 min,50-499,No
331,Jurassic Park III,Jurassic Park III (2001),2001-07-18,2001,2000s,Jul,7,English,Adventure,4,Joe Johnston,Sam Neill,93000000,368780809,275780809,3.965,Yes,92,5.7,2077,Yes,1.86,$40M-100M,90-109 min,"2,000-4,999",No
129,Spirited Away,Spirited Away (2001),2001-07-20,2001,2000s,Jul,7,Other languages,Fantasy,4,Hayao Miyazaki,Rumi Hiiragi,15000000,274925095,259925095,18.328,Yes,125,8.3,3840,Yes,118.97,$10M-40M,110-129 min,"2,000-4,999",No
13403,Hedwig and the Angry Inch,Hedwig and the Angry Inch (2001),2001-07-20,2001,2000s,Jul,7,English,Comedy,2,John Cameron Mitchell,John Cameron Mitchell,,,,,No,95,7.4,80,Yes,4.25,Unknown,90-109 min,50-499,No
1548,Ghost World,Ghost World (2001),2001-07-20,2001,2000s,Jul,7,English,Comedy,2,Terry Zwigoff,Thora Birch,7000000,,,,No,111,7.1,426,Yes,14.07,Under $10M,110-129 min,50-499,No
11470,Jason X,Jason X (2001),2001-07-24,2001,2000s,Jul,7,English,Horror,2,James Isaac,Kane Hodder,11000000,16951798,5951798,1.541,Yes,91,4.5,291,Yes,11.22,$10M-40M,90-109 min,50-499,No
869,Planet of the Apes,Planet of the Apes (2001),2001-07-25,2001,2000s,Jul,7,English,Thriller,4,Tim Burton,Mark Wahlberg,100000000,362211740,262211740,3.622,Yes,119,5.6,1243,Yes,51.19,$100M+,110-129 min,"500-1,999",No
9896,Rat Race,Rat Race (2001),2001-07-30,2001,2000s,Jul,7,English,Adventure,2,Jerry Zucker,Cuba Gooding Jr.,48000000,85498534,37498534,1.781,Yes,112,6.0,518,Yes,18.6,$40M-100M,110-129 min,"500-1,999",No
1933,The Others,The Others (2001),2001-08-02,2001,2000s,Aug,8,English,Horror,4,Alejandro Amenábar,Nicole Kidman,,,,,No,101,7.4,1660,Yes,25.88,Unknown,90-109 min,"500-1,999",No
5175,Rush Hour 2,Rush Hour 2 (2001),2001-08-03,2001,2000s,Aug,8,English,Action,4,Brett Ratner,Chris Tucker,90000000,347325802,257325802,3.859,Yes,90,6.4,1054,Yes,35.81,$40M-100M,90-109 min,"500-1,999",No
9880,The Princess Diaries,The Princess Diaries (2001),2001-08-03,2001,2000s,Aug,8,English,Comedy,3,Garry Marshall,Anne Hathaway,37000000,165335153,128335153,4.469,Yes,115,6.5,1023,Yes,40.18,$10M-40M,110-129 min,"500-1,999",No
2057,Original Sin,Original Sin (2001),2001-08-03,2001,2000s,Aug,8,English,Drama,4,Michael Cristofer,Angelina Jolie,42000000,35402320,-6597680,0.843,Yes,118,5.8,198,Yes,14.83,$40M-100M,110-129 min,50-499,No
2779,The Curse of the Jade Scorpion,The Curse of the Jade Scorpion (2001),2001-08-05,2001,2000s,Aug,8,English,Comedy,5,Woody Allen,Dan Aykroyd,,,,,No,103,6.5,165,Yes,9.32,Unknown,90-109 min,50-499,No
12610,Osmosis Jones,Osmosis Jones (2001),2001-08-07,2001,2000s,Aug,8,English,Adventure,5,Bobby Farrelly,Chris Rock,75000000,13596911,-61403089,0.181,Yes,95,5.9,228,Yes,10.55,$40M-100M,90-109 min,50-499,No
2770,American Pie 2,American Pie 2 (2001),2001-08-10,2001,2000s,Aug,8,English,Comedy,2,J.B. Rogers,Jason Biggs,30000000,287553595,257553595,9.585,Yes,108,6.0,1344,Yes,36.43,$10M-40M,90-109 min,"500-1,999",No
10972,Session 9,Session 9 (2001),2001-08-10,2001,2000s,Aug,8,English,Horror,2,Brad Anderson,Peter Mullan,1500000,373967,-1126033,0.249,Yes,100,6.2,251,Yes,11.06,Under $10M,90-109 min,50-499,No
1722,Captain Corelli's Mandolin,Captain Corelli's Mandolin (2001),2001-08-17,2001,2000s,Aug,8,English,Drama,3,John Madden,Nicolas Cage,57000000,62112895,5112895,1.09,Yes,131,5.5,145,Yes,9.06,$40M-100M,130-149 min,50-499,No
13496,American Outlaws,American Outlaws (2001),2001-08-17,2001,2000s,Aug,8,English,Action,2,Les Mayfield,Colin Farrell,35000000,13678913,-21321087,0.391,Yes,94,5.7,55,Yes,6.73,$10M-40M,90-109 min,50-499,No
27329,The Legend of Suriyothai,The Legend of Suriyothai (2001),2001-08-17,2001,2000s,Aug,8,Other languages,Drama,4,Chatrichalerm Yukol,M.L. Piyapas Bhirombhakdi,,,,,No,185,5.1,6,No,0.84,Unknown,150+ min,Under 50,No
2294,Jay and Silent Bob Strike Back,Jay and Silent Bob Strike Back (2001),2001-08-22,2001,2000s,Aug,8,English,Comedy,1,Kevin Smith,Kevin Smith,22000000,33788161,11788161,1.536,Yes,104,6.4,480,Yes,21.87,$10M-40M,90-109 min,50-499,No
26602,Summer Catch,Summer Catch (2001),2001-08-22,2001,2000s,Aug,8,English,Drama,3,Mike Tollin,Freddie Prinze Jr.,34000000,19693891,-14306109,0.579,Yes,108,4.8,63,Yes,3.96,$10M-40M,90-109 min,50-499,No
10016,Ghosts of Mars,Ghosts of Mars (2001),2001-08-24,2001,2000s,Aug,8,English,Action,3,John Carpenter,Natasha Henstridge,28000000,14010832,-13989168,0.5,Yes,98,4.8,296,Yes,13.15,$10M-40M,90-109 min,50-499,No
9683,Bubble Boy,Bubble Boy (2001),2001-08-24,2001,2000s,Aug,8,English,Adventure,4,Blair Hayes,Jake Gyllenhaal,,,,,No,84,5.1,163,Yes,10.13,Unknown,Under 90 min,50-499,No
35944,Lucky Break,Lucky Break (2001),2001-08-24,2001,2000s,Aug,8,English,Action,2,Peter Cattaneo,James Nesbitt,,,,,No,107,6.5,11,No,0.67,Unknown,90-109 min,Under 50,No
480,Monsoon Wedding,Monsoon Wedding (2001),2001-08-30,2001,2000s,Aug,8,Other languages,Comedy,3,Mira Nair,Naseeruddin Shah,,,,,No,114,6.8,57,Yes,8.11,Unknown,110-129 min,50-499,No
11065,O,O (2001),2001-08-31,2001,2000s,Aug,8,English,Drama,3,Tim Blake Nelson,Mekhi Phifer,,16017403,,,No,95,5.8,75,Yes,4.15,Unknown,90-109 min,50-499,No
50035,Lovely & Amazing,Lovely & Amazing (2001),2001-08-31,2001,2000s,Aug,8,English,Comedy,3,Nicole Holofcener,Catherine Keener,250000,4186931,3936931,16.748,Yes,91,6.3,23,No,1.46,Under $10M,90-109 min,Under 50,No
55903,Betty Fisher and Other Stories,Betty Fisher and Other Stories (2001),2001-09-01,2001,2000s,Sep,9,Other languages,Drama,4,Claude Miller,Sandrine Kiberlain,,,,,No,103,7.0,3,No,0.02,Unknown,90-109 min,Under 50,No
17734,Thirteen Conversations About One Thing,Thirteen Conversations About One Thing (2001),2001-09-02,2001,2000s,Sep,9,English,Drama,1,Jill Sprecher,John Turturro,,,,,No,104,6.4,25,No,7.0,Unknown,90-109 min,Under 50,No
12508,Rock Star,Rock Star (2001),2001-09-04,2001,2000s,Sep,9,English,Music,3,Stephen Herek,Mark Wahlberg,57000000,16991902,-40008098,0.298,Yes,105,6.0,190,Yes,11.61,$40M-100M,90-109 min,50-499,No
14033,Soul Survivors,Soul Survivors (2001),2001-09-06,2001,2000s,Sep,9,English,Horror,3,Stephen Carpenter,Eliza Dushku,,,,,No,84,4.4,49,No,3.23,Unknown,Under 90 min,Under 50,No
2084,Birthday Girl,Birthday Girl (2001),2001-09-06,2001,2000s,Sep,9,English,Comedy,3,Jez Butterworth,Nicole Kidman,13000000,,,,No,93,6.1,103,Yes,5.83,$10M-40M,90-109 min,50-499,No
11370,The Musketeer,The Musketeer (2001),2001-09-07,2001,2000s,Sep,9,English,Action,3,Peter Hyams,Catherine Deneuve,40000000,27053815,-12946185,0.676,Yes,104,5.2,56,Yes,3.3,$40M-100M,90-109 min,50-499,No
11313,Hearts in Atlantis,Hearts in Atlantis (2001),2001-09-07,2001,2000s,Sep,9,English,Drama,2,Scott Hicks,Anthony Hopkins,31000000,24185781,-6814219,0.78,Yes,101,6.4,131,Yes,7.07,$10M-40M,90-109 min,50-499,No
30379,Megiddo: The Omega Code 2,Megiddo: The Omega Code 2 (2001),2001-09-07,2001,2000s,Sep,9,English,Action,3,Brian Trenchard-Smith,Michael York,,,,,No,104,3.6,8,No,0.81,Unknown,90-109 min,Under 50,No
7501,Knockaround Guys,Knockaround Guys (2001),2001-09-07,2001,2000s,Sep,9,English,Crime,2,Brian Koppelman,Barry Pepper,15000000,12000000,-3000000,0.8,Yes,92,5.9,97,Yes,8.11,$10M-40M,90-109 min,50-499,No
25462,Two Can Play That Game,Two Can Play That Game (2001),2001-09-07,2001,2000s,Sep,9,English,Comedy,2,Mark Brown,Vivica A. Fox,6000000,,,,No,90,6.6,17,No,2.27,Under $10M,90-109 min,Under 50,No
9104,Buffalo Soldiers,Buffalo Soldiers (2001),2001-09-08,2001,2000s,Sep,9,English,Drama,5,Gregor Jordan,Joaquin Phoenix,15000000,,,,No,98,6.5,93,Yes,6.33,$10M-40M,90-109 min,50-499,No
14778,Last Orders,Last Orders (2001),2001-09-10,2001,2000s,Sep,9,English,Comedy,2,Fred Schepisi,Michael Caine,,,,,No,109,6.0,22,No,3.6,Unknown,90-109 min,Under 50,No
18841,The Lost Skeleton of Cadavra,The Lost Skeleton of Cadavra (2001),2001-09-12,2001,2000s,Sep,9,English,Comedy,3,Larry Blamire,Fay Masterson,,,,,No,90,6.5,30,No,1.68,Unknown,90-109 min,Under 50,No
2176,The Glass House,The Glass House (2001),2001-09-14,2001,2000s,Sep,9,English,Drama,2,Daniel Sackheim,Leelee Sobieski,30000000,23619609,-6380391,0.787,Yes,106,5.4,201,Yes,9.45,$10M-40M,90-109 min,50-499,No
20857,Hardball,Hardball (2001),2001-09-14,2001,2000s,Sep,9,English,Comedy,2,Brian Robbins,Keanu Reeves,32000000,40222729,8222729,1.257,Yes,106,6.3,123,Yes,5.68,$10M-40M,90-109 min,50-499,No
73981,Ayurveda: Art of Being,Ayurveda: Art of Being (2001),2001-09-20,2001,2000s,Sep,9,English,Documentary,1,Pan Nalin,Unknown,300000,2074000,1774000,6.913,Yes,101,5.5,3,No,0.06,Under $10M,90-109 min,Under 50,No
10696,Glitter,Glitter (2001),2001-09-21,2001,2000s,Sep,9,English,Drama,2,Vondie Curtis-Hall,Mariah Carey,22000000,5271666,-16728334,0.24,Yes,104,3.4,38,No,3.81,$10M-40M,90-109 min,Under 50,No
12103,Don't Say a Word,Don't Say a Word (2001),2001-09-28,2001,2000s,Sep,9,English,Thriller,1,Gary Fleder,Michael Douglas,50000000,100020092,50020092,2.0,Yes,113,6.0,220,Yes,11.6,$40M-100M,110-129 min,50-499,No
9398,Zoolander,Zoolander (2001),2001-09-28,2001,2000s,Sep,9,English,Comedy,1,Ben Stiller,Ben Stiller,28000000,60780981,32780981,2.171,Yes,89,6.1,1337,Yes,38.1,$10M-40M,Under 90 min,"500-1,999",No
2034,Training Day,Training Day (2001),2001-10-05,2001,2000s,Oct,10,English,Action,4,Antoine Fuqua,Denzel Washington,45000000,104876233,59876233,2.331,Yes,122,7.3,1634,Yes,52.08,$40M-100M,110-129 min,"500-1,999",No
9428,The Royal Tenenbaums,The Royal Tenenbaums (2001),2001-10-05,2001,2000s,Oct,10,English,Comedy,2,Wes Anderson,Gene Hackman,21000000,71441250,50441250,3.402,Yes,110,7.4,1286,Yes,24.13,$10M-40M,110-129 min,"500-1,999",No
9778,Serendipity,Serendipity (2001),2001-10-05,2001,2000s,Oct,10,English,Comedy,2,Peter Chelsom,John Cusack,28000000,77516304,49516304,2.768,Yes,90,6.6,521,Yes,14.53,$10M-40M,90-109 min,"500-1,999",No
10866,Joy Ride,Joy Ride (2001),2001-10-05,2001,2000s,Oct,10,English,Mystery,3,John Dahl,Steve Zahn,23000000,36642838,13642838,1.593,Yes,97,6.3,325,Yes,11.18,$10M-40M,90-109 min,50-499,No
34549,Max Keeble's Big Move,Max Keeble's Big Move (2001),2001-10-05,2001,2000s,Oct,10,English,Comedy,4,Tim Hill,Alex D. Linz,12000000,17292381,5292381,1.441,Yes,86,5.4,33,No,1.08,$10M-40M,Under 90 min,Under 50,No
3172,Bandits,Bandits (2001),2001-10-12,2001,2000s,Oct,10,English,Action,4,Barry Levinson,Bruce Willis,75000000,67631903,-7368097,0.902,Yes,123,6.2,302,Yes,24.35,$40M-100M,110-129 min,50-499,No
17708,Corky Romano,Corky Romano (2001),2001-10-12,2001,2000s,Oct,10,English,Action,3,Rob Pritts,Chris Kattan,11000000,23978402,12978402,2.18,Yes,86,4.1,54,Yes,3.5,$10M-40M,Under 90 min,50-499,No
31668,All The Queen's Men,All The Queen's Men (2001),2001-10-14,2001,2000s,Oct,10,English,Action,4,Stefan Ruzowitzky,Matt LeBlanc,15000000,23000,-14977000,0.002,Yes,99,6.1,7,No,1.83,$10M-40M,90-109 min,Under 50,No
2100,The Last Castle,The Last Castle (2001),2001-10-19,2001,2000s,Oct,10,English,Action,3,Rod Lurie,Robert Redford,72000000,27642707,-44357293,0.384,Yes,131,7.0,285,Yes,15.43,$40M-100M,130-149 min,50-499,No
11091,Riding in Cars with Boys,Riding in Cars with Boys (2001),2001-10-19,2001,2000s,Oct,10,English,Comedy,3,Penny Marshall,Drew Barrymore,48000000,35743308,-12256692,0.745,Yes,132,6.5,103,Yes,7.23,$40M-100M,130-149 min,50-499,No
768,From Hell,From Hell (2001),2001-10-19,2001,2000s,Oct,10,English,Horror,3,Albert Hughes,Johnny Depp,35000000,74558115,39558115,2.13,Yes,122,6.6,741,Yes,26.13,$10M-40M,110-129 min,"500-1,999",No
167,K-PAX,K-PAX (2001),2001-10-22,2001,2000s,Oct,10,English,Drama,2,Iain Softley,Jeff Bridges,48000000,50315140,2315140,1.048,Yes,120,7.1,695,Yes,30.92,$40M-100M,110-129 min,"500-1,999",No
11457,Life as a House,Life as a House (2001),2001-10-25,2001,2000s,Oct,10,English,Drama,1,Irwin Winkler,Kevin Kline,18000000,,,,No,125,7.2,120,Yes,5.71,$10M-40M,110-129 min,50-499,No
9378,Thir13en Ghosts,Thir13en Ghosts (2001),2001-10-26,2001,2000s,Oct,10,English,Horror,2,Steve Beck,Tony Shalhoub,,,,,No,91,5.4,440,Yes,20.39,Unknown,90-109 min,50-499,No
34043,On the Line,On the Line (2001),2001-10-26,2001,2000s,Oct,10,English,Comedy,3,Eric Bross,Lance Bass,,,,,No,85,4.1,10,No,3.08,Unknown,Under 90 min,Under 50,No
11456,Domestic Disturbance,Domestic Disturbance (2001),2001-10-30,2001,2000s,Oct,10,English,Mystery,3,Harold Becker,John Travolta,75000000,54249294,-20750706,0.723,Yes,89,5.4,113,Yes,8.42,$40M-100M,Under 90 min,50-499,No
2110,Wasabi,Wasabi (2001),2001-10-31,2001,2000s,Oct,10,Other languages,Drama,3,Gérard Krawczyk,Jean Reno,15300000,,,,No,94,6.2,283,Yes,18.21,$10M-40M,90-109 min,50-499,No
585,"Monsters, Inc.","Monsters, Inc. (2001)",2001-11-01,2001,2000s,Nov,11,English,Animation,3,Pete Docter,John Goodman,115000000,562816256,447816256,4.894,Yes,92,7.5,5996,Yes,106.82,$100M+,90-109 min,"5,000+",No
9889,Shallow Hal,Shallow Hal (2001),2001-11-01,2001,2000s,Nov,11,English,Comedy,2,Bobby Farrelly,Gwyneth Paltrow,40000000,141069860,101069860,3.527,Yes,114,5.7,731,Yes,29.85,$40M-100M,110-129 min,"500-1,999",No
10796,The One,The One (2001),2001-11-02,2001,2000s,Nov,11,English,Action,3,James Wong,Jet Li,49000000,72700000,23700000,1.484,Yes,87,5.7,437,Yes,21.75,$40M-100M,Under 90 min,50-499,No
81220,Everything Put Together,Everything Put Together (2001),2001-11-02,2001,2000s,Nov,11,English,Drama,1,Marc Forster,Radha Mitchell,500000,,,,No,87,5.0,2,No,0.05,Under $10M,Under 90 min,Under 50,No
5279,Gosford Park,Gosford Park (2001),2001-11-07,2001,2000s,Nov,11,English,Drama,3,Robert Altman,Helen Mirren,19800000,87754044,67954044,4.432,Yes,137,6.8,246,Yes,11.69,$10M-40M,130-149 min,50-499,No
1365,Monster's Ball,Monster's Ball (2001),2001-11-11,2001,2000s,Nov,11,English,Drama,2,Marc Forster,Halle Berry,4000000,44909486,40909486,11.227,Yes,111,6.5,250,Yes,14.04,Under $10M,110-129 min,50-499,No
671,Harry Potter and the Philosopher's Stone,Harry Potter and the Philosopher's Stone (2001),2001-11-16,2001,2000s,Nov,11,English,Adventure,3,Chris Columbus,Daniel Radcliffe,125000000,976475550,851475550,7.812,Yes,152,7.5,7006,Yes,109.98,$100M+,150+ min,"5,000+",No
13408,The Wash,The Wash (2001),2001-11-16,2001,2000s,Nov,11,English,Action,2,DJ Pooh,Dr. Dre,7000000,10229331,3229331,1.461,Yes,93,5.3,26,No,2.45,Under $10M,90-109 min,Under 50,No
8007,Behind Enemy Lines,Behind Enemy Lines (2001),2001-11-17,2001,2000s,Nov,11,English,Action,4,John Moore,Owen Wilson,40000000,91753202,51753202,2.294,Yes,106,6.0,457,Yes,24.01,$40M-100M,90-109 min,50-499,No
12149,Frailty,Frailty (2001),2001-11-17,2001,2000s,Nov,11,English,Drama,3,Bill Paxton,Bill Paxton,11000000,13110448,2110448,1.192,Yes,100,7.0,334,Yes,16.0,$10M-40M,90-109 min,50-499,No
1535,Spy Game,Spy Game (2001),2001-11-18,2001,2000s,Nov,11,English,Action,3,Tony Scott,Robert Redford,92000000,143049560,51049560,1.555,Yes,126,6.8,579,Yes,27.17,$40M-100M,110-129 min,"500-1,999",No
11469,Black Knight,Black Knight (2001),2001-11-21,2001,2000s,Nov,11,English,Adventure,3,Gil Junger,Martin Lawrence,,,,,No,95,5.1,287,Yes,15.91,Unknown,90-109 min,50-499,No
14369,Out Cold,Out Cold (2001),2001-11-21,2001,2000s,Nov,11,English,Comedy,1,Brendan Malloy,Jason London,24000000,14782676,-9217324,0.616,Yes,89,5.8,53,Yes,4.12,$10M-40M,Under 90 min,50-499,No
20794,Novocaine,Novocaine (2001),2001-11-23,2001,2000s,Nov,11,English,Comedy,3,David Atkins,Chelcie Ross,6000000,2025238,-3974762,0.338,Yes,95,6.0,44,No,4.15,Under $10M,90-109 min,Under 50,No
1999,In the Bedroom,In the Bedroom (2001),2001-11-23,2001,2000s,Nov,11,English,Drama,2,Todd Field,Tom Wilkinson,1700000,,,,No,130,6.4,89,Yes,6.98,Under $10M,130-149 min,50-499,No
13503,Texas Rangers,Texas Rangers (2001),2001-11-30,2001,2000s,Nov,11,English,Action,2,Steve Miner,James Van Der Beek,,,,,No,110,5.4,19,No,5.64,Unknown,110-129 min,Under 50,No
4965,Impostor,Impostor (2001),2001-12-03,2001,2000s,Dec,12,English,Action,3,Gary Fleder,Gary Sinise,40000000,,,,No,102,6.1,135,Yes,9.58,$40M-100M,90-109 min,50-499,No
161,Ocean's Eleven,Ocean's Eleven (2001),2001-12-07,2001,2000s,Dec,12,English,Thriller,2,Steven Soderbergh,George Clooney,85000000,450717150,365717150,5.303,Yes,116,7.2,3783,Yes,60.93,$40M-100M,110-129 min,"2,000-4,999",No
1613,The 51st State,The 51st State (2001),2001-12-07,2001,2000s,Dec,12,English,Thriller,4,Ronny Yu,Samuel L. Jackson,,,,,No,93,5.9,173,Yes,9.67,Unknown,90-109 min,50-499,No
11397,Not Another Teen Movie,Not Another Teen Movie (2001),2001-12-07,2001,2000s,Dec,12,English,Comedy,1,Joel Gallen,Chyler Leigh,16000000,66468332,50468332,4.154,Yes,89,5.5,431,Yes,23.42,$10M-40M,Under 90 min,50-499,No
1903,Vanilla Sky,Vanilla Sky (2001),2001-12-10,2001,2000s,Dec,12,English,Drama,5,Cameron Crowe,Tom Cruise,68000000,203388341,135388341,2.991,Yes,136,6.5,1078,Yes,27.3,$40M-100M,130-149 min,"500-1,999",No
8489,Ali,Ali (2001),2001-12-11,2001,2000s,Dec,12,English,Drama,1,Michael Mann,Will Smith,107000000,87713825,-19286175,0.82,Yes,157,6.7,447,Yes,18.87,$100M+,150+ min,50-499,No
453,A Beautiful Mind,A Beautiful Mind (2001),2001-12-11,2001,2000s,Dec,12,English,Drama,2,Ron Howard,Russell Crowe,60000000,313542341,253542341,5.226,Yes,135,7.7,3009,Yes,59.25,$40M-100M,130-149 min,"2,000-4,999",No
1591,Nowhere in Africa,Nowhere in Africa (2001),2001-12-11,2001,2000s,Dec,12,Other languages,Drama,1,Caroline Link,Juliane Köhler,,,,,No,140,7.0,32,No,3.48,Unknown,130-149 min,Under 50,No
11516,Winged Migration,Winged Migration (2001),2001-12-12,2001,2000s,Dec,12,Other languages,Documentary,1,Jacques Perrin,Philippe Labro,35866397,20217080,-15649317,0.564,Yes,98,7.0,49,No,3.75,$10M-40M,90-109 min,Under 50,No
11889,Iris,Iris (2001),2001-12-14,2001,2000s,Dec,12,English,Drama,2,Richard Eyre,Judi Dench,,,,,No,91,6.2,47,No,2.71,Unknown,90-109 min,Under 50,No
120,The Lord of the Rings: The Fellowship of the Ring,The Lord of the Rings: The Fellowship of the Ring (2001),2001-12-18,2001,2000s,Dec,12,English,Adventure,3,Peter Jackson,Elijah Wood,93000000,871368364,778368364,9.37,Yes,178,8.0,8705,Yes,138.05,$40M-100M,150+ min,"5,000+",No
6440,The Shipping News,The Shipping News (2001),2001-12-18,2001,2000s,Dec,12,English,Drama,2,Lasse Hallström,Kevin Spacey,,,,,No,111,6.4,108,Yes,11.14,Unknown,110-129 min,50-499,No
11086,The Majestic,The Majestic (2001),2001-12-21,2001,2000s,Dec,12,English,Drama,2,Frank Darabont,Jim Carrey,72000000,37317558,-34682442,0.518,Yes,152,6.6,188,Yes,11.22,$40M-100M,150+ min,50-499,No
12312,Joe Somebody,Joe Somebody (2001),2001-12-21,2001,2000s,Dec,12,English,Comedy,1,John Pasquin,Tim Allen,38000000,,,,No,99,5.5,40,No,5.26,$10M-40M,90-109 min,Under 50,No
12589,Jimmy Neutron: Boy Genius,Jimmy Neutron: Boy Genius (2001),2001-12-21,2001,2000s,Dec,12,English,Action,7,John A. Davis,Debi Derryberry,25000000,80936232,55936232,3.237,Yes,83,5.6,231,Yes,12.74,$10M-40M,Under 90 min,50-499,No
8386,How High,How High (2001),2001-12-21,2001,2000s,Dec,12,English,Comedy,1,Jesse Dylan,Method Man,12000000,31155435,19155435,2.596,Yes,93,6.3,218,Yes,11.51,$10M-40M,90-109 min,50-499,No
11232,Kate & Leopold,Kate & Leopold (2001),2001-12-25,2001,2000s,Dec,12,English,Comedy,4,James Mangold,Meg Ryan,,,,,No,118,6.0,418,Yes,11.94,Unknown,110-129 min,50-499,No
9991,Mean Machine,Mean Machine (2001),2001-12-26,2001,2000s,Dec,12,English,Comedy,2,Barry Skolnick,Vinnie Jones,,,,,No,99,6.0,157,Yes,8.82,Unknown,90-109 min,50-499,No
855,Black Hawk Down,Black Hawk Down (2001),2001-12-28,2001,2000s,Dec,12,English,Action,3,Ridley Scott,Josh Hartnett,92000000,172989651,80989651,1.88,Yes,144,7.2,1811,Yes,44.46,$40M-100M,130-149 min,"500-1,999",No
10950,I Am Sam,I Am Sam (2001),2001-12-28,2001,2000s,Dec,12,English,Drama,1,Jessie Nelson,Sean Penn,22000000,92542418,70542418,4.206,Yes,132,7.2,530,Yes,26.07,$10M-40M,130-149 min,"500-1,999",No
11468,Salton Sea,Salton Sea (2002),2002-01-01,2002,2000s,Jan,1,English,Drama,3,D.J. Caruso,Val Kilmer,18000000,676698,-17323302,0.038,Yes,103,7.0,104,Yes,10.99,$10M-40M,90-109 min,50-499,No
31932,City of Ghosts,City of Ghosts (2002),2002-01-01,2002,2000s,Jan,1,English,Thriller,1,Matt Dillon,Matt Dillon,,,,,No,116,5.4,18,No,2.64,Unknown,110-129 min,Under 50,No
24985,The Heart of Me,The Heart of Me (2002),2002-01-01,2002,2000s,Jan,1,English,Drama,2,Thaddeus O'Sullivan,Helena Bonham Carter,7000000,,,,No,96,7.7,5,No,1.5,Under $10M,90-109 min,Under 50,No
18602,Morvern Callar,Morvern Callar (2002),2002-01-01,2002,2000s,Jan,1,English,Drama,1,Lynne Ramsay,Samantha Morton,,,,,No,97,7.2,34,No,2.51,Unknown,90-109 min,Under 50,No
30309,Real Women Have Curves,Real Women Have Curves (2002),2002-01-01,2002,2000s,Jan,1,English,Comedy,2,Patricia Cardoso,America Ferrera,,,,,No,86,5.8,19,No,1.03,Unknown,Under 90 min,Under 50,No
18808,Highway,Highway (2002),2002-01-01,2002,2000s,Jan,1,English,Action,3,James Cox,Jake Gyllenhaal,14000000,,,,No,97,5.6,37,No,3.42,$10M-40M,90-109 min,Under 50,No
21801,The Slaughter Rule,The Slaughter Rule (2002),2002-01-01,2002,2000s,Jan,1,English,Drama,1,Alex Smith,Ryan Gosling,,,,,No,112,6.2,9,No,1.39,Unknown,110-129 min,Under 50,No
43743,Fabled,Fabled (2002),2002-01-01,2002,2000s,Jan,1,English,Drama,3,Unknown,Unknown,,,,,No,84,,0,No,0.0,Unknown,Under 90 min,Under 50,No
10375,D-Tox,D-Tox (2002),2002-01-04,2002,2000s,Jan,1,English,Action,2,Jim Gillespie,Sylvester Stallone,55000000,6416302,-48583698,0.117,Yes,96,5.3,123,Yes,12.67,$40M-100M,90-109 min,50-499,No
1958,8 Women,8 Women (2002),2002-01-08,2002,2000s,Jan,1,Other languages,Comedy,5,François Ozon,Catherine Deneuve,8000000,,,,No,111,6.9,196,Yes,8.2,Under $10M,110-129 min,50-499,No
11013,Secretary,Secretary (2002),2002-01-11,2002,2000s,Jan,1,English,Comedy,3,Steven Shainberg,James Spader,4000000,9304609,5304609,2.326,Yes,104,6.7,376,Yes,19.11,Under $10M,90-109 min,50-499,No
46989,Blue Car,Blue Car (2002),2002-01-11,2002,2000s,Jan,1,English,Drama,1,Karen Moncrieff,Margaret Colin,1000000,464000,-536000,0.464,Yes,92,6.7,13,No,0.67,Under $10M,90-109 min,Under 50,No
9962,The Good Girl,The Good Girl (2002),2002-01-12,2002,2000s,Jan,1,English,Drama,3,Miguel Arteta,Jennifer Aniston,8000000,16856124,8856124,2.107,Yes,93,6.1,181,Yes,9.8,Under $10M,90-109 min,50-499,No
1956,Gerry,Gerry (2002),2002-01-12,2002,2000s,Jan,1,English,Mystery,3,Gus Van Sant,Casey Affleck,3500000,,,,No,103,6.2,68,Yes,5.04,Under $10M,90-109 min,50-499,No
14290,Better Luck Tomorrow,Better Luck Tomorrow (2002),2002-01-12,2002,2000s,Jan,1,English,Crime,2,Justin Lin,Parry Shen,,,,,No,101,6.5,27,No,3.88,Unknown,90-109 min,Under 50,No
10894,May,May (2002),2002-01-13,2002,2000s,Jan,1,English,Drama,4,Lucky McKee,Angela Bettis,500000,150277,-349723,0.301,Yes,93,6.3,152,Yes,8.65,Under $10M,90-109 min,50-499,No
11022,Narc,Narc (2002),2002-01-14,2002,2000s,Jan,1,English,Action,4,Joe Carnahan,Jason Patric,6500000,12633747,6133747,1.944,Yes,105,6.8,142,Yes,8.53,Under $10M,90-109 min,50-499,No
40920,The Business of Fancydancing,The Business of Fancydancing (2002),2002-01-14,2002,2000s,Jan,1,English,Music,2,Sherman Alexie,Evan Adams,200000,,,,No,103,8.0,2,No,0.06,Under $10M,90-109 min,Under 50,No
185465,Manito,Manito (2002),2002-01-15,2002,2000s,Jan,1,English,Drama,1,Eric Eason,Franky G,,,,,No,78,5.5,2,No,0.04,Unknown,Under 90 min,Under 50,No
99826,The Jimmy Show,The Jimmy Show (2002),2002-01-16,2002,2000s,Jan,1,English,Comedy,2,Frank Whaley,Frank Whaley,,,,,No,96,8.0,1,No,0.1,Unknown,90-109 min,Under 50,No
4107,Bloody Sunday,Bloody Sunday (2002),2002-01-16,2002,2000s,Jan,1,English,Action,4,Paul Greengrass,James Nesbitt,,773228,,,No,107,7.2,53,Yes,7.33,Unknown,90-109 min,50-499,No
11888,Snow Dogs,Snow Dogs (2002),2002-01-18,2002,2000s,Jan,1,English,Adventure,3,Brian Levant,Jim Belushi,33000000,,,,No,99,5.3,185,Yes,13.66,$10M-40M,90-109 min,50-499,No
11362,The Count of Monte Cristo,The Count of Monte Cristo (2002),2002-01-23,2002,2000s,Jan,1,English,Action,4,Kevin Reynolds,Jim Caviezel,35000000,75395048,40395048,2.154,Yes,131,7.3,453,Yes,26.6,$10M-40M,130-149 min,50-499,No
2637,The Mothman Prophecies,The Mothman Prophecies (2002),2002-01-25,2002,2000s,Jan,1,English,Drama,3,Mark Pellington,Richard Gere,32000000,55157539,23157539,1.724,Yes,119,6.1,305,Yes,14.73,$10M-40M,110-129 min,50-499,No
10229,A Walk to Remember,A Walk to Remember (2002),2002-01-25,2002,2000s,Jan,1,English,Drama,2,Adam Shankman,Mandy Moore,11000000,41227069,30227069,3.748,Yes,101,7.5,1018,Yes,33.28,$10M-40M,90-109 min,"500-1,999",No
11891,Kung Pow: Enter the Fist,Kung Pow: Enter the Fist (2002),2002-01-25,2002,2000s,Jan,1,English,Action,2,Steve Oedekerk,Hui Lou Chen,,,,,No,81,6.1,159,Yes,8.29,Unknown,Under 90 min,50-499,No
16653,The Singles Ward,The Singles Ward (2002),2002-01-30,2002,2000s,Jan,1,English,Comedy,4,Kurt Hale,Will Swenson,,,,,No,102,7.5,4,No,0.92,Unknown,90-109 min,Under 50,No
20009,Slackers,Slackers (2002),2002-02-01,2002,2000s,Feb,2,English,Comedy,2,Dewey Nicks,Jason Segel,14000000,6413915,-7586085,0.458,Yes,86,5.4,60,Yes,9.37,$10M-40M,Under 90 min,50-499,No
9555,Rabbit-Proof Fence,Rabbit-Proof Fence (2002),2002-02-04,2002,2000s,Feb,2,English,Adventure,4,Phillip Noyce,Everlyn Sampi,,,,,No,94,6.8,84,Yes,2.13,Unknown,90-109 min,50-499,No
598,City of God,City of God (2002),2002-02-05,2002,2000s,Feb,2,Other languages,Drama,2,Fernando Meirelles,Alexandre Rodrigues,3300000,30641770,27341770,9.285,Yes,130,8.1,1814,Yes,44.36,Under $10M,130-149 min,"500-1,999",No
9884,Collateral Damage,Collateral Damage (2002),2002-02-06,2002,2000s,Feb,2,English,Action,3,Andrew Davis,Arnold Schwarzenegger,85000000,78382433,-6617567,0.922,Yes,108,5.5,427,Yes,18.83,$40M-100M,90-109 min,50-499,No
11535,Rollerball,Rollerball (2002),2002-02-08,2002,2000s,Feb,2,English,Action,3,John McTiernan,Chris Klein,,,,,No,98,3.4,106,Yes,9.31,Unknown,90-109 min,50-499,No
11870,Big Fat Liar,Big Fat Liar (2002),2002-02-08,2002,2000s,Feb,2,English,Comedy,2,Shawn Levy,Frankie Muniz,15000000,52970014,37970014,3.531,Yes,88,5.6,197,Yes,9.13,$10M-40M,Under 90 min,50-499,No
11979,Queen of the Damned,Queen of the Damned (2002),2002-02-10,2002,2000s,Feb,2,English,Drama,3,Michael Rymer,Stuart Townsend,35000000,45479110,10479110,1.299,Yes,101,5.4,239,Yes,11.64,$10M-40M,90-109 min,50-499,No
9045,Amen.,Amen. (2002),2002-02-13,2002,2000s,Feb,2,Other languages,Drama,2,Costa-Gavras,Ulrich Tukur,,,,,No,132,7.1,75,Yes,5.93,Unknown,130-149 min,50-499,No
16690,Return to Never Land,Return to Never Land (2002),2002-02-14,2002,2000s,Feb,2,English,Adventure,4,Robin Budd,Harriet Owen,20000000,109862682,89862682,5.493,Yes,72,6.1,290,Yes,15.34,$10M-40M,Under 90 min,50-499,No
10592,Hart's War,Hart's War (2002),2002-02-15,2002,2000s,Feb,2,English,Drama,2,Gregory Hoblit,Bruce Willis,70000000,32287044,-37712956,0.461,Yes,125,5.9,241,Yes,14.24,$40M-100M,110-129 min,50-499,No
8470,John Q,John Q (2002),2002-02-15,2002,2000s,Feb,2,English,Drama,3,Nick Cassavetes,Denzel Washington,36000000,102244770,66244770,2.84,Yes,116,7.0,594,Yes,27.47,$10M-40M,110-129 min,"500-1,999",No
17130,Crossroads,Crossroads (2002),2002-02-15,2002,2000s,Feb,2,English,Action,7,Tamra Davis,Britney Spears,12000000,61141030,49141030,5.095,Yes,93,4.7,158,Yes,6.7,$10M-40M,90-109 min,50-499,No
10052,Dragonfly,Dragonfly (2002),2002-02-22,2002,2000s,Feb,2,English,Drama,1,Tom Shadyac,Kevin Costner,60000000,52322400,-7677600,0.872,Yes,104,6.1,204,Yes,8.93,$40M-100M,90-109 min,50-499,No
8346,My Big Fat Greek Wedding,My Big Fat Greek Wedding (2002),2002-02-22,2002,2000s,Feb,2,English,Comedy,3,Joel Zwick,Nia Vardalos,5000000,368744044,363744044,73.749,Yes,95,6.2,671,Yes,18.12,Under $10M,90-109 min,"500-1,999",No
102840,Sex With Strangers,Sex With Strangers (2002),2002-02-22,2002,2000s,Feb,2,English,Documentary,1,Unknown,Unknown,,,,,No,,5.0,1,No,0.01,Unknown,Unknown,Under 50,No
55616,Dracula: Pages from a Virgin's Diary,Dracula: Pages from a Virgin's Diary (2002),2002-02-28,2002,2000s,Feb,2,English,Horror,1,Guy Maddin,Wei-Qiang Zhang,1596010,,,,No,75,6.9,8,No,0.55,Under $10M,Under 90 min,Under 50,No
10590,We Were Soldiers,We Were Soldiers (2002),2002-03-01,2002,2000s,Mar,3,English,Action,3,Randall Wallace,Mel Gibson,75000000,114660784,39660784,1.529,Yes,138,6.7,521,Yes,19.71,$40M-100M,130-149 min,"500-1,999",No
2752,40 Days and 40 Nights,40 Days and 40 Nights (2002),2002-03-01,2002,2000s,Mar,3,English,Comedy,2,Michael Lehmann,Josh Hartnett,17000000,,,,No,94,5.2,297,Yes,14.18,$10M-40M,90-109 min,50-499,No
2135,The Time Machine,The Time Machine (2002),2002-03-04,2002,2000s,Mar,3,English,Science Fiction,3,Simon Wells,Guy Pearce,80000000,123729176,43729176,1.547,Yes,96,5.8,631,Yes,25.98,$40M-100M,90-109 min,"500-1,999",No
13950,All About the Benjamins,All About the Benjamins (2002),2002-03-08,2002,2000s,Mar,3,English,Action,3,Kevin Bray,Ice Cube,14000000,25482931,11482931,1.82,Yes,95,5.8,48,No,5.1,$10M-40M,90-109 min,Under 50,No
425,Ice Age,Ice Age (2002),2002-03-10,2002,2000s,Mar,3,English,Animation,4,Chris Wedge,Ray Romano,59000000,383257136,324257136,6.496,Yes,81,7.1,3857,Yes,99.56,$40M-100M,Under 90 min,"2,000-4,999",No
1576,Resident Evil,Resident Evil (2002),2002-03-15,2002,2000s,Mar,3,English,Horror,3,Paul W.S. Anderson,Milla Jovovich,33000000,102984862,69984862,3.121,Yes,100,6.4,2065,Yes,40.72,$10M-40M,90-109 min,"2,000-4,999",No
15028,Clockstoppers,Clockstoppers (2002),2002-03-17,2002,2000s,Mar,3,English,Adventure,4,Jonathan Frakes,Jesse Bradford,26000000,38793283,12793283,1.492,Yes,94,4.9,89,Yes,5.89,$10M-40M,90-109 min,50-499,No
36586,Blade II,Blade II (2002),2002-03-22,2002,2000s,Mar,3,English,Fantasy,4,Guillermo del Toro,Wesley Snipes,54000000,155010032,101010032,2.871,Yes,117,6.2,1528,Yes,67.17,$40M-100M,110-129 min,"500-1,999",No
6020,Sorority Boys,Sorority Boys (2002),2002-03-22,2002,2000s,Mar,3,English,Comedy,1,Wallace Wolodarsky,Barry Watson,12000000,,,,No,93,4.6,47,No,3.44,$10M-40M,90-109 min,Under 50,No
39541,Stolen Summer,Stolen Summer (2002),2002-03-22,2002,2000s,Mar,3,English,Drama,3,Pete Jones,Aidan Quinn,,,,,No,91,6.4,9,No,0.87,Unknown,90-109 min,Under 50,No
14635,The Rookie,The Rookie (2002),2002-03-25,2002,2000s,Mar,3,English,Drama,2,John Lee Hancock,Dennis Quaid,20000000,75597042,55597042,3.78,Yes,127,6.5,110,Yes,11.26,$10M-40M,110-129 min,50-499,No
9275,Death to Smoochy,Death to Smoochy (2002),2002-03-28,2002,2000s,Mar,3,English,Comedy,4,Danny DeVito,Robin Williams,55000000,,,,No,109,5.9,132,Yes,11.33,$40M-100M,90-109 min,50-499,No
4547,Panic Room,Panic Room (2002),2002-03-29,2002,2000s,Mar,3,English,Crime,3,David Fincher,Jodie Foster,48000000,196397415,148397415,4.092,Yes,111,6.5,1267,Yes,53.04,$40M-100M,110-129 min,"500-1,999",No
11452,National Lampoon’s Van Wilder,National Lampoon’s Van Wilder (2002),2002-03-29,2002,2000s,Mar,3,English,Comedy,2,Walt Becker,Ryan Reynolds,5000000,38275483,33275483,7.655,Yes,92,5.9,858,Yes,35.11,Under $10M,90-109 min,"500-1,999",No
10611,Barbershop,Barbershop (2002),2002-04-01,2002,2000s,Apr,4,English,Comedy,2,Tim Story,Ice Cube,12000000,75781642,63781642,6.315,Yes,102,6.2,137,Yes,10.3,$10M-40M,90-109 min,50-499,No
11560,High Crimes,High Crimes (2002),2002-04-03,2002,2000s,Apr,4,English,Drama,4,Carl Franklin,Ashley Judd,42000000,63781810,21781810,1.519,Yes,115,6.1,184,Yes,14.05,$40M-100M,110-129 min,50-499,No
2185,Big Trouble,Big Trouble (2002),2002-04-05,2002,2000s,Apr,4,English,Action,3,Barry Sonnenfeld,Tim Allen,40000000,8493890,-31506110,0.212,Yes,85,6.3,80,Yes,5.2,$40M-100M,Under 90 min,50-499,No
1537,Changing Lanes,Changing Lanes (2002),2002-04-07,2002,2000s,Apr,4,English,Action,4,Roger Michell,Ben Affleck,45000000,94935764,49935764,2.11,Yes,89,5.9,299,Yes,17.27,$40M-100M,Under 90 min,50-499,No
455,Bend It Like Beckham,Bend It Like Beckham (2002),2002-04-11,2002,2000s,Apr,4,English,Comedy,3,Gurinder Chadha,Parminder Nagra,3500159,76578641,73078482,21.879,Yes,112,6.2,578,Yes,22.05,Under $10M,110-129 min,"500-1,999",No
11812,The Sweetest Thing,The Sweetest Thing (2002),2002-04-12,2002,2000s,Apr,4,English,Romance,2,Roger Kumble,Cameron Diaz,43000000,68696770,25696770,1.598,Yes,84,5.3,280,Yes,18.66,$40M-100M,Under 90 min,50-499,No
9334,The Scorpion King,The Scorpion King (2002),2002-04-16,2002,2000s,Apr,4,English,Action,3,Chuck Russell,Dwayne Johnson,60000000,165333180,105333180,2.756,Yes,92,5.3,779,Yes,37.54,$40M-100M,90-109 min,"500-1,999",No
11892,Murder by Numbers,Murder by Numbers (2002),2002-04-19,2002,2000s,Apr,4,English,Crime,3,Barbet Schroeder,Sandra Bullock,50000000,56714147,6714147,1.134,Yes,120,6.0,268,Yes,16.17,$40M-100M,110-129 min,50-499,No
16643,Life or Something Like It,Life or Something Like It (2002),2002-04-26,2002,2000s,Apr,4,English,Comedy,3,Stephen Herek,Angelina Jolie,40000000,16872671,-23127329,0.422,Yes,103,5.7,124,Yes,8.98,$40M-100M,90-109 min,50-499,No
245,About a Boy,About a Boy (2002),2002-04-26,2002,2000s,Apr,4,English,Drama,3,Chris Weitz,Hugh Grant,27000000,129000000,102000000,4.778,Yes,101,6.6,607,Yes,28.23,$10M-40M,90-109 min,"500-1,999",No
557,Spider-Man,Spider-Man (2002),2002-05-01,2002,2000s,May,5,English,Fantasy,2,Sam Raimi,Tobey Maguire,139000000,821708551,682708551,5.912,Yes,121,6.8,5265,Yes,82.5,$100M+,110-129 min,"5,000+",No
9689,Hollywood Ending,Hollywood Ending (2002),2002-05-03,2002,2000s,May,5,English,Comedy,2,Woody Allen,Woody Allen,16000000,,,,No,112,6.4,113,Yes,8.71,$10M-40M,110-129 min,50-499,No
13201,Deuces Wild,Deuces Wild (2002),2002-05-03,2002,2000s,May,5,English,Action,4,Scott Kalvert,Stephen Dorff,,,,,No,96,5.5,34,No,0.75,Unknown,90-109 min,Under 50,No
36584,Interview with the Assassin,Interview with the Assassin (2002),2002-05-09,2002,2000s,May,5,English,Drama,2,Neil Burger,Dylan Haggerty,500000,,,,No,88,5.6,5,No,0.47,Under $10M,Under 90 min,Under 50,No
2251,Unfaithful,Unfaithful (2002),2002-05-10,2002,2000s,May,5,English,Thriller,2,Adrian Lyne,Richard Gere,50000000,119137784,69137784,2.383,Yes,124,6.3,276,Yes,14.38,$40M-100M,110-129 min,50-499,No
10985,The New Guy,The New Guy (2002),2002-05-10,2002,2000s,May,5,English,Comedy,2,Ed Decter,DJ Qualls,13000000,,,,No,88,5.7,151,Yes,13.53,$10M-40M,Under 90 min,50-499,No
1894,Star Wars: Episode II - Attack of the Clones,Star Wars: Episode II - Attack of the Clones (2002),2002-05-15,2002,2000s,May,5,English,Adventure,3,George Lucas,Ewan McGregor,120000000,649398328,529398328,5.412,Yes,142,6.4,3992,Yes,43.99,$100M+,130-149 min,"2,000-4,999",No
25461,Raising Victor Vargas,Raising Victor Vargas (2002),2002-05-16,2002,2000s,May,5,English,Drama,2,Peter Sollett,Victor Rasuk,800000,2816116,2016116,3.52,Yes,88,7.8,13,No,3.64,Under $10M,Under 90 min,Under 50,No
9026,The Importance of Being Earnest,The Importance of Being Earnest (2002),2002-05-17,2002,2000s,May,5,English,Comedy,4,Oliver Parker,Rupert Everett,,,,,No,97,6.7,127,Yes,7.25,Unknown,90-109 min,50-499,No
12454,All or Nothing,All or Nothing (2002),2002-05-17,2002,2000s,May,5,English,Comedy,2,Mike Leigh,James Corden,9000000,,,,No,128,7.0,33,No,2.87,Under $10M,110-129 min,Under 50,No
1555,The Spanish Apartment,The Spanish Apartment (2002),2002-05-17,2002,2000s,May,5,Other languages,Drama,3,Cédric Klapisch,Romain Duris,5300000,3897799,-1402201,0.735,Yes,122,7.0,266,Yes,13.03,Under $10M,110-129 min,50-499,No
16351,Ararat,Ararat (2002),2002-05-20,2002,2000s,May,5,English,War,2,Atom Egoyan,Simon Abkarian,,,,,No,115,5.7,16,No,1.33,Unknown,110-129 min,Under 50,No
979,Irreversible,Irreversible (2002),2002-05-22,2002,2000s,May,5,Other languages,Drama,4,Gaspar Noé,Monica Bellucci,,,,,No,97,7.1,538,Yes,32.48,Unknown,90-109 min,"500-1,999",No
9023,Spirit: Stallion of the Cimarron,Spirit: Stallion of the Cimarron (2002),2002-05-24,2002,2000s,May,5,English,Western,5,Kelly Asbury,Matt Damon,80000000,122563539,42563539,1.532,Yes,83,7.4,831,Yes,41.67,$40M-100M,Under 90 min,"500-1,999",No
320,Insomnia,Insomnia (2002),2002-05-24,2002,2000s,May,5,English,Crime,3,Christopher Nolan,Al Pacino,46000000,113714830,67714830,2.472,Yes,118,6.8,1148,Yes,41.32,$40M-100M,110-129 min,"500-1,999",No
1957,Enough,Enough (2002),2002-05-24,2002,2000s,May,5,English,Drama,2,Michael Apted,Jennifer Lopez,38000000,51801187,13801187,1.363,Yes,114,6.2,264,Yes,11.5,$10M-40M,110-129 min,50-499,No
9260,Welcome to Collinwood,Welcome to Collinwood (2002),2002-05-24,2002,2000s,May,5,English,Comedy,1,Anthony Russo,William H. Macy,1200000,,,,No,86,6.2,50,Yes,3.58,Under $10M,Under 90 min,50-499,No
4614,The Sum of All Fears,The Sum of All Fears (2002),2002-05-31,2002,2000s,May,5,English,Thriller,3,Phil Alden Robinson,Ben Affleck,68000000,193000000,125000000,2.838,Yes,124,5.9,437,Yes,22.39,$40M-100M,110-129 min,50-499,No
12277,Undercover Brother,Undercover Brother (2002),2002-05-31,2002,2000s,May,5,English,Action,2,Malcolm D. Lee,Eddie Griffin,25000000,41604473,16604473,1.664,Yes,86,5.5,112,Yes,6.09,$10M-40M,Under 90 min,50-499,No
12079,Spun,Spun (2002),2002-06-01,2002,2000s,Jun,6,English,Comedy,3,Jonas Åkerlund,Jason Schwartzman,2000000,,,,No,101,6.6,132,Yes,6.25,Under $10M,90-109 min,50-499,No
3132,Bad Company,Bad Company (2002),2002-06-07,2002,2000s,Jun,6,English,Action,4,Joel Schumacher,Anthony Hopkins,70000000,65977295,-4022705,0.943,Yes,116,5.4,228,Yes,14.09,$40M-100M,110-129 min,50-499,No
9583,Divine Secrets of the Ya-Ya Sisterhood,Divine Secrets of the Ya-Ya Sisterhood (2002),2002-06-07,2002,2000s,Jun,6,English,Comedy,3,Callie Khouri,Sandra Bullock,27000000,,,,No,116,5.6,65,Yes,5.58,$10M-40M,110-129 min,50-499,No
14293,Poolhall Junkies,Poolhall Junkies (2002),2002-06-07,2002,2000s,Jun,6,English,Comedy,3,Mars Callahan,Ricky Schroder,,,,,No,99,6.5,25,No,5.9,Unknown,90-109 min,Under 50,No
9707,Bubba Ho-tep,Bubba Ho-tep (2002),2002-06-09,2002,2000s,Jun,6,English,Comedy,5,Don Coscarelli,Bruce Campbell,1000000,,,,No,92,6.7,191,Yes,9.95,Under $10M,90-109 min,50-499,No
12100,Windtalkers,Windtalkers (2002),2002-06-14,2002,2000s,Jun,6,English,Drama,4,John Woo,Nicolas Cage,115000000,77628265,-37371735,0.675,Yes,134,5.8,341,Yes,18.71,$100M+,130-149 min,50-499,No
9637,Scooby-Doo,Scooby-Doo (2002),2002-06-14,2002,2000s,Jun,6,English,Mystery,3,Raja Gosnell,Freddie Prinze Jr.,84000000,275650703,191650703,3.282,Yes,88,5.4,820,Yes,31.44,$40M-100M,Under 90 min,"500-1,999",No
2501,The Bourne Identity,The Bourne Identity (2002),2002-06-14,2002,2000s,Jun,6,English,Action,4,Doug Liman,Matt Damon,60000000,214034224,154034224,3.567,Yes,119,7.3,3583,Yes,86.48,$40M-100M,110-129 min,"2,000-4,999",No
16857,The Dangerous Lives of Altar Boys,The Dangerous Lives of Altar Boys (2002),2002-06-14,2002,2000s,Jun,6,English,Comedy,2,Peter Care,Emile Hirsch,,,,,No,104,6.4,53,Yes,2.25,Unknown,90-109 min,50-499,No
180,Minority Report,Minority Report (2002),2002-06-20,2002,2000s,Jun,6,English,Action,4,Steven Spielberg,Tom Cruise,102000000,358372926,256372926,3.513,Yes,145,7.1,2608,Yes,65.95,$100M+,130-149 min,"2,000-4,999",No
11544,Lilo & Stitch,Lilo & Stitch (2002),2002-06-21,2002,2000s,Jun,6,English,Animation,2,Chris Sanders,Chris Sanders,80000000,145771527,65771527,1.822,Yes,85,7.1,1314,Yes,55.66,$40M-100M,Under 90 min,"500-1,999",No
35696,Juwanna Mann,Juwanna Mann (2002),2002-06-21,2002,2000s,Jun,6,English,Comedy,2,Jesse Vaughan,"Miguel A. Núñez, Jr.",15600000,,,,No,91,4.2,20,No,2.24,$10M-40M,90-109 min,Under 50,No
57022,Sunshine State,Sunshine State (2002),2002-06-21,2002,2000s,Jun,6,English,Drama,1,John Sayles,Alan King,,,,,No,141,6.0,10,No,4.25,Unknown,130-149 min,Under 50,No
2022,Mr. Deeds,Mr. Deeds (2002),2002-06-28,2002,2000s,Jun,6,English,Comedy,2,Steven Brill,Adam Sandler,50000000,171269535,121269535,3.425,Yes,96,5.6,644,Yes,18.12,$40M-100M,90-109 min,"500-1,999",No
17710,Hey Arnold! The Movie,Hey Arnold! The Movie (2002),2002-06-28,2002,2000s,Jun,6,English,Animation,2,Tuck Tucker,Spencer Klein,,,,,No,76,5.6,62,Yes,5.86,Unknown,Under 90 min,50-499,No
11442,Halloween: Resurrection,Halloween: Resurrection (2002),2002-07-01,2002,2000s,Jul,7,English,Horror,2,Rick Rosenthal,Jamie Lee Curtis,13000000,37664855,24664855,2.897,Yes,94,4.5,228,Yes,11.05,$10M-40M,90-109 min,50-499,No
608,Men in Black II,Men in Black II (2002),2002-07-03,2002,2000s,Jul,7,English,Action,4,Barry Sonnenfeld,Tommy Lee Jones,140000000,441818803,301818803,3.156,Yes,88,6.0,3114,Yes,91.33,$100M+,Under 90 min,"2,000-4,999",No
21972,Like Mike,Like Mike (2002),2002-07-03,2002,2000s,Jul,7,English,Comedy,4,John Schultz,Shad Moss,30000000,,,,No,99,5.7,100,Yes,5.74,$10M-40M,90-109 min,50-499,No
4147,Road to Perdition,Road to Perdition (2002),2002-07-12,2002,2000s,Jul,7,English,Thriller,3,Sam Mendes,Tom Hanks,80000000,181001478,101001478,2.263,Yes,117,7.3,1077,Yes,49.08,$40M-100M,110-129 min,"500-1,999",No
6278,Reign of Fire,Reign of Fire (2002),2002-07-12,2002,2000s,Jul,7,English,Adventure,3,Rob Bowman,Christian Bale,60000000,43061982,-16938018,0.718,Yes,101,6.0,669,Yes,27.62,$40M-100M,90-109 min,"500-1,999",No
96238,Never Again,Never Again (2002),2002-07-12,2002,2000s,Jul,7,English,Comedy,2,Eric Schaeffer,Jeffrey Tambor,,,,,No,98,4.0,3,No,0.04,Unknown,90-109 min,Under 50,No
8869,Eight Legged Freaks,Eight Legged Freaks (2002),2002-07-17,2002,2000s,Jul,7,English,Action,4,Ellory Elkayem,David Arquette,,,,,No,99,5.4,295,Yes,17.83,Unknown,90-109 min,50-499,No
10996,Stuart Little 2,Stuart Little 2 (2002),2002-07-19,2002,2000s,Jul,7,English,Family,4,Rob Minkoff,Michael J. Fox,120000000,169956806,49956806,1.416,Yes,78,5.4,613,Yes,27.99,$100M+,Under 90 min,"500-1,999",No
8665,K-19: The Widowmaker,K-19: The Widowmaker (2002),2002-07-19,2002,2000s,Jul,7,English,Drama,3,Kathryn Bigelow,Harrison Ford,100000000,35168966,-64831034,0.352,Yes,138,6.1,264,Yes,15.63,$100M+,130-149 min,50-499,No
818,Austin Powers in Goldmember,Austin Powers in Goldmember (2002),2002-07-26,2002,2000s,Jul,7,English,Comedy,3,Jay Roach,Mike Myers,63000000,296655431,233655431,4.709,Yes,94,5.9,979,Yes,40.14,$40M-100M,90-109 min,"500-1,999",No
18357,The Country Bears,The Country Bears (2002),2002-07-26,2002,2000s,Jul,7,English,Adventure,3,Peter Hastings,Haley Joel Osment,35000000,,,,No,88,4.3,20,No,6.91,$10M-40M,Under 90 min,Under 50,No
17043,The Crocodile Hunter: Collision Course,The Crocodile Hunter: Collision Course (2002),2002-07-26,2002,2000s,Jul,7,English,Family,3,John Stainton,Steve Irwin,,33082548,,,No,90,5.3,34,No,1.71,Unknown,90-109 min,Under 50,No
20337,Martin Lawrence Live: Runteldat,Martin Lawrence Live: Runteldat (2002),2002-08-01,2002,2000s,Aug,8,English,Comedy,1,Martin Lawrence,Martin Lawrence,3000000,19184015,16184015,6.395,Yes,113,5.0,1,No,0.3,Under $10M,110-129 min,Under 50,No
2675,Signs,Signs (2002),2002-08-02,2002,2000s,Aug,8,English,Drama,4,M. Night Shyamalan,Mel Gibson,72000000,408247917,336247917,5.67,Yes,106,6.4,1599,Yes,28.85,$40M-100M,90-109 min,"500-1,999",No
13908,The Master of Disguise,The Master of Disguise (2002),2002-08-02,2002,2000s,Aug,8,English,Comedy,2,Perry Andelin Blake,Dana Carvey,,,,,No,80,3.7,78,Yes,4.38,Unknown,Under 90 min,50-499,No
15186,Full Frontal,Full Frontal (2002),2002-08-02,2002,2000s,Aug,8,English,Comedy,3,Steven Soderbergh,David Duchovny,2000000,2506446,506446,1.253,Yes,96,4.8,26,No,1.96,Under $10M,90-109 min,Under 50,No
9573,Blood Work,Blood Work (2002),2002-08-04,2002,2000s,Aug,8,English,Crime,4,Clint Eastwood,Clint Eastwood,50000000,26199517,-23800483,0.524,Yes,110,6.1,206,Yes,10.09,$40M-100M,110-129 min,50-499,No
9488,Spy Kids 2: The Island of Lost Dreams,Spy Kids 2: The Island of Lost Dreams (2002),2002-08-07,2002,2000s,Aug,8,English,Action,3,Robert Rodriguez,Antonio Banderas,38000000,119723358,81723358,3.151,Yes,100,5.3,521,Yes,24.09,$10M-40M,90-109 min,"500-1,999",No
9266,Blue Crush,Blue Crush (2002),2002-08-08,2002,2000s,Aug,8,English,Adventure,1,John Stockwell,Kate Bosworth,25000000,51842679,26842679,2.074,Yes,104,5.6,159,Yes,11.43,$10M-40M,90-109 min,50-499,No
7451,xXx,xXx (2002),2002-08-09,2002,2000s,Aug,8,English,Action,3,Rob Cohen,Vin Diesel,70000000,277448382,207448382,3.964,Yes,124,5.8,1424,Yes,46.22,$40M-100M,110-129 min,"500-1,999",No
9544,FearDotCom,FearDotCom (2002),2002-08-09,2002,2000s,Aug,8,English,Horror,2,William Malone,Stephen Dorff,40000000,18902015,-21097985,0.473,Yes,101,3.2,105,Yes,6.76,$40M-100M,90-109 min,50-499,No
11692,The Adventures of Pluto Nash,The Adventures of Pluto Nash (2002),2002-08-15,2002,2000s,Aug,8,English,Action,3,Ron Underwood,Eddie Murphy,100000000,7103973,-92896027,0.071,Yes,95,4.4,142,Yes,12.09,$100M+,90-109 min,50-499,No
12771,Serving Sara,Serving Sara (2002),2002-08-20,2002,2000s,Aug,8,English,Comedy,2,Reginald Hudlin,Matthew Perry,29000000,16930185,-12069815,0.584,Yes,100,5.0,85,Yes,8.94,$10M-40M,90-109 min,50-499,No
9357,One Hour Photo,One Hour Photo (2002),2002-08-21,2002,2000s,Aug,8,English,Horror,2,Mark Romanek,Robin Williams,12000000,52223306,40223306,4.352,Yes,96,6.6,435,Yes,20.62,$10M-40M,90-109 min,50-499,No
9027,The Guru,The Guru (2002),2002-08-21,2002,2000s,Aug,8,English,Comedy,2,Daisy von Scherler Mayer,Jimi Mistry,,,,,No,91,5.1,75,Yes,4.09,Unknown,90-109 min,50-499,No
15070,Undisputed,Undisputed (2002),2002-08-23,2002,2000s,Aug,8,English,Action,4,Walter Hill,Wesley Snipes,20000000,12398628,-7601372,0.62,Yes,96,6.1,139,Yes,17.23,$10M-40M,90-109 min,50-499,No
12093,Lilya 4-ever,Lilya 4-ever (2002),2002-08-23,2002,2000s,Aug,8,Other languages,Crime,2,Lukas Moodysson,Oksana Akinshina,,,,,No,109,7.7,139,Yes,7.76,Unknown,90-109 min,50-499,No
1360,Frida,Frida (2002),2002-08-29,2002,2000s,Aug,8,English,Drama,2,Julie Taymor,Salma Hayek,12000000,56298474,44298474,4.692,Yes,123,7.3,383,Yes,18.42,$10M-40M,110-129 min,50-499,No
10712,Far from Heaven,Far from Heaven (2002),2002-09-01,2002,2000s,Sep,9,English,Drama,2,Todd Haynes,Julianne Moore,13500000,29027914,15527914,2.15,Yes,107,6.9,144,Yes,9.98,$10M-40M,90-109 min,50-499,No
10955,Ripley's Game,Ripley's Game (2002),2002-09-02,2002,2000s,Sep,9,English,Crime,2,Liliana Cavani,John Malkovich,30000000,,,,No,110,6.6,69,Yes,2.98,$10M-40M,110-129 min,50-499,No
3472,Dirty Pretty Things,Dirty Pretty Things (2002),2002-09-05,2002,2000s,Sep,9,English,Crime,3,Stephen Frears,Chiwetel Ejiofor,,,,,No,97,6.8,131,Yes,9.18,Unknown,90-109 min,50-499,No
13536,City By The Sea,City By The Sea (2002),2002-09-06,2002,2000s,Sep,9,English,Crime,3,Michael Caton-Jones,Robert De Niro,40000000,22433915,-17566085,0.561,Yes,108,5.7,92,Yes,3.48,$40M-100M,90-109 min,50-499,No
20616,Swimfan,Swimfan (2002),2002-09-06,2002,2000s,Sep,9,English,Drama,2,John Polson,Jesse Bradford,8500000,34411240,25911240,4.048,Yes,84,5.0,70,Yes,4.84,Under $10M,Under 90 min,50-499,No
9093,The Four Feathers,The Four Feathers (2002),2002-09-08,2002,2000s,Sep,9,English,War,4,Shekhar Kapur,Heath Ledger,35000000,29882645,-5117355,0.854,Yes,132,6.5,159,Yes,10.1,$10M-40M,130-149 min,50-499,No
31005,Moonlight Mile,Moonlight Mile (2002),2002-09-09,2002,2000s,Sep,9,English,Romance,2,Brad Silberling,Jake Gyllenhaal,21000000,10011050,-10988950,0.477,Yes,117,6.5,52,Yes,8.98,$10M-40M,110-129 min,50-499,No
1817,Phone Booth,Phone Booth (2002),2002-09-09,2002,2000s,Sep,9,English,Thriller,2,Joel Schumacher,Colin Farrell,13000000,97837138,84837138,7.526,Yes,81,6.7,1062,Yes,38.02,$10M-40M,Under 90 min,"500-1,999",No
12770,Stealing Harvard,Stealing Harvard (2002),2002-09-13,2002,2000s,Sep,9,English,Action,3,Bruce McCulloch,Jason Lee,,,,,No,85,4.4,46,No,7.32,Unknown,Under 90 min,Under 50,No
9685,Igby Goes Down,Igby Goes Down (2002),2002-09-13,2002,2000s,Sep,9,English,Comedy,2,Burr Steers,Kieran Culkin,9000000,4777465,-4222535,0.531,Yes,97,6.5,95,Yes,2.06,Under $10M,90-109 min,50-499,No
10550,Ballistic: Ecks vs. Sever,Ballistic: Ecks vs. Sever (2002),2002-09-20,2002,2000s,Sep,9,English,Action,3,Wych Kaosayananda,Antonio Banderas,70000000,19924033,-50075967,0.285,Yes,91,4.3,97,Yes,8.37,$40M-100M,90-109 min,50-499,No
9034,The Banger Sisters,The Banger Sisters (2002),2002-09-20,2002,2000s,Sep,9,English,Comedy,2,Bob Dolman,Goldie Hawn,10000000,,,,No,98,5.5,62,Yes,6.02,$10M-40M,90-109 min,50-499,No
34341,Men with Brooms,Men with Brooms (2002),2002-09-20,2002,2000s,Sep,9,English,Comedy,1,Paul Gross,Paul Gross,7500000,4245870,-3254130,0.566,Yes,102,4.5,7,No,1.37,Under $10M,90-109 min,Under 50,No
33693,Funny Ha Ha,Funny Ha Ha (2002),2002-09-20,2002,2000s,Sep,9,English,Drama,2,Andrew Bujalski,Kate Dollenmayer,,76901,,,No,85,6.3,8,No,0.36,Unknown,Under 90 min,Under 50,No
423,The Pianist,The Pianist (2002),2002-09-24,2002,2000s,Sep,9,English,Drama,2,Roman Polanski,Adrien Brody,35000000,120072577,85072577,3.431,Yes,150,8.0,1864,Yes,50.59,$10M-40M,150+ min,"500-1,999",No
11529,Sweet Home Alabama,Sweet Home Alabama (2002),2002-09-26,2002,2000s,Sep,9,English,Comedy,2,Andy Tennant,Reese Witherspoon,30000000,180622424,150622424,6.021,Yes,108,6.0,394,Yes,18.26,$10M-40M,90-109 min,50-499,No
10771,The Tuxedo,The Tuxedo (2002),2002-09-27,2002,2000s,Sep,9,English,Thriller,4,Kevin Donovan,Jackie Chan,,,,,No,98,5.3,483,Yes,21.55,Unknown,90-109 min,50-499,No
54580,Mondays in the Sun,Mondays in the Sun (2002),2002-09-27,2002,2000s,Sep,9,Other languages,Drama,1,Fernando León de Aranoa,Javier Bardem,4000000,146402,-3853598,0.037,Yes,113,7.1,36,No,3.66,Under $10M,110-129 min,Under 50,No
9533,Red Dragon,Red Dragon (2002),2002-09-29,2002,2000s,Sep,9,English,Crime,3,Brett Ratner,Anthony Hopkins,78000000,209196298,131196298,2.682,Yes,124,6.7,1115,Yes,10.08,$40M-100M,110-129 min,"500-1,999",No
9557,Boat Trip,Boat Trip (2002),2002-10-01,2002,2000s,Oct,10,English,Comedy,1,Mort Nathan,Cuba Gooding Jr.,20000000,8586376,-11413624,0.429,Yes,94,4.7,146,Yes,7.03,$10M-40M,90-109 min,50-499,No
10133,Cypher,Cypher (2002),2002-10-01,2002,2000s,Oct,10,English,Thriller,3,Vincenzo Natali,Jeremy Northam,7500000,,,,No,95,6.7,192,Yes,11.64,Under $10M,90-109 min,50-499,No
542,The Crime of Padre Amaro,The Crime of Padre Amaro (2002),2002-10-01,2002,2000s,Oct,10,Other languages,Drama,2,Carlos Carrera,Gael García Bernal,1800000,,,,No,118,6.2,36,No,2.18,Under $10M,110-129 min,Under 50,No
4108,The Transporter,The Transporter (2002),2002-10-02,2002,2000s,Oct,10,English,Action,3,Louis Leterrier,Jason Statham,21000000,43928932,22928932,2.092,Yes,92,6.6,1692,Yes,34.43,$10M-40M,90-109 min,"500-1,999",No
11056,Darkness,Darkness (2002),2002-10-02,2002,2000s,Oct,10,English,Horror,1,Jaume Balagueró,Anna Paquin,,,,,No,102,5.6,112,Yes,6.34,Unknown,90-109 min,50-499,No
15173,Jonah: A VeggieTales Movie,Jonah: A VeggieTales Movie (2002),2002-10-04,2002,2000s,Oct,10,English,Action,7,Phil Vischer,Phil Vischer,,,,,No,82,6.4,22,No,1.45,Unknown,Under 90 min,Under 50,No
37964,Brown Sugar,Brown Sugar (2002),2002-10-05,2002,2000s,Oct,10,English,Comedy,2,Rick Famuyiwa,Sanaa Lathan,8000000,27362712,19362712,3.42,Yes,109,7.0,31,No,3.5,Under $10M,90-109 min,Under 50,No
1430,Bowling for Columbine,Bowling for Columbine (2002),2002-10-09,2002,2000s,Oct,10,English,Documentary,1,Michael Moore,Michael Moore,4000000,35564473,31564473,8.891,Yes,120,7.3,453,Yes,11.41,Under $10M,110-129 min,50-499,No
10994,White Oleander,White Oleander (2002),2002-10-11,2002,2000s,Oct,10,English,Drama,1,Peter Kosminsky,Alison Lohman,,,,,No,109,7.2,108,Yes,9.42,Unknown,90-109 min,50-499,No
13768,Tuck Everlasting,Tuck Everlasting (2002),2002-10-11,2002,2000s,Oct,10,English,Fantasy,5,Jay Russell,Alexis Bledel,,,,,No,90,6.4,128,Yes,4.12,Unknown,90-109 min,50-499,No
12779,Swept Away,Swept Away (2002),2002-10-11,2002,2000s,Oct,10,English,Comedy,2,Guy Ritchie,Madonna,10000000,598645,-9401355,0.06,Yes,89,4.8,50,Yes,4.57,$10M-40M,Under 90 min,50-499,No
1809,The Rules of Attraction,The Rules of Attraction (2002),2002-10-11,2002,2000s,Oct,10,English,Comedy,3,Roger Avary,James Van Der Beek,4000000,,,,No,110,6.3,168,Yes,11.39,Under $10M,110-129 min,50-499,No
15992,Abandon,Abandon (2002),2002-10-14,2002,2000s,Oct,10,English,Drama,3,Stephen Gaghan,Katie Holmes,25000000,10719357,-14280643,0.429,Yes,99,4.6,45,No,3.89,$10M-40M,90-109 min,Under 50,No
14112,Auto Focus,Auto Focus (2002),2002-10-18,2002,2000s,Oct,10,English,Drama,2,Paul Schrader,Greg Kinnear,7000000,2062066,-4937934,0.295,Yes,104,6.1,56,Yes,7.05,Under $10M,90-109 min,50-499,No
9012,Jackass: The Movie,Jackass: The Movie (2002),2002-10-21,2002,2000s,Oct,10,English,Documentary,2,Jeff Tremaine,Johnny Knoxville,5000000,64282312,59282312,12.856,Yes,87,6.1,345,Yes,14.75,Under $10M,Under 90 min,50-499,No
8051,Punch-Drunk Love,Punch-Drunk Love (2002),2002-10-25,2002,2000s,Oct,10,English,Comedy,3,Paul Thomas Anderson,Adam Sandler,25000000,17000000,-8000000,0.68,Yes,95,6.9,530,Yes,15.96,$10M-40M,90-109 min,"500-1,999",No
9645,Ghost Ship,Ghost Ship (2002),2002-10-25,2002,2000s,Oct,10,English,Horror,3,Steve Beck,Gabriel Byrne,35000000,68349884,33349884,1.953,Yes,91,5.3,531,Yes,27.72,$10M-40M,90-109 min,"500-1,999",No
45767,Time Changer,Time Changer (2002),2002-10-25,2002,2000s,Oct,10,English,Comedy,4,Rich Christiano,D. David Morin,,,,,No,95,5.2,9,No,0.34,Unknown,90-109 min,Under 50,No
8427,I Spy,I Spy (2002),2002-10-31,2002,2000s,Oct,10,English,Action,4,Betty Thomas,Eddie Murphy,70000000,33561137,-36438863,0.479,Yes,97,5.2,269,Yes,13.27,$40M-100M,90-109 min,50-499,No
9021,The Santa Clause 2,The Santa Clause 2 (2002),2002-10-31,2002,2000s,Oct,10,English,Fantasy,3,Michael Lembeck,Tim Allen,65000000,172855065,107855065,2.659,Yes,104,5.5,297,Yes,14.65,$40M-100M,90-109 min,50-499,No
170,28 Days Later,28 Days Later (2002),2002-10-31,2002,2000s,Oct,10,English,Horror,3,Danny Boyle,Cillian Murphy,5000000,82719885,77719885,16.544,Yes,113,7.1,1777,Yes,45.49,Under $10M,110-129 min,"500-1,999",No
16028,They,They (2002),2002-11-01,2002,2000s,Nov,11,English,Horror,2,Robert Harmon,Laura Regan,17000000,,,,No,89,4.6,74,Yes,4.54,$10M-40M,Under 90 min,50-499,No
39141,Tadpole,Tadpole (2002),2002-11-01,2002,2000s,Nov,11,English,Comedy,3,Gary Winick,Aaron Stanford,150000,2891288,2741288,19.275,Yes,78,5.5,19,No,8.57,Under $10M,Under 90 min,Under 50,No
9280,Femme Fatale,Femme Fatale (2002),2002-11-06,2002,2000s,Nov,11,English,Thriller,3,Brian De Palma,Rebecca Romijn,35000000,16838910,-18161090,0.481,Yes,114,6.2,142,Yes,9.07,$10M-40M,110-129 min,50-499,No
65,8 Mile,8 Mile (2002),2002-11-08,2002,2000s,Nov,11,English,Drama,1,Curtis Hanson,Eminem,41000000,215000000,174000000,5.244,Yes,110,6.8,1626,Yes,32.8,$40M-100M,110-129 min,"500-1,999",No
672,Harry Potter and the Chamber of Secrets,Harry Potter and the Chamber of Secrets (2002),2002-11-13,2002,2000s,Nov,11,English,Adventure,3,Chris Columbus,Daniel Radcliffe,100000000,876688482,776688482,8.767,Yes,161,7.4,5815,Yes,132.4,$100M+,150+ min,"5,000+",No
10167,Half Past Dead,Half Past Dead (2002),2002-11-15,2002,2000s,Nov,11,English,Crime,3,Don Michael Paul,Steven Seagal,13000000,,,,No,98,4.6,82,Yes,6.34,$10M-40M,90-109 min,50-499,No
36669,Die Another Day,Die Another Day (2002),2002-11-17,2002,2000s,Nov,11,English,Adventure,3,Lee Tamahori,Pierce Brosnan,140000000,431971116,291971116,3.086,Yes,133,5.8,1092,Yes,54.16,$100M+,130-149 min,"500-1,999",No
11458,People I Know,People I Know (2002),2002-11-21,2002,2000s,Nov,11,English,Drama,2,Daniel Algrant,Al Pacino,20000000,,,,No,100,5.5,48,No,6.38,$10M-40M,90-109 min,Under 50,No
8198,The Quiet American,The Quiet American (2002),2002-11-22,2002,2000s,Nov,11,English,Drama,4,Phillip Noyce,Michael Caine,30000000,27674124,-2325876,0.922,Yes,101,6.4,81,Yes,5.13,$10M-40M,90-109 min,50-499,No
17187,The Emperor's Club,The Emperor's Club (2002),2002-11-22,2002,2000s,Nov,11,English,Drama,2,Michael Hoffman,Kevin Kline,,,,,No,108,6.9,96,Yes,6.8,Unknown,90-109 min,50-499,No
10426,Friday After Next,Friday After Next (2002),2002-11-22,2002,2000s,Nov,11,English,Comedy,1,Marcus Raboy,Ice Cube,20000000,33526835,13526835,1.676,Yes,85,6.0,100,Yes,7.5,$10M-40M,Under 90 min,50-499,No
9016,Treasure Planet,Treasure Planet (2002),2002-11-26,2002,2000s,Nov,11,English,Adventure,5,Ron Clements,Joseph Gordon-Levitt,140000000,109578115,-30421885,0.783,Yes,95,7.2,948,Yes,38.92,$100M+,90-109 min,"500-1,999",No
15074,Extreme Ops,Extreme Ops (2002),2002-11-27,2002,2000s,Nov,11,English,Action,4,Christian Duguay,Devon Sawa,40000000,10959475,-29040525,0.274,Yes,93,5.0,28,No,2.91,$40M-100M,90-109 min,Under 50,No
9932,Analyze That,Analyze That (2002),2002-12-06,2002,2000s,Dec,12,English,Comedy,2,Harold Ramis,Robert De Niro,60000000,55003135,-4996865,0.917,Yes,96,5.7,380,Yes,21.09,$40M-100M,90-109 min,50-499,No
7299,Equilibrium,Equilibrium (2002),2002-12-06,2002,2000s,Dec,12,English,Action,3,Kurt Wimmer,Christian Bale,20000000,5359645,-14640355,0.268,Yes,107,6.9,1552,Yes,44.57,$10M-40M,90-109 min,"500-1,999",No
2757,Adaptation.,Adaptation. (2002),2002-12-06,2002,2000s,Dec,12,English,Comedy,3,Spike Jonze,Nicolas Cage,19000000,32801173,13801173,1.726,Yes,114,7.3,638,Yes,26.44,$10M-40M,110-129 min,"500-1,999",No
201,Star Trek: Nemesis,Star Trek: Nemesis (2002),2002-12-13,2002,2000s,Dec,12,English,Science Fiction,4,Stuart Baird,Patrick Stewart,60000000,67312826,7312826,1.122,Yes,117,6.1,479,Yes,21.61,$40M-100M,110-129 min,50-499,No
7303,Maid in Manhattan,Maid in Manhattan (2002),2002-12-13,2002,2000s,Dec,12,English,Comedy,3,Wayne Wang,Jennifer Lopez,55000000,154906693,99906693,2.816,Yes,105,5.6,485,Yes,19.74,$40M-100M,90-109 min,50-499,No
2755,About Schmidt,About Schmidt (2002),2002-12-13,2002,2000s,Dec,12,English,Drama,2,Alexander Payne,Jack Nicholson,30000000,105834556,75834556,3.528,Yes,125,6.7,362,Yes,19.93,$10M-40M,110-129 min,50-499,No
13497,Drumline,Drumline (2002),2002-12-13,2002,2000s,Dec,12,English,Drama,4,Charles Stone III,Nick Cannon,20000000,57588485,37588485,2.879,Yes,118,6.2,116,Yes,4.75,$10M-40M,110-129 min,50-499,No
9613,Spider,Spider (2002),2002-12-13,2002,2000s,Dec,12,English,Drama,3,David Cronenberg,Ralph Fiennes,,,,,No,98,6.4,168,Yes,6.95,Unknown,90-109 min,50-499,No
3131,Gangs of New York,Gangs of New York (2002),2002-12-14,2002,2000s,Dec,12,English,Drama,3,Martin Scorsese,Leonardo DiCaprio,100000000,193772504,93772504,1.938,Yes,167,7.1,1910,Yes,46.16,$100M+,150+ min,"500-1,999",No
4911,Dark Blue,Dark Blue (2002),2002-12-14,2002,2000s,Dec,12,English,Action,4,Ron Shelton,Kurt Russell,15000000,9237470,-5762530,0.616,Yes,118,6.5,85,Yes,6.37,$10M-40M,110-129 min,50-499,No
1429,25th Hour,25th Hour (2002),2002-12-16,2002,2000s,Dec,12,English,Crime,2,Spike Lee,Edward Norton,15000000,13060843,-1939157,0.871,Yes,135,7.2,629,Yes,30.2,$10M-40M,130-149 min,"500-1,999",No
121,The Lord of the Rings: The Two Towers,The Lord of the Rings: The Two Towers (2002),2002-12-18,2002,2000s,Dec,12,English,Adventure,3,Peter Jackson,Elijah Wood,79000000,926287400,847287400,11.725,Yes,179,8.0,7487,Yes,106.91,$40M-100M,150+ min,"5,000+",No
2642,Two Weeks Notice,Two Weeks Notice (2002),2002-12-19,2002,2000s,Dec,12,English,Romance,2,Marc Lawrence,Sandra Bullock,60000000,93354918,33354918,1.556,Yes,101,5.9,487,Yes,24.15,$40M-100M,90-109 min,50-499,No
79,Hero,Hero (2002),2002-12-19,2002,2000s,Dec,12,Other languages,Drama,4,Zhang Yimou,Jet Li,31000000,177394432,146394432,5.722,Yes,99,7.2,635,Yes,23.61,$10M-40M,90-109 min,"500-1,999",No
13435,Antwone Fisher,Antwone Fisher (2002),2002-12-19,2002,2000s,Dec,12,English,Drama,2,Denzel Washington,Derek Luke,12500000,23367586,10867586,1.869,Yes,120,6.7,137,Yes,13.35,$10M-40M,110-129 min,50-499,No
14317,The Wild Thornberrys Movie,The Wild Thornberrys Movie (2002),2002-12-20,2002,2000s,Dec,12,English,Animation,3,Cathy Malkasian,Lacey Chabert,35000000,,,,No,85,5.8,44,No,5.78,$10M-40M,Under 90 min,Under 50,No
640,Catch Me If You Can,Catch Me If You Can (2002),2002-12-25,2002,2000s,Dec,12,English,Drama,2,Steven Spielberg,Leonardo DiCaprio,52000000,352114312,300114312,6.771,Yes,141,7.7,3795,Yes,73.94,$40M-100M,130-149 min,"2,000-4,999",No
1574,Chicago,Chicago (2002),2002-12-26,2002,2000s,Dec,12,English,Action,5,Rob Marshall,Catherine Zeta-Jones,45000000,306776732,261776732,6.817,Yes,113,6.9,677,Yes,32.22,$40M-100M,110-129 min,"500-1,999",No
590,The Hours,The Hours (2002),2002-12-27,2002,2000s,Dec,12,English,Drama,1,Stephen Daldry,Nicole Kidman,25000000,41597830,16597830,1.664,Yes,114,7.0,451,Yes,20.95,$10M-40M,110-129 min,50-499,No
29339,Nicholas Nickleby,Nicholas Nickleby (2002),2002-12-27,2002,2000s,Dec,12,English,Adventure,4,Douglas McGrath,Charlie Hunnam,,,,,No,132,6.8,49,No,5.1,Unknown,130-149 min,Under 50,No
4912,Confessions of a Dangerous Mind,Confessions of a Dangerous Mind (2002),2002-12-30,2002,2000s,Dec,12,English,Comedy,5,George Clooney,Sam Rockwell,30000000,33013805,3013805,1.1,Yes,113,6.6,275,Yes,18.17,$10M-40M,110-129 min,50-499,No
9776,Head of State,Head of State (2003),2003-01-01,2003,2000s,Jan,1,English,Comedy,1,Chris Rock,Chris Rock,,,,,No,95,5.3,71,Yes,3.46,Unknown,90-109 min,50-499,No
670,Oldboy,Oldboy (2003),2003-01-01,2003,2000s,Jan,1,Other languages,Drama,4,Park Chan-wook,Choi Min-sik,3000000,14980005,11980005,4.993,Yes,120,8.0,1945,Yes,56.76,Under $10M,110-129 min,"500-1,999",No
32235,Northfork,Northfork (2003),2003-01-01,2003,2000s,Jan,1,English,Fantasy,3,Michael Polish,James Woods,,,,,No,103,6.7,24,No,1.98,Unknown,90-109 min,Under 50,No
19187,The Hebrew Hammer,The Hebrew Hammer (2003),2003-01-01,2003,2000s,Jan,1,English,Action,2,Jonathan Kesselman,Adam Goldberg,1000000,,,,No,85,5.9,18,No,1.6,Under $10M,Under 90 min,Under 50,No
266857,The Work and The Story,The Work and The Story (2003),2003-01-01,2003,2000s,Jan,1,English,Comedy,1,Nathan Smith Jones,Kirby Heyborne,,,,,No,70,,0,No,0.0,Unknown,Under 90 min,Under 50,No
17345,Flywheel,Flywheel (2003),2003-01-01,2003,2000s,Jan,1,English,Drama,2,Alex Kendrick,Alex Kendrick,,,,,No,120,6.8,19,No,1.05,Unknown,110-129 min,Under 50,No
12090,Just Married,Just Married (2003),2003-01-09,2003,2000s,Jan,1,English,Comedy,1,Shawn Levy,Ashton Kutcher,18000000,101564935,83564935,5.642,Yes,95,5.3,404,Yes,18.48,$10M-40M,90-109 min,50-499,No
10628,Kangaroo Jack,Kangaroo Jack (2003),2003-01-17,2003,2000s,Jan,1,English,Comedy,3,David McNally,Jerry O'Connell,,,,,No,89,4.3,203,Yes,10.29,Unknown,Under 90 min,50-499,No
9582,A Guy Thing,A Guy Thing (2003),2003-01-17,2003,2000s,Jan,1,English,Comedy,2,Chris Koch,Jason Lee,20000000,17432163,-2567837,0.872,Yes,101,5.3,83,Yes,5.6,$10M-40M,90-109 min,50-499,No
10744,The Cooler,The Cooler (2003),2003-01-17,2003,2000s,Jan,1,English,Drama,2,Wayne Kramer,William H. Macy,32000000,,,,No,101,6.7,89,Yes,9.98,$10M-40M,90-109 min,50-499,No
26899,The Mudge Boy,The Mudge Boy (2003),2003-01-17,2003,2000s,Jan,1,English,Drama,1,Michael Burke,Emile Hirsch,800000,62852,-737148,0.079,Yes,94,7.3,23,No,5.29,Under $10M,90-109 min,Under 50,No
1550,Pieces of April,Pieces of April (2003),2003-01-19,2003,2000s,Jan,1,English,Comedy,2,Peter Hedges,Katie Holmes,300000,,,,No,81,6.4,64,Yes,4.27,Under $10M,Under 90 min,50-499,No
21525,Tupac: Resurrection,Tupac: Resurrection (2003),2003-01-23,2003,2000s,Jan,1,English,Music,2,Lauren Lazin,Tupac Amaru Shakur,300000,7808524,7508524,26.028,Yes,112,8.0,26,No,1.31,Under $10M,110-129 min,Under 50,No
10727,Darkness Falls,Darkness Falls (2003),2003-01-24,2003,2000s,Jan,1,English,Thriller,2,Jonathan Liebesman,Chaney Kley,,,,,No,86,4.9,161,Yes,11.2,Unknown,Under 90 min,50-499,No
2056,The Station Agent,The Station Agent (2003),2003-01-26,2003,2000s,Jan,1,English,Drama,2,Tom McCarthy,Peter Dinklage,500000,8679814,8179814,17.36,Yes,88,7.4,210,Yes,11.58,Under $10M,Under 90 min,50-499,No
1088,Whale Rider,Whale Rider (2003),2003-01-30,2003,2000s,Jan,1,English,Drama,2,Niki Caro,Keisha Castle-Hughes,8000000,41400000,33400000,5.175,Yes,101,7.1,111,Yes,12.44,Under $10M,90-109 min,50-499,No
9358,Final Destination 2,Final Destination 2 (2003),2003-01-31,2003,2000s,Jan,1,English,Horror,2,David R. Ellis,Ali Larter,26000000,90426405,64426405,3.478,Yes,90,5.9,1023,Yes,37.36,$10M-40M,90-109 min,"500-1,999",No
36825,The R.M.,The R.M. (2003),2003-01-31,2003,2000s,Jan,1,English,Comedy,3,Kurt Hale,Kirby Heyborne,,,,,No,101,4.8,4,No,0.08,Unknown,90-109 min,Under 50,No
6038,Shanghai Knights,Shanghai Knights (2003),2003-02-06,2003,2000s,Feb,2,English,Action,4,David Dobkin,Jackie Chan,50000000,88323487,38323487,1.766,Yes,115,6.0,692,Yes,16.25,$40M-100M,110-129 min,"500-1,999",No
9919,How to Lose a Guy in 10 Days,How to Lose a Guy in 10 Days (2003),2003-02-07,2003,2000s,Feb,2,English,Comedy,2,Donald Petrie,Kate Hudson,50000000,177371441,127371441,3.547,Yes,116,6.3,850,Yes,23.85,$40M-100M,110-129 min,"500-1,999",No
14873,The Jungle Book 2,The Jungle Book 2 (2003),2003-02-07,2003,2000s,Feb,2,English,Family,3,Steve Trenbirth,John Goodman,20000000,135680000,115680000,6.784,Yes,72,5.6,269,Yes,19.82,$10M-40M,Under 90 min,50-499,No
338,"Good bye, Lenin!","Good bye, Lenin! (2003)",2003-02-09,2003,2000s,Feb,2,Other languages,Comedy,3,Wolfgang Becker,Daniel Brühl,4800000,79384880,74584880,16.539,Yes,121,7.4,586,Yes,11.09,Under $10M,110-129 min,"500-1,999",No
10930,The Flower of Evil,The Flower of Evil (2003),2003-02-09,2003,2000s,Feb,2,Other languages,Drama,1,Claude Chabrol,Benoît Magimel,,,,,No,104,5.7,10,No,1.23,Unknown,90-109 min,Under 50,No
38970,"Remember Me, My Love","Remember Me, My Love (2003)",2003-02-11,2003,2000s,Feb,2,Other languages,Drama,3,Gabriele Muccino,Fabrizio Bentivoglio,,,,,No,125,5.8,44,No,4.24,Unknown,110-129 min,Under 50,No
16072,Gods and Generals,Gods and Generals (2003),2003-02-21,2003,2000s,Feb,2,English,Drama,3,Ronald F. Maxwell,Stephen Lang,56000000,12923936,-43076064,0.231,Yes,214,6.1,48,No,4.36,$40M-100M,150+ min,Under 50,No
11615,The Life of David Gale,The Life of David Gale (2003),2003-02-21,2003,2000s,Feb,2,English,Drama,3,Alan Parker,Kevin Spacey,50000000,38955598,-11044402,0.779,Yes,130,7.3,480,Yes,22.44,$40M-100M,130-149 min,50-499,No
11635,Old School,Old School (2003),2003-02-21,2003,2000s,Feb,2,English,Comedy,1,Todd Phillips,Luke Wilson,24000000,87055349,63055349,3.627,Yes,91,6.6,541,Yes,24.7,$10M-40M,90-109 min,"500-1,999",No
10623,Cradle 2 the Grave,Cradle 2 the Grave (2003),2003-02-28,2003,2000s,Feb,2,English,Action,3,Andrzej Bartkowiak,Jet Li,25000000,56489558,31489558,2.26,Yes,101,5.8,236,Yes,12.84,$10M-40M,90-109 min,50-499,No
9567,Tears of the Sun,Tears of the Sun (2003),2003-03-07,2003,2000s,Mar,3,English,Action,3,Antoine Fuqua,Bruce Willis,70000000,85632458,15632458,1.223,Yes,121,6.4,573,Yes,27.06,$40M-100M,110-129 min,"500-1,999",No
10678,Bringing Down the House,Bringing Down the House (2003),2003-03-07,2003,2000s,Mar,3,English,Comedy,1,Adam Shankman,Steve Martin,20000000,132675402,112675402,6.634,Yes,105,5.4,183,Yes,8.35,$10M-40M,90-109 min,50-499,No
20,My Life Without Me,My Life Without Me (2003),2003-03-07,2003,2000s,Mar,3,English,Drama,2,Isabel Coixet,Sarah Polley,,9726954,,,No,106,7.2,77,Yes,7.96,Unknown,90-109 min,50-499,No
10632,The Hunted,The Hunted (2003),2003-03-11,2003,2000s,Mar,3,English,Drama,4,William Friedkin,Tommy Lee Jones,55000000,34234008,-20765992,0.622,Yes,94,6.0,189,Yes,8.63,$40M-100M,90-109 min,50-499,No
10923,Agent Cody Banks,Agent Cody Banks (2003),2003-03-14,2003,2000s,Mar,3,English,Action,1,Harald Zwart,Frankie Muniz,28000000,58795814,30795814,2.1,Yes,102,5.0,284,Yes,11.86,$10M-40M,90-109 min,50-499,No
10929,Willard,Willard (2003),2003-03-14,2003,2000s,Mar,3,English,Horror,1,Glen Morgan,Crispin Glover,22000000,,,,No,100,5.8,82,Yes,1.32,$10M-40M,90-109 min,50-499,No
114065,Down & Out With The Dolls,Down & Out With The Dolls (2003),2003-03-20,2003,2000s,Mar,3,English,Comedy,2,Unknown,Unknown,,,,,No,88,,0,No,0.0,Unknown,Under 90 min,Under 50,No
6171,Dreamcatcher,Dreamcatcher (2003),2003-03-21,2003,2000s,Mar,3,English,Drama,4,Lawrence Kasdan,Morgan Freeman,68000000,75715436,7715436,1.113,Yes,136,5.3,567,Yes,26.79,$40M-100M,130-149 min,"500-1,999",No
10735,What a Girl Wants,What a Girl Wants (2003),2003-03-27,2003,2000s,Mar,3,English,Comedy,1,Dennie Gordon,Amanda Bynes,,,,,No,105,5.8,368,Yes,7.06,Unknown,90-109 min,50-499,No
9341,The Core,The Core (2003),2003-03-28,2003,2000s,Mar,3,English,Action,4,Jon Amiel,Aaron Eckhart,60000000,74208267,14208267,1.237,Yes,136,5.4,516,Yes,29.21,$40M-100M,130-149 min,"500-1,999",No
11817,Bulletproof Monk,Bulletproof Monk (2003),2003-03-28,2003,2000s,Mar,3,English,Action,3,Paul Hunter,Seann William Scott,52000000,,,,No,104,5.1,278,Yes,15.21,$40M-100M,90-109 min,50-499,No
6016,The Good Thief,The Good Thief (2003),2003-04-03,2003,2000s,Apr,4,English,Crime,3,Neil Jordan,Nick Nolte,,,,,No,108,6.0,31,No,2.77,Unknown,90-109 min,Under 50,No
8409,A Man Apart,A Man Apart (2003),2003-04-04,2003,2000s,Apr,4,English,Action,2,F. Gary Gray,Vin Diesel,36000000,44350926,8350926,1.232,Yes,109,5.8,258,Yes,19.85,$10M-40M,90-109 min,50-499,No
17995,DysFunktional Family,DysFunktional Family (2003),2003-04-04,2003,2000s,Apr,4,English,Comedy,2,George Gallo,Eddie Griffin,,,,,No,89,6.1,4,No,1.58,Unknown,Under 90 min,Under 50,No
9486,Johnny English,Johnny English (2003),2003-04-06,2003,2000s,Apr,4,English,Adventure,3,Peter Howitt,Rowan Atkinson,40000000,160583018,120583018,4.015,Yes,88,6.0,852,Yes,28.03,$40M-100M,Under 90 min,"500-1,999",No
13411,Malibu's Most Wanted,Malibu's Most Wanted (2003),2003-04-10,2003,2000s,Apr,4,English,Comedy,2,John Whitesell,Jamie Kennedy,,,,,No,86,4.7,77,Yes,7.31,Unknown,Under 90 min,50-499,No
2662,House of 1000 Corpses,House of 1000 Corpses (2003),2003-04-11,2003,2000s,Apr,4,English,Horror,1,Rob Zombie,Sid Haig,7000000,16829545,9829545,2.404,Yes,89,6.0,306,Yes,19.3,Under $10M,Under 90 min,50-499,No
14652,Bon voyage,Bon voyage (2003),2003-04-16,2003,2000s,Apr,4,Other languages,Comedy,3,Jean-Paul Rappeneau,Grégori Derangère,,,,,No,114,5.7,20,No,0.49,Unknown,110-129 min,Under 50,No
24621,Chasing Papi,Chasing Papi (2003),2003-04-16,2003,2000s,Apr,4,English,Comedy,2,Linda Mendoza,Roselyn Sánchez,,6126237,,,No,80,6.3,16,No,1.12,Unknown,Under 90 min,Under 50,No
13370,A Mighty Wind,A Mighty Wind (2003),2003-04-16,2003,2000s,Apr,4,English,Comedy,2,Christopher Guest,Bob Balaban,6000000,18750246,12750246,3.125,Yes,91,6.6,74,Yes,4.05,Under $10M,90-109 min,50-499,No
10782,Basic,Basic (2003),2003-04-18,2003,2000s,Apr,4,English,Action,5,John McTiernan,John Travolta,50000000,42792561,-7207439,0.856,Yes,98,6.2,286,Yes,19.23,$40M-100M,90-109 min,50-499,No
8326,Holes,Holes (2003),2003-04-18,2003,2000s,Apr,4,English,Adventure,4,Andrew Davis,Sigourney Weaver,20000000,,,,No,117,6.7,383,Yes,22.0,$10M-40M,110-129 min,50-499,No
19153,The Real Cancun,The Real Cancun (2003),2003-04-23,2003,2000s,Apr,4,English,Documentary,1,Rick de Oliveira,Laura Ramsey,,,,,No,96,3.3,8,No,0.46,Unknown,90-109 min,Under 50,No
36658,X2,X2 (2003),2003-04-24,2003,2000s,Apr,4,English,Adventure,4,Bryan Singer,Patrick Stewart,110000000,407711549,297711549,3.706,Yes,133,6.8,3506,Yes,2.87,$100M+,130-149 min,"2,000-4,999",No
2832,Identity,Identity (2003),2003-04-25,2003,2000s,Apr,4,English,Mystery,2,James Mangold,John Cusack,30000000,90259536,60259536,3.009,Yes,90,7.1,1061,Yes,45.92,$10M-40M,90-109 min,"500-1,999",No
18736,The Lizzie McGuire Movie,The Lizzie McGuire Movie (2003),2003-04-25,2003,2000s,Apr,4,English,Family,2,Jim Fall,Hilary Duff,17000000,55534455,38534455,3.267,Yes,94,5.7,280,Yes,11.93,$10M-40M,90-109 min,50-499,No
10743,Confidence,Confidence (2003),2003-04-25,2003,2000s,Apr,4,English,Action,4,James Foley,Edward Burns,,,,,No,97,6.4,126,Yes,9.87,Unknown,90-109 min,50-499,No
10934,Under the Tuscan Sun,Under the Tuscan Sun (2003),2003-04-30,2003,2000s,Apr,4,English,Comedy,3,Audrey Wells,Diane Lane,,,,,No,113,6.4,172,Yes,12.31,Unknown,110-129 min,50-499,No
15394,Owning Mahowny,Owning Mahowny (2003),2003-05-02,2003,2000s,May,5,English,Crime,3,Richard Kwietniowski,Philip Seymour Hoffman,,,,,No,104,6.8,37,No,8.05,Unknown,90-109 min,Under 50,No
10708,Daddy Day Care,Daddy Day Care (2003),2003-05-03,2003,2000s,May,5,English,Comedy,2,Steve Carr,Eddie Murphy,60000000,164433867,104433867,2.741,Yes,92,5.6,506,Yes,18.11,$40M-100M,90-109 min,"500-1,999",No
604,The Matrix Reloaded,The Matrix Reloaded (2003),2003-05-15,2003,2000s,May,5,English,Adventure,4,Lilly Wachowski,Keanu Reeves,150000000,738599701,588599701,4.924,Yes,138,6.7,3443,Yes,70.79,$100M+,130-149 min,"2,000-4,999",No
9282,11:14,11:14 (2003),2003-05-16,2003,2000s,May,5,English,Crime,3,Greg Marcks,Henry Thomas,6000000,,,,No,86,6.8,206,Yes,15.05,Under $10M,Under 90 min,50-499,No
302,Swimming Pool,Swimming Pool (2003),2003-05-18,2003,2000s,May,5,English,Thriller,2,François Ozon,Charlotte Rampling,7800000,22441323,14641323,2.877,Yes,102,6.4,153,Yes,11.0,Under $10M,90-109 min,50-499,No
14576,Shade,Shade (2003),2003-05-18,2003,2000s,May,5,English,Action,3,Damian Nieman,Stuart Townsend,6800000,,,,No,101,6.1,73,Yes,4.67,Under $10M,90-109 min,50-499,No
14757,Osama,Osama (2003),2003-05-20,2003,2000s,May,5,Other languages,Drama,1,Siddiq Barmak,Marina Golbahari,46000,,,,No,83,6.3,32,No,1.45,Under $10M,Under 90 min,Under 50,No
11042,The Barbarian Invasions,The Barbarian Invasions (2003),2003-05-21,2003,2000s,May,5,Other languages,Comedy,3,Denys Arcand,Rémy Girard,8000000,3432342,-4567658,0.429,Yes,99,6.7,77,Yes,3.03,Under $10M,90-109 min,50-499,No
310,Bruce Almighty,Bruce Almighty (2003),2003-05-23,2003,2000s,May,5,English,Fantasy,2,Tom Shadyac,Jim Carrey,80000000,484572835,404572835,6.057,Yes,101,6.4,3012,Yes,109.68,$40M-100M,90-109 min,"2,000-4,999",No
12,Finding Nemo,Finding Nemo (2003),2003-05-30,2003,2000s,May,5,English,Animation,2,Andrew Stanton,Albert Brooks,94000000,940335536,846335536,10.004,Yes,100,7.6,6122,Yes,85.69,$40M-100M,90-109 min,"5,000+",No
9654,The Italian Job,The Italian Job (2003),2003-05-30,2003,2000s,May,5,English,Action,2,F. Gary Gray,Mark Wahlberg,60000000,176070171,116070171,2.935,Yes,110,6.6,1919,Yes,62.77,$40M-100M,110-129 min,"500-1,999",No
9902,Wrong Turn,Wrong Turn (2003),2003-05-30,2003,2000s,May,5,English,Horror,2,Rob Schmidt,Desmond Harrington,12600000,28650575,16050575,2.274,Yes,84,6.0,635,Yes,33.56,$10M-40M,Under 90 min,"500-1,999",No
584,2 Fast 2 Furious,2 Fast 2 Furious (2003),2003-06-05,2003,2000s,Jun,6,English,Action,3,John Singleton,Paul Walker,76000000,236350661,160350661,3.11,Yes,107,6.2,2028,Yes,10.52,$40M-100M,90-109 min,"2,000-4,999",No
321,Mambo Italiano,Mambo Italiano (2003),2003-06-06,2003,2000s,Jun,6,English,Comedy,2,Émile Gaudreault,Luke Kirby,4361898,3031801,-1330097,0.695,Yes,92,5.6,28,No,2.08,Under $10M,90-109 min,Under 50,No
11375,Hollywood Homicide,Hollywood Homicide (2003),2003-06-09,2003,2000s,Jun,6,English,Action,4,Ron Shelton,Harrison Ford,75000000,51142659,-23857341,0.682,Yes,116,5.0,166,Yes,10.61,$40M-100M,110-129 min,50-499,No
9662,The Triplets of Belleville,The Triplets of Belleville (2003),2003-06-11,2003,2000s,Jun,6,Other languages,Adventure,4,Sylvain Chomet,Béatrice Bonifassi,8000000,1477676,-6522324,0.185,Yes,80,7.3,231,Yes,13.94,Under $10M,Under 90 min,50-499,No
10152,Dumb and Dumberer: When Harry Met Lloyd,Dumb and Dumberer: When Harry Met Lloyd (2003),2003-06-13,2003,2000s,Jun,6,English,Comedy,1,Troy Miller,Mimi Rogers,19000000,39267515,20267515,2.067,Yes,85,4.1,210,Yes,15.68,$10M-40M,Under 90 min,50-499,No
20694,Rugrats Go Wild,Rugrats Go Wild (2003),2003-06-13,2003,2000s,Jun,6,English,Animation,2,Norton Virgien,E.G. Daily,,,,,No,84,5.6,61,Yes,8.26,Unknown,Under 90 min,50-499,No
17813,Alex & Emma,Alex & Emma (2003),2003-06-16,2003,2000s,Jun,6,English,Comedy,2,Rob Reiner,Luke Wilson,30000000,15368897,-14631103,0.512,Yes,96,5.0,68,Yes,4.35,$10M-40M,90-109 min,50-499,No
10226,High Tension,High Tension (2003),2003-06-18,2003,2000s,Jun,6,Other languages,Horror,3,Alexandre Aja,Cécile de France,,,,,No,91,6.6,271,Yes,4.95,Unknown,90-109 min,50-499,No
16433,Grand Theft Parsons,Grand Theft Parsons (2003),2003-06-18,2003,2000s,Jun,6,English,Crime,4,David Caffrey,Johnny Knoxville,,,,,No,88,6.0,11,No,2.0,Unknown,Under 90 min,Under 50,No
1927,Hulk,Hulk (2003),2003-06-19,2003,2000s,Jun,6,English,Drama,3,Ang Lee,Eric Bana,137000000,245360480,108360480,1.791,Yes,138,5.3,1533,Yes,34.98,$100M+,130-149 min,"500-1,999",No
31246,From Justin to Kelly,From Justin to Kelly (2003),2003-06-20,2003,2000s,Jun,6,English,Comedy,2,Robert Iscove,Kelly Clarkson,12000000,4922166,-7077834,0.41,Yes,90,3.0,23,No,1.62,$10M-40M,90-109 min,Under 50,No
11190,The Return,The Return (2003),2003-06-25,2003,2000s,Jun,6,Other languages,Thriller,3,Andrey Zvyagintsev,Vladimir Garin,,,,,No,105,7.4,100,Yes,7.74,Unknown,90-109 min,50-499,No
9471,Charlie's Angels: Full Throttle,Charlie's Angels: Full Throttle (2003),2003-06-27,2003,2000s,Jun,6,English,Action,3,McG,Cameron Diaz,120000000,259175788,139175788,2.16,Yes,106,5.2,914,Yes,33.62,$100M+,90-109 min,"500-1,999",No
296,Terminator 3: Rise of the Machines,Terminator 3: Rise of the Machines (2003),2003-07-02,2003,2000s,Jul,7,English,Action,3,Jonathan Mostow,Arnold Schwarzenegger,200000000,435000000,235000000,2.175,Yes,109,5.9,2143,Yes,69.41,$100M+,90-109 min,"2,000-4,999",No
14411,Sinbad: Legend of the Seven Seas,Sinbad: Legend of the Seven Seas (2003),2003-07-02,2003,2000s,Jul,7,English,Family,3,Tim Johnson,Brad Pitt,60000000,26288320,-33711680,0.438,Yes,86,6.6,372,Yes,18.82,$40M-100M,Under 90 min,50-499,No
10327,"Legally Blonde 2: Red, White & Blonde","Legally Blonde 2: Red, White & Blonde (2003)",2003-07-02,2003,2000s,Jul,7,English,Comedy,1,Charles Herman-Wurmfeld,Reese Witherspoon,45000000,124914842,79914842,2.776,Yes,95,5.1,377,Yes,4.34,$40M-100M,90-109 min,50-499,No
22,Pirates of the Caribbean: The Curse of the Black Pearl,Pirates of the Caribbean: The Curse of the Black Pearl (2003),2003-07-09,2003,2000s,Jul,7,English,Adventure,3,Gore Verbinski,Johnny Depp,140000000,655011224,515011224,4.679,Yes,143,7.5,6985,Yes,271.97,$100M+,130-149 min,"5,000+",No
15708,Latter Days,Latter Days (2003),2003-07-10,2003,2000s,Jul,7,English,Drama,3,C. Jay Cox,Steve Sandvoss,850000,819939,-30061,0.965,Yes,107,6.7,56,Yes,5.42,Under $10M,90-109 min,50-499,No
8698,The League of Extraordinary Gentlemen,The League of Extraordinary Gentlemen (2003),2003-07-11,2003,2000s,Jul,7,English,Fantasy,4,Stephen Norrington,Sean Connery,78000000,179265204,101265204,2.298,Yes,110,5.7,1155,Yes,47.44,$40M-100M,110-129 min,"500-1,999",No
10629,Veronica Guerin,Veronica Guerin (2003),2003-07-11,2003,2000s,Jul,7,English,Drama,3,Joel Schumacher,Cate Blanchett,17000000,1569918,-15430082,0.092,Yes,98,6.8,59,Yes,9.58,$10M-40M,90-109 min,50-499,No
8961,Bad Boys II,Bad Boys II (2003),2003-07-18,2003,2000s,Jul,7,English,Adventure,5,Michael Bay,Martin Lawrence,130000000,273339556,143339556,2.103,Yes,147,6.3,1564,Yes,38.07,$100M+,130-149 min,"500-1,999",No
17403,How to Deal,How to Deal (2003),2003-07-18,2003,2000s,Jul,7,English,Drama,3,Clare Kilner,Mandy Moore,,,,,No,99,5.7,42,No,3.2,Unknown,90-109 min,Under 50,No
1996,Lara Croft Tomb Raider: The Cradle of Life,Lara Croft Tomb Raider: The Cradle of Life (2003),2003-07-21,2003,2000s,Jul,7,English,Action,4,Jan de Bont,Angelina Jolie,95000000,156505388,61505388,1.647,Yes,117,5.5,1418,Yes,56.81,$40M-100M,110-129 min,"500-1,999",No
4464,Seabiscuit,Seabiscuit (2003),2003-07-22,2003,2000s,Jul,7,English,Drama,2,Gary Ross,Jeff Bridges,87000000,148336445,61336445,1.705,Yes,141,6.7,216,Yes,14.82,$40M-100M,130-149 min,50-499,No
12279,Spy Kids 3-D: Game Over,Spy Kids 3-D: Game Over (2003),2003-07-25,2003,2000s,Jul,7,English,Action,5,Robert Rodriguez,Antonio Banderas,38000000,197011982,159011982,5.185,Yes,84,4.7,511,Yes,22.0,$10M-40M,Under 90 min,"500-1,999",No
8273,American Wedding,American Wedding (2003),2003-08-01,2003,2000s,Aug,8,English,Comedy,2,Jesse Dylan,Jason Biggs,55000000,231449203,176449203,4.208,Yes,103,6.0,1129,Yes,36.19,$40M-100M,90-109 min,"500-1,999",No
8046,Gigli,Gigli (2003),2003-08-01,2003,2000s,Aug,8,English,Drama,1,Martin Brest,Ben Affleck,54000000,7266209,-46733791,0.135,Yes,121,3.5,104,Yes,9.05,$40M-100M,110-129 min,50-499,No
13132,All the Real Girls,All the Real Girls (2003),2003-08-01,2003,2000s,Aug,8,English,Drama,2,David Gordon Green,Paul Schneider,,,,,No,108,5.9,30,No,3.66,Unknown,90-109 min,Under 50,No
10330,Freaky Friday,Freaky Friday (2003),2003-08-03,2003,2000s,Aug,8,English,Comedy,1,Mark Waters,Jamie Lee Curtis,26000000,110230332,84230332,4.24,Yes,97,6.0,879,Yes,24.35,$10M-40M,90-109 min,"500-1,999",No
9257,S.W.A.T.,S.W.A.T. (2003),2003-08-08,2003,2000s,Aug,8,English,Action,3,Clark Johnson,Samuel L. Jackson,80000000,116643346,36643346,1.458,Yes,117,5.8,770,Yes,34.05,$40M-100M,110-129 min,"500-1,999",No
11351,Jeepers Creepers 2,Jeepers Creepers 2 (2003),2003-08-08,2003,2000s,Aug,8,English,Horror,2,Victor Salva,Ray Wise,17000000,63102666,46102666,3.712,Yes,104,5.5,299,Yes,19.05,$10M-40M,90-109 min,50-499,No
24356,Masked and Anonymous,Masked and Anonymous (2003),2003-08-08,2003,2000s,Aug,8,English,Drama,2,Larry Charles,Bob Dylan,,,,,No,112,5.2,13,No,1.72,Unknown,110-129 min,Under 50,No
10610,The Medallion,The Medallion (2003),2003-08-15,2003,2000s,Aug,8,English,Thriller,4,Gordon Chan,Jackie Chan,41000000,,,,No,88,5.3,281,Yes,14.65,$40M-100M,Under 90 min,50-499,No
6466,Freddy vs. Jason,Freddy vs. Jason (2003),2003-08-15,2003,2000s,Aug,8,English,Horror,1,Ronny Yu,Robert Englund,30000000,114908830,84908830,3.83,Yes,97,5.8,594,Yes,26.7,$10M-40M,90-109 min,"500-1,999",No
2771,American Splendor,American Splendor (2003),2003-08-15,2003,2000s,Aug,8,English,Comedy,2,Shari Springer Berman,Paul Giamatti,,6003587,,,No,101,7.1,120,Yes,7.79,Unknown,90-109 min,50-499,No
11023,Thirteen,Thirteen (2003),2003-08-20,2003,2000s,Aug,8,English,Crime,2,Catherine Hardwicke,Evan Rachel Wood,2000000,4601043,2601043,2.301,Yes,100,6.7,339,Yes,20.33,Under $10M,90-109 min,50-499,No
2830,My Boss's Daughter,My Boss's Daughter (2003),2003-08-21,2003,2000s,Aug,8,English,Comedy,2,David Zucker,Ashton Kutcher,14000000,,,,No,83,4.4,180,Yes,14.81,$10M-40M,Under 90 min,50-499,No
32316,Marci X,Marci X (2003),2003-08-22,2003,2000s,Aug,8,English,Comedy,1,Richard Benjamin,Lisa Kudrow,20000000,1675706,-18324294,0.084,Yes,84,3.3,12,No,5.65,$10M-40M,Under 90 min,Under 50,No
21413,The Battle of Shaker Heights,The Battle of Shaker Heights (2003),2003-08-22,2003,2000s,Aug,8,English,Comedy,3,Kyle Rankin,Shia LaBeouf,1000000,,,,No,79,5.6,17,No,5.2,Under $10M,Under 90 min,Under 50,No
10739,Anything Else,Anything Else (2003),2003-08-27,2003,2000s,Aug,8,English,Comedy,2,Woody Allen,Woody Allen,,,,,No,108,6.2,149,Yes,8.95,Unknown,90-109 min,50-499,No
2055,Open Range,Open Range (2003),2003-08-29,2003,2000s,Aug,8,English,Western,1,Kevin Costner,Kevin Costner,22000000,68296293,46296293,3.104,Yes,139,7.0,262,Yes,19.07,$10M-40M,130-149 min,50-499,No
30246,Civil Brand,Civil Brand (2003),2003-08-29,2003,2000s,Aug,8,English,Crime,3,Neema Barnette,LisaRaye McCoy,,,,,No,95,5.3,4,No,0.67,Unknown,90-109 min,Under 50,No
3635,Girl with a Pearl Earring,Girl with a Pearl Earring (2003),2003-08-31,2003,2000s,Aug,8,English,Drama,2,Peter Webber,Scarlett Johansson,,31466789,,,No,101,6.4,377,Yes,19.94,Unknown,90-109 min,50-499,No
153,Lost in Translation,Lost in Translation (2003),2003-08-31,2003,2000s,Aug,8,English,Drama,1,Sofia Coppola,Bill Murray,4000000,119723856,115723856,29.931,Yes,102,7.3,1895,Yes,45.67,Under $10M,90-109 min,"500-1,999",No
11775,Intolerable Cruelty,Intolerable Cruelty (2003),2003-09-02,2003,2000s,Sep,9,English,Crime,3,Joel Coen,George Clooney,60000000,119940815,59940815,1.999,Yes,100,5.8,391,Yes,22.62,$40M-100M,90-109 min,50-499,No
2577,Code 46,Code 46 (2003),2003-09-02,2003,2000s,Sep,9,English,Drama,4,Michael Winterbottom,Tim Robbins,7500000,,,,No,92,6.2,116,Yes,8.86,Under $10M,90-109 min,50-499,No
9616,The Order,The Order (2003),2003-09-05,2003,2000s,Sep,9,English,Drama,6,Brian Helgeland,Heath Ledger,35000000,11560806,-23439194,0.33,Yes,102,4.8,91,Yes,3.75,$10M-40M,90-109 min,50-499,No
13778,Dickie Roberts: Former Child Star,Dickie Roberts: Former Child Star (2003),2003-09-05,2003,2000s,Sep,9,English,Comedy,1,Sam Weisman,David Spade,,,,,No,98,5.1,64,Yes,10.15,Unknown,90-109 min,50-499,No
1415,Party Monster,Party Monster (2003),2003-09-05,2003,2000s,Sep,9,English,Comedy,3,Fenton Bailey,Seth Green,5000000,742898,-4257102,0.149,Yes,98,5.9,58,Yes,4.13,Under $10M,90-109 min,50-499,No
11194,Touching the Void,Touching the Void (2003),2003-09-05,2003,2000s,Sep,9,English,Documentary,3,Kevin Macdonald,Brendan Mackey,,13885802,,,No,106,7.6,138,Yes,14.05,Unknown,90-109 min,50-499,No
470,21 Grams,21 Grams (2003),2003-09-06,2003,2000s,Sep,9,English,Drama,3,Alejandro González Iñárritu,Sean Penn,20000000,60427839,40427839,3.021,Yes,124,7.2,918,Yes,32.24,$10M-40M,110-129 min,"500-1,999",No
508,Love Actually,Love Actually (2003),2003-09-07,2003,2000s,Sep,9,English,Comedy,3,Richard Curtis,Keira Knightley,40000000,244931766,204931766,6.123,Yes,135,7.0,1869,Yes,37.07,$40M-100M,130-149 min,"500-1,999",No
10944,In the Cut,In the Cut (2003),2003-09-09,2003,2000s,Sep,9,English,Mystery,2,Jane Campion,Meg Ryan,12000000,,,,No,119,4.6,89,Yes,10.54,$10M-40M,110-129 min,50-499,No
10981,Nothing,Nothing (2003),2003-09-09,2003,2000s,Sep,9,English,Comedy,3,Vincenzo Natali,David Hewlett,,,,,No,90,5.8,38,No,3.41,Unknown,90-109 min,Under 50,No
37232,Travellers and Magicians,Travellers and Magicians (2003),2003-09-09,2003,2000s,Sep,9,English,Adventure,3,Khyentse Norbu,Tshewang Dendup,,,,,No,108,6.8,9,No,0.75,Unknown,90-109 min,Under 50,No
1428,Once Upon a Time in Mexico,Once Upon a Time in Mexico (2003),2003-09-11,2003,2000s,Sep,9,English,Action,1,Robert Rodriguez,Antonio Banderas,29000000,98185582,69185582,3.386,Yes,102,6.2,594,Yes,27.56,$10M-40M,90-109 min,"500-1,999",No
30973,The Visual Bible: The Gospel of John,The Visual Bible: The Gospel of John (2003),2003-09-11,2003,2000s,Sep,9,English,Drama,2,Philip Saville,Christopher Plummer,10000000,4069090,-5930910,0.407,Yes,125,8.2,12,No,3.21,$10M-40M,110-129 min,Under 50,No
10105,Saints and Soldiers,Saints and Soldiers (2003),2003-09-11,2003,2000s,Sep,9,English,Action,5,Ryan Little,Larry Bagby,780000,,,,No,90,6.6,98,Yes,6.0,Under $10M,90-109 min,50-499,No
48382,"The Book of Mormon Movie, Volume 1: The Journey","The Book of Mormon Movie, Volume 1: The Journey (2003)",2003-09-12,2003,2000s,Sep,9,English,No genre,0,Unknown,Kirby Heyborne,2000000,1672730,-327270,0.836,Yes,120,5.0,2,No,0.03,Under $10M,110-129 min,Under 50,No
13156,Secondhand Lions,Secondhand Lions (2003),2003-09-19,2003,2000s,Sep,9,English,Comedy,3,Tim McCanlies,Michael Caine,,,,,No,111,6.9,260,Yes,15.01,Unknown,110-129 min,50-499,No
277,Underworld,Underworld (2003),2003-09-19,2003,2000s,Sep,9,English,Fantasy,3,Len Wiseman,Kate Beckinsale,22000000,95708457,73708457,4.35,Yes,121,6.6,2512,Yes,81.83,$10M-40M,110-129 min,"2,000-4,999",No
10159,The Rundown,The Rundown (2003),2003-09-26,2003,2000s,Sep,9,English,Adventure,4,Peter Berg,Dwayne Johnson,85000000,80916492,-4083508,0.952,Yes,104,6.4,514,Yes,24.11,$40M-100M,90-109 min,"500-1,999",No
7288,Duplex,Duplex (2003),2003-09-26,2003,2000s,Sep,9,English,Action,3,Danny DeVito,Ben Stiller,40000000,19322135,-20677865,0.483,Yes,89,5.9,482,Yes,15.59,$40M-100M,Under 90 min,50-499,No
2116,Out of Time,Out of Time (2003),2003-10-03,2003,2000s,Oct,10,English,Thriller,3,Carl Franklin,Denzel Washington,50000000,55495563,5495563,1.11,Yes,105,6.1,298,Yes,14.99,$40M-100M,90-109 min,50-499,No
1584,School of Rock,School of Rock (2003),2003-10-03,2003,2000s,Oct,10,English,Comedy,2,Richard Linklater,Jack Black,35000000,131282949,96282949,3.751,Yes,108,6.7,1414,Yes,43.06,$10M-40M,90-109 min,"500-1,999",No
50538,Evil Words,Evil Words (2003),2003-10-03,2003,2000s,Oct,10,Other languages,Horror,3,Éric Tessier,Patrick Huard,,,,,No,100,6.9,8,No,0.21,Unknown,90-109 min,Under 50,No
25428,I Love Your Work,I Love Your Work (2003),2003-10-05,2003,2000s,Oct,10,English,Drama,2,Adam Goldberg,Marisa Coughlan,,,,,No,111,6.5,2,No,3.31,Unknown,110-129 min,Under 50,No
322,Mystic River,Mystic River (2003),2003-10-07,2003,2000s,Oct,10,English,Thriller,4,Clint Eastwood,Sean Penn,25000000,156822020,131822020,6.273,Yes,138,7.6,1422,Yes,31.24,$10M-40M,130-149 min,"500-1,999",No
10719,Elf,Elf (2003),2003-10-09,2003,2000s,Oct,10,English,Comedy,3,Jon Favreau,Will Ferrell,32000000,173398518,141398518,5.419,Yes,97,6.4,987,Yes,16.9,$10M-40M,90-109 min,"500-1,999",No
24,Kill Bill: Vol. 1,Kill Bill: Vol. 1 (2003),2003-10-10,2003,2000s,Oct,10,English,Action,2,Quentin Tarantino,Uma Thurman,30000000,180949000,150949000,6.032,Yes,111,7.7,4949,Yes,79.75,$10M-40M,110-129 min,"2,000-4,999",No
21765,Good Boy!,Good Boy! (2003),2003-10-10,2003,2000s,Oct,10,English,Comedy,3,John Robert Hoffman,Molly Shannon,17000000,,,,No,87,4.7,30,No,3.56,$10M-40M,Under 90 min,Under 50,No
1435,Tarnation,Tarnation (2003),2003-10-19,2003,2000s,Oct,10,English,Documentary,2,Jonathan Caouette,Renee Leblanc,,1162014,,,No,91,7.5,22,No,1.06,Unknown,90-109 min,Under 50,No
9839,Beyond Borders,Beyond Borders (2003),2003-10-23,2003,2000s,Oct,10,English,Drama,4,Martin Campbell,Angelina Jolie,35000000,,,,No,127,6.7,110,Yes,6.52,$10M-40M,110-129 min,50-499,No
4997,Wonderland,Wonderland (2003),2003-10-23,2003,2000s,Oct,10,English,Crime,4,James Cox,Val Kilmer,5000000,2466444,-2533556,0.493,Yes,104,6.2,73,Yes,7.79,Under $10M,90-109 min,50-499,No
4256,Scary Movie 3,Scary Movie 3 (2003),2003-10-24,2003,2000s,Oct,10,English,Comedy,1,David Zucker,Pamela Anderson,48000000,220673217,172673217,4.597,Yes,84,5.8,912,Yes,36.59,$40M-100M,Under 90 min,"500-1,999",No
13920,Radio,Radio (2003),2003-10-24,2003,2000s,Oct,10,English,Drama,1,Mike Tollin,Cuba Gooding Jr.,32000000,52277485,20277485,1.634,Yes,109,6.8,141,Yes,9.25,$10M-40M,90-109 min,50-499,No
30141,The Singing Detective,The Singing Detective (2003),2003-10-24,2003,2000s,Oct,10,English,Comedy,4,Keith Gordon,Robert Downey Jr.,,,,,No,109,5.9,41,No,6.34,Unknown,90-109 min,Under 50,No
605,The Matrix Revolutions,The Matrix Revolutions (2003),2003-11-05,2003,2000s,Nov,11,English,Adventure,4,Lilly Wachowski,Keanu Reeves,150000000,424988211,274988211,2.833,Yes,129,6.4,3096,Yes,73.31,$100M+,110-129 min,"2,000-4,999",No
281189,Gory Gory Hallelujah,Gory Gory Hallelujah (2003),2003-11-05,2003,2000s,Nov,11,English,No genre,0,Sue Corcoran,Unknown,,,,,No,,1.0,1,No,0.03,Unknown,Unknown,Under 50,No
8619,Master and Commander: The Far Side of the World,Master and Commander: The Far Side of the World (2003),2003-11-14,2003,2000s,Nov,11,English,Adventure,1,Peter Weir,Russell Crowe,150000000,212011111,62011111,1.413,Yes,138,6.9,790,Yes,36.97,$100M+,130-149 min,"500-1,999",No
10715,Looney Tunes: Back in Action,Looney Tunes: Back in Action (2003),2003-11-14,2003,2000s,Nov,11,English,Animation,3,Joe Dante,Brendan Fraser,80000000,68514844,-11485156,0.856,Yes,90,5.6,297,Yes,16.72,$40M-100M,90-109 min,50-499,No
13537,Shattered Glass,Shattered Glass (2003),2003-11-14,2003,2000s,Nov,11,English,Drama,2,Billy Ray,Hayden Christensen,6000000,2944752,-3055248,0.491,Yes,94,6.6,111,Yes,6.27,Under $10M,90-109 min,50-499,No
504,Monster,Monster (2003),2003-11-16,2003,2000s,Nov,11,English,Crime,2,Patty Jenkins,Charlize Theron,8000000,60378584,52378584,7.547,Yes,110,7.0,485,Yes,19.68,Under $10M,110-129 min,50-499,No
10588,The Cat in the Hat,The Cat in the Hat (2003),2003-11-21,2003,2000s,Nov,11,English,Comedy,3,Bo Welch,Mike Myers,,,,,No,82,4.9,366,Yes,18.25,Unknown,Under 90 min,50-499,No
4970,Gothika,Gothika (2003),2003-11-21,2003,2000s,Nov,11,English,Horror,2,Mathieu Kassovitz,Halle Berry,40000000,141591324,101591324,3.54,Yes,98,5.8,629,Yes,27.3,$40M-100M,90-109 min,"500-1,999",No
10028,Honey,Honey (2003),2003-11-24,2003,2000s,Nov,11,English,Romance,3,Bille Woodruff,Jessica Alba,18000000,62646763,44646763,3.48,Yes,94,6.0,303,Yes,18.49,$10M-40M,90-109 min,50-499,No
10756,The Haunted Mansion,The Haunted Mansion (2003),2003-11-25,2003,2000s,Nov,11,English,Thriller,5,Rob Minkoff,Eddie Murphy,90000000,182290266,92290266,2.025,Yes,99,5.2,466,Yes,16.3,$40M-100M,90-109 min,50-499,No
9562,Timeline,Timeline (2003),2003-11-26,2003,2000s,Nov,11,English,Action,3,Richard Donner,Paul Walker,80000000,19480739,-60519261,0.244,Yes,116,5.4,318,Yes,11.22,$40M-100M,110-129 min,50-499,No
10147,Bad Santa,Bad Santa (2003),2003-11-26,2003,2000s,Nov,11,English,Drama,3,Terry Zwigoff,Billy Bob Thornton,23000000,76488889,53488889,3.326,Yes,91,6.5,656,Yes,26.59,$10M-40M,90-109 min,"500-1,999",No
122,The Lord of the Rings: The Return of the King,The Lord of the Rings: The Return of the King (2003),2003-12-01,2003,2000s,Dec,12,English,Adventure,3,Peter Jackson,Elijah Wood,94000000,1118888979,1024888979,11.903,Yes,201,8.1,8064,Yes,123.63,$40M-100M,150+ min,"5,000+",No
616,The Last Samurai,The Last Samurai (2003),2003-12-05,2003,2000s,Dec,12,English,Drama,4,Edward Zwick,Tom Cruise,140000000,456758981,316758981,3.263,Yes,154,7.3,1895,Yes,52.34,$100M+,150+ min,"500-1,999",No
1792,Stuck on You,Stuck on You (2003),2003-12-10,2003,2000s,Dec,12,English,Comedy,1,Bobby Farrelly,Matt Damon,55000000,33828318,-21171682,0.615,Yes,118,5.1,188,Yes,8.8,$40M-100M,110-129 min,50-499,No
6964,Something's Gotta Give,Something's Gotta Give (2003),2003-12-12,2003,2000s,Dec,12,English,Drama,3,Nancy Meyers,Jack Nicholson,80000000,266728738,186728738,3.334,Yes,128,6.3,410,Yes,16.94,$40M-100M,110-129 min,50-499,No
41488,The Statement,The Statement (2003),2003-12-12,2003,2000s,Dec,12,English,Drama,2,Norman Jewison,Michael Caine,,,,,No,120,5.9,23,No,2.65,Unknown,110-129 min,Under 50,No
11820,Mona Lisa Smile,Mona Lisa Smile (2003),2003-12-19,2003,2000s,Dec,12,English,Drama,2,Mike Newell,Julia Roberts,65000000,,,,No,117,6.5,393,Yes,19.72,$40M-100M,110-129 min,50-499,No
11093,House of Sand and Fog,House of Sand and Fog (2003),2003-12-19,2003,2000s,Dec,12,English,Drama,1,Vadim Perelman,Jennifer Connelly,16500000,16942795,442795,1.027,Yes,126,7.0,199,Yes,12.1,$10M-40M,110-129 min,50-499,No
2289,Cold Mountain,Cold Mountain (2003),2003-12-24,2003,2000s,Dec,12,English,Drama,1,Anthony Minghella,Jude Law,79000000,173013509,94013509,2.19,Yes,154,6.7,533,Yes,24.6,$40M-100M,150+ min,"500-1,999",No
11007,Cheaper by the Dozen,Cheaper by the Dozen (2003),2003-12-24,2003,2000s,Dec,12,English,Comedy,1,Shawn Levy,Steve Martin,40000000,190212113,150212113,4.755,Yes,98,6.0,699,Yes,26.52,$40M-100M,90-109 min,"500-1,999",No
19644,Silmido,Silmido (2003),2003-12-24,2003,2000s,Dec,12,Other languages,Action,3,Kang Woo-Suk,Sol Kyung-gu,8000000,,,,No,135,6.6,28,No,2.61,Under $10M,130-149 min,Under 50,No
587,Big Fish,Big Fish (2003),2003-12-25,2003,2000s,Dec,12,English,Adventure,3,Tim Burton,Ewan McGregor,70000000,122919055,52919055,1.756,Yes,125,7.6,1994,Yes,46.2,$40M-100M,110-129 min,"500-1,999",No
9620,Paycheck,Paycheck (2003),2003-12-25,2003,2000s,Dec,12,English,Action,5,John Woo,Ben Affleck,60000000,96269812,36269812,1.604,Yes,119,5.9,581,Yes,29.02,$40M-100M,110-129 min,"500-1,999",No
45881,The Bridge of San Luis Rey,The Bridge of San Luis Rey (2004),2004-01-01,2004,2000s,Jan,1,English,Romance,2,Mary McGuckian,Gabriel Byrne,,,,,No,120,5.4,15,No,0.52,Unknown,110-129 min,Under 50,No
14844,Chasing Liberty,Chasing Liberty (2004),2004-01-09,2004,2000s,Jan,1,English,Comedy,2,Andy Cadiff,Mandy Moore,23000000,,,,No,111,6.1,152,Yes,3.36,$10M-40M,110-129 min,50-499,No
26710,My Baby's Daddy,My Baby's Daddy (2004),2004-01-09,2004,2000s,Jan,1,English,Comedy,1,Cheryl Dunye,Eddie Griffin,,,,,No,86,4.3,15,No,4.48,Unknown,Under 90 min,Under 50,No
1640,Crash,Crash (2004),2004-01-13,2004,2000s,Jan,1,English,Drama,1,Paul Haggis,Sandra Bullock,6500000,98410061,91910061,15.14,Yes,112,7.2,1149,Yes,28.22,Under $10M,110-129 min,"500-1,999",No
11588,The I Inside,The I Inside (2004),2004-01-15,2004,2000s,Jan,1,English,Thriller,3,Roland Suso Richter,Ryan Phillippe,8800000,,,,No,90,5.9,62,Yes,3.79,Under $10M,90-109 min,50-499,No
12281,Mean Creek,Mean Creek (2004),2004-01-15,2004,2000s,Jan,1,English,Crime,2,Jacob Aaron Estes,Rory Culkin,500000,603943,103943,1.208,Yes,90,6.9,106,Yes,8.52,Under $10M,90-109 min,50-499,No
5966,Along Came Polly,Along Came Polly (2004),2004-01-16,2004,2000s,Jan,1,English,Comedy,2,John Hamburg,Ben Stiller,42000000,171963386,129963386,4.094,Yes,90,5.8,773,Yes,33.24,$40M-100M,90-109 min,"500-1,999",No
10718,Torque,Torque (2004),2004-01-16,2004,2000s,Jan,1,English,Action,1,Joseph Kahn,Martin Henderson,40000000,46546197,6546197,1.164,Yes,84,4.7,119,Yes,7.36,$40M-100M,Under 90 min,50-499,No
24034,Teacher's Pet,Teacher's Pet (2004),2004-01-16,2004,2000s,Jan,1,English,Animation,4,Timothy Bjorklund,Nathan Lane,10000000,,,,No,74,5.5,2,No,1.37,$10M-40M,Under 90 min,Under 50,No
9372,Super Size Me,Super Size Me (2004),2004-01-17,2004,2000s,Jan,1,English,Documentary,3,Morgan Spurlock,Morgan Spurlock,65000,28575078,28510078,439.617,Yes,100,6.6,506,Yes,10.4,Under $10M,90-109 min,"500-1,999",No
436,Maria Full of Grace,Maria Full of Grace (2004),2004-01-18,2004,2000s,Jan,1,Other languages,Drama,3,Joshua Marston,Catalina Sandino Moreno,,,,,No,101,6.9,101,Yes,3.03,Unknown,90-109 min,50-499,No
21301,Barbershop 2:  Back in Business,Barbershop 2:  Back in Business (2004),2004-01-20,2004,2000s,Jan,1,English,Comedy,2,Kevin Rodney Sullivan,Ice Cube,18000000,65070412,47070412,3.615,Yes,106,5.6,74,Yes,6.5,$10M-40M,90-109 min,50-499,No
13193,Saved!,Saved! (2004),2004-01-21,2004,2000s,Jan,1,English,Comedy,2,Brian Dannelly,Jena Malone,,,,,No,92,6.3,147,Yes,9.85,Unknown,90-109 min,50-499,No
540,D.E.B.S.,D.E.B.S. (2004),2004-01-21,2004,2000s,Jan,1,English,Action,1,Angela Robinson,Sara Foster,3500000,,,,No,91,5.6,90,Yes,6.4,Under $10M,90-109 min,50-499,No
1954,The Butterfly Effect,The Butterfly Effect (2004),2004-01-22,2004,2000s,Jan,1,English,Science Fiction,2,Eric Bress,Ashton Kutcher,13000000,96060858,83060858,7.389,Yes,113,7.3,2060,Yes,73.31,$10M-40M,110-129 min,"2,000-4,999",No
13476,Win a Date with Tad Hamilton!,Win a Date with Tad Hamilton! (2004),2004-01-23,2004,2000s,Jan,1,English,Comedy,2,Robert Luketic,Josh Duhamel,17000000,16980098,-19902,0.999,Yes,95,5.5,160,Yes,7.7,$10M-40M,90-109 min,50-499,No
12634,The Big Bounce,The Big Bounce (2004),2004-01-30,2004,2000s,Jan,1,English,Comedy,2,George Armitage,Owen Wilson,50000000,6808550,-43191450,0.136,Yes,88,5.0,76,Yes,6.4,$40M-100M,Under 90 min,50-499,No
14114,You Got Served,You Got Served (2004),2004-01-30,2004,2000s,Jan,1,English,Drama,1,Chris Stokes,Marques Houston,,,,,No,95,4.8,75,Yes,3.8,Unknown,90-109 min,50-499,No
11658,Tae Guk Gi: The Brotherhood of War,Tae Guk Gi: The Brotherhood of War (2004),2004-02-05,2004,2000s,Feb,2,Other languages,Action,5,Kang Je-gyu,Jang Dong-gun,,,,,No,140,7.4,133,Yes,9.57,Unknown,130-149 min,50-499,No
14292,Miracle,Miracle (2004),2004-02-06,2004,2000s,Feb,2,English,Drama,2,Gavin O'Connor,Kurt Russell,28000000,64445708,36445708,2.302,Yes,135,7.0,159,Yes,7.53,$10M-40M,130-149 min,50-499,No
20483,Catch That Kid,Catch That Kid (2004),2004-02-06,2004,2000s,Feb,2,English,Family,3,Bart Freundlich,Kristen Stewart,18000000,16702864,-1297136,0.928,Yes,92,4.9,76,Yes,4.49,$10M-40M,90-109 min,50-499,No
4553,The Machinist,The Machinist (2004),2004-02-09,2004,2000s,Feb,2,English,Thriller,2,Brad Anderson,Christian Bale,5000000,8203235,3203235,1.641,Yes,101,7.3,1247,Yes,35.25,Under $10M,90-109 min,"500-1,999",No
9470,Kung Fu Hustle,Kung Fu Hustle (2004),2004-02-10,2004,2000s,Feb,2,Other languages,Action,4,Stephen Chow,Stephen Chow,20000000,100914445,80914445,5.046,Yes,99,7.2,831,Yes,13.66,$10M-40M,90-109 min,"500-1,999",No
80,Before Sunset,Before Sunset (2004),2004-02-10,2004,2000s,Feb,2,English,Drama,2,Richard Linklater,Ethan Hawke,2700000,15992615,13292615,5.923,Yes,80,7.6,718,Yes,14.8,Under $10M,Under 90 min,"500-1,999",No
57825,Bride & Prejudice,Bride & Prejudice (2004),2004-02-11,2004,2000s,Feb,2,English,Drama,4,Gurinder Chadha,Aishwarya Rai Bachchan,7000000,,,,No,111,6.5,110,Yes,12.15,Under $10M,110-129 min,50-499,No
1824,50 First Dates,50 First Dates (2004),2004-02-13,2004,2000s,Feb,2,English,Comedy,2,Peter Segal,Adam Sandler,75000000,196482882,121482882,2.62,Yes,99,6.6,2105,Yes,61.44,$40M-100M,90-109 min,"2,000-4,999",No
11132,Confessions of a Teenage Drama Queen,Confessions of a Teenage Drama Queen (2004),2004-02-17,2004,2000s,Feb,2,English,Comedy,1,Sara Sugarman,Lindsay Lohan,15000000,29331068,14331068,1.955,Yes,89,5.1,221,Yes,7.42,$10M-40M,Under 90 min,50-499,No
8842,Against the Ropes,Against the Ropes (2004),2004-02-20,2004,2000s,Feb,2,English,Romance,2,Charles S. Dutton,Meg Ryan,39000000,6614280,-32385720,0.17,Yes,106,4.5,32,No,2.82,$10M-40M,90-109 min,Under 50,No
9352,EuroTrip,EuroTrip (2004),2004-02-20,2004,2000s,Feb,2,English,Comedy,1,Jeff Schaffer,Scott Mechlowicz,25000000,20796847,-4203153,0.832,Yes,93,6.5,656,Yes,25.85,$10M-40M,90-109 min,"500-1,999",No
25379,The Blue Butterfly,The Blue Butterfly (2004),2004-02-20,2004,2000s,Feb,2,English,Adventure,3,Léa Pool,Marc Donato,,,,,No,97,6.8,6,No,1.99,Unknown,90-109 min,Under 50,No
16784,Welcome to Mooseport,Welcome to Mooseport (2004),2004-02-24,2004,2000s,Feb,2,English,Comedy,1,Donald Petrie,Ray Romano,30000000,14000000,-16000000,0.467,Yes,110,4.8,54,Yes,3.31,$10M-40M,110-129 min,50-499,No
615,The Passion of the Christ,The Passion of the Christ (2004),2004-02-25,2004,2000s,Feb,2,English,Drama,1,Mel Gibson,Jim Caviezel,30000000,611899420,581899420,20.397,Yes,127,6.9,864,Yes,38.17,$10M-40M,110-129 min,"500-1,999",No
11217,Club Dread,Club Dread (2004),2004-02-27,2004,2000s,Feb,2,English,Comedy,2,Jay Chandrasekhar,Kevin Heffernan,8500000,5001655,-3498345,0.588,Yes,104,5.1,107,Yes,2.62,Under $10M,90-109 min,50-499,No
18442,Decoys,Decoys (2004),2004-02-27,2004,2000s,Feb,2,English,Horror,3,Matthew Hastings,Kim Poirier,5000000,,,,No,95,4.7,33,No,3.05,Under $10M,90-109 min,Under 50,No
2023,Hidalgo,Hidalgo (2004),2004-03-05,2004,2000s,Mar,3,English,Western,2,Joe Johnston,Viggo Mortensen,100000000,108103450,8103450,1.081,Yes,136,6.5,318,Yes,16.76,$100M+,130-149 min,50-499,No
9384,Starsky & Hutch,Starsky & Hutch (2004),2004-03-05,2004,2000s,Mar,3,English,Comedy,2,Todd Phillips,Ben Stiller,60000000,170268750,110268750,2.838,Yes,101,5.6,644,Yes,28.85,$40M-100M,90-109 min,"500-1,999",No
1586,Secret Window,Secret Window (2004),2004-03-12,2004,2000s,Mar,3,English,Thriller,2,David Koepp,Johnny Depp,40000000,92913171,52913171,2.323,Yes,96,6.4,972,Yes,32.91,$40M-100M,90-109 min,"500-1,999",No
5528,The Chorus,The Chorus (2004),2004-03-17,2004,2000s,Mar,3,Other languages,Drama,1,Christophe Barratier,Gérard Jugnot,,,,,No,96,7.5,526,Yes,20.98,Unknown,90-109 min,"500-1,999",No
924,Dawn of the Dead,Dawn of the Dead (2004),2004-03-19,2004,2000s,Mar,3,English,Fantasy,3,Zack Snyder,Sarah Polley,28000000,102356381,74356381,3.656,Yes,101,6.8,1016,Yes,44.53,$10M-40M,90-109 min,"500-1,999",No
38,Eternal Sunshine of the Spotless Mind,Eternal Sunshine of the Spotless Mind (2004),2004-03-19,2004,2000s,Mar,3,English,Science Fiction,3,Michel Gondry,Jim Carrey,20000000,72258126,52258126,3.613,Yes,108,7.9,3652,Yes,56.48,$10M-40M,90-109 min,"2,000-4,999",No
11024,Scooby-Doo 2: Monsters Unleashed,Scooby-Doo 2: Monsters Unleashed (2004),2004-03-24,2004,2000s,Mar,3,English,Mystery,4,Raja Gosnell,Freddie Prinze Jr.,,181466833,,,No,93,5.4,500,Yes,22.64,Unknown,90-109 min,"500-1,999",No
5516,The Ladykillers,The Ladykillers (2004),2004-03-25,2004,2000s,Mar,3,English,Comedy,3,Joel Coen,Tom Hanks,,,,,No,104,6.0,415,Yes,23.67,Unknown,90-109 min,50-499,No
9541,Jersey Girl,Jersey Girl (2004),2004-03-25,2004,2000s,Mar,3,English,Comedy,2,Kevin Smith,Ben Affleck,35000000,36098382,1098382,1.031,Yes,102,5.8,325,Yes,14.7,$10M-40M,90-109 min,50-499,No
5494,George and the Dragon,George and the Dragon (2004),2004-03-28,2004,2000s,Mar,3,English,Adventure,1,Tom Reeve,James Purefoy,32000000,,,,No,93,5.0,13,No,4.12,$10M-40M,90-109 min,Under 50,No
11137,The Prince & Me,The Prince & Me (2004),2004-03-28,2004,2000s,Mar,3,English,Comedy,2,Martha Coolidge,Julia Stiles,,,,,No,111,5.9,278,Yes,17.94,Unknown,110-129 min,50-499,No
13700,Home on the Range,Home on the Range (2004),2004-04-02,2004,2000s,Apr,4,English,Animation,2,Will Finn,Roseanne Barr,110000000,103951461,-6048539,0.945,Yes,76,5.7,389,Yes,19.63,$100M+,Under 90 min,50-499,No
1487,Hellboy,Hellboy (2004),2004-04-02,2004,2000s,Apr,4,English,Fantasy,3,Guillermo del Toro,Ron Perlman,66000000,99318987,33318987,1.505,Yes,122,6.5,2225,Yes,47.48,$40M-100M,110-129 min,"2,000-4,999",No
11358,Walking Tall,Walking Tall (2004),2004-04-02,2004,2000s,Apr,4,English,Adventure,4,Kevin Bray,Dwayne Johnson,56000000,57223890,1223890,1.022,Yes,86,6.0,381,Yes,23.44,$40M-100M,Under 90 min,50-499,No
11141,Laws of Attraction,Laws of Attraction (2004),2004-04-04,2004,2000s,Apr,4,English,Action,4,Peter Howitt,Pierce Brosnan,28000000,30016165,2016165,1.072,Yes,90,5.6,104,Yes,6.2,$10M-40M,90-109 min,50-499,No
10733,The Alamo,The Alamo (2004),2004-04-07,2004,2000s,Apr,4,English,Western,3,John Lee Hancock,Dennis Quaid,145000000,25819961,-119180039,0.178,Yes,137,5.8,106,Yes,10.66,$100M+,130-149 min,50-499,No
1997,Two Brothers,Two Brothers (2004),2004-04-07,2004,2000s,Apr,4,English,Adventure,3,Jean-Jacques Annaud,Maï Anh Le,74500000,62172050,-12327950,0.835,Yes,109,6.9,180,Yes,8.88,$40M-100M,90-109 min,50-499,No
2122,The Whole Ten Yards,The Whole Ten Yards (2004),2004-04-07,2004,2000s,Apr,4,English,Comedy,3,Howard Deutch,Bruce Willis,40000000,26155781,-13844219,0.654,Yes,98,5.5,278,Yes,14.73,$40M-100M,90-109 min,50-499,No
19084,Johnson Family Vacation,Johnson Family Vacation (2004),2004-04-07,2004,2000s,Apr,4,English,Comedy,2,Christopher Erskin,Cedric the Entertainer,12000000,31179516,19179516,2.598,Yes,97,4.7,30,No,4.62,$10M-40M,90-109 min,Under 50,No
14442,Ella Enchanted,Ella Enchanted (2004),2004-04-09,2004,2000s,Apr,4,English,Family,3,Tommy O'Haver,Anne Hathaway,31000000,27388767,-3611233,0.884,Yes,96,5.9,437,Yes,22.72,$10M-40M,90-109 min,50-499,No
10591,The Girl Next Door,The Girl Next Door (2004),2004-04-09,2004,2000s,Apr,4,English,Comedy,1,Luke Greenfield,Emile Hirsch,25000000,30411183,5411183,1.216,Yes,108,6.3,824,Yes,39.78,$10M-40M,90-109 min,"500-1,999",No
747,Shaun of the Dead,Shaun of the Dead (2004),2004-04-09,2004,2000s,Apr,4,English,Horror,2,Edgar Wright,Simon Pegg,4000000,30039392,26039392,7.51,Yes,99,7.5,2420,Yes,49.12,Under $10M,90-109 min,"2,000-4,999",No
182291,On The Downlow,On The Downlow (2004),2004-04-11,2004,2000s,Apr,4,English,Drama,1,Tadeo Garcia,Tony Sancho,,,,,No,90,6.0,2,No,0.03,Unknown,90-109 min,Under 50,No
10096,13 Going on 30,13 Going on 30 (2004),2004-04-13,2004,2000s,Apr,4,English,Comedy,3,Gary Winick,Jennifer Garner,37000000,96455697,59455697,2.607,Yes,98,6.3,1204,Yes,41.57,$10M-40M,90-109 min,"500-1,999",No
7220,The Punisher,The Punisher (2004),2004-04-15,2004,2000s,Apr,4,English,Action,3,Jonathan Hensleigh,Thomas Jane,33000000,54700105,21700105,1.658,Yes,124,6.1,766,Yes,35.1,$10M-40M,110-129 min,"500-1,999",No
393,Kill Bill: Vol. 2,Kill Bill: Vol. 2 (2004),2004-04-16,2004,2000s,Apr,4,English,Action,3,Quentin Tarantino,Uma Thurman,30000000,152159461,122159461,5.072,Yes,136,7.6,3948,Yes,50.62,$10M-40M,130-149 min,"2,000-4,999",No
15673,Connie and Carla,Connie and Carla (2004),2004-04-16,2004,2000s,Apr,4,English,Comedy,1,Michael Lembeck,Nia Vardalos,20000000,11341016,-8658984,0.567,Yes,98,6.4,24,No,6.1,$10M-40M,90-109 min,Under 50,No
9509,Man on Fire,Man on Fire (2004),2004-04-23,2004,2000s,Apr,4,English,Action,4,Tony Scott,Denzel Washington,70000000,130293714,60293714,1.861,Yes,146,7.3,1553,Yes,45.3,$40M-100M,130-149 min,"500-1,999",No
8357,What the #$*! Do We (K)now!?,What the #$*! Do We (K)now!? (2004),2004-04-23,2004,2000s,Apr,4,English,Documentary,1,William Arntz,Marlee Matlin,,10000000,,,No,109,5.8,34,No,7.29,Unknown,90-109 min,Under 50,No
34099,Brave New Girl,Brave New Girl (2004),2004-04-25,2004,2000s,Apr,4,English,Drama,3,Bobby Roth,Virginia Madsen,,,,,No,120,3.7,3,No,0.18,Unknown,110-129 min,Under 50,No
11058,Godsend,Godsend (2004),2004-04-30,2004,2000s,Apr,4,English,Drama,4,Nick Hamm,Greg Kinnear,25000000,30114487,5114487,1.205,Yes,102,4.7,114,Yes,12.1,$10M-40M,90-109 min,50-499,No
10710,Envy,Envy (2004),2004-04-30,2004,2000s,Apr,4,English,Comedy,1,Barry Levinson,Ben Stiller,40000000,,,,No,99,4.8,139,Yes,9.84,$40M-100M,90-109 min,50-499,No
10625,Mean Girls,Mean Girls (2004),2004-04-30,2004,2000s,Apr,4,English,Comedy,1,Mark Waters,Lindsay Lohan,17000000,129042871,112042871,7.591,Yes,97,6.9,2320,Yes,36.42,$10M-40M,90-109 min,"2,000-4,999",No
24747,Bobby Jones: Stroke of Genius,Bobby Jones: Stroke of Genius (2004),2004-04-30,2004,2000s,Apr,4,English,Drama,1,Rowdy Herrington,Jim Caviezel,,,,,No,120,5.5,19,No,2.9,Unknown,110-129 min,Under 50,No
11025,New York Minute,New York Minute (2004),2004-05-01,2004,2000s,May,5,English,Comedy,1,Dennie Gordon,Ashley Olsen,,,,,No,91,5.5,185,Yes,10.04,Unknown,90-109 min,50-499,No
12612,Freeze Frame,Freeze Frame (2004),2004-05-01,2004,2000s,May,5,English,Thriller,3,John Simpson,Lee Evans,,,,,No,99,6.9,18,No,4.92,Unknown,90-109 min,Under 50,No
44413,The Holy Girl,The Holy Girl (2004),2004-05-06,2004,2000s,May,5,Other languages,Drama,2,Lucrecia Martel,María Alché,1400000,,,,No,106,6.8,10,No,0.68,Under $10M,90-109 min,Under 50,No
16617,Mindhunters,Mindhunters (2004),2004-05-07,2004,2000s,May,5,English,Mystery,3,Renny Harlin,LL Cool J,27000000,21148829,-5851171,0.783,Yes,106,6.3,333,Yes,17.19,$10M-40M,90-109 min,50-499,No
194588,Short Cut to Nirvana: Kumbh Mela,Short Cut to Nirvana: Kumbh Mela (2004),2004-05-11,2004,2000s,May,5,English,No genre,0,Unknown,Unknown,,,,,No,85,,0,No,0.0,Unknown,Under 90 min,Under 50,No
652,Troy,Troy (2004),2004-05-13,2004,2000s,May,5,English,Adventure,3,Wolfgang Petersen,Brad Pitt,175000000,497409852,322409852,2.842,Yes,163,6.9,2759,Yes,66.8,$100M+,150+ min,"2,000-4,999",No
16428,Breakin' All the Rules,Breakin' All the Rules (2004),2004-05-14,2004,2000s,May,5,English,Comedy,2,Daniel Taplitz,Jamie Foxx,,,,,No,85,5.8,21,No,6.9,Unknown,Under 90 min,Under 50,No
8981,Dear Frankie,Dear Frankie (2004),2004-05-18,2004,2000s,May,5,English,Drama,2,Shona Auerbach,Gerard Butler,,,,,No,105,7.0,46,No,3.11,Unknown,90-109 min,Under 50,No
809,Shrek 2,Shrek 2 (2004),2004-05-19,2004,2000s,May,5,English,Adventure,5,Andrew Adamson,Mike Myers,150000000,919838758,769838758,6.132,Yes,93,6.7,2988,Yes,47.32,$100M+,90-109 min,"2,000-4,999",No
9550,House of Flying Daggers,House of Flying Daggers (2004),2004-05-19,2004,2000s,May,5,Other languages,Adventure,4,Zhang Yimou,Takeshi Kaneshiro,,92863945,,,No,119,7.1,439,Yes,21.06,Unknown,110-129 min,50-499,No
844,2046,2046 (2004),2004-05-20,2004,2000s,May,5,Other languages,Fantasy,4,Wong Kar-wai,Tony Leung Chiu-Wai,12000000,19271312,7271312,1.606,Yes,129,6.9,206,Yes,12.66,$10M-40M,110-129 min,50-499,No
435,The Day After Tomorrow,The Day After Tomorrow (2004),2004-05-26,2004,2000s,May,5,English,Action,4,Roland Emmerich,Dennis Quaid,125000000,544272402,419272402,4.354,Yes,124,6.2,2392,Yes,41.38,$100M+,110-129 min,"2,000-4,999",No
4599,Raising Helen,Raising Helen (2004),2004-05-27,2004,2000s,May,5,English,Drama,3,Garry Marshall,Kate Hudson,50000000,49718611,-281389,0.994,Yes,119,5.9,189,Yes,13.3,$40M-100M,110-129 min,50-499,No
12657,Soul Plane,Soul Plane (2004),2004-05-28,2004,2000s,May,5,English,Romance,2,Jessy Terrero,Tom Arnold,16000000,14822346,-1177654,0.926,Yes,86,4.7,108,Yes,9.4,$10M-40M,Under 90 min,50-499,No
11282,Harold & Kumar Go to White Castle,Harold & Kumar Go to White Castle (2004),2004-05-30,2004,2000s,May,5,English,Comedy,2,Danny Leiner,John Cho,9000000,23936908,14936908,2.66,Yes,88,6.6,693,Yes,18.51,Under $10M,Under 90 min,"500-1,999",No
673,Harry Potter and the Prisoner of Azkaban,Harry Potter and the Prisoner of Azkaban (2004),2004-05-31,2004,2000s,May,5,English,Adventure,3,Alfonso Cuarón,Daniel Radcliffe,130000000,789804554,659804554,6.075,Yes,141,7.7,5877,Yes,79.68,$100M+,130-149 min,"5,000+",No
9890,The Stepford Wives,The Stepford Wives (2004),2004-06-10,2004,2000s,Jun,6,English,Action,3,Frank Oz,Nicole Kidman,90000000,102000000,12000000,1.133,Yes,93,5.4,334,Yes,19.22,$40M-100M,90-109 min,50-499,No
8920,Garfield,Garfield (2004),2004-06-10,2004,2000s,Jun,6,English,Animation,3,Peter Hewitt,Bill Murray,50000000,200804534,150804534,4.016,Yes,80,5.2,820,Yes,17.67,$40M-100M,Under 90 min,"500-1,999",No
2789,The Chronicles of Riddick,The Chronicles of Riddick (2004),2004-06-11,2004,2000s,Jun,6,English,Action,2,David Twohy,Vin Diesel,105000000,115772733,10772733,1.103,Yes,119,6.3,1570,Yes,27.84,$100M+,110-129 min,"500-1,999",No
8193,Napoleon Dynamite,Napoleon Dynamite (2004),2004-06-11,2004,2000s,Jun,6,English,Comedy,1,Jared Hess,Jon Heder,400000,46118097,45718097,115.295,Yes,95,6.7,554,Yes,23.6,Under $10M,90-109 min,"500-1,999",No
16232,Mr. 3000,Mr. 3000 (2004),2004-06-15,2004,2000s,Jun,6,English,Comedy,2,Charles Stone III,Bernie Mac,30000000,21800302,-8199698,0.727,Yes,104,5.0,66,Yes,2.85,$10M-40M,90-109 min,50-499,No
10204,Around the World in 80 Days,Around the World in 80 Days (2004),2004-06-16,2004,2000s,Jun,6,English,Action,3,Frank Coraci,Jackie Chan,110000000,72178895,-37821105,0.656,Yes,120,5.7,672,Yes,22.64,$100M+,110-129 min,"500-1,999",No
594,The Terminal,The Terminal (2004),2004-06-17,2004,2000s,Jun,6,English,Comedy,2,Steven Spielberg,Tom Hanks,60000000,219417255,159417255,3.657,Yes,128,7.0,1910,Yes,57.75,$40M-100M,110-129 min,"500-1,999",No
9472,DodgeBall: A True Underdog Story,DodgeBall: A True Underdog Story (2004),2004-06-18,2004,2000s,Jun,6,English,Comedy,1,Rawson Marshall Thurber,Vince Vaughn,20000000,167722310,147722310,8.386,Yes,92,6.2,981,Yes,41.16,$10M-40M,90-109 min,"500-1,999",No
12153,White Chicks,White Chicks (2004),2004-06-23,2004,2000s,Jun,6,English,Comedy,1,Keenen Ivory Wayans,Shawn Wayans,37000000,113086475,76086475,3.056,Yes,109,6.3,679,Yes,28.7,$10M-40M,90-109 min,"500-1,999",No
558,Spider-Man 2,Spider-Man 2 (2004),2004-06-25,2004,2000s,Jun,6,English,Action,3,Sam Raimi,Tobey Maguire,200000000,783766341,583766341,3.919,Yes,127,6.7,4321,Yes,35.15,$100M+,110-129 min,"2,000-4,999",No
11036,The Notebook,The Notebook (2004),2004-06-25,2004,2000s,Jun,6,English,Romance,2,Nick Cassavetes,Rachel McAdams,29000000,115603229,86603229,3.986,Yes,123,7.7,3067,Yes,55.11,$10M-40M,110-129 min,"2,000-4,999",No
1777,Fahrenheit 9/11,Fahrenheit 9/11 (2004),2004-06-25,2004,2000s,Jun,6,English,Documentary,1,Michael Moore,Robert De Niro,6000000,119114517,113114517,19.852,Yes,122,6.8,397,Yes,16.21,Under $10M,110-129 min,50-499,No
3040,Night Watch,Night Watch (2004),2004-06-27,2004,2000s,Jun,6,Other languages,Fantasy,3,Timur Bekmambetov,Konstantin Khabenskiy,4200000,32000000,27800000,7.619,Yes,114,6.3,210,Yes,12.54,Under $10M,110-129 min,50-499,No
15237,De-Lovely,De-Lovely (2004),2004-07-02,2004,2000s,Jul,7,English,Drama,2,Irwin Winkler,Kevin Kline,20000000,,,,No,125,6.3,32,No,3.14,$10M-40M,110-129 min,Under 50,No
37694,Proud,Proud (2004),2004-07-02,2004,2000s,Jul,7,English,Drama,1,Mary Pat Kelly,Vernel Bagneris,,,,,No,87,5.5,3,No,0.02,Unknown,Under 90 min,Under 50,No
8699,Anchorman: The Legend of Ron Burgundy,Anchorman: The Legend of Ron Burgundy (2004),2004-07-09,2004,2000s,Jul,7,English,Comedy,1,Adam McKay,Will Ferrell,26000000,90574188,64574188,3.484,Yes,94,6.7,1493,Yes,29.34,$10M-40M,90-109 min,"500-1,999",No
9893,Sleepover,Sleepover (2004),2004-07-09,2004,2000s,Jul,7,English,Comedy,2,Joe Nussbaum,Alexa PenaVega,,,,,No,89,5.3,101,Yes,5.84,Unknown,Under 90 min,50-499,No
291,Riding Giants,Riding Giants (2004),2004-07-09,2004,2000s,Jul,7,English,Documentary,1,Stacy Peralta,Jeff Clark,2600000,3166000,566000,1.218,Yes,105,7.6,23,No,0.9,Under $10M,90-109 min,Under 50,No
11247,A Cinderella Story,A Cinderella Story (2004),2004-07-10,2004,2000s,Jul,7,English,Comedy,1,Mark Rosman,Hilary Duff,19000000,70067909,51067909,3.688,Yes,95,6.1,713,Yes,25.28,$10M-40M,90-109 min,"500-1,999",No
2048,"I, Robot","I, Robot (2004)",2004-07-15,2004,2000s,Jul,7,English,Action,2,Alex Proyas,Will Smith,120000000,347234916,227234916,2.894,Yes,115,6.7,3793,Yes,95.91,$100M+,110-129 min,"2,000-4,999",No
8953,Steamboy,Steamboy (2004),2004-07-17,2004,2000s,Jul,7,Other languages,Animation,3,Katsuhiro Ōtomo,Anne Suzuki,20000000,,,,No,126,6.4,102,Yes,9.13,$10M-40M,110-129 min,50-499,No
314,Catwoman,Catwoman (2004),2004-07-22,2004,2000s,Jul,7,English,Action,2,Pitof,Halle Berry,100000000,82102379,-17897621,0.821,Yes,104,4.2,808,Yes,32.27,$100M+,90-109 min,"500-1,999",No
1424,November,November (2004),2004-07-22,2004,2000s,Jul,7,English,Drama,3,Greg Harrison,Courteney Cox,,,,,No,73,4.9,11,No,5.74,Unknown,Under 90 min,Under 50,No
2502,The Bourne Supremacy,The Bourne Supremacy (2004),2004-07-23,2004,2000s,Jul,7,English,Action,3,Paul Greengrass,Matt Damon,75000000,288500217,213500217,3.847,Yes,108,7.2,2825,Yes,53.21,$40M-100M,90-109 min,"2,000-4,999",No
14623,Thunderbirds,Thunderbirds (2004),2004-07-23,2004,2000s,Jul,7,English,Action,6,Jonathan Frakes,Brady Corbet,57000000,28283637,-28716363,0.496,Yes,95,4.2,91,Yes,9.28,$40M-100M,90-109 min,50-499,No
18923,A Home at the End of the World,A Home at the End of the World (2004),2004-07-23,2004,2000s,Jul,7,English,Romance,2,Michael Mayer,Colin Farrell,6500000,1548955,-4951045,0.238,Yes,96,6.8,45,No,5.48,Under $10M,90-109 min,Under 50,No
401,Garden State,Garden State (2004),2004-07-28,2004,2000s,Jul,7,English,Comedy,3,Zach Braff,Zach Braff,2500000,26781723,24281723,10.713,Yes,102,7.1,618,Yes,30.58,Under $10M,90-109 min,"500-1,999",No
14462,The Manchurian Candidate,The Manchurian Candidate (2004),2004-07-30,2004,2000s,Jul,7,English,Drama,3,Jonathan Demme,Denzel Washington,80000000,96105964,16105964,1.201,Yes,129,6.2,393,Yes,21.39,$40M-100M,110-129 min,50-499,No
6947,The Village,The Village (2004),2004-07-30,2004,2000s,Jul,7,English,Drama,3,M. Night Shyamalan,Bryce Dallas Howard,60000000,256697520,196697520,4.278,Yes,108,6.2,1071,Yes,27.49,$40M-100M,90-109 min,"500-1,999",No
1538,Collateral,Collateral (2004),2004-08-04,2004,2000s,Aug,8,English,Drama,3,Michael Mann,Tom Cruise,65000000,217764291,152764291,3.35,Yes,120,7.0,1451,Yes,44.82,$40M-100M,110-129 min,"500-1,999",No
11130,The Princess Diaries 2: Royal Engagement,The Princess Diaries 2: Royal Engagement (2004),2004-08-06,2004,2000s,Aug,8,English,Comedy,4,Garry Marshall,Anne Hathaway,40000000,95149435,55149435,2.379,Yes,113,6.0,697,Yes,30.0,$40M-100M,110-129 min,"500-1,999",No
14846,Little Black Book,Little Black Book (2004),2004-08-06,2004,2000s,Aug,8,English,Comedy,3,Nick Hurran,Brittany Murphy,35000000,22034832,-12965168,0.63,Yes,111,5.2,112,Yes,6.25,$10M-40M,110-129 min,50-499,No
83,Open Water,Open Water (2004),2004-08-06,2004,2000s,Aug,8,English,Drama,2,Chris Kentis,Blanchard Ryan,130000,54667954,54537954,420.523,Yes,79,5.4,315,Yes,15.61,Under $10M,Under 90 min,50-499,No
14024,Raise Your Voice,Raise Your Voice (2004),2004-08-10,2004,2000s,Aug,8,English,Music,3,Sean McNamara,Hilary Duff,15000000,14867514,-132486,0.991,Yes,103,6.0,211,Yes,10.91,$10M-40M,90-109 min,50-499,No
395,AVP: Alien vs. Predator,AVP: Alien vs. Predator (2004),2004-08-12,2004,2000s,Aug,8,English,Adventure,3,Paul W.S. Anderson,Sanaa Lathan,70000000,171183863,101183863,2.445,Yes,101,5.5,1217,Yes,42.96,$40M-100M,90-109 min,"500-1,999",No
11026,Exorcist: The Beginning,Exorcist: The Beginning (2004),2004-08-20,2004,2000s,Aug,8,English,Horror,3,Renny Harlin,Stellan Skarsgård,80000000,78000586,-1999414,0.975,Yes,114,4.7,183,Yes,15.76,$40M-100M,110-129 min,50-499,No
10762,Without a Paddle,Without a Paddle (2004),2004-08-20,2004,2000s,Aug,8,English,Action,4,Steven Brill,Seth Green,19000000,69631118,50631118,3.665,Yes,95,5.3,214,Yes,8.58,$10M-40M,90-109 min,50-499,No
9709,My Summer of Love,My Summer of Love (2004),2004-08-20,2004,2000s,Aug,8,English,Drama,3,Paweł Pawlikowski,Natalie Press,,,,,No,86,6.0,59,Yes,3.94,Unknown,Under 90 min,50-499,No
11237,Anacondas: The Hunt for the Blood Orchid,Anacondas: The Hunt for the Blood Orchid (2004),2004-08-26,2004,2000s,Aug,8,English,Adventure,5,Dwight H. Little,Johnny Messner,20000000,70992898,50992898,3.55,Yes,97,4.9,199,Yes,9.86,$10M-40M,90-109 min,50-499,No
8080,Suspect Zero,Suspect Zero (2004),2004-08-27,2004,2000s,Aug,8,English,Crime,2,E. Elias Merhige,Carrie-Anne Moss,27000000,13000000,-14000000,0.481,Yes,99,5.5,98,Yes,8.72,$10M-40M,90-109 min,50-499,No
31117,Superbabies: Baby Geniuses 2,Superbabies: Baby Geniuses 2 (2004),2004-08-27,2004,2000s,Aug,8,English,Comedy,2,Bob Clark,Jon Voight,,9109322,,,No,88,1.9,35,No,5.89,Unknown,Under 90 min,Under 50,No
12703,The Brown Bunny,The Brown Bunny (2004),2004-08-27,2004,2000s,Aug,8,English,Drama,1,Vincent Gallo,Vincent Gallo,10000000,,,,No,93,5.5,62,Yes,3.41,$10M-40M,90-109 min,50-499,No
11632,Vanity Fair,Vanity Fair (2004),2004-09-01,2004,2000s,Sep,9,English,Drama,2,Mira Nair,Reese Witherspoon,23000000,16123851,-6876149,0.701,Yes,141,5.5,73,Yes,6.62,$10M-40M,130-149 min,50-499,No
39851,Clean,Clean (2004),2004-09-01,2004,2000s,Sep,9,English,Drama,1,Olivier Assayas,Maggie Cheung,,,,,No,111,6.7,17,No,1.46,Unknown,110-129 min,Under 50,No
342,Summer Storm,Summer Storm (2004),2004-09-02,2004,2000s,Sep,9,Other languages,Comedy,2,Marco Kreuzpaintner,Robert Stadlober,2700000,,,,No,98,6.7,59,Yes,3.12,Under $10M,90-109 min,50-499,No
11208,Wicker Park,Wicker Park (2004),2004-09-03,2004,2000s,Sep,9,English,Drama,4,Paul McGuigan,Josh Hartnett,30000000,13001257,-16998743,0.433,Yes,114,6.7,157,Yes,9.3,$10M-40M,110-129 min,50-499,No
11162,The Merchant of Venice,The Merchant of Venice (2004),2004-09-03,2004,2000s,Sep,9,English,Drama,2,Michael Radford,Al Pacino,,,,,No,138,6.7,144,Yes,12.47,Unknown,130-149 min,50-499,No
15644,Paparazzi,Paparazzi (2004),2004-09-03,2004,2000s,Sep,9,English,Action,3,Paul Abascal,Cole Hauser,20000000,16605763,-3394237,0.83,Yes,84,5.8,52,Yes,9.15,$10M-40M,Under 90 min,50-499,No
18701,Being Julia,Being Julia (2004),2004-09-03,2004,2000s,Sep,9,English,Comedy,3,István Szabó,Michael Gambon,,,,,No,104,6.4,23,No,1.95,Unknown,90-109 min,Under 50,No
18475,The Cookout,The Cookout (2004),2004-09-03,2004,2000s,Sep,9,English,Comedy,2,Lance Rivera,Ja Rule,16000000,,,,No,97,4.6,10,No,0.83,$10M-40M,90-109 min,Under 50,No
1913,The Sea Inside,The Sea Inside (2004),2004-09-03,2004,2000s,Sep,9,Other languages,Drama,1,Alejandro Amenábar,Javier Bardem,12806000,38535221,25729221,3.009,Yes,125,7.2,219,Yes,17.36,$10M-40M,110-129 min,50-499,No
464,As It Is in Heaven,As It Is in Heaven (2004),2004-09-03,2004,2000s,Sep,9,Other languages,Romance,4,Kay Pollak,Michael Nyqvist,,,,,No,132,6.9,42,No,4.32,Unknown,130-149 min,Under 50,No
11184,Kinsey,Kinsey (2004),2004-09-04,2004,2000s,Sep,9,English,Drama,1,Bill Condon,Liam Neeson,,,,,No,118,6.6,131,Yes,6.8,Unknown,110-129 min,50-499,No
9759,Cellular,Cellular (2004),2004-09-06,2004,2000s,Sep,9,English,Action,4,David R. Ellis,Chris Evans,25000000,56422687,31422687,2.257,Yes,94,6.1,537,Yes,24.46,$10M-40M,90-109 min,"500-1,999",No
10740,Birth,Birth (2004),2004-09-08,2004,2000s,Sep,9,English,Drama,3,Jonathan Glazer,Nicole Kidman,20000000,,,,No,100,5.9,179,Yes,7.7,$10M-40M,90-109 min,50-499,No
613,Downfall,Downfall (2004),2004-09-08,2004,2000s,Sep,9,Other languages,Drama,3,Oliver Hirschbiegel,Bruno Ganz,18339750,92180910,73841160,5.026,Yes,156,7.7,1037,Yes,32.45,$10M-40M,150+ min,"500-1,999",No
1577,Resident Evil: Apocalypse,Resident Evil: Apocalypse (2004),2004-09-10,2004,2000s,Sep,9,English,Horror,3,Alexander Witt,Milla Jovovich,45000000,129394835,84394835,2.875,Yes,94,6.1,1267,Yes,29.88,$40M-100M,90-109 min,"500-1,999",No
1599,I Heart Huckabees,I Heart Huckabees (2004),2004-09-10,2004,2000s,Sep,9,English,Comedy,2,David O. Russell,Jason Schwartzman,22000000,,,,No,106,6.2,239,Yes,14.93,$10M-40M,90-109 min,50-499,No
54702,Malevolence,Malevolence (2004),2004-09-10,2004,2000s,Sep,9,English,Crime,3,Stevan Mena,Samantha Dark,450000,,,,No,90,4.9,14,No,1.08,Under $10M,90-109 min,Under 50,No
205,Hotel Rwanda,Hotel Rwanda (2004),2004-09-11,2004,2000s,Sep,9,English,Drama,3,Terry George,Don Cheadle,17500000,38000000,20500000,2.171,Yes,121,7.5,793,Yes,28.61,$10M-40M,110-129 min,"500-1,999",No
25248,Saint Ralph,Saint Ralph (2004),2004-09-11,2004,2000s,Sep,9,English,Comedy,2,Michael McGowan,Adam Butcher,,,,,No,95,7.3,24,No,1.69,Unknown,90-109 min,Under 50,No
78307,On the Outs,On the Outs (2004),2004-09-11,2004,2000s,Sep,9,English,Drama,1,Lori Silverbush,Judy Marte,,,,,No,86,5.9,6,No,0.49,Unknown,Under 90 min,Under 50,No
19316,Saving Face,Saving Face (2004),2004-09-12,2004,2000s,Sep,9,English,Comedy,2,Alice Wu,Michelle Krusiec,,,,,No,91,6.8,32,No,2.49,Unknown,90-109 min,Under 50,No
12109,It's All Gone Pete Tong,It's All Gone Pete Tong (2004),2004-09-12,2004,2000s,Sep,9,English,Drama,3,Michael Dowse,Paul Kaye,2000000,120620,-1879380,0.06,Yes,90,7.1,52,Yes,3.91,Under $10M,90-109 min,50-499,No
11823,Wimbledon,Wimbledon (2004),2004-09-13,2004,2000s,Sep,9,English,Comedy,2,Richard Loncraine,Kirsten Dunst,31000000,41512007,10512007,1.339,Yes,98,6.0,293,Yes,16.74,$10M-40M,90-109 min,50-499,No
25350,Imaginary Heroes,Imaginary Heroes (2004),2004-09-14,2004,2000s,Sep,9,English,Comedy,2,Dan Harris,Sigourney Weaver,10000000,,,,No,111,6.3,29,No,2.85,$10M-40M,110-129 min,Under 50,No
7548,The Libertine,The Libertine (2004),2004-09-16,2004,2000s,Sep,9,English,Drama,2,Laurence Dunmore,Johnny Depp,,,,,No,114,5.9,128,Yes,7.59,Unknown,110-129 min,50-499,No
5137,Sky Captain and the World of Tomorrow,Sky Captain and the World of Tomorrow (2004),2004-09-17,2004,2000s,Sep,9,English,Mystery,5,Kerry Conran,Jude Law,70000000,57958696,-12041304,0.828,Yes,107,5.7,439,Yes,24.66,$40M-100M,90-109 min,50-499,No
10555,Shark Tale,Shark Tale (2004),2004-09-20,2004,2000s,Sep,9,English,Animation,4,Vicky Jenson,Will Smith,75000000,367275019,292275019,4.897,Yes,90,5.8,1557,Yes,47.09,$40M-100M,90-109 min,"500-1,999",No
78705,Live-In Maid,Live-In Maid (2004),2004-09-21,2004,2000s,Sep,9,English,Drama,2,Jorge Gaggero,Norma Aleandro,,,,,No,83,7.8,3,No,0.04,Unknown,Under 90 min,Under 50,No
157909,Show Me,Show Me (2004),2004-09-23,2004,2000s,Sep,9,English,Drama,2,Cassandra Nicolaou,Michelle Nolden,,,,,No,97,5.6,4,No,0.23,Unknown,90-109 min,Under 50,No
26486,The Last Shot,The Last Shot (2004),2004-09-24,2004,2000s,Sep,9,English,Action,2,Jeff Nathanson,Matthew Broderick,,,,,No,90,5.9,15,No,6.77,Unknown,90-109 min,Under 50,No
62402,Guiana 1838,Guiana 1838 (2004),2004-09-24,2004,2000s,Sep,9,English,Drama,1,Rohit Jagessar,Aasheekaa Bathija,,,,,No,120,2.8,3,No,0.03,Unknown,110-129 min,Under 50,No
12877,Dead Man's Shoes,Dead Man's Shoes (2004),2004-09-29,2004,2000s,Sep,9,English,Drama,3,Shane Meadows,Paddy Considine,,,,,No,90,7.2,151,Yes,12.82,Unknown,90-109 min,50-499,No
4836,Layer Cake,Layer Cake (2004),2004-09-30,2004,2000s,Sep,9,English,Drama,3,Matthew Vaughn,Daniel Craig,6500000,11850214,5350214,1.823,Yes,105,7.0,559,Yes,24.0,Under $10M,90-109 min,"500-1,999",No
44634,Woman Thou Art Loosed,Woman Thou Art Loosed (2004),2004-09-30,2004,2000s,Sep,9,English,Drama,1,Michael Schultz,Kimberly Elise,3000000,6804016,3804016,2.268,Yes,94,5.0,3,No,0.02,Under $10M,90-109 min,Under 50,No
11128,Ladder 49,Ladder 49 (2004),2004-10-01,2004,2000s,Oct,10,English,Drama,3,Jay Russell,Joaquin Phoenix,60000000,74541707,14541707,1.242,Yes,115,6.2,207,Yes,11.0,$40M-100M,110-129 min,50-499,No
176,Saw,Saw (2004),2004-10-01,2004,2000s,Oct,10,English,Horror,3,James Wan,Cary Elwes,1200000,103911669,102711669,86.593,Yes,103,7.2,2184,Yes,63.66,Under $10M,90-109 min,"2,000-4,999",No
14337,Primer,Primer (2004),2004-10-08,2004,2000s,Oct,10,English,Science Fiction,3,Shane Carruth,Shane Carruth,7000,424760,417760,60.68,Yes,77,6.9,658,Yes,23.31,Under $10M,Under 90 min,"500-1,999",No
3989,Team America: World Police,Team America: World Police (2004),2004-10-10,2004,2000s,Oct,10,English,Music,5,Trey Parker,Trey Parker,32000000,50907422,18907422,1.591,Yes,98,6.6,660,Yes,26.51,$10M-40M,90-109 min,"500-1,999",No
71547,Fascination,Fascination (2004),2004-10-13,2004,2000s,Oct,10,Other languages,Romance,2,Klaus Menzel,Jacqueline Bisset,,,,,No,95,3.8,4,No,0.22,Unknown,90-109 min,Under 50,No
4380,Shall We Dance?,Shall We Dance? (2004),2004-10-15,2004,2000s,Oct,10,English,Drama,3,Peter Chelsom,Richard Gere,50000000,170128460,120128460,3.403,Yes,107,5.9,297,Yes,14.23,$40M-100M,90-109 min,50-499,No
16358,Eulogy,Eulogy (2004),2004-10-15,2004,2000s,Oct,10,English,Comedy,2,Michael Clancy,Hank Azaria,,,,,No,91,6.4,34,No,9.09,Unknown,90-109 min,Under 50,No
866,Finding Neverland,Finding Neverland (2004),2004-10-17,2004,2000s,Oct,10,English,Drama,1,Marc Forster,Johnny Depp,25000000,116766556,91766556,4.671,Yes,106,7.2,1223,Yes,34.16,$10M-40M,90-109 min,"500-1,999",No
8849,Alfie,Alfie (2004),2004-10-22,2004,2000s,Oct,10,English,Comedy,1,Charles Shyer,Jude Law,60000000,13395939,-46604061,0.223,Yes,103,5.6,248,Yes,15.22,$40M-100M,90-109 min,50-499,No
9675,Sideways,Sideways (2004),2004-10-22,2004,2000s,Oct,10,English,Comedy,3,Alexander Payne,Paul Giamatti,16000000,109502303,93502303,6.844,Yes,126,6.9,478,Yes,23.43,$10M-40M,110-129 min,50-499,No
11109,Vera Drake,Vera Drake (2004),2004-10-22,2004,2000s,Oct,10,English,Crime,2,Mike Leigh,Imelda Staunton,11000000,,,,No,125,6.8,80,Yes,4.13,$10M-40M,110-129 min,50-499,No
1970,The Grudge,The Grudge (2004),2004-10-22,2004,2000s,Oct,10,English,Horror,3,Takashi Shimizu,Sarah Michelle Gellar,10000000,183474602,173474602,18.347,Yes,92,5.8,865,Yes,35.7,$10M-40M,90-109 min,"500-1,999",No
2841,A Very Long Engagement,A Very Long Engagement (2004),2004-10-26,2004,2000s,Oct,10,Other languages,Drama,1,Jean-Pierre Jeunet,Audrey Tautou,47000000,,,,No,133,7.1,346,Yes,23.05,$40M-100M,130-149 min,50-499,No
1677,Ray,Ray (2004),2004-10-29,2004,2000s,Oct,10,English,Drama,2,Taylor Hackford,Jamie Foxx,40000000,124731534,84731534,3.118,Yes,152,7.2,467,Yes,21.74,$40M-100M,150+ min,50-499,No
9806,The Incredibles,The Incredibles (2004),2004-11-05,2004,2000s,Nov,11,English,Action,4,Brad Bird,Craig T. Nelson,92000000,631442092,539442092,6.864,Yes,115,7.4,5152,Yes,77.82,$40M-100M,110-129 min,"5,000+",No
10045,District B13,District B13 (2004),2004-11-09,2004,2000s,Nov,11,Other languages,Action,3,Pierre Morel,David Belle,12000000,9584131,-2415869,0.799,Yes,84,6.5,565,Yes,17.49,$10M-40M,Under 90 min,"500-1,999",No
5255,The Polar Express,The Polar Express (2004),2004-11-10,2004,2000s,Nov,11,English,Adventure,4,Robert Zemeckis,Tom Hanks,165000000,305875730,140875730,1.854,Yes,100,6.4,1474,Yes,47.32,$100M+,90-109 min,"500-1,999",No
9801,Bridget Jones: The Edge of Reason,Bridget Jones: The Edge of Reason (2004),2004-11-10,2004,2000s,Nov,11,English,Comedy,2,Beeban Kidron,Renée Zellweger,50000000,40203020,-9796980,0.804,Yes,108,6.1,750,Yes,28.8,$40M-100M,90-109 min,"500-1,999",No
11249,Seed of Chucky,Seed of Chucky (2004),2004-11-11,2004,2000s,Nov,11,English,Drama,3,Don Mancini,Brad Dourif,12000000,24829644,12829644,2.069,Yes,87,4.9,287,Yes,12.65,$10M-40M,Under 90 min,50-499,No
10589,After the Sunset,After the Sunset (2004),2004-11-12,2004,2000s,Nov,11,English,Action,4,Brett Ratner,Pierce Brosnan,60000000,61347797,1347797,1.022,Yes,97,6.0,226,Yes,14.11,$40M-100M,90-109 min,50-499,No
4251,Veer-Zaara,Veer-Zaara (2004),2004-11-12,2004,2000s,Nov,11,Other languages,Drama,2,Yash Chopra,Shah Rukh Khan,7000000,29385320,22385320,4.198,Yes,192,7.4,64,Yes,3.72,Under $10M,150+ min,50-499,No
11836,The SpongeBob SquarePants Movie,The SpongeBob SquarePants Movie (2004),2004-11-14,2004,2000s,Nov,11,English,Animation,3,Stephen Hillenburg,Tom Kenny,30000000,140161792,110161792,4.672,Yes,87,6.7,574,Yes,27.87,$10M-40M,Under 90 min,"500-1,999",No
2059,National Treasure,National Treasure (2004),2004-11-19,2004,2000s,Nov,11,English,Adventure,4,Jon Turteltaub,Nicolas Cage,100000000,347451894,247451894,3.475,Yes,131,6.4,1926,Yes,58.85,$100M+,130-149 min,"500-1,999",No
4935,Howl's Moving Castle,Howl's Moving Castle (2004),2004-11-19,2004,2000s,Nov,11,Other languages,Fantasy,3,Hayao Miyazaki,Takuya Kimura,24000000,234710455,210710455,9.78,Yes,119,8.2,1991,Yes,49.55,$10M-40M,110-129 min,"500-1,999",No
1966,Alexander,Alexander (2004),2004-11-21,2004,2000s,Nov,11,English,War,6,Oliver Stone,Colin Farrell,155000000,167298192,12298192,1.079,Yes,175,5.6,927,Yes,39.02,$100M+,150+ min,"500-1,999",No
25786,Samantha: An American Girl Holiday,Samantha: An American Girl Holiday (2004),2004-11-23,2004,2000s,Nov,11,English,Drama,2,Nadia Tass,Mia Farrow,,,,,No,86,4.6,9,No,4.98,Unknown,Under 90 min,Under 50,No
13673,Christmas with the Kranks,Christmas with the Kranks (2004),2004-11-24,2004,2000s,Nov,11,English,Comedy,2,Joe Roth,Tim Allen,60000000,,,,No,99,5.2,193,Yes,9.23,$40M-100M,90-109 min,50-499,No
36046,The Work and the Glory,The Work and the Glory (2004),2004-11-24,2004,2000s,Nov,11,English,Drama,2,Russell Holt,Sam Hennings,7500000,3347647,-4152353,0.446,Yes,110,6.1,7,No,0.57,Under $10M,110-129 min,Under 50,No
2288,Closer,Closer (2004),2004-12-01,2004,2000s,Dec,12,English,Drama,2,Mike Nichols,Julia Roberts,27000000,115505027,88505027,4.278,Yes,104,6.7,811,Yes,22.64,$10M-40M,90-109 min,"500-1,999",No
17047,Agent Cody Banks 2: Destination London,Agent Cody Banks 2: Destination London (2004),2004-12-03,2004,2000s,Dec,12,English,Comedy,1,Kevin Allen,Frankie Muniz,26000000,28818995,2818995,1.108,Yes,100,5.2,144,Yes,10.93,$10M-40M,90-109 min,50-499,No
126141,The Case of the Grinning Cat,The Case of the Grinning Cat (2004),2004-12-05,2004,2000s,Dec,12,English,Documentary,1,Chris Marker,Unknown,,,,,No,59,7.7,3,No,0.09,Unknown,Under 90 min,Under 50,No
36648,Blade: Trinity,Blade: Trinity (2004),2004-12-08,2004,2000s,Dec,12,English,Science Fiction,6,David S. Goyer,Wesley Snipes,65000000,128905366,63905366,1.983,Yes,123,5.7,1252,Yes,49.66,$40M-100M,110-129 min,"500-1,999",No
9833,The Phantom of the Opera,The Phantom of the Opera (2004),2004-12-08,2004,2000s,Dec,12,English,Thriller,3,Joel Schumacher,Gerard Butler,70000000,154648887,84648887,2.209,Yes,143,7.0,438,Yes,18.93,$40M-100M,130-149 min,50-499,No
163,Ocean's Twelve,Ocean's Twelve (2004),2004-12-09,2004,2000s,Dec,12,English,Thriller,2,Steven Soderbergh,George Clooney,110000000,362744280,252744280,3.298,Yes,125,6.4,2124,Yes,76.84,$100M+,110-129 min,"2,000-4,999",No
421,The Life Aquatic with Steve Zissou,The Life Aquatic with Steve Zissou (2004),2004-12-10,2004,2000s,Dec,12,English,Adventure,3,Wes Anderson,Bill Murray,50000000,34808403,-15191597,0.696,Yes,119,7.1,775,Yes,25.24,$40M-100M,110-129 min,"500-1,999",No
15045,Fat Albert,Fat Albert (2004),2004-12-12,2004,2000s,Dec,12,English,Comedy,3,Joel Zwick,Kenan Thompson,,,,,No,93,4.3,69,Yes,7.16,Unknown,90-109 min,50-499,No
70,Million Dollar Baby,Million Dollar Baby (2004),2004-12-15,2004,2000s,Dec,12,English,Drama,1,Clint Eastwood,Clint Eastwood,30000000,216763646,186763646,7.225,Yes,132,7.7,2439,Yes,70.46,$10M-40M,130-149 min,"2,000-4,999",No
2567,The Aviator,The Aviator (2004),2004-12-17,2004,2000s,Dec,12,English,Drama,1,Martin Scorsese,Leonardo DiCaprio,116000000,102000000,-14000000,0.879,Yes,170,7.0,1489,Yes,45.62,$100M+,150+ min,"500-1,999",No
2539,Spanglish,Spanglish (2004),2004-12-17,2004,2000s,Dec,12,English,Comedy,1,James L. Brooks,Adam Sandler,80000000,55041367,-24958633,0.688,Yes,130,5.8,369,Yes,14.21,$40M-100M,130-149 min,50-499,No
11866,Flight of the Phoenix,Flight of the Phoenix (2004),2004-12-17,2004,2000s,Dec,12,English,Action,4,John Moore,Dennis Quaid,45000000,21009180,-23990820,0.467,Yes,113,5.7,276,Yes,20.37,$40M-100M,110-129 min,50-499,No
6478,Beyond the Sea,Beyond the Sea (2004),2004-12-17,2004,2000s,Dec,12,English,Drama,2,Kevin Spacey,Kevin Spacey,23000000,,,,No,118,6.5,55,Yes,6.14,$10M-40M,110-129 min,50-499,No
48463,Incident at Loch Ness,Incident at Loch Ness (2004),2004-12-17,2004,2000s,Dec,12,English,Adventure,3,Zak Penn,Werner Herzog,,,,,No,94,5.9,18,No,1.45,Unknown,90-109 min,Under 50,No
693,Meet the Fockers,Meet the Fockers (2004),2004-12-22,2004,2000s,Dec,12,English,Comedy,2,Jay Roach,Ben Stiller,80000000,516642939,436642939,6.458,Yes,115,6.1,1373,Yes,32.83,$40M-100M,110-129 min,"500-1,999",No
1901,In Good Company,In Good Company (2004),2004-12-29,2004,2000s,Dec,12,English,Comedy,3,Paul Weitz,Topher Grace,,,,,No,109,5.9,194,Yes,15.38,Unknown,90-109 min,50-499,No
29078,The Game of Their Lives,The Game of Their Lives (2005),2005-01-01,2005,2000s,Jan,1,English,Drama,1,David Anspaugh,Gerard Butler,,,,,No,101,5.8,14,No,2.01,Unknown,90-109 min,Under 50,No
9288,Dungeons & Dragons: Wrath of the Dragon God,Dungeons & Dragons: Wrath of the Dragon God (2005),2005-01-01,2005,2000s,Jan,1,English,Action,3,Gerry Lively,Bruce Payne,,,,,No,105,4.8,36,No,4.9,Unknown,90-109 min,Under 50,No
67373,This Thing of Ours,This Thing of Ours (2005),2005-01-01,2005,2000s,Jan,1,English,Drama,3,Danny Provenzano,James Caan,,,,,No,100,5.0,1,No,0.05,Unknown,90-109 min,Under 50,No
20520,The Motel,The Motel (2005),2005-01-01,2005,2000s,Jan,1,English,Drama,2,Michael Kang,Jeffrey Chyau,,,,,No,75,7.0,3,No,0.12,Unknown,Under 90 min,Under 50,No
20981,The Call of Cthulhu,The Call of Cthulhu (2005),2005-01-01,2005,2000s,Jan,1,English,Horror,3,Andrew Leman,Matt Foyer,50000,,,,No,47,6.9,41,No,1.78,Under $10M,Under 90 min,Under 50,No
6439,Racing Stripes,Racing Stripes (2005),2005-01-06,2005,2000s,Jan,1,English,Comedy,1,Frederik Du Chau,Frankie Muniz,30000000,93772522,63772522,3.126,Yes,102,5.1,123,Yes,8.06,$10M-40M,90-109 min,50-499,No
1690,Hostel,Hostel (2005),2005-01-06,2005,2000s,Jan,1,English,Horror,1,Eli Roth,Jay Hernandez,4800000,80578934,75778934,16.787,Yes,94,5.7,887,Yes,38.83,Under $10M,90-109 min,"500-1,999",No
11804,White Noise,White Noise (2005),2005-01-07,2005,2000s,Jan,1,English,Drama,3,Geoffrey Sax,Michael Keaton,10000000,91196419,81196419,9.12,Yes,101,5.6,261,Yes,14.45,$10M-40M,90-109 min,50-499,No
9947,Elektra,Elektra (2005),2005-01-13,2005,2000s,Jan,1,English,Action,2,Rob Bowman,Jennifer Garner,43000000,56681566,13681566,1.318,Yes,97,4.8,575,Yes,28.61,$40M-100M,90-109 min,"500-1,999",No
51820,The Salon,The Salon (2005),2005-01-13,2005,2000s,Jan,1,English,Comedy,1,Mark Brown,Dondre Whitfield,1500000,,,,No,,3.5,1,No,2.03,Under $10M,Unknown,Under 50,No
7214,Coach Carter,Coach Carter (2005),2005-01-14,2005,2000s,Jan,1,English,Drama,1,Thomas Carter,Samuel L. Jackson,30000000,76669806,46669806,2.556,Yes,136,7.3,496,Yes,23.23,$10M-40M,130-149 min,50-499,No
2652,Hard Candy,Hard Candy (2005),2005-01-14,2005,2000s,Jan,1,English,Drama,2,David Slade,Patrick Wilson,950000,7022209,6072209,7.392,Yes,103,6.8,701,Yes,25.92,Under $10M,90-109 min,"500-1,999",No
7453,The Hitchhiker's Guide to the Galaxy,The Hitchhiker's Guide to the Galaxy (2005),2005-01-15,2005,2000s,Jan,1,English,Adventure,4,Garth Jennings,Martin Freeman,50000000,104478416,54478416,2.09,Yes,109,6.6,1315,Yes,51.74,$40M-100M,90-109 min,"500-1,999",No
2287,Rize,Rize (2005),2005-01-15,2005,2000s,Jan,1,English,Documentary,1,David LaChapelle,Christopher Toler,,,,,No,86,5.9,13,No,1.62,Unknown,Under 90 min,Under 50,No
24055,The Puffy Chair,The Puffy Chair (2005),2005-01-17,2005,2000s,Jan,1,English,Drama,3,Jay Duplass,Mark Duplass,,,,,No,85,6.2,15,No,1.24,Unknown,Under 90 min,Under 50,No
8978,Assault on Precinct 13,Assault on Precinct 13 (2005),2005-01-19,2005,2000s,Jan,1,English,Thriller,1,Jean-François Richet,Ethan Hawke,30000000,35294470,5294470,1.176,Yes,109,6.0,311,Yes,18.71,$10M-40M,90-109 min,50-499,No
11637,Are We There Yet?,Are We There Yet? (2005),2005-01-20,2005,2000s,Jan,1,English,Adventure,4,Brian Levant,Ice Cube,32000000,97918663,65918663,3.06,Yes,95,5.2,221,Yes,13.59,$10M-40M,90-109 min,50-499,No
10913,Dear Wendy,Dear Wendy (2005),2005-01-22,2005,2000s,Jan,1,English,Comedy,4,Thomas Vinterberg,Jamie Bell,,,,,No,105,5.6,33,No,2.6,Unknown,90-109 min,Under 50,No
11354,The Upside of Anger,The Upside of Anger (2005),2005-01-23,2005,2000s,Jan,1,English,Comedy,2,Mike Binder,Joan Allen,,,,,No,118,6.4,72,Yes,6.25,Unknown,110-129 min,50-499,No
1546,Thumbsucker,Thumbsucker (2005),2005-01-23,2005,2000s,Jan,1,English,Comedy,2,Mike Mills,Lou Taylor Pucci,,1919197,,,No,96,6.1,67,Yes,4.76,Unknown,90-109 min,50-499,No
14517,Mirrormask,Mirrormask (2005),2005-01-25,2005,2000s,Jan,1,English,Fantasy,1,Dave McKean,Stephanie Leonidas,4000000,866999,-3133001,0.217,Yes,101,6.6,102,Yes,7.76,Under $10M,90-109 min,50-499,No
1667,March of the Penguins,March of the Penguins (2005),2005-01-26,2005,2000s,Jan,1,Other languages,Documentary,2,Luc Jacquet,Morgan Freeman,8000000,127392239,119392239,15.924,Yes,80,6.9,358,Yes,17.54,Under $10M,Under 90 min,50-499,No
11096,Hide and Seek,Hide and Seek (2005),2005-01-27,2005,2000s,Jan,1,English,Horror,3,John Polson,Robert De Niro,25000000,122644820,97644820,4.906,Yes,101,6.1,440,Yes,18.23,$10M-40M,90-109 min,50-499,No
12142,Alone in the Dark,Alone in the Dark (2005),2005-01-28,2005,2000s,Jan,1,English,Action,4,Uwe Boll,Christian Slater,20000000,10442808,-9557192,0.522,Yes,96,3.1,173,Yes,9.29,$10M-40M,90-109 min,50-499,No
64973,"Peace, Propaganda & the Promised Land","Peace, Propaganda & the Promised Land (2005)",2005-01-28,2005,2000s,Jan,1,English,Documentary,1,Sut Jhally,Unknown,,,,,No,80,6.4,4,No,0.02,Unknown,Under 90 min,Under 50,No
1544,Imagine Me & You,Imagine Me & You (2005),2005-02-01,2005,2000s,Feb,2,English,Drama,3,Ol Parker,Piper Perabo,,2455831,,,No,93,7.0,177,Yes,9.1,Unknown,90-109 min,50-499,No
10027,Unleashed,Unleashed (2005),2005-02-02,2005,2000s,Feb,2,English,Action,2,Louis Leterrier,Jet Li,45000000,50871113,5871113,1.13,Yes,103,6.6,518,Yes,26.0,$40M-100M,90-109 min,"500-1,999",No
8968,Boogeyman,Boogeyman (2005),2005-02-04,2005,2000s,Feb,2,English,Thriller,4,Stephen T. Kay,Emily Deschanel,20000000,67192859,47192859,3.36,Yes,89,4.6,191,Yes,11.62,$10M-40M,Under 90 min,50-499,No
6961,The Wedding Date,The Wedding Date (2005),2005-02-04,2005,2000s,Feb,2,English,Comedy,2,Clare Kilner,Debra Messing,15000000,47175038,32175038,3.145,Yes,88,6.2,230,Yes,10.19,$10M-40M,Under 90 min,50-499,No
8488,Hitch,Hitch (2005),2005-02-10,2005,2000s,Feb,2,English,Comedy,3,Andy Tennant,Will Smith,70000000,368100420,298100420,5.259,Yes,118,6.4,1665,Yes,34.58,$40M-100M,110-129 min,"500-1,999",No
41508,Fateless,Fateless (2005),2005-02-10,2005,2000s,Feb,2,Other languages,War,2,Lajos Koltai,Marcell Nagy,,,,,No,140,6.5,28,No,1.91,Unknown,130-149 min,Under 50,No
7515,London,London (2005),2005-02-10,2005,2000s,Feb,2,English,Drama,3,Hunter Richards,Chris Evans,,,,,No,92,6.1,96,Yes,5.35,Unknown,90-109 min,50-499,No
13682,Pooh's Heffalump Movie,Pooh's Heffalump Movie (2005),2005-02-11,2005,2000s,Feb,2,English,Animation,2,Frank Nissen,Jim Cummings,,,,,No,68,6.4,88,Yes,9.03,Unknown,Under 90 min,50-499,No
12228,Inside Deep Throat,Inside Deep Throat (2005),2005-02-11,2005,2000s,Feb,2,English,History,2,Fenton Bailey,Dennis Hopper,2000000,653621,-1346379,0.327,Yes,92,6.8,31,No,3.98,Under $10M,90-109 min,Under 50,No
9701,North Country,North Country (2005),2005-02-12,2005,2000s,Feb,2,English,Drama,1,Niki Caro,Charlize Theron,35000000,25224242,-9775758,0.721,Yes,126,6.8,125,Yes,12.78,$10M-40M,110-129 min,50-499,No
10214,Son of the Mask,Son of the Mask (2005),2005-02-18,2005,2000s,Feb,2,English,Fantasy,4,Lawrence Guterman,Jamie Kennedy,84000000,,,,No,94,3.6,338,Yes,17.82,$40M-100M,90-109 min,50-499,No
17880,Because of Winn-Dixie,Because of Winn-Dixie (2005),2005-02-18,2005,2000s,Feb,2,English,Comedy,3,Wayne Wang,Jeff Daniels,14000000,32645546,18645546,2.332,Yes,106,6.1,61,Yes,3.33,$10M-40M,90-109 min,50-499,No
13498,Man of the House,Man of the House (2005),2005-02-25,2005,2000s,Feb,2,English,Comedy,2,Stephen Herek,Tommy Lee Jones,40000000,,,,No,100,5.4,120,Yes,6.0,$40M-100M,90-109 min,50-499,No
10012,Cursed,Cursed (2005),2005-02-25,2005,2000s,Feb,2,English,Horror,2,Wes Craven,Portia de Rossi,35000000,19294901,-15705099,0.551,Yes,97,5.1,167,Yes,11.2,$10M-40M,90-109 min,50-499,No
16186,Diary of a Mad Black Woman,Diary of a Mad Black Woman (2005),2005-02-25,2005,2000s,Feb,2,English,Comedy,3,Darren Grant,Kimberly Elise,,,,,No,116,6.4,71,Yes,3.78,Unknown,110-129 min,50-499,No
40769,Mutual Appreciation,Mutual Appreciation (2005),2005-03-01,2005,2000s,Mar,3,English,Drama,2,Andrew Bujalski,Justin Rice,500000,,,,No,109,6.1,8,No,0.12,Under $10M,90-109 min,Under 50,No
4551,Be Cool,Be Cool (2005),2005-03-04,2005,2000s,Mar,3,English,Comedy,2,F. Gary Gray,John Travolta,53000000,95226116,42226116,1.797,Yes,118,5.4,292,Yes,18.61,$40M-100M,110-129 min,50-499,No
10022,The Pacifier,The Pacifier (2005),2005-03-04,2005,2000s,Mar,3,English,Action,5,Adam Shankman,Vin Diesel,56000000,113006880,57006880,2.018,Yes,95,5.8,842,Yes,35.48,$40M-100M,90-109 min,"500-1,999",No
9667,The Jacket,The Jacket (2005),2005-03-04,2005,2000s,Mar,3,English,Drama,4,John Maybury,Adrien Brody,29000000,21126225,-7873775,0.728,Yes,103,6.8,455,Yes,24.24,$10M-40M,90-109 min,50-499,No
27404,My Big Fat Independent Movie,My Big Fat Independent Movie (2005),2005-03-04,2005,2000s,Mar,3,English,Comedy,1,Philip Zlotorynski,Paget Brewster,,,,,No,80,3.0,5,No,0.69,Unknown,Under 90 min,Under 50,No
2026,Hostage,Hostage (2005),2005-03-09,2005,2000s,Mar,3,English,Mystery,4,Florent-Emilio Siri,Bruce Willis,52000000,77944725,25944725,1.499,Yes,113,6.2,512,Yes,23.66,$40M-100M,110-129 min,"500-1,999",No
9928,Robots,Robots (2005),2005-03-10,2005,2000s,Mar,3,English,Animation,4,Chris Wedge,Robin Williams,75000000,260696994,185696994,3.476,Yes,91,6.0,1333,Yes,29.56,$40M-100M,90-109 min,"500-1,999",No
10040,Miss Congeniality 2: Armed and Fabulous,Miss Congeniality 2: Armed and Fabulous (2005),2005-03-11,2005,2000s,Mar,3,English,Action,2,John Pasquin,Sandra Bullock,,,,,No,115,5.3,425,Yes,20.0,Unknown,110-129 min,50-499,No
18045,The Dark Hours,The Dark Hours (2005),2005-03-11,2005,2000s,Mar,3,English,Horror,3,Paul Fox,Kate Greenhouse,500000,,,,No,80,5.5,22,No,1.43,Under $10M,Under 90 min,Under 50,No
67238,Cavite,Cavite (2005),2005-03-12,2005,2000s,Mar,3,English,Foreign,2,Neill Dela Llana,Unknown,,,,,No,80,7.5,2,No,0.02,Unknown,Under 90 min,Under 50,No
10320,The Ring Two,The Ring Two (2005),2005-03-17,2005,2000s,Mar,3,English,Drama,3,Hideo Nakata,Naomi Watts,50000000,161451538,111451538,3.229,Yes,110,5.4,632,Yes,32.23,$40M-100M,110-129 min,"500-1,999",No
13374,Ice Princess,Ice Princess (2005),2005-03-17,2005,2000s,Mar,3,English,Drama,3,Tim Fywell,Michelle Trachtenberg,25000000,27645491,2645491,1.106,Yes,98,5.9,185,Yes,13.29,$10M-40M,90-109 min,50-499,No
333355,Star Wars: Clone Wars: Volume 1,Star Wars: Clone Wars: Volume 1 (2005),2005-03-21,2005,2000s,Mar,3,English,Action,5,Genndy Tartakovsky,Tom Kane,,,,,No,69,8.0,27,No,1.88,Unknown,Under 90 min,Under 50,No
11638,Guess Who,Guess Who (2005),2005-03-25,2005,2000s,Mar,3,English,Comedy,2,Kevin Rodney Sullivan,Bernie Mac,35000000,68915888,33915888,1.969,Yes,105,5.5,225,Yes,3.74,$10M-40M,90-109 min,50-499,No
14175,Valiant,Valiant (2005),2005-03-25,2005,2000s,Mar,3,English,Animation,3,Gary Chapman,Ewan McGregor,35000000,19478106,-15521894,0.557,Yes,76,5.2,235,Yes,14.05,$10M-40M,Under 90 min,50-499,No
17113,The Ballad of Jack and Rose,The Ballad of Jack and Rose (2005),2005-03-25,2005,2000s,Mar,3,English,Drama,1,Rebecca Miller,Daniel Day-Lewis,1500000,712294,-787706,0.475,Yes,111,6.5,43,No,3.62,Under $10M,110-129 min,Under 50,No
187,Sin City,Sin City (2005),2005-04-01,2005,2000s,Apr,4,English,Action,3,Robert Rodriguez,Jessica Alba,40000000,158733820,118733820,3.968,Yes,124,7.2,2691,Yes,66.0,$40M-100M,110-129 min,"2,000-4,999",No
7364,Sahara,Sahara (2005),2005-04-06,2005,2000s,Apr,4,English,Action,5,Breck Eisner,Matthew McConaughey,130000000,119269486,-10730514,0.917,Yes,124,5.7,434,Yes,21.61,$100M+,110-129 min,50-499,No
11431,Fever Pitch,Fever Pitch (2005),2005-04-06,2005,2000s,Apr,4,English,Comedy,3,Bobby Farrelly,Drew Barrymore,30000000,50451307,20451307,1.682,Yes,103,5.9,182,Yes,9.97,$10M-40M,90-109 min,50-499,No
179,The Interpreter,The Interpreter (2005),2005-04-08,2005,2000s,Apr,4,English,Crime,2,Sydney Pollack,Nicole Kidman,80000000,162944923,82944923,2.037,Yes,128,6.2,392,Yes,18.7,$40M-100M,110-129 min,50-499,No
10065,The Amityville Horror,The Amityville Horror (2005),2005-04-15,2005,2000s,Apr,4,English,Horror,3,Andrew Douglas,Ryan Reynolds,19000000,108047131,89047131,5.687,Yes,90,6.0,588,Yes,30.21,$10M-40M,90-109 min,"500-1,999",No
24363,House of D,House of D (2005),2005-04-15,2005,2000s,Apr,4,English,Comedy,2,David Duchovny,Robin Williams,,,,,No,97,6.1,23,No,6.34,Unknown,90-109 min,Under 50,No
8976,A Lot Like Love,A Lot Like Love (2005),2005-04-22,2005,2000s,Apr,4,English,Comedy,1,Nigel Cole,Ashton Kutcher,30000000,42886719,12886719,1.43,Yes,107,6.5,318,Yes,19.21,$10M-40M,90-109 min,50-499,No
27360,King's Ransom,King's Ransom (2005),2005-04-22,2005,2000s,Apr,4,English,Comedy,2,Jeffrey W. Byrd,Anthony Anderson,,,,,No,95,5.1,14,No,5.08,Unknown,90-109 min,Under 50,No
15907,Duma,Duma (2005),2005-04-22,2005,2000s,Apr,4,English,Adventure,3,Carroll Ballard,Alex Michaeletos,12000000,,,,No,100,6.9,41,No,4.8,$10M-40M,90-109 min,Under 50,No
31163,Chicken Tikka Masala,Chicken Tikka Masala (2005),2005-04-22,2005,2000s,Apr,4,English,Comedy,3,Harmage Singh Kalirai,Chris Bisson,,,,,No,90,3.5,5,No,0.26,Unknown,90-109 min,Under 50,No
11679,xXx: State of the Union,xXx: State of the Union (2005),2005-04-27,2005,2000s,Apr,4,English,Action,6,Lee Tamahori,Ice Cube,60000000,71073932,11073932,1.185,Yes,101,4.7,549,Yes,36.69,$40M-100M,90-109 min,"500-1,999",No
10066,House of Wax,House of Wax (2005),2005-04-30,2005,2000s,Apr,4,English,Horror,1,Jaume Collet-Serra,Elisha Cuthbert,40000000,68766121,28766121,1.719,Yes,113,5.5,677,Yes,17.16,$40M-100M,110-129 min,"500-1,999",No
1495,Kingdom of Heaven,Kingdom of Heaven (2005),2005-05-03,2005,2000s,May,5,English,Drama,5,Ridley Scott,Orlando Bloom,130000000,211643158,81643158,1.628,Yes,144,6.6,1157,Yes,44.49,$100M+,130-149 min,"500-1,999",No
10008,An American Haunting,An American Haunting (2005),2005-05-05,2005,2000s,May,5,English,Horror,2,Courtney Solomon,Donald Sutherland,,,,,No,83,5.3,142,Yes,7.44,Unknown,Under 90 min,50-499,No
47534,Fighting Tommy Riley,Fighting Tommy Riley (2005),2005-05-06,2005,2000s,May,5,English,Action,3,Eddie O'Flaherty,J.P. Davis,,,,,No,,5.3,4,No,0.05,Unknown,Unknown,Under 50,No
9515,The Matador,The Matador (2005),2005-05-12,2005,2000s,May,5,English,Action,5,Richard Shepard,Pierce Brosnan,10000000,17297244,7297244,1.73,Yes,96,6.2,136,Yes,5.65,$10M-40M,90-109 min,50-499,No
4379,Monster-in-Law,Monster-in-Law (2005),2005-05-13,2005,2000s,May,5,English,Romance,2,Robert Luketic,Jennifer Lopez,43000000,154749918,111749918,3.599,Yes,101,5.6,406,Yes,10.41,$40M-100M,90-109 min,50-499,No
9981,Kicking & Screaming,Kicking & Screaming (2005),2005-05-13,2005,2000s,May,5,English,Romance,3,Jesse Dylan,Will Ferrell,45000000,56070433,11070433,1.246,Yes,95,5.6,176,Yes,8.99,$40M-100M,90-109 min,50-499,No
7870,Down in the Valley,Down in the Valley (2005),2005-05-13,2005,2000s,May,5,English,Drama,2,David Jacobson,Edward Norton,8000000,852872,-7147128,0.107,Yes,112,5.9,63,Yes,7.43,Under $10M,110-129 min,50-499,No
29262,The House of Sand,The House of Sand (2005),2005-05-13,2005,2000s,May,5,Other languages,Drama,1,Andrucha Waddington,Fernanda Montenegro,,,,,No,115,6.7,9,No,0.39,Unknown,110-129 min,Under 50,No
14358,Mad Hot Ballroom,Mad Hot Ballroom (2005),2005-05-13,2005,2000s,May,5,English,Documentary,2,Marilyn Agrelo,Unknown,,,,,No,105,7.2,8,No,0.77,Unknown,90-109 min,Under 50,No
10077,A Sound of Thunder,A Sound of Thunder (2005),2005-05-15,2005,2000s,May,5,English,Thriller,4,Peter Hyams,Heike Makatsch,80000000,5989640,-74010360,0.075,Yes,110,4.8,111,Yes,7.34,$40M-100M,110-129 min,50-499,No
1951,Manderlay,Manderlay (2005),2005-05-16,2005,2000s,May,5,Other languages,Drama,1,Lars von Trier,Bryce Dallas Howard,14200000,674918,-13525082,0.048,Yes,139,6.9,78,Yes,7.05,$10M-40M,130-149 min,50-499,No
1895,Star Wars: Episode III - Revenge of the Sith,Star Wars: Episode III - Revenge of the Sith (2005),2005-05-17,2005,2000s,May,5,English,Science Fiction,3,George Lucas,Ewan McGregor,113000000,850000000,737000000,7.522,Yes,140,7.1,4116,Yes,44.11,$100M+,130-149 min,"2,000-4,999",No
9291,The Longest Yard,The Longest Yard (2005),2005-05-19,2005,2000s,May,5,English,Comedy,2,Peter Segal,Adam Sandler,82000000,190320568,108320568,2.321,Yes,113,6.2,785,Yes,26.07,$40M-100M,110-129 min,"500-1,999",No
953,Madagascar,Madagascar (2005),2005-05-25,2005,2000s,May,5,English,Family,2,Eric Darnell,Ben Stiller,75000000,532680671,457680671,7.102,Yes,86,6.6,3237,Yes,48.11,$40M-100M,Under 90 min,"2,000-4,999",No
9779,The Sisterhood of the Traveling Pants,The Sisterhood of the Traveling Pants (2005),2005-06-01,2005,2000s,Jun,6,English,Drama,2,Ken Kwapis,Amber Tamblyn,25000000,39053061,14053061,1.562,Yes,119,6.3,386,Yes,17.17,$10M-40M,110-129 min,50-499,No
921,Cinderella Man,Cinderella Man (2005),2005-06-02,2005,2000s,Jun,6,English,Romance,3,Ron Howard,Russell Crowe,88000000,108539911,20539911,1.233,Yes,144,7.3,616,Yes,24.1,$40M-100M,130-149 min,"500-1,999",No
14177,Beauty Shop,Beauty Shop (2005),2005-06-02,2005,2000s,Jun,6,English,Comedy,2,Bille Woodruff,Queen Latifah,25000000,36351350,11351350,1.454,Yes,105,5.4,115,Yes,5.63,$10M-40M,90-109 min,50-499,No
9787,Lords of Dogtown,Lords of Dogtown (2005),2005-06-03,2005,2000s,Jun,6,English,Drama,1,Catherine Hardwicke,Emile Hirsch,25000000,13411957,-11588043,0.536,Yes,107,7.0,210,Yes,8.13,$10M-40M,90-109 min,50-499,No
9763,Goal!: The Dream Begins,Goal!: The Dream Begins (2005),2005-06-06,2005,2000s,Jun,6,English,Drama,1,Danny Cannon,Kuno Becker,30000000,27610873,-2389127,0.92,Yes,118,6.6,238,Yes,16.54,$10M-40M,110-129 min,50-499,No
787,Mr. & Mrs. Smith,Mr. & Mrs. Smith (2005),2005-06-07,2005,2000s,Jun,6,English,Action,4,Doug Liman,Angelina Jolie,110000000,478207520,368207520,4.347,Yes,120,6.5,2965,Yes,44.64,$100M+,110-129 min,"2,000-4,999",No
13919,The Chumscrubber,The Chumscrubber (2005),2005-06-08,2005,2000s,Jun,6,English,Comedy,2,Arie Posin,Jamie Bell,,,,,No,108,6.7,62,Yes,3.53,Unknown,90-109 min,50-499,No
272,Batman Begins,Batman Begins (2005),2005-06-10,2005,2000s,Jun,6,English,Action,3,Christopher Nolan,Christian Bale,150000000,374218673,224218673,2.495,Yes,140,7.5,7359,Yes,115.04,$100M+,130-149 min,"5,000+",No
14199,The Adventures of Sharkboy and Lavagirl,The Adventures of Sharkboy and Lavagirl (2005),2005-06-10,2005,2000s,Jun,6,English,Adventure,3,Robert Rodriguez,Taylor Lautner,50000000,69425966,19425966,1.389,Yes,92,4.4,269,Yes,12.31,$40M-100M,90-109 min,50-499,No
15648,The Perfect Man,The Perfect Man (2005),2005-06-17,2005,2000s,Jun,6,English,Comedy,4,Mark Rosman,Hilary Duff,,,,,No,100,5.5,203,Yes,11.16,Unknown,90-109 min,50-499,No
1382,Me and You and Everyone We Know,Me and You and Everyone We Know (2005),2005-06-17,2005,2000s,Jun,6,English,Comedy,2,Miranda July,Miranda July,,,,,No,90,7.0,107,Yes,9.72,Unknown,90-109 min,50-499,No
11451,Herbie Fully Loaded,Herbie Fully Loaded (2005),2005-06-22,2005,2000s,Jun,6,English,Comedy,5,Angela Robinson,Lindsay Lohan,50000000,66002004,16002004,1.32,Yes,101,5.1,542,Yes,12.05,$40M-100M,90-109 min,"500-1,999",No
11683,Land of the Dead,Land of the Dead (2005),2005-06-24,2005,2000s,Jun,6,English,Horror,1,George A. Romero,Simon Baker,15000000,46770602,31770602,3.118,Yes,93,6.0,381,Yes,15.26,$10M-40M,90-109 min,50-499,No
9009,Dark Water,Dark Water (2005),2005-06-27,2005,2000s,Jun,6,English,Drama,3,Walter Salles,Jennifer Connelly,30000000,25473093,-4526907,0.849,Yes,105,5.3,274,Yes,14.38,$10M-40M,90-109 min,50-499,No
74,War of the Worlds,War of the Worlds (2005),2005-06-28,2005,2000s,Jun,6,English,Adventure,3,Steven Spielberg,Tom Cruise,132000000,591739379,459739379,4.483,Yes,116,6.2,2322,Yes,48.57,$100M+,110-129 min,"2,000-4,999",No
9392,The Descent,The Descent (2005),2005-07-08,2005,2000s,Jul,7,English,Adventure,2,Neil Marshall,Shauna Macdonald,,,,,No,99,6.8,1005,Yes,23.41,Unknown,90-109 min,"500-1,999",No
118,Charlie and the Chocolate Factory,Charlie and the Chocolate Factory (2005),2005-07-13,2005,2000s,Jul,7,English,Adventure,4,Tim Burton,Johnny Depp,150000000,474968763,324968763,3.166,Yes,115,6.7,3624,Yes,53.91,$100M+,110-129 min,"2,000-4,999",No
19495,Nomad: The Warrior,Nomad: The Warrior (2005),2005-07-17,2005,2000s,Jul,7,English,Action,3,Sergei Bodrov Jr.,Kuno Becker,25000000,,,,No,112,4.3,17,No,8.21,$10M-40M,110-129 min,Under 50,No
8435,A Cock and Bull Story,A Cock and Bull Story (2005),2005-07-17,2005,2000s,Jul,7,English,Comedy,2,Michael Winterbottom,Steve Coogan,,,,,No,94,6.2,43,No,3.5,Unknown,90-109 min,Under 50,No
1635,The Island,The Island (2005),2005-07-20,2005,2000s,Jul,7,English,Action,4,Michael Bay,Ewan McGregor,126000000,162949164,36949164,1.293,Yes,136,6.5,1770,Yes,37.68,$100M+,130-149 min,"500-1,999",No
11648,Must Love Dogs,Must Love Dogs (2005),2005-07-21,2005,2000s,Jul,7,English,Comedy,2,Gary David Goldberg,Diane Lane,30000000,58405313,28405313,1.947,Yes,98,5.8,140,Yes,11.12,$10M-40M,90-109 min,50-499,No
1696,The Devil's Rejects,The Devil's Rejects (2005),2005-07-22,2005,2000s,Jul,7,English,Drama,3,Rob Zombie,Sid Haig,,,,,No,107,6.6,322,Yes,16.75,Unknown,90-109 min,50-499,No
10476,Hustle & Flow,Hustle & Flow (2005),2005-07-22,2005,2000s,Jul,7,English,Drama,1,Craig Brewer,Terrence Howard,8000000,23563727,15563727,2.945,Yes,116,6.9,99,Yes,6.4,Under $10M,110-129 min,50-499,No
14278,Murderball,Murderball (2005),2005-07-22,2005,2000s,Jul,7,English,Documentary,1,Henry Alex Rubin,Joe Bishop,300000,1750211,1450211,5.834,Yes,88,6.9,23,No,1.09,Under $10M,Under 90 min,Under 50,No
10048,Stealth,Stealth (2005),2005-07-28,2005,2000s,Jul,7,English,Action,1,Rob Cohen,Josh Lucas,135000000,76932943,-58067057,0.57,Yes,121,4.9,331,Yes,17.89,$100M+,110-129 min,50-499,No
9913,The Skeleton Key,The Skeleton Key (2005),2005-07-29,2005,2000s,Jul,7,English,Drama,4,Iain Softley,Kate Hudson,43000000,91974818,48974818,2.139,Yes,104,6.4,573,Yes,29.11,$40M-100M,90-109 min,"500-1,999",No
11459,Sky High,Sky High (2005),2005-07-29,2005,2000s,Jul,7,English,Adventure,3,Mike Mitchell,Michael Angarano,35000000,86369815,51369815,2.468,Yes,100,5.8,550,Yes,11.04,$10M-40M,90-109 min,"500-1,999",No
4550,Sympathy for Lady Vengeance,Sympathy for Lady Vengeance (2005),2005-07-29,2005,2000s,Jul,7,Other languages,Drama,2,Park Chan-wook,Choi Min-sik,,23803308,,,No,115,7.4,356,Yes,17.07,Unknown,110-129 min,50-499,No
9335,Transporter 2,Transporter 2 (2005),2005-08-02,2005,2000s,Aug,8,English,Action,3,Louis Leterrier,Jason Statham,32000000,85167639,53167639,2.661,Yes,87,6.2,1061,Yes,47.56,$10M-40M,Under 90 min,"500-1,999",No
12183,The Wendell Baker Story,The Wendell Baker Story (2005),2005-08-03,2005,2000s,Aug,8,English,Comedy,3,Luke Wilson,Luke Wilson,,,,,No,99,5.2,16,No,1.27,Unknown,90-109 min,Under 50,No
11460,Red Eye,Red Eye (2005),2005-08-04,2005,2000s,Aug,8,English,Horror,2,Wes Craven,Rachel McAdams,26000000,57891803,31891803,2.227,Yes,85,6.2,455,Yes,8.8,$10M-40M,Under 90 min,50-499,No
6519,The Dukes of Hazzard,The Dukes of Hazzard (2005),2005-08-05,2005,2000s,Aug,8,English,Action,3,Jay Chandrasekhar,Johnny Knoxville,50000000,110803676,60803676,2.216,Yes,104,5.1,316,Yes,15.98,$40M-100M,90-109 min,50-499,No
55831,Boynton Beach Club,Boynton Beach Club (2005),2005-08-05,2005,2000s,Aug,8,English,Comedy,3,Unknown,Brenda Vaccaro,,,,,No,105,6.8,3,No,0.19,Unknown,90-109 min,Under 50,No
25312,Yes,Yes (2005),2005-08-05,2005,2000s,Aug,8,English,Drama,2,Sally Potter,Joan Allen,,,,,No,100,5.9,7,No,3.68,Unknown,90-109 min,Under 50,No
25975,My Date with Drew,My Date with Drew (2005),2005-08-05,2005,2000s,Aug,8,English,Documentary,1,Brian Herzlinger,Drew Barrymore,,,,,No,90,6.3,16,No,1.93,Unknown,90-109 min,Under 50,No
11453,Deuce Bigalow: European Gigolo,Deuce Bigalow: European Gigolo (2005),2005-08-06,2005,2000s,Aug,8,English,Comedy,1,Mike Bigelow,Rob Schneider,22000000,22400154,400154,1.018,Yes,83,4.7,225,Yes,10.26,$10M-40M,Under 90 min,50-499,No
8292,Four Brothers,Four Brothers (2005),2005-08-11,2005,2000s,Aug,8,English,Action,2,John Singleton,Mark Wahlberg,45000000,92374674,47374674,2.053,Yes,109,6.7,607,Yes,24.69,$40M-100M,90-109 min,"500-1,999",No
6957,The 40 Year Old Virgin,The 40 Year Old Virgin (2005),2005-08-11,2005,2000s,Aug,8,English,Comedy,2,Judd Apatow,Steve Carell,26000000,109449237,83449237,4.21,Yes,116,6.2,1983,Yes,38.47,$10M-40M,110-129 min,"500-1,999",No
8982,The Protector,The Protector (2005),2005-08-11,2005,2000s,Aug,8,Other languages,Action,4,Prachya Pinkaew,Tony Jaa,6000000,27165581,21165581,4.528,Yes,108,6.8,167,Yes,11.82,Under $10M,90-109 min,50-499,No
13922,The Great Raid,The Great Raid (2005),2005-08-12,2005,2000s,Aug,8,English,Action,3,John Dahl,Benjamin Bratt,80000000,10166502,-69833498,0.127,Yes,132,6.8,91,Yes,8.92,$40M-100M,130-149 min,50-499,No
17186,Supercross,Supercross (2005),2005-08-16,2005,2000s,Aug,8,English,Action,4,Steve Boyum,Steve Howey,,3102550,,,No,80,5.4,29,No,3.71,Unknown,Under 90 min,Under 50,No
15013,Wah-Wah,Wah-Wah (2005),2005-08-17,2005,2000s,Aug,8,English,Drama,1,Richard E. Grant,Gabriel Byrne,,,,,No,120,6.3,8,No,2.36,Unknown,110-129 min,Under 50,No
868,Tsotsi,Tsotsi (2005),2005-08-18,2005,2000s,Aug,8,Other languages,Crime,2,Gavin Hood,Presley Chweneyagae,3000000,9879971,6879971,3.293,Yes,94,6.9,94,Yes,2.5,Under $10M,90-109 min,50-499,No
16320,Serenity,Serenity (2005),2005-08-25,2005,2000s,Aug,8,English,Science Fiction,4,Joss Whedon,Nathan Fillion,39000000,38869464,-130536,0.997,Yes,119,7.4,1264,Yes,45.39,$10M-40M,110-129 min,"500-1,999",No
9042,The Cave,The Cave (2005),2005-08-25,2005,2000s,Aug,8,English,Action,4,Bruce Hunt,Cole Hauser,30000000,15007991,-14992009,0.5,Yes,97,5.1,202,Yes,10.76,$10M-40M,90-109 min,50-499,No
4442,The Brothers Grimm,The Brothers Grimm (2005),2005-08-26,2005,2000s,Aug,8,English,Adventure,5,Terry Gilliam,Heath Ledger,88000000,105316267,17316267,1.197,Yes,118,5.6,818,Yes,40.14,$40M-100M,110-129 min,"500-1,999",No
17926,Undiscovered,Undiscovered (2005),2005-08-26,2005,2000s,Aug,8,English,Comedy,2,Meiert Avis,Kip Pardue,9000000,1046166,-7953834,0.116,Yes,97,4.5,12,No,2.01,Under $10M,90-109 min,Under 50,No
1985,The Constant Gardener,The Constant Gardener (2005),2005-08-31,2005,2000s,Aug,8,English,Drama,3,Fernando Meirelles,Ralph Fiennes,25000000,82466670,57466670,3.299,Yes,129,6.8,417,Yes,20.68,$10M-40M,110-129 min,50-499,No
18191,Edmond,Edmond (2005),2005-08-31,2005,2000s,Aug,8,English,Drama,2,Stuart Gordon,William H. Macy,10000000,,,,No,82,6.0,50,Yes,2.8,$10M-40M,Under 90 min,50-499,No
14057,Trust the Man,Trust the Man (2005),2005-09-01,2005,2000s,Sep,9,English,Comedy,3,Bart Freundlich,David Duchovny,9000000,,,,No,103,5.5,29,No,5.25,Under $10M,90-109 min,Under 50,No
19803,Underclassman,Underclassman (2005),2005-09-02,2005,2000s,Sep,9,English,Action,2,Marcos Siega,Nick Cannon,,,,,No,95,5.5,28,No,2.08,Unknown,90-109 min,Under 50,No
142,Brokeback Mountain,Brokeback Mountain (2005),2005-09-02,2005,2000s,Sep,9,English,Drama,2,Ang Lee,Heath Ledger,14000000,178043761,164043761,12.717,Yes,134,7.5,1480,Yes,44.14,$10M-40M,130-149 min,"500-1,999",No
9700,The Lost City,The Lost City (2005),2005-09-03,2005,2000s,Sep,9,English,Drama,2,Andy García,Andy García,9600000,4386236,-5213764,0.457,Yes,144,6.0,24,No,3.59,Under $10M,130-149 min,Under 50,No
87943,Sisters in Law,Sisters in Law (2005),2005-09-03,2005,2000s,Sep,9,English,Documentary,1,Kim Longinotto,Unknown,,,,,No,104,7.3,2,No,0.03,Unknown,90-109 min,Under 50,No
533,The Curse of the Were-Rabbit,The Curse of the Were-Rabbit (2005),2005-09-04,2005,2000s,Sep,9,English,Adventure,4,Nick Park,Peter Sallis,30000000,192452832,162452832,6.415,Yes,85,6.8,643,Yes,30.38,$10M-40M,Under 90 min,"500-1,999",No
5236,Kiss Kiss Bang Bang,Kiss Kiss Bang Bang (2005),2005-09-05,2005,2000s,Sep,9,English,Action,4,Shane Black,Robert Downey Jr.,15000000,15785148,785148,1.052,Yes,103,7.2,886,Yes,32.69,$10M-40M,90-109 min,"500-1,999",No
9388,Thank You for Smoking,Thank You for Smoking (2005),2005-09-05,2005,2000s,Sep,9,English,Comedy,2,Jason Reitman,Aaron Eckhart,6500000,24793509,18293509,3.814,Yes,92,7.1,664,Yes,29.01,Under $10M,90-109 min,"500-1,999",No
9074,The Man,The Man (2005),2005-09-08,2005,2000s,Sep,9,English,Action,3,Les Mayfield,Samuel L. Jackson,,12382362,,,No,83,5.4,133,Yes,6.93,Unknown,Under 90 min,50-499,No
7509,Water,Water (2005),2005-09-08,2005,2000s,Sep,9,English,Drama,3,Deepa Mehta,Lisa Ray,,10422387,,,No,115,6.8,34,No,2.79,Unknown,110-129 min,Under 50,No
3933,Corpse Bride,Corpse Bride (2005),2005-09-09,2005,2000s,Sep,9,English,Romance,4,Tim Burton,Johnny Depp,40000000,117195061,77195061,2.93,Yes,77,7.2,1894,Yes,43.57,$40M-100M,Under 90 min,"500-1,999",No
1947,An Unfinished Life,An Unfinished Life (2005),2005-09-09,2005,2000s,Sep,9,English,Drama,1,Lasse Hallström,Robert Redford,30000000,18618284,-11381716,0.621,Yes,108,6.7,161,Yes,6.35,$10M-40M,90-109 min,50-499,No
10773,Mrs Henderson Presents,Mrs Henderson Presents (2005),2005-09-09,2005,2000s,Sep,9,English,Comedy,2,Stephen Frears,Judi Dench,,,,,No,103,6.4,62,Yes,2.89,Unknown,90-109 min,50-499,No
8643,The Exorcism of Emily Rose,The Exorcism of Emily Rose (2005),2005-09-09,2005,2000s,Sep,9,English,Crime,4,Scott Derrickson,Laura Linney,19000000,144216468,125216468,7.59,Yes,122,6.3,659,Yes,32.6,$10M-40M,110-129 min,"500-1,999",No
12920,Dreamer: Inspired By a True Story,Dreamer: Inspired By a True Story (2005),2005-09-10,2005,2000s,Sep,9,English,Drama,2,John Gatins,Kurt Russell,,,,,No,106,6.3,67,Yes,6.05,Unknown,90-109 min,50-499,No
7873,Harsh Times,Harsh Times (2005),2005-09-11,2005,2000s,Sep,9,English,Crime,4,David Ayer,Christian Bale,2000000,5967038,3967038,2.984,Yes,120,6.3,197,Yes,13.0,Under $10M,110-129 min,50-499,No
18777,Slow Burn,Slow Burn (2005),2005-09-12,2005,2000s,Sep,9,English,Mystery,4,Wayne Beach,Ray Liotta,15500000,1237615,-14262385,0.08,Yes,93,5.5,16,No,6.63,$10M-40M,90-109 min,Under 50,No
292,Dave Chappelle's Block Party,Dave Chappelle's Block Party (2005),2005-09-12,2005,2000s,Sep,9,English,Comedy,3,Michel Gondry,Dave Chappelle,3000000,11718595,8718595,3.906,Yes,100,6.4,28,No,1.7,Under $10M,90-109 min,Under 50,No
9813,The Quiet,The Quiet (2005),2005-09-12,2005,2000s,Sep,9,English,Drama,2,Jamie Babbit,Elisha Cuthbert,900000,381420,-518580,0.424,Yes,96,6.1,73,Yes,4.1,Under $10M,90-109 min,50-499,No
69,Walk the Line,Walk the Line (2005),2005-09-13,2005,2000s,Sep,9,English,Drama,3,James Mangold,Joaquin Phoenix,28000000,186438883,158438883,6.659,Yes,136,7.3,718,Yes,35.58,$10M-40M,130-149 min,"500-1,999",No
13994,Romance & Cigarettes,Romance & Cigarettes (2005),2005-09-13,2005,2000s,Sep,9,English,Comedy,3,John Turturro,James Gandolfini,,2945242,,,No,105,6.0,33,No,4.06,Unknown,90-109 min,Under 50,No
9007,Just Like Heaven,Just Like Heaven (2005),2005-09-16,2005,2000s,Sep,9,English,Comedy,3,Mark Waters,Reese Witherspoon,58000000,102854431,44854431,1.773,Yes,95,6.5,579,Yes,13.44,$40M-100M,90-109 min,"500-1,999",No
1830,Lord of War,Lord of War (2005),2005-09-16,2005,2000s,Sep,9,English,Crime,3,Andrew Niccol,Nicolas Cage,42000000,24127895,-17872105,0.574,Yes,122,7.0,1335,Yes,34.83,$40M-100M,110-129 min,"500-1,999",No
4348,Pride & Prejudice,Pride & Prejudice (2005),2005-09-16,2005,2000s,Sep,9,English,Drama,2,Joe Wright,Keira Knightley,28000000,121147947,93147947,4.327,Yes,135,7.7,1358,Yes,36.58,$10M-40M,130-149 min,"500-1,999",No
3291,"Good Night, and Good Luck.","Good Night, and Good Luck. (2005)",2005-09-16,2005,2000s,Sep,9,English,Drama,2,George Clooney,David Strathairn,7000000,54600000,47600000,7.8,Yes,93,6.8,273,Yes,17.72,Under $10M,90-109 min,50-499,No
10092,Cry_Wolf,Cry_Wolf (2005),2005-09-16,2005,2000s,Sep,9,English,Horror,2,Jeff Wadlow,Julian Morris,1000000,10047674,9047674,10.048,Yes,90,5.6,126,Yes,6.93,Under $10M,90-109 min,50-499,No
20296,Chocolate: Deep Dark Secrets,Chocolate: Deep Dark Secrets (2005),2005-09-16,2005,2000s,Sep,9,English,Thriller,1,Vivek Agnihotri,Anil Kapoor,,,,,No,200,3.4,6,No,0.89,Unknown,150+ min,Under 50,No
9315,Flightplan,Flightplan (2005),2005-09-22,2005,2000s,Sep,9,English,Thriller,3,Robert Schwentke,Jodie Foster,55000000,223387299,168387299,4.062,Yes,98,6.1,772,Yes,32.05,$40M-100M,90-109 min,"500-1,999",No
9923,Domino,Domino (2005),2005-09-22,2005,2000s,Sep,9,English,Action,2,Tony Scott,Keira Knightley,50000000,22944502,-27055498,0.459,Yes,127,6.0,444,Yes,18.39,$40M-100M,110-129 min,50-499,No
257,Oliver Twist,Oliver Twist (2005),2005-09-23,2005,2000s,Sep,9,English,Crime,3,Roman Polanski,Barney Clark,50000000,42093706,-7906294,0.842,Yes,130,6.7,274,Yes,20.42,$40M-100M,130-149 min,50-499,No
59,A History of Violence,A History of Violence (2005),2005-09-23,2005,2000s,Sep,9,English,Drama,3,David Cronenberg,Viggo Mortensen,32000000,60740827,28740827,1.898,Yes,96,6.9,832,Yes,34.63,$10M-40M,90-109 min,"500-1,999",No
14544,Roll Bounce,Roll Bounce (2005),2005-09-23,2005,2000s,Sep,9,English,Comedy,3,Malcolm D. Lee,Nick Cannon,,,,,No,112,6.1,27,No,2.6,Unknown,110-129 min,Under 50,No
11968,Into the Blue,Into the Blue (2005),2005-09-30,2005,2000s,Sep,9,English,Action,4,John Stockwell,Paul Walker,50000000,44434439,-5565561,0.889,Yes,110,5.8,458,Yes,14.72,$40M-100M,110-129 min,50-499,No
15487,The Greatest Game Ever Played,The Greatest Game Ever Played (2005),2005-09-30,2005,2000s,Sep,9,English,Drama,2,Bill Paxton,Shia LaBeouf,25000000,15431177,-9568823,0.617,Yes,120,6.9,110,Yes,7.54,$10M-40M,110-129 min,50-499,No
398,Capote,Capote (2005),2005-09-30,2005,2000s,Sep,9,English,Crime,2,Bennett Miller,Philip Seymour Hoffman,7000000,49084830,42084830,7.012,Yes,114,6.8,384,Yes,17.43,Under $10M,110-129 min,50-499,No
46729,Fetching Cody,Fetching Cody (2005),2005-10-01,2005,2000s,Oct,10,English,Comedy,5,David Ray,Jay Baruchel,,,,,No,87,6.8,6,No,0.08,Unknown,Under 90 min,Under 50,No
10707,The Squid and the Whale,The Squid and the Whale (2005),2005-10-05,2005,2000s,Oct,10,English,Comedy,2,Noah Baumbach,Jeff Daniels,1500000,11098131,9598131,7.399,Yes,81,6.9,226,Yes,13.79,Under $10M,Under 90 min,50-499,No
9621,Elizabethtown,Elizabethtown (2005),2005-10-06,2005,2000s,Oct,10,English,Comedy,3,Cameron Crowe,Orlando Bloom,57000000,52034889,-4965111,0.913,Yes,123,6.1,327,Yes,22.89,$40M-100M,110-129 min,50-499,No
16608,The Proposition,The Proposition (2005),2005-10-06,2005,2000s,Oct,10,English,Action,6,John Hillcoat,Guy Pearce,2000000,5048693,3048693,2.524,Yes,104,7.1,218,Yes,14.62,Under $10M,90-109 min,50-499,No
9729,Where the Truth Lies,Where the Truth Lies (2005),2005-10-07,2005,2000s,Oct,10,English,Drama,3,Atom Egoyan,Kevin Bacon,25000000,,,,No,107,5.9,66,Yes,4.05,$10M-40M,90-109 min,50-499,No
7553,Waiting...,Waiting... (2005),2005-10-07,2005,2000s,Oct,10,English,Comedy,1,Rob McKittrick,Ryan Reynolds,3000000,18637690,15637690,6.213,Yes,94,6.2,237,Yes,10.23,Under $10M,90-109 min,50-499,No
9912,The World's Fastest Indian,The World's Fastest Indian (2005),2005-10-12,2005,2000s,Oct,10,English,Drama,1,Roger Donaldson,Anthony Hopkins,25000000,,,,No,127,7.3,166,Yes,8.45,$10M-40M,110-129 min,50-499,No
40185,Camping Sauvage,Camping Sauvage (2005),2005-10-13,2005,2000s,Oct,10,Other languages,Drama,2,Christophe Ali,Denis Lavant,,,,,No,80,4.8,4,No,0.2,Unknown,Under 90 min,Under 50,No
10070,Feast,Feast (2005),2005-10-14,2005,2000s,Oct,10,English,Action,3,John Gulager,Balthazar Getty,,658573,,,No,95,6.1,160,Yes,8.83,Unknown,90-109 min,50-499,No
8814,Doom,Doom (2005),2005-10-20,2005,2000s,Oct,10,English,Adventure,3,Andrzej Bartkowiak,Dwayne Johnson,60000000,55987321,-4012679,0.933,Yes,105,5.0,609,Yes,29.26,$40M-100M,90-109 min,"500-1,999",No
6963,The Weather Man,The Weather Man (2005),2005-10-20,2005,2000s,Oct,10,English,Comedy,2,Gore Verbinski,Nicolas Cage,20000000,12482775,-7517225,0.624,Yes,101,6.0,289,Yes,14.03,$10M-40M,90-109 min,50-499,No
11283,Nanny McPhee,Nanny McPhee (2005),2005-10-21,2005,2000s,Oct,10,English,Fantasy,3,Kirk Jones,Emma Thompson,25000000,122489822,97489822,4.9,Yes,97,6.4,711,Yes,24.36,$10M-40M,90-109 min,"500-1,999",No
2610,Shopgirl,Shopgirl (2005),2005-10-21,2005,2000s,Oct,10,English,Comedy,3,Anand Tucker,Steve Martin,10284523,11588205,1303682,1.127,Yes,104,5.7,75,Yes,4.82,$10M-40M,90-109 min,50-499,No
14631,The Work and the Glory II: American Zion,The Work and the Glory II: American Zion (2005),2005-10-21,2005,2000s,Oct,10,English,Drama,1,Sterling Van Wagenen,Sam Hennings,6500000,2025032,-4474968,0.312,Yes,100,8.0,6,No,2.64,Under $10M,90-109 min,Under 50,No
73511,The Californians,The Californians (2005),2005-10-21,2005,2000s,Oct,10,English,Drama,2,Jonathan Parker,Noah Wyle,,,,,No,91,4.0,1,No,0.22,Unknown,90-109 min,Under 50,No
168705,BloodRayne,BloodRayne (2005),2005-10-22,2005,2000s,Oct,10,English,Action,4,Uwe Boll,Kristanna Loken,25000000,2405420,-22594580,0.096,Yes,95,3.5,118,Yes,7.01,$10M-40M,90-109 min,50-499,No
1656,The Legend of Zorro,The Legend of Zorro (2005),2005-10-24,2005,2000s,Oct,10,English,Action,2,Martin Campbell,Antonio Banderas,75000000,142400065,67400065,1.899,Yes,129,5.9,893,Yes,31.05,$40M-100M,110-129 min,"500-1,999",No
49081,The Rocket: The Legend of Rocket Richard,The Rocket: The Legend of Rocket Richard (2005),2005-10-25,2005,2000s,Oct,10,Other languages,Drama,1,Charles Binamé,Roy Dupuis,8000000,2019009,-5980991,0.252,Yes,124,6.1,17,No,0.98,Under $10M,110-129 min,Under 50,No
116,Match Point,Match Point (2005),2005-10-26,2005,2000s,Oct,10,English,Drama,4,Woody Allen,Jonathan Rhys Meyers,15000000,85306374,70306374,5.687,Yes,124,7.3,1105,Yes,30.67,$10M-40M,110-129 min,"500-1,999",No
215,Saw II,Saw II (2005),2005-10-28,2005,2000s,Oct,10,English,Horror,1,Darren Lynn Bousman,Tobin Bell,4000000,152925093,148925093,38.231,Yes,92,6.3,1251,Yes,42.19,Under $10M,90-109 min,"500-1,999",No
18840,The White Countess,The White Countess (2005),2005-10-30,2005,2000s,Oct,10,English,Drama,4,James Ivory,Ralph Fiennes,,,,,No,135,6.9,21,No,4.49,Unknown,130-149 min,Under 50,No
25,Jarhead,Jarhead (2005),2005-11-04,2005,2000s,Nov,11,English,Drama,2,Sam Mendes,Jamie Foxx,72000000,96889998,24889998,1.346,Yes,125,6.6,765,Yes,32.23,$40M-100M,110-129 min,"500-1,999",No
9982,Chicken Little,Chicken Little (2005),2005-11-04,2005,2000s,Nov,11,English,Animation,3,Mark Dindal,Zach Braff,150000000,314432665,164432665,2.096,Yes,81,5.6,944,Yes,47.97,$100M+,Under 90 min,"500-1,999",No
29595,Wal-Mart: The High Cost of Low Price,Wal-Mart: The High Cost of Low Price (2005),2005-11-04,2005,2000s,Nov,11,English,Documentary,1,Robert Greenwald,Lee Scott,,,,,No,98,6.9,24,No,1.4,Unknown,90-109 min,Under 50,No
674,Harry Potter and the Goblet of Fire,Harry Potter and the Goblet of Fire (2005),2005-11-05,2005,2000s,Nov,11,English,Adventure,3,Mike Newell,Daniel Radcliffe,150000000,895921036,745921036,5.973,Yes,157,7.5,5608,Yes,101.25,$100M+,150+ min,"5,000+",No
6795,Zathura: A Space Adventure,Zathura: A Space Adventure (2005),2005-11-06,2005,2000s,Nov,11,English,Family,4,Jon Favreau,Jonah Bobo,65000000,64321501,-678499,0.99,Yes,101,6.1,779,Yes,15.19,$40M-100M,90-109 min,"500-1,999",No
10060,Get Rich or Die Tryin',Get Rich or Die Tryin' (2005),2005-11-09,2005,2000s,Nov,11,English,Drama,1,Jim Sheridan,50 Cent,40000000,46442528,6442528,1.161,Yes,117,6.3,186,Yes,12.89,$40M-100M,110-129 min,50-499,No
11661,Joyeux Noël,Joyeux Noël (2005),2005-11-09,2005,2000s,Nov,11,Other languages,Romance,5,Christian Carion,Diane Kruger,22000000,17709155,-4290845,0.805,Yes,116,7.2,212,Yes,13.96,$10M-40M,110-129 min,50-499,No
8999,Derailed,Derailed (2005),2005-11-11,2005,2000s,Nov,11,English,Drama,2,Mikael Håfström,Clive Owen,22000000,57479076,35479076,2.613,Yes,108,6.1,319,Yes,17.71,$10M-40M,90-109 min,50-499,No
7301,Lonesome Jim,Lonesome Jim (2005),2005-11-16,2005,2000s,Nov,11,English,Comedy,3,Steve Buscemi,Casey Affleck,,,,,No,91,6.4,26,No,3.43,Unknown,90-109 min,Under 50,No
8053,The Three Burials of Melquiades Estrada,The Three Burials of Melquiades Estrada (2005),2005-11-17,2005,2000s,Nov,11,English,Adventure,5,Tommy Lee Jones,Tommy Lee Jones,15000000,12036149,-2963851,0.802,Yes,121,7.0,177,Yes,12.16,$10M-40M,110-129 min,50-499,No
231,Syriana,Syriana (2005),2005-11-23,2005,2000s,Nov,11,English,Drama,2,Stephen Gaghan,George Clooney,50000000,94000000,44000000,1.88,Yes,128,6.3,451,Yes,16.87,$40M-100M,110-129 min,50-499,No
1833,Rent,Rent (2005),2005-11-23,2005,2000s,Nov,11,English,Drama,2,Chris Columbus,Anthony Rapp,40000000,31670620,-8329380,0.792,Yes,135,6.7,155,Yes,10.43,$40M-100M,130-149 min,50-499,No
38786,The Blood of My Brother: A Story of Death in Iraq,The Blood of My Brother: A Story of Death in Iraq (2005),2005-11-25,2005,2000s,Nov,11,English,No genre,0,Unknown,Unknown,,,,,No,90,,0,No,0.01,Unknown,90-109 min,Under 50,No
8202,Æon Flux,Æon Flux (2005),2005-11-30,2005,2000s,Nov,11,English,Action,2,Karyn Kusama,Charlize Theron,62000000,52304001,-9695999,0.844,Yes,93,5.4,703,Yes,29.95,$40M-100M,90-109 min,"500-1,999",No
14120,End of the Spear,End of the Spear (2005),2005-12-02,2005,2000s,Dec,12,English,Adventure,2,Jim Hanon,Louie Leonardo,,,,,No,108,6.1,15,No,1.83,Unknown,90-109 min,Under 50,No
1904,Memoirs of a Geisha,Memoirs of a Geisha (2005),2005-12-06,2005,2000s,Dec,12,English,Drama,3,Rob Marshall,Zhang Ziyi,85000000,162242962,77242962,1.909,Yes,145,7.3,652,Yes,16.6,$40M-100M,130-149 min,"500-1,999",No
411,"The Chronicles of Narnia: The Lion, the Witch and the Wardrobe","The Chronicles of Narnia: The Lion, the Witch and the Wardrobe (2005)",2005-12-07,2005,2000s,Dec,12,English,Adventure,3,Andrew Adamson,William Moseley,180000000,748806957,568806957,4.16,Yes,143,6.7,2629,Yes,67.39,$100M+,130-149 min,"2,000-4,999",No
30082,Forty Shades of Blue,Forty Shades of Blue (2005),2005-12-07,2005,2000s,Dec,12,English,Drama,2,Ira Sachs,Dina Korzun,1500000,,,,No,108,6.0,2,No,0.07,Under $10M,90-109 min,Under 50,No
46415,Neal 'n' Nikki,Neal 'n' Nikki (2005),2005-12-09,2005,2000s,Dec,12,English,Comedy,2,Arjun Sablok,Uday Chopra,,,,,No,122,2.3,4,No,0.29,Unknown,110-129 min,Under 50,No
254,King Kong,King Kong (2005),2005-12-14,2005,2000s,Dec,12,English,Adventure,3,Peter Jackson,Naomi Watts,207000000,550000000,343000000,2.657,Yes,187,6.6,2337,Yes,61.23,$100M+,150+ min,"2,000-4,999",No
9043,The Family Stone,The Family Stone (2005),2005-12-14,2005,2000s,Dec,12,English,Comedy,3,Thomas Bezucha,Claire Danes,,,,,No,103,6.2,249,Yes,14.19,Unknown,90-109 min,50-499,No
2008,The Promise,The Promise (2005),2005-12-15,2005,2000s,Dec,12,Other languages,Fantasy,5,Chen Kaige,Cecilia Cheung,,,,,No,98,5.0,29,No,3.87,Unknown,90-109 min,Under 50,No
10982,Hoodwinked!,Hoodwinked! (2005),2005-12-16,2005,2000s,Dec,12,English,Animation,3,Cory Edwards,Anne Hathaway,15000000,51053787,36053787,3.404,Yes,80,5.9,479,Yes,23.98,$10M-40M,Under 90 min,50-499,No
7552,Fun with Dick and Jane,Fun with Dick and Jane (2005),2005-12-21,2005,2000s,Dec,12,English,Comedy,1,Dean Parisot,Jim Carrey,100000000,202026112,102026112,2.02,Yes,90,5.9,627,Yes,25.16,$100M+,90-109 min,"500-1,999",No
9641,Cheaper by the Dozen 2,Cheaper by the Dozen 2 (2005),2005-12-21,2005,2000s,Dec,12,English,Comedy,1,Adam Shankman,Steve Martin,60000000,129181830,69181830,2.153,Yes,94,5.7,526,Yes,18.83,$40M-100M,90-109 min,"500-1,999",No
612,Munich,Munich (2005),2005-12-22,2005,2000s,Dec,12,English,Drama,4,Steven Spielberg,Eric Bana,70000000,130358911,60358911,1.862,Yes,164,6.9,696,Yes,29.04,$40M-100M,150+ min,"500-1,999",No
546,Transamerica,Transamerica (2005),2005-12-23,2005,2000s,Dec,12,English,Drama,1,Duncan Tucker,Felicity Huffman,1000000,13350369,12350369,13.35,Yes,103,6.9,144,Yes,9.77,Under $10M,90-109 min,50-499,No
9899,The Producers,The Producers (2005),2005-12-25,2005,2000s,Dec,12,English,Comedy,2,Susan Stroman,Matthew Broderick,45000000,38058335,-6941665,0.846,Yes,134,6.1,151,Yes,6.8,$40M-100M,130-149 min,50-499,No
11400,The New World,The New World (2005),2005-12-25,2005,2000s,Dec,12,English,Drama,3,Terrence Malick,Colin Farrell,30000000,30536013,536013,1.018,Yes,135,6.4,330,Yes,19.11,$10M-40M,130-149 min,50-499,No
38007,Ira & Abby,Ira & Abby (2006),2006-01-01,2006,2000s,Jan,1,English,Comedy,2,Robert Cary,Chris Messina,,,,,No,104,5.8,9,No,0.6,Unknown,90-109 min,Under 50,No
30139,Phat Girlz,Phat Girlz (2006),2006-01-01,2006,2000s,Jan,1,English,Comedy,2,Nnegest Likké,Mo'Nique,,,,,No,99,3.7,10,No,0.98,Unknown,90-109 min,Under 50,No
21461,Lage Raho Munna Bhai,Lage Raho Munna Bhai (2006),2006-01-01,2006,2000s,Jan,1,English,Comedy,3,Rajkumar Hirani,Sanjay Dutt,,,,,No,144,7.6,44,No,2.44,Unknown,130-149 min,Under 50,No
13066,I Want Someone to Eat Cheese With,I Want Someone to Eat Cheese With (2006),2006-01-01,2006,2000s,Jan,1,English,Comedy,2,Jeff Garlin,Jeff Garlin,,,,,No,80,5.7,12,No,1.74,Unknown,Under 90 min,Under 50,No
39183,Once in a Lifetime: The Extraordinary Story of the New York Cosmos,Once in a Lifetime: The Extraordinary Story of the New York Cosmos (2006),2006-01-01,2006,2000s,Jan,1,English,Documentary,1,Paul Crowder,Pelé,1000000,,,,No,97,4.7,3,No,0.44,Under $10M,90-109 min,Under 50,No
18869,Jimmy and Judy,Jimmy and Judy (2006),2006-01-01,2006,2000s,Jan,1,English,Action,4,Randall Rubin,Edward Furlong,,,,,No,99,5.4,8,No,1.26,Unknown,90-109 min,Under 50,No
40862,Iraq for Sale: The War Profiteers,Iraq for Sale: The War Profiteers (2006),2006-01-01,2006,2000s,Jan,1,English,Documentary,1,Robert Greenwald,Shereef Akeel,,,,,No,75,8.0,6,No,1.52,Unknown,Under 90 min,Under 50,No
45380,Crazy Stone,Crazy Stone (2006),2006-01-01,2006,2000s,Jan,1,Other languages,Action,2,Ning Hao,Guo Tao,,,,,No,98,6.9,22,No,1.69,Unknown,90-109 min,Under 50,No
26518,Old Joy,Old Joy (2006),2006-01-01,2006,2000s,Jan,1,English,Drama,1,Kelly Reichardt,Daniel London,300000,,,,No,73,6.3,36,No,1.67,Under $10M,Under 90 min,Under 50,No
7304,Running Scared,Running Scared (2006),2006-01-06,2006,2000s,Jan,1,English,Action,4,Wayne Kramer,Paul Walker,17000000,9500000,-7500000,0.559,Yes,122,7.0,331,Yes,19.31,$10M-40M,110-129 min,50-499,No
9900,Grandma's Boy,Grandma's Boy (2006),2006-01-06,2006,2000s,Jan,1,English,Comedy,1,Nicholaus Goossen,Linda Cardellini,,6538177,,,No,94,6.6,220,Yes,9.97,Unknown,90-109 min,50-499,No
7547,Come Early Morning,Come Early Morning (2006),2006-01-10,2006,2000s,Jan,1,English,Drama,2,Joey Lauren Adams,Ashley Judd,6000000,,,,No,97,5.9,10,No,3.43,Under $10M,90-109 min,Under 50,No
834,Underworld: Evolution,Underworld: Evolution (2006),2006-01-12,2006,2000s,Jan,1,English,Fantasy,4,Len Wiseman,Kate Beckinsale,50000000,111340801,61340801,2.227,Yes,106,6.4,1528,Yes,49.02,$40M-100M,90-109 min,"500-1,999",No
17379,Last Holiday,Last Holiday (2006),2006-01-13,2006,2000s,Jan,1,English,Adventure,3,Wayne Wang,Queen Latifah,45000000,38399961,-6600039,0.853,Yes,112,6.4,119,Yes,6.16,$40M-100M,110-129 min,50-499,No
9918,Glory Road,Glory Road (2006),2006-01-13,2006,2000s,Jan,1,English,Drama,1,James Gartner,Josh Lucas,,42647449,,,No,118,7.2,144,Yes,8.31,Unknown,110-129 min,50-499,No
12096,The Pink Panther,The Pink Panther (2006),2006-01-18,2006,2000s,Jan,1,English,Action,5,Shawn Levy,Steve Martin,,,,,No,93,5.6,550,Yes,25.45,Unknown,90-109 min,"500-1,999",No
1969,Bandidas,Bandidas (2006),2006-01-18,2006,2000s,Jan,1,Other languages,Action,4,Joachim Rønning,Penélope Cruz,35000000,10496317,-24503683,0.3,Yes,93,5.8,307,Yes,20.28,$10M-40M,90-109 min,50-499,No
10947,High School Musical,High School Musical (2006),2006-01-20,2006,2000s,Jan,1,English,Comedy,5,Kenny Ortega,Zac Efron,4200000,,,,No,98,6.1,1000,Yes,16.54,Under $10M,90-109 min,"500-1,999",No
1781,An Inconvenient Truth,An Inconvenient Truth (2006),2006-01-24,2006,2000s,Jan,1,English,Documentary,1,Davis Guggenheim,Al Gore,1000000,46243000,45243000,46.243,Yes,100,6.7,251,Yes,14.14,Under $10M,90-109 min,50-499,No
13198,Wristcutters: A Love Story,Wristcutters: A Love Story (2006),2006-01-24,2006,2000s,Jan,1,English,Comedy,4,Goran Dukic,Patrick Fugit,,,,,No,88,6.7,160,Yes,8.54,Unknown,Under 90 min,50-499,No
11565,Big Momma's House 2,Big Momma's House 2 (2006),2006-01-26,2006,2000s,Jan,1,English,Comedy,2,John Whitesell,Martin Lawrence,40000000,138259062,98259062,3.456,Yes,99,5.4,371,Yes,17.61,$40M-100M,90-109 min,50-499,No
7913,Rang De Basanti,Rang De Basanti (2006),2006-01-26,2006,2000s,Jan,1,Other languages,Drama,1,Rakeysh Omprakash Mehra,Aamir Khan,2200000,11502151,9302151,5.228,Yes,157,7.2,97,Yes,5.21,Under $10M,150+ min,50-499,No
13856,Special,Special (2006),2006-01-30,2006,2000s,Jan,1,English,Drama,3,Hal Haberman,Michael Rapaport,1000000,7202,-992798,0.007,Yes,81,6.6,32,No,1.26,Under $10M,Under 90 min,Under 50,No
10053,When a Stranger Calls,When a Stranger Calls (2006),2006-02-03,2006,2000s,Feb,2,English,Horror,2,Simon West,Camilla Belle,15000000,66966987,51966987,4.464,Yes,87,5.4,268,Yes,4.69,$10M-40M,Under 90 min,50-499,No
11818,Valley of the Wolves: Iraq,Valley of the Wolves: Iraq (2006),2006-02-03,2006,2000s,Feb,2,Other languages,Adventure,3,Serdar Akar,Muhammed Necati Şaşmaz,10000000,,,,No,122,4.3,7,No,1.47,$10M-40M,110-129 min,Under 50,No
14256,Winter Passing,Winter Passing (2006),2006-02-07,2006,2000s,Feb,2,English,Comedy,2,Adam Rapp,Zooey Deschanel,3500000,113783,-3386217,0.033,Yes,98,6.7,28,No,3.64,Under $10M,90-109 min,Under 50,No
9975,Curious George,Curious George (2006),2006-02-10,2006,2000s,Feb,2,English,Adventure,4,Matthew O'Callaghan,Will Ferrell,50000000,69834815,19834815,1.397,Yes,86,6.2,106,Yes,9.89,$40M-100M,Under 90 min,50-499,No
9754,Firewall,Firewall (2006),2006-02-10,2006,2000s,Feb,2,English,Thriller,1,Richard Loncraine,Harrison Ford,45000000,82800000,37800000,1.84,Yes,105,5.6,267,Yes,18.19,$40M-100M,90-109 min,50-499,No
9286,Final Destination 3,Final Destination 3 (2006),2006-02-10,2006,2000s,Feb,2,English,Horror,2,James Wong,Mary Elizabeth Winstead,25000000,117719158,92719158,4.709,Yes,93,5.8,974,Yes,31.64,$10M-40M,90-109 min,"500-1,999",No
9782,The Night Listener,The Night Listener (2006),2006-02-12,2006,2000s,Feb,2,English,Drama,2,Patrick Stettner,Toni Collette,,,,,No,91,5.5,57,Yes,7.17,Unknown,90-109 min,50-499,No
9036,Eight Below,Eight Below (2006),2006-02-17,2006,2000s,Feb,2,English,Adventure,3,Frank Marshall,Paul Walker,40000000,120455994,80455994,3.011,Yes,120,6.7,542,Yes,24.29,$40M-100M,110-129 min,"500-1,999",No
10073,Date Movie,Date Movie (2006),2006-02-17,2006,2000s,Feb,2,English,Comedy,1,Jason Friedberg,Alyson Hannigan,20000000,48548426,28548426,2.427,Yes,83,3.6,222,Yes,10.1,$10M-40M,Under 90 min,50-499,No
13197,10th & Wolf,10th & Wolf (2006),2006-02-19,2006,2000s,Feb,2,English,Action,5,Robert Moresco,James Marsden,8000000,143451,-7856549,0.018,Yes,107,6.3,24,No,3.94,Under $10M,90-109 min,Under 50,No
25784,Journey from the Fall,Journey from the Fall (2006),2006-02-22,2006,2000s,Feb,2,Other languages,Drama,1,Ham Tran,Kiều Chinh,1300000,639000,-661000,0.492,Yes,135,5.0,1,No,0.07,Under $10M,130-149 min,Under 50,No
186,Lucky Number Slevin,Lucky Number Slevin (2006),2006-02-24,2006,2000s,Feb,2,English,Drama,4,Paul McGuigan,Josh Hartnett,27000000,56308881,29308881,2.086,Yes,110,7.4,1323,Yes,36.92,$10M-40M,110-129 min,"500-1,999",No
24432,Doogal,Doogal (2006),2006-02-24,2006,2000s,Feb,2,English,Family,1,Frank Passingham,Daniel Tay,,,,,No,85,3.2,18,No,1.68,Unknown,Under 90 min,Under 50,No
16781,Madea's Family Reunion,Madea's Family Reunion (2006),2006-02-24,2006,2000s,Feb,2,English,Drama,3,Tyler Perry,Tyler Perry,6000000,57231524,51231524,9.539,Yes,110,6.0,77,Yes,5.88,Under $10M,110-129 min,50-499,No
2207,16 Blocks,16 Blocks (2006),2006-03-01,2006,2000s,Mar,3,English,Action,4,Richard Donner,Bruce Willis,55000000,65664721,10664721,1.194,Yes,105,6.2,661,Yes,32.31,$40M-100M,90-109 min,"500-1,999",No
9920,Ultraviolet,Ultraviolet (2006),2006-03-03,2006,2000s,Mar,3,English,Science Fiction,3,Kurt Wimmer,Milla Jovovich,30000000,31070211,1070211,1.036,Yes,87,4.8,458,Yes,15.9,$10M-40M,Under 90 min,50-499,No
14191,Aquamarine,Aquamarine (2006),2006-03-03,2006,2000s,Mar,3,English,Fantasy,4,Elizabeth Allen Rosenbaum,Emma Roberts,12000000,23006849,11006849,1.917,Yes,104,5.8,364,Yes,16.93,$10M-40M,90-109 min,50-499,No
9310,American Dreamz,American Dreamz (2006),2006-03-04,2006,2000s,Mar,3,English,Comedy,3,Paul Weitz,Hugh Grant,17000000,7314027,-9685973,0.43,Yes,107,4.9,95,Yes,7.86,$10M-40M,90-109 min,50-499,No
19344,Loving Annabelle,Loving Annabelle (2006),2006-03-08,2006,2000s,Mar,3,English,Drama,2,Katherine Brooks,Erin Kelly,900000,,,,No,76,6.4,55,Yes,7.15,Under $10M,Under 90 min,50-499,No
10067,The Shaggy Dog,The Shaggy Dog (2006),2006-03-09,2006,2000s,Mar,3,English,Comedy,2,Brian Robbins,Tim Allen,50000000,61112916,11112916,1.222,Yes,98,4.5,137,Yes,4.28,$40M-100M,90-109 min,50-499,No
6877,Failure to Launch,Failure to Launch (2006),2006-03-10,2006,2000s,Mar,3,English,Comedy,1,Tom Dey,Matthew McConaughey,50000000,88715192,38715192,1.774,Yes,97,5.5,399,Yes,18.81,$40M-100M,90-109 min,50-499,No
9792,The Hills Have Eyes,The Hills Have Eyes (2006),2006-03-10,2006,2000s,Mar,3,English,Horror,2,Alexandre Aja,Aaron Stanford,15000000,69623713,54623713,4.642,Yes,107,6.1,705,Yes,35.11,$10M-40M,90-109 min,"500-1,999",No
752,V for Vendetta,V for Vendetta (2006),2006-03-15,2006,2000s,Mar,3,English,Action,3,James McTeigue,Natalie Portman,54000000,132511035,78511035,2.454,Yes,132,7.7,4442,Yes,84.63,$40M-100M,130-149 min,"2,000-4,999",No
582,The Lives of Others,The Lives of Others (2006),2006-03-15,2006,2000s,Mar,3,Other languages,Drama,2,Florian Henckel von Donnersmarck,Martina Gedeck,2000000,70000000,68000000,35.0,Yes,137,7.9,958,Yes,34.94,Under $10M,130-149 min,"500-1,999",No
9389,Renaissance,Renaissance (2006),2006-03-16,2006,2000s,Mar,3,Other languages,Action,3,Christian Volckman,Daniel Craig,18000000,1831348,-16168652,0.102,Yes,105,6.7,77,Yes,9.24,$10M-40M,90-109 min,50-499,No
9950,Find Me Guilty,Find Me Guilty (2006),2006-03-16,2006,2000s,Mar,3,English,Drama,4,Sidney Lumet,Vin Diesel,13000000,2636637,-10363363,0.203,Yes,125,6.5,138,Yes,12.32,$10M-40M,110-129 min,50-499,No
219,Volver,Volver (2006),2006-03-16,2006,2000s,Mar,3,Other languages,Comedy,3,Pedro Almodóvar,Penélope Cruz,12899867,85582407,72682540,6.634,Yes,121,7.3,406,Yes,19.75,$10M-40M,110-129 min,50-499,No
12763,Take the Lead,Take the Lead (2006),2006-03-17,2006,2000s,Mar,3,English,Music,1,Liz Friedlander,Antonio Banderas,30000000,34742066,4742066,1.158,Yes,108,6.6,162,Yes,9.0,$10M-40M,90-109 min,50-499,No
9655,She's the Man,She's the Man (2006),2006-03-17,2006,2000s,Mar,3,English,Comedy,4,Andy Fickman,Amanda Bynes,20000000,33889159,13889159,1.694,Yes,105,6.4,671,Yes,10.81,$10M-40M,90-109 min,"500-1,999",No
950,Ice Age: The Meltdown,Ice Age: The Meltdown (2006),2006-03-23,2006,2000s,Mar,3,English,Animation,4,Carlos Saldanha,Ray Romano,80000000,660940780,580940780,8.262,Yes,91,6.5,2951,Yes,85.12,$40M-100M,90-109 min,"2,000-4,999",No
388,Inside Man,Inside Man (2006),2006-03-23,2006,2000s,Mar,3,English,Crime,3,Spike Lee,Denzel Washington,45000000,184376254,139376254,4.097,Yes,129,7.3,1630,Yes,45.22,$40M-100M,110-129 min,"500-1,999",No
10069,Stay Alive,Stay Alive (2006),2006-03-24,2006,2000s,Mar,3,English,Horror,2,William Brent Bell,Jon Foster,9000000,27105095,18105095,3.012,Yes,100,5.3,155,Yes,4.35,Under $10M,90-109 min,50-499,No
15639,Larry the Cable Guy: Health Inspector,Larry the Cable Guy: Health Inspector (2006),2006-03-24,2006,2000s,Mar,3,English,Comedy,1,Trent Cooper,Larry the Cable Guy,,,,,No,89,3.3,17,No,2.18,Unknown,Under 90 min,Under 50,No
3093,Basic Instinct 2,Basic Instinct 2 (2006),2006-03-29,2006,2000s,Mar,3,English,Crime,3,Michael Caton-Jones,Sharon Stone,70000000,38629478,-31370522,0.552,Yes,114,4.6,180,Yes,13.48,$40M-100M,110-129 min,50-499,No
13689,Peaceful Warrior,Peaceful Warrior (2006),2006-03-30,2006,2000s,Mar,3,English,Drama,2,Victor Salva,Scott Mechlowicz,,,,,No,120,7.3,90,Yes,8.33,Unknown,110-129 min,50-499,No
14474,The Oh in Ohio,The Oh in Ohio (2006),2006-03-30,2006,2000s,Mar,3,English,Comedy,3,Billy Kent,Parker Posey,5000000,,,,No,88,5.8,27,No,6.76,Under $10M,Under 90 min,Under 50,No
13960,ATL,ATL (2006),2006-03-31,2006,2000s,Mar,3,English,Drama,1,Christian Robinson,T.I.,20000000,21170563,1170563,1.059,Yes,105,6.0,32,No,5.42,$10M-40M,90-109 min,Under 50,No
9035,Slither,Slither (2006),2006-03-31,2006,2000s,Mar,3,English,Comedy,3,James Gunn,Nathan Fillion,15500000,,,,No,95,6.3,317,Yes,17.33,$10M-40M,90-109 min,50-499,No
9957,The Benchwarmers,The Benchwarmers (2006),2006-04-07,2006,2000s,Apr,4,English,Comedy,1,Dennis Dugan,Jon Heder,,,,,No,80,5.2,242,Yes,6.75,Unknown,Under 90 min,50-499,No
4257,Scary Movie 4,Scary Movie 4 (2006),2006-04-13,2006,2000s,Apr,4,English,Comedy,1,David Zucker,Anna Faris,45000000,178262620,133262620,3.961,Yes,83,5.3,750,Yes,32.55,$40M-100M,Under 90 min,"500-1,999",No
5820,The Sentinel,The Sentinel (2006),2006-04-19,2006,2000s,Apr,4,English,Action,3,Clark Johnson,Michael Douglas,60000000,77920346,17920346,1.299,Yes,108,5.8,225,Yes,15.35,$40M-100M,90-109 min,50-499,No
588,Silent Hill,Silent Hill (2006),2006-04-21,2006,2000s,Apr,4,English,Horror,2,Christophe Gans,Radha Mitchell,50000000,97607453,47607453,1.952,Yes,125,6.3,1067,Yes,32.93,$40M-100M,110-129 min,"500-1,999",No
10115,Stick It,Stick It (2006),2006-04-21,2006,2000s,Apr,4,English,Comedy,2,Jessica Bendinger,Jeff Bridges,,,,,No,105,6.3,148,Yes,9.75,Unknown,90-109 min,50-499,No
56491,In Her Line of Fire,In Her Line of Fire (2006),2006-04-21,2006,2000s,Apr,4,English,Drama,3,Brian Trenchard-Smith,Mariel Hemingway,,,,,No,88,3.3,9,No,0.43,Unknown,Under 90 min,Under 50,No
7518,Over the Hedge,Over the Hedge (2006),2006-04-22,2006,2000s,Apr,4,English,Comedy,3,Karey Kirkpatrick,Bruce Willis,80000000,343397247,263397247,4.292,Yes,83,6.3,1074,Yes,36.33,$40M-100M,Under 90 min,"500-1,999",No
116584,Valley of the Heart's Delight,Valley of the Heart's Delight (2006),2006-04-24,2006,2000s,Apr,4,English,Drama,1,Tim Boxell,Pete Postlethwaite,,,,,No,100,7.0,1,No,0.14,Unknown,90-109 min,Under 50,No
11908,Hatchet,Hatchet (2006),2006-04-27,2006,2000s,Apr,4,English,Comedy,2,Adam Green,Joel David Moore,,,,,No,83,5.7,159,Yes,12.68,Unknown,Under 90 min,50-499,No
9829,United 93,United 93 (2006),2006-04-28,2006,2000s,Apr,4,English,Drama,5,Paul Greengrass,J.J. Johnson,15000000,76286096,61286096,5.086,Yes,111,6.9,367,Yes,17.5,$10M-40M,110-129 min,50-499,No
13751,Akeelah and the Bee,Akeelah and the Bee (2006),2006-04-28,2006,2000s,Apr,4,English,Drama,1,Doug Atchison,Keke Palmer,8000000,18948425,10948425,2.369,Yes,112,6.7,81,Yes,4.93,Under $10M,110-129 min,50-499,No
18206,Alone With Her,Alone With Her (2006),2006-04-28,2006,2000s,Apr,4,English,Crime,4,Eric Nicholas,Colin Hanks,1000000,10018,-989982,0.01,Yes,78,6.2,20,No,2.18,Under $10M,Under 90 min,Under 50,No
11404,Driving Lessons,Driving Lessons (2006),2006-04-30,2006,2000s,Apr,4,English,Drama,2,Jeremy Brock,Laura Linney,,,,,No,98,6.3,47,No,7.67,Unknown,90-109 min,Under 50,No
956,Mission: Impossible III,Mission: Impossible III (2006),2006-05-03,2006,2000s,May,5,English,Adventure,3,J.J. Abrams,Tom Cruise,150000000,397850012,247850012,2.652,Yes,126,6.5,2028,Yes,63.08,$100M+,110-129 min,"2,000-4,999",No
18276,Hoot,Hoot (2006),2006-05-05,2006,2000s,May,5,English,Drama,2,Wil Shriner,Luke Wilson,,,,,No,91,5.5,44,No,7.71,Unknown,90-109 min,Under 50,No
503,Poseidon,Poseidon (2006),2006-05-12,2006,2000s,May,5,English,Adventure,4,Wolfgang Petersen,Kurt Russell,160000000,181674817,21674817,1.135,Yes,99,5.5,583,Yes,21.13,$100M+,90-109 min,"500-1,999",No
10025,Just My Luck,Just My Luck (2006),2006-05-12,2006,2000s,May,5,English,Comedy,5,Donald Petrie,Lindsay Lohan,28000000,38159905,10159905,1.363,Yes,103,5.8,491,Yes,22.07,$10M-40M,90-109 min,50-499,No
21014,Keeping Up with the Steins,Keeping Up with the Steins (2006),2006-05-12,2006,2000s,May,5,English,Comedy,1,Scott Marshall,Daryl Sabara,,,,,No,90,5.2,18,No,3.56,Unknown,90-109 min,Under 50,No
4723,Southland Tales,Southland Tales (2006),2006-05-15,2006,2000s,May,5,English,Action,6,Richard Kelly,Dwayne Johnson,17000000,374743,-16625257,0.022,Yes,144,5.2,153,Yes,9.35,$10M-40M,130-149 min,50-499,No
2266,"Paris, je t'aime","Paris, je t'aime (2006)",2006-05-16,2006,2000s,May,5,Other languages,Drama,2,Isabel Coixet,Steve Buscemi,13000000,4857367,-8142633,0.374,Yes,120,6.8,207,Yes,10.57,$10M-40M,110-129 min,50-499,No
591,The Da Vinci Code,The Da Vinci Code (2006),2006-05-17,2006,2000s,May,5,English,Thriller,2,Ron Howard,Tom Hanks,125000000,767820459,642820459,6.143,Yes,149,6.5,2704,Yes,45.31,$100M+,130-149 min,"2,000-4,999",No
52462,The Pet,The Pet (2006),2006-05-17,2006,2000s,May,5,English,Drama,2,D. Stevens,Pierre Dulat,,,,,No,94,5.3,3,No,1.28,Unknown,90-109 min,Under 50,No
1116,The Wind That Shakes the Barley,The Wind That Shakes the Barley (2006),2006-05-18,2006,2000s,May,5,English,Drama,3,Ken Loach,Cillian Murphy,6500000,22889018,16389018,3.521,Yes,124,7.1,154,Yes,6.79,Under $10M,110-129 min,50-499,No
5072,Severance,Severance (2006),2006-05-19,2006,2000s,May,5,English,Horror,3,Christopher Smith,Danny Dyer,,,,,No,96,6.4,169,Yes,12.9,Unknown,90-109 min,50-499,No
1378,Shortbus,Shortbus (2006),2006-05-20,2006,2000s,May,5,English,Romance,3,John Cameron Mitchell,Sook-Yin Lee,2000000,5179037,3179037,2.59,Yes,101,6.3,140,Yes,14.85,Under $10M,90-109 min,50-499,No
36668,X-Men: The Last Stand,X-Men: The Last Stand (2006),2006-05-24,2006,2000s,May,5,English,Adventure,4,Brett Ratner,Hugh Jackman,210000000,459359555,249359555,2.187,Yes,104,6.3,3525,Yes,3.86,$100M+,90-109 min,"2,000-4,999",No
1887,Marie Antoinette,Marie Antoinette (2006),2006-05-24,2006,2000s,May,5,English,Drama,2,Sofia Coppola,Kirsten Dunst,40000000,60474340,20474340,1.512,Yes,123,6.5,642,Yes,22.36,$40M-100M,110-129 min,"500-1,999",No
3509,A Scanner Darkly,A Scanner Darkly (2006),2006-05-25,2006,2000s,May,5,English,Animation,3,Richard Linklater,Keanu Reeves,8700000,7659918,-1040082,0.88,Yes,100,6.8,532,Yes,26.09,Under $10M,90-109 min,"500-1,999",No
2295,Clerks II,Clerks II (2006),2006-05-25,2006,2000s,May,5,English,Comedy,1,Kevin Smith,Brian O'Halloran,5000000,26888376,21888376,5.378,Yes,97,6.9,398,Yes,18.08,Under $10M,90-109 min,50-499,No
1417,Pan's Labyrinth,Pan's Labyrinth (2006),2006-05-27,2006,2000s,May,5,Other languages,Fantasy,3,Guillermo del Toro,Ivana Baquero,19000000,83258226,64258226,4.382,Yes,118,7.6,3041,Yes,90.81,$10M-40M,110-129 min,"2,000-4,999",No
9767,The Break-Up,The Break-Up (2006),2006-06-01,2006,2000s,Jun,6,English,Romance,2,Peyton Reed,Vince Vaughn,52000000,204999686,152999686,3.942,Yes,106,5.6,832,Yes,26.25,$40M-100M,90-109 min,"500-1,999",No
9615,The Fast and the Furious: Tokyo Drift,The Fast and the Furious: Tokyo Drift (2006),2006-06-03,2006,2000s,Jun,6,English,Action,4,Justin Lin,Lucas Black,85000000,158468292,73468292,1.864,Yes,104,6.1,1705,Yes,8.28,$40M-100M,90-109 min,"500-1,999",No
64499,Quinceañera,Quinceañera (2006),2006-06-05,2006,2000s,Jun,6,Other languages,Drama,1,Richard Glatzer,Emily Rios,,,,,No,90,7.0,7,No,0.03,Unknown,90-109 min,Under 50,No
15976,The Bubble,The Bubble (2006),2006-06-06,2006,2000s,Jun,6,Other languages,Drama,2,Eytan Fox,Ohad Knoller,,,,,No,114,7.6,20,No,1.49,Unknown,110-129 min,Under 50,No
15624,Conversations with Other Women,Conversations with Other Women (2006),2006-06-07,2006,2000s,Jun,6,English,Drama,2,Hans Canosa,Helena Bonham Carter,450000,973525,523525,2.163,Yes,84,6.2,38,No,4.44,Under $10M,Under 90 min,Under 50,No
920,Cars,Cars (2006),2006-06-08,2006,2000s,Jun,6,English,Animation,4,John Lasseter,Owen Wilson,120000000,461983149,341983149,3.85,Yes,117,6.6,3877,Yes,82.64,$100M+,110-129 min,"2,000-4,999",No
9526,A Prairie Home Companion,A Prairie Home Companion (2006),2006-06-09,2006,2000s,Jun,6,English,Drama,3,Robert Altman,Meryl Streep,10000000,,,,No,105,6.4,81,Yes,5.03,$10M-40M,90-109 min,50-499,No
9513,Garfield: A Tail of Two Kitties,Garfield: A Tail of Two Kitties (2006),2006-06-15,2006,2000s,Jun,6,English,Animation,3,Tim Hill,Bill Murray,,141702264,,,No,78,5.1,464,Yes,16.93,Unknown,Under 90 min,50-499,No
2044,The Lake House,The Lake House (2006),2006-06-16,2006,2000s,Jun,6,English,Romance,3,Alejandro Agresti,Keanu Reeves,40000000,114830111,74830111,2.871,Yes,99,6.5,670,Yes,29.89,$40M-100M,90-109 min,"500-1,999",No
9353,Nacho Libre,Nacho Libre (2006),2006-06-16,2006,2000s,Jun,6,English,Comedy,2,Jared Hess,Jack Black,32000000,80197993,48197993,2.506,Yes,92,5.6,359,Yes,14.64,$10M-40M,90-109 min,50-499,No
58,Pirates of the Caribbean: Dead Man's Chest,Pirates of the Caribbean: Dead Man's Chest (2006),2006-06-20,2006,2000s,Jun,6,English,Adventure,3,Gore Verbinski,Johnny Depp,200000000,1065659812,865659812,5.328,Yes,151,7.0,5246,Yes,145.85,$100M+,150+ min,"5,000+",No
4474,My Super Ex-Girlfriend,My Super Ex-Girlfriend (2006),2006-06-20,2006,2000s,Jun,6,English,Fantasy,6,Ivan Reitman,Uma Thurman,,60896147,,,No,95,4.8,442,Yes,20.25,Unknown,90-109 min,50-499,No
9339,Click,Click (2006),2006-06-22,2006,2000s,Jun,6,English,Comedy,4,Frank Coraci,Adam Sandler,82500000,237681299,155181299,2.881,Yes,107,6.0,2104,Yes,41.18,$40M-100M,90-109 min,"2,000-4,999",No
32740,Krrish,Krrish (2006),2006-06-23,2006,2000s,Jun,6,Other languages,Action,2,Rakesh Roshan,Hrithik Roshan,,,,,No,154,5.5,46,No,3.76,Unknown,150+ min,Under 50,No
35199,Wordplay,Wordplay (2006),2006-06-26,2006,2000s,Jun,6,English,Documentary,1,Patrick Creadon,Will Shortz,,,,,No,94,7.3,10,No,0.91,Unknown,90-109 min,Under 50,No
1452,Superman Returns,Superman Returns (2006),2006-06-28,2006,2000s,Jun,6,English,Adventure,4,Bryan Singer,Brandon Routh,270000000,391081192,121081192,1.448,Yes,154,5.4,1400,Yes,57.93,$100M+,150+ min,"500-1,999",No
350,The Devil Wears Prada,The Devil Wears Prada (2006),2006-06-30,2006,2000s,Jun,6,English,Comedy,3,David Frankel,Meryl Streep,35000000,326551094,291551094,9.33,Yes,109,7.0,3088,Yes,83.89,$10M-40M,90-109 min,"2,000-4,999",No
15049,Bon Cop Bad Cop,Bon Cop Bad Cop (2006),2006-07-06,2006,2000s,Jul,7,Other languages,Action,3,Erik Canuel,Patrick Huard,8000000,12671300,4671300,1.584,Yes,116,6.5,42,No,5.07,Under $10M,110-129 min,Under 50,No
1819,"You, Me and Dupree","You, Me and Dupree (2006)",2006-07-14,2006,2000s,Jul,7,English,Comedy,2,Anthony Russo,Kate Hudson,54000000,130431368,76431368,2.415,Yes,108,5.4,407,Yes,18.6,$40M-100M,90-109 min,50-499,No
4657,Jindabyne,Jindabyne (2006),2006-07-20,2006,2000s,Jul,7,English,Crime,4,Ray Lawrence,Laura Linney,,,,,No,123,5.7,25,No,8.95,Unknown,110-129 min,Under 50,No
9297,Monster House,Monster House (2006),2006-07-21,2006,2000s,Jul,7,English,Animation,4,Gil Kenan,Ryan Newman,75000000,140175006,65175006,1.869,Yes,91,6.3,874,Yes,36.37,$40M-100M,90-109 min,"500-1,999",No
9697,Lady in the Water,Lady in the Water (2006),2006-07-21,2006,2000s,Jul,7,English,Drama,4,M. Night Shyamalan,Paul Giamatti,75000000,42285169,-32714831,0.564,Yes,110,5.3,409,Yes,20.22,$40M-100M,110-129 min,50-499,No
9978,Stormbreaker,Stormbreaker (2006),2006-07-21,2006,2000s,Jul,7,English,Adventure,3,Geoffrey Sax,Alex Pettyfer,40000000,23937870,-16062130,0.598,Yes,93,5.1,213,Yes,16.28,$40M-100M,90-109 min,50-499,No
12838,One to Another,One to Another (2006),2006-07-21,2006,2000s,Jul,7,Other languages,Drama,1,Jean-Marc Barr,Lizzie Brocheré,,,,,No,95,5.8,12,No,4.67,Unknown,90-109 min,Under 50,No
773,Little Miss Sunshine,Little Miss Sunshine (2006),2006-07-26,2006,2000s,Jul,7,English,Comedy,2,Jonathan Dayton,Greg Kinnear,8000000,100523181,92523181,12.565,Yes,102,7.5,1686,Yes,14.79,Under $10M,90-109 min,"500-1,999",No
9906,The Ant Bully,The Ant Bully (2006),2006-07-27,2006,2000s,Jul,7,English,Fantasy,5,John A. Davis,Julia Roberts,50000000,55181129,5181129,1.104,Yes,88,5.5,366,Yes,20.24,$40M-100M,Under 90 min,50-499,No
1255,The Host,The Host (2006),2006-07-27,2006,2000s,Jul,7,Other languages,Horror,3,Bong Joon-ho,Song Kang-ho,11000000,88489643,77489643,8.045,Yes,119,6.7,537,Yes,27.66,$10M-40M,110-129 min,"500-1,999",No
512,Scoop,Scoop (2006),2006-07-27,2006,2000s,Jul,7,English,Comedy,2,Woody Allen,Scarlett Johansson,4000000,31584901,27584901,7.896,Yes,96,6.4,420,Yes,17.23,Under $10M,90-109 min,50-499,No
9718,Talladega Nights: The Ballad of Ricky Bobby,Talladega Nights: The Ballad of Ricky Bobby (2006),2006-08-04,2006,2000s,Aug,8,English,Comedy,1,Adam McKay,Will Ferrell,72500000,162966177,90466177,2.248,Yes,116,6.2,491,Yes,12.6,$40M-100M,110-129 min,50-499,No
9907,Barnyard,Barnyard (2006),2006-08-04,2006,2000s,Aug,8,English,Animation,3,Steve Oedekerk,Courteney Cox,51000000,72779000,21779000,1.427,Yes,90,5.3,225,Yes,10.43,$40M-100M,90-109 min,50-499,No
13508,Who Killed the Electric Car?,Who Killed the Electric Car? (2006),2006-08-04,2006,2000s,Aug,8,English,Documentary,1,Chris Paine,Martin Sheen,1000000,1678874,678874,1.679,Yes,92,7.2,59,Yes,5.32,Under $10M,90-109 min,50-499,No
326,Snakes on a Plane,Snakes on a Plane (2006),2006-08-06,2006,2000s,Aug,8,English,Action,4,David R. Ellis,Samuel L. Jackson,33000000,62022014,29022014,1.879,Yes,105,5.1,497,Yes,19.64,$10M-40M,90-109 min,50-499,No
53953,The Tooth Fairy,The Tooth Fairy (2006),2006-08-08,2006,2000s,Aug,8,Other languages,Horror,1,Chuck Bowman,Lochlyn Munro,,,,,No,,4.3,13,No,0.72,Unknown,Unknown,Under 50,No
1852,World Trade Center,World Trade Center (2006),2006-08-09,2006,2000s,Aug,8,English,Drama,3,Oliver Stone,Nicolas Cage,63000000,162945894,99945894,2.586,Yes,128,5.9,447,Yes,24.7,$40M-100M,110-129 min,50-499,No
14113,Zoom,Zoom (2006),2006-08-11,2006,2000s,Aug,8,English,Family,3,Peter Hewitt,Tim Allen,35000000,12506188,-22493812,0.357,Yes,83,4.9,135,Yes,10.3,$10M-40M,Under 90 min,50-499,No
9682,Pulse,Pulse (2006),2006-08-11,2006,2000s,Aug,8,English,Horror,2,Jim Sonzero,Kristen Bell,38000000,29907685,-8092315,0.787,Yes,90,5.0,150,Yes,9.66,$10M-40M,90-109 min,50-499,No
9762,Step Up,Step Up (2006),2006-08-11,2006,2000s,Aug,8,English,Music,4,Anne Fletcher,Channing Tatum,12000000,114194847,102194847,9.516,Yes,104,6.7,1060,Yes,45.48,$10M-40M,90-109 min,"500-1,999",No
14395,Kabhi Alvida Naa Kehna,Kabhi Alvida Naa Kehna (2006),2006-08-11,2006,2000s,Aug,8,Other languages,Drama,2,Karan Johar,Shah Rukh Khan,7400000,17000000,9600000,2.297,Yes,193,6.1,42,No,3.25,Under $10M,150+ min,Under 50,No
7859,Half Nelson,Half Nelson (2006),2006-08-11,2006,2000s,Aug,8,English,Drama,1,Ryan Fleck,Ryan Gosling,700000,4911725,4211725,7.017,Yes,107,6.5,240,Yes,12.38,Under $10M,90-109 min,50-499,No
1491,The Illusionist,The Illusionist (2006),2006-08-18,2006,2000s,Aug,8,English,Fantasy,4,Neil Burger,Edward Norton,40000000,86915017,46915017,2.173,Yes,110,7.1,1615,Yes,36.96,$40M-100M,110-129 min,"500-1,999",No
9988,Beerfest,Beerfest (2006),2006-08-25,2006,2000s,Aug,8,English,Comedy,1,Jay Chandrasekhar,Erik Stolhanske,17500000,19179969,1679969,1.096,Yes,110,5.8,172,Yes,14.3,$10M-40M,110-129 min,50-499,No
13816,Idlewild,Idlewild (2006),2006-08-25,2006,2000s,Aug,8,English,Crime,3,Bryan Barber,André Benjamin,,,,,No,121,5.1,17,No,2.71,Unknown,110-129 min,Under 50,No
18615,Fur: An Imaginary Portrait of Diane Arbus,Fur: An Imaginary Portrait of Diane Arbus (2006),2006-08-30,2006,2000s,Aug,8,English,Drama,3,Steven Shainberg,Nicole Kidman,16800000,2281089,-14518911,0.136,Yes,122,5.8,73,Yes,4.36,$10M-40M,110-129 min,50-499,No
9072,Little Man,Little Man (2006),2006-08-31,2006,2000s,Aug,8,English,Comedy,2,Keenen Ivory Wayans,Marlon Wayans,64000000,101595121,37595121,1.587,Yes,98,5.3,261,Yes,12.42,$40M-100M,90-109 min,50-499,No
1948,Crank,Crank (2006),2006-08-31,2006,2000s,Aug,8,English,Action,3,Brian Taylor,Jason Statham,12000000,42931041,30931041,3.578,Yes,88,6.6,1151,Yes,47.99,$10M-40M,Under 90 min,"500-1,999",No
13495,Alatriste,Alatriste (2006),2006-09-01,2006,2000s,Sep,9,Other languages,Action,1,Agustín Díaz Yanes,Viggo Mortensen,24000000,23321954,-678046,0.972,Yes,145,5.6,61,Yes,6.01,$10M-40M,130-149 min,50-499,No
9075,Black Book,Black Book (2006),2006-09-01,2006,2000s,Sep,9,Other languages,Drama,3,Paul Verhoeven,Carice van Houten,21000000,26193068,5193068,1.247,Yes,145,7.2,277,Yes,13.91,$10M-40M,130-149 min,50-499,No
1523,The Last King of Scotland,The Last King of Scotland (2006),2006-09-01,2006,2000s,Sep,9,English,Drama,1,Kevin Macdonald,Forest Whitaker,6000000,48027970,42027970,8.005,Yes,121,7.4,558,Yes,26.29,Under $10M,110-129 min,"500-1,999",No
14351,Crossover,Crossover (2006),2006-09-01,2006,2000s,Sep,9,English,Action,3,Preston A. Whitmore II,Anthony Mackie,5800000,7000000,1200000,1.207,Yes,95,4.2,10,No,3.2,Under $10M,90-109 min,Under 50,No
7512,Idiocracy,Idiocracy (2006),2006-09-01,2006,2000s,Sep,9,English,Adventure,3,Mike Judge,Luke Wilson,30000000,495303,-29504697,0.017,Yes,84,6.3,664,Yes,27.94,$10M-40M,Under 90 min,"500-1,999",No
16727,The Namesake,The Namesake (2006),2006-09-02,2006,2000s,Sep,9,English,Drama,1,Mira Nair,Kal Penn,12000000,20138836,8138836,1.678,Yes,122,6.8,50,Yes,3.6,$10M-40M,110-129 min,50-499,No
10741,Bobby,Bobby (2006),2006-09-05,2006,2000s,Sep,9,English,History,2,Emilio Estevez,Anthony Hopkins,,,,,No,120,6.4,119,Yes,11.71,Unknown,110-129 min,50-499,No
1381,The Fountain,The Fountain (2006),2006-09-06,2006,2000s,Sep,9,English,Drama,4,Darren Aronofsky,Hugh Jackman,35000000,15304890,-19695110,0.437,Yes,96,6.8,827,Yes,24.61,$10M-40M,90-109 min,"500-1,999",No
13807,Exiled,Exiled (2006),2006-09-06,2006,2000s,Sep,9,Other languages,Action,3,Johnnie To,Anthony Wong,4500000,,,,No,110,7.0,46,No,8.49,Under $10M,110-129 min,Under 50,No
9053,DOA: Dead or Alive,DOA: Dead or Alive (2006),2006-09-07,2006,2000s,Sep,9,English,Adventure,3,Corey Yuen Kwai,Jaime Pressly,21000000,480314,-20519686,0.023,Yes,87,5.0,205,Yes,12.79,$10M-40M,Under 90 min,50-499,No
37028,The Magic Flute,The Magic Flute (2006),2006-09-07,2006,2000s,Sep,9,English,Comedy,3,Kenneth Branagh,Joseph Kaiser,,,,,No,133,6.9,6,No,0.55,Unknown,130-149 min,Under 50,No
10288,Fido,Fido (2006),2006-09-07,2006,2000s,Sep,9,English,Romance,4,Andrew Currie,Billy Connolly,8000000,426224,-7573776,0.053,Yes,91,6.6,135,Yes,5.24,Under $10M,90-109 min,50-499,No
8998,Friends with Money,Friends with Money (2006),2006-09-07,2006,2000s,Sep,9,English,Comedy,3,Nicole Holofcener,Catherine Keener,6500000,13368437,6868437,2.057,Yes,88,5.1,128,Yes,11.89,Under $10M,Under 90 min,50-499,No
1164,Babel,Babel (2006),2006-09-08,2006,2000s,Sep,9,English,Drama,1,Alejandro González Iñárritu,Brad Pitt,25000000,135330182,110330182,5.413,Yes,143,6.9,1055,Yes,25.79,$10M-40M,130-149 min,"500-1,999",No
9954,The Covenant,The Covenant (2006),2006-09-08,2006,2000s,Sep,9,English,Action,6,Renny Harlin,Steven Strait,20000000,37597471,17597471,1.88,Yes,97,5.2,288,Yes,15.8,$10M-40M,90-109 min,50-499,No
13075,Sherrybaby,Sherrybaby (2006),2006-09-08,2006,2000s,Sep,9,English,Drama,1,Laurie Collyer,Maggie Gyllenhaal,2000000,622806,-1377194,0.311,Yes,96,6.3,41,No,4.26,Under $10M,90-109 min,Under 50,No
9726,A Good Year,A Good Year (2006),2006-09-09,2006,2000s,Sep,9,English,Comedy,3,Ridley Scott,Russell Crowe,35000000,42064105,7064105,1.202,Yes,118,6.5,357,Yes,16.78,$10M-40M,110-129 min,50-499,No
1262,Stranger Than Fiction,Stranger Than Fiction (2006),2006-09-09,2006,2000s,Sep,9,English,Comedy,4,Marc Forster,Will Ferrell,30000000,53653224,23653224,1.788,Yes,113,7.1,721,Yes,32.27,$10M-40M,110-129 min,"500-1,999",No
9952,Rescue Dawn,Rescue Dawn (2006),2006-09-09,2006,2000s,Sep,9,English,Adventure,3,Werner Herzog,Christian Bale,10000000,7177143,-2822857,0.718,Yes,126,6.9,336,Yes,17.08,$10M-40M,110-129 min,50-499,No
44260,Lake of Fire,Lake of Fire (2006),2006-09-09,2006,2000s,Sep,9,English,Documentary,1,Tony Kaye,Noam Chomsky,,,,,No,152,8.0,10,No,0.48,Unknown,150+ min,Under 50,No
12586,Bella,Bella (2006),2006-09-09,2006,2000s,Sep,9,English,Drama,2,Alejandro Monteverde,Tammy Blanchard,,,,,No,91,6.7,37,No,1.81,Unknown,90-109 min,Under 50,No
1717,All the King's Men,All the King's Men (2006),2006-09-10,2006,2000s,Sep,9,English,Drama,2,Steven Zaillian,Sean Penn,55000000,9450897,-45549103,0.172,Yes,125,5.7,95,Yes,7.77,$40M-100M,110-129 min,50-499,No
1590,Copying Beethoven,Copying Beethoven (2006),2006-09-10,2006,2000s,Sep,9,English,Drama,1,Agnieszka Holland,Ed Harris,11000000,,,,No,104,6.2,42,No,5.06,$10M-40M,90-109 min,Under 50,No
11798,This Is England,This Is England (2006),2006-09-12,2006,2000s,Sep,9,English,Drama,2,Shane Meadows,Thomas Turgoose,2380000,8176544,5796544,3.436,Yes,101,7.4,363,Yes,8.4,Under $10M,90-109 min,50-499,No
1427,Perfume: The Story of a Murderer,Perfume: The Story of a Murderer (2006),2006-09-13,2006,2000s,Sep,9,English,Crime,3,Tom Tykwer,Ben Whishaw,50000000,132180323,82180323,2.644,Yes,147,7.1,1165,Yes,42.55,$40M-100M,130-149 min,"500-1,999",No
5393,Happily N'Ever After,Happily N'Ever After (2006),2006-09-14,2006,2000s,Sep,9,English,Animation,5,Yvette Kaplan,George Carlin,47000000,38085778,-8914222,0.81,Yes,75,4.6,104,Yes,10.41,$40M-100M,Under 90 min,50-499,No
9676,The Black Dahlia,The Black Dahlia (2006),2006-09-15,2006,2000s,Sep,9,English,Drama,1,Brian De Palma,Josh Hartnett,50000000,49111202,-888798,0.982,Yes,121,5.7,287,Yes,15.21,$40M-100M,110-129 min,50-499,No
9766,Gridiron Gang,Gridiron Gang (2006),2006-09-15,2006,2000s,Sep,9,English,Action,4,Phil Joanou,Dwayne Johnson,30000000,41480851,11480851,1.383,Yes,125,6.5,206,Yes,9.28,$10M-40M,110-129 min,50-499,No
1165,The Queen,The Queen (2006),2006-09-15,2006,2000s,Sep,9,English,Drama,1,Stephen Frears,Helen Mirren,15000000,123384128,108384128,8.226,Yes,103,6.8,338,Yes,19.11,$10M-40M,90-109 min,50-499,No
14137,Beer League,Beer League (2006),2006-09-15,2006,2000s,Sep,9,English,Comedy,1,Frank Sebastiano,Artie Lange,,,,,No,86,5.3,22,No,1.74,Unknown,Under 90 min,Under 50,No
9693,Children of Men,Children of Men (2006),2006-09-22,2006,2000s,Sep,9,English,Drama,4,Alfonso Cuarón,Clive Owen,76000000,69959751,-6040249,0.921,Yes,109,7.4,2071,Yes,35.39,$40M-100M,90-109 min,"2,000-4,999",No
9664,Flyboys,Flyboys (2006),2006-09-22,2006,2000s,Sep,9,English,Action,6,Tony Bill,James Franco,60000000,17800000,-42200000,0.297,Yes,140,6.3,271,Yes,13.16,$40M-100M,130-149 min,50-499,No
12094,Jackass Number Two,Jackass Number Two (2006),2006-09-22,2006,2000s,Sep,9,English,Action,3,Jeff Tremaine,Johnny Knoxville,11000000,72778712,61778712,6.616,Yes,95,6.4,298,Yes,11.23,$10M-40M,90-109 min,50-499,No
7484,Open Season,Open Season (2006),2006-09-29,2006,2000s,Sep,9,English,Adventure,3,Jill Culton,Martin Lawrence,85000000,197309027,112309027,2.321,Yes,83,6.1,656,Yes,26.62,$40M-100M,Under 90 min,"500-1,999",No
9842,School for Scoundrels,School for Scoundrels (2006),2006-09-29,2006,2000s,Sep,9,English,Comedy,3,Todd Phillips,Billy Bob Thornton,20000000,17807569,-2192431,0.89,Yes,100,5.6,111,Yes,8.24,$10M-40M,90-109 min,50-499,No
18925,Facing the Giants,Facing the Giants (2006),2006-09-29,2006,2000s,Sep,9,English,Drama,1,Alex Kendrick,James Blackwell,100000,10178331,10078331,101.783,Yes,111,6.6,64,Yes,4.56,Under $10M,110-129 min,50-499,No
8618,The History Boys,The History Boys (2006),2006-10-02,2006,2000s,Oct,10,English,Comedy,2,Nicholas Hytner,Samuel Anderson,4000000,13401952,9401952,3.35,Yes,109,6.6,66,Yes,3.77,Under $10M,90-109 min,50-499,No
1422,The Departed,The Departed (2006),2006-10-05,2006,2000s,Oct,10,English,Drama,3,Martin Scorsese,Leonardo DiCaprio,90000000,289847354,199847354,3.221,Yes,151,7.9,4339,Yes,63.43,$40M-100M,150+ min,"2,000-4,999",No
10781,The Texas Chainsaw Massacre: The Beginning,The Texas Chainsaw Massacre: The Beginning (2006),2006-10-06,2006,2000s,Oct,10,English,Horror,1,Jonathan Liebesman,Jordana Brewster,16000000,,,,No,91,5.9,402,Yes,21.38,$10M-40M,90-109 min,50-499,No
1440,Little Children,Little Children (2006),2006-10-06,2006,2000s,Oct,10,English,Romance,2,Todd Field,Kate Winslet,26000000,14821658,-11178342,0.57,Yes,136,6.9,240,Yes,11.94,$10M-40M,130-149 min,50-499,No
9794,Employee of the Month,Employee of the Month (2006),2006-10-06,2006,2000s,Oct,10,English,Comedy,2,Greg Coolidge,Dane Cook,12000000,38368909,26368909,3.197,Yes,103,5.3,153,Yes,9.56,$10M-40M,90-109 min,50-499,No
22488,Love's Abiding Joy,Love's Abiding Joy (2006),2006-10-06,2006,2000s,Oct,10,English,TV Movie,4,Michael Landon Jr.,Erin Cottrell,,,,,No,87,5.8,12,No,1.13,Unknown,Under 90 min,Under 50,No
9895,Man of the Year,Man of the Year (2006),2006-10-09,2006,2000s,Oct,10,English,Comedy,4,Barry Levinson,Robin Williams,20000000,41237648,21237648,2.062,Yes,115,5.8,129,Yes,11.2,$10M-40M,110-129 min,50-499,No
10844,Out of the Blue,Out of the Blue (2006),2006-10-12,2006,2000s,Oct,10,English,Drama,1,Robert Sarkies,Karl Urban,,,,,No,103,5.9,18,No,0.71,Unknown,90-109 min,Under 50,No
1975,The Grudge 2,The Grudge 2 (2006),2006-10-13,2006,2000s,Oct,10,English,Horror,2,Takashi Shimizu,Sarah Michelle Gellar,20000000,39143839,19143839,1.957,Yes,102,5.2,283,Yes,13.91,$10M-40M,90-109 min,50-499,No
15005,One Night with the King,One Night with the King (2006),2006-10-13,2006,2000s,Oct,10,English,Drama,1,Michael O. Sajbel,Tiffany Dupont,20000000,13391174,-6608826,0.67,Yes,123,6.1,12,No,3.48,$10M-40M,110-129 min,Under 50,No
8975,The Marine,The Marine (2006),2006-10-13,2006,2000s,Oct,10,English,Action,4,John Bonito,John Cena,20000000,22165608,2165608,1.108,Yes,92,5.0,163,Yes,7.68,$10M-40M,90-109 min,50-499,No
9903,The Hoax,The Hoax (2006),2006-10-14,2006,2000s,Oct,10,English,Comedy,2,Lasse Hallström,Richard Gere,25000000,11772461,-13227539,0.471,Yes,116,6.4,60,Yes,5.07,$10M-40M,110-129 min,50-499,No
5172,The Astronaut Farmer,The Astronaut Farmer (2006),2006-10-15,2006,2000s,Oct,10,English,Adventure,4,Michael Polish,Billy Bob Thornton,13000000,11130889,-1869111,0.856,Yes,104,6.2,123,Yes,6.76,$10M-40M,90-109 min,50-499,No
3683,Flags of Our Fathers,Flags of Our Fathers (2006),2006-10-18,2006,2000s,Oct,10,English,War,3,Clint Eastwood,Ryan Phillippe,90000000,65900249,-24099751,0.732,Yes,132,6.7,526,Yes,23.94,$40M-100M,130-149 min,"500-1,999",No
79161,51 Birch Street,51 Birch Street (2006),2006-10-18,2006,2000s,Oct,10,English,Documentary,1,Doug Block,Carol Block,,,,,No,90,6.8,6,No,0.05,Unknown,90-109 min,Under 50,No
1124,The Prestige,The Prestige (2006),2006-10-19,2006,2000s,Oct,10,English,Drama,3,Christopher Nolan,Hugh Jackman,40000000,109676311,69676311,2.742,Yes,130,8.0,4391,Yes,74.44,$40M-100M,130-149 min,"2,000-4,999",No
1593,Night at the Museum,Night at the Museum (2006),2006-10-20,2006,2000s,Oct,10,English,Action,5,Shawn Levy,Ben Stiller,110000000,574480841,464480841,5.223,Yes,108,6.3,2862,Yes,48.78,$100M+,90-109 min,"2,000-4,999",No
14012,Flicka,Flicka (2006),2006-10-20,2006,2000s,Oct,10,English,Drama,1,Michael Mayer,Tim McGraw,15000000,21000000,6000000,1.4,Yes,95,6.1,52,Yes,3.04,$10M-40M,90-109 min,50-499,No
14624,The Ultimate Gift,The Ultimate Gift (2006),2006-10-20,2006,2000s,Oct,10,English,Romance,3,Michael O. Sajbel,James Garner,,,,,No,114,6.8,78,Yes,4.98,Unknown,110-129 min,50-499,No
11619,Flushed Away,Flushed Away (2006),2006-10-22,2006,2000s,Oct,10,English,Adventure,4,David Bowers,Hugh Jackman,149000000,64459316,-84540684,0.433,Yes,85,6.0,874,Yes,22.55,$100M+,Under 90 min,"500-1,999",No
1123,Catch a Fire,Catch a Fire (2006),2006-10-27,2006,2000s,Oct,10,English,Action,3,Phillip Noyce,Tim Robbins,,4291965,,,No,101,6.4,25,No,4.05,Unknown,90-109 min,Under 50,No
7510,Running with Scissors,Running with Scissors (2006),2006-10-27,2006,2000s,Oct,10,English,Drama,2,Ryan Murphy,Annette Bening,12000000,6754898,-5245102,0.563,Yes,116,5.8,78,Yes,4.77,$10M-40M,110-129 min,50-499,No
214,Saw III,Saw III (2006),2006-10-27,2006,2000s,Oct,10,English,Horror,3,Darren Lynn Bousman,Tobin Bell,10000000,163876815,153876815,16.388,Yes,108,6.1,1071,Yes,33.12,$10M-40M,90-109 min,"500-1,999",No
29697,Faith Like Potatoes,Faith Like Potatoes (2006),2006-10-27,2006,2000s,Oct,10,English,Drama,1,Regardt van den Bergh,Frank Rautenbach,,,,,No,97,6.0,9,No,0.15,Unknown,90-109 min,Under 50,No
30867,Scott Walker: 30 Century Man,Scott Walker: 30 Century Man (2006),2006-10-31,2006,2000s,Oct,10,English,Documentary,2,Stephen Kijak,Scott Walker,,,,,No,95,7.0,8,No,0.61,Unknown,90-109 min,Under 50,No
496,Borat: Cultural Learnings of America for Make Benefit Glorious Nation of Kazakhstan,Borat: Cultural Learnings of America for Make Benefit Glorious Nation of Kazakhstan (2006),2006-11-01,2006,2000s,Nov,11,English,Comedy,1,Larry Charles,Sacha Baron Cohen,18000000,261572744,243572744,14.532,Yes,82,6.5,1579,Yes,29.49,$10M-40M,Under 90 min,"500-1,999",No
13551,The Dead Girl,The Dead Girl (2006),2006-11-07,2006,2000s,Nov,11,English,Mystery,4,Karen Moncrieff,Brittany Murphy,,,,,No,85,6.4,66,Yes,3.07,Unknown,Under 90 min,50-499,No
36557,Casino Royale,Casino Royale (2006),2006-11-14,2006,2000s,Nov,11,English,Adventure,3,Martin Campbell,Daniel Craig,150000000,599045960,449045960,3.994,Yes,144,7.3,3855,Yes,88.94,$100M+,130-149 min,"2,000-4,999",No
9836,Happy Feet,Happy Feet (2006),2006-11-16,2006,2000s,Nov,11,English,Animation,2,George Miller,Elijah Wood,100000000,384335608,284335608,3.843,Yes,108,5.9,1410,Yes,37.27,$100M+,90-109 min,"500-1,999",No
9672,Infamous,Infamous (2006),2006-11-16,2006,2000s,Nov,11,English,Drama,1,Douglas McGrath,Sigourney Weaver,13000000,1151330,-11848670,0.089,Yes,110,6.4,60,Yes,3.68,$10M-40M,110-129 min,50-499,No
9809,Let's Go to Prison,Let's Go to Prison (2006),2006-11-17,2006,2000s,Nov,11,English,Comedy,2,Bob Odenkirk,Dax Shepard,4000000,4630045,630045,1.158,Yes,84,5.5,69,Yes,4.6,Under $10M,Under 90 min,50-499,No
9969,Deck the Halls,Deck the Halls (2006),2006-11-22,2006,2000s,Nov,11,English,Comedy,2,John Whitesell,Danny DeVito,,47231070,,,No,93,5.1,109,Yes,5.95,Unknown,90-109 min,50-499,No
14799,For Your Consideration,For Your Consideration (2006),2006-11-22,2006,2000s,Nov,11,English,Comedy,2,Christopher Guest,Catherine O'Hara,12000000,5542025,-6457975,0.462,Yes,86,5.9,43,No,4.33,$10M-40M,Under 90 min,Under 50,No
15699,Opal Dream,Opal Dream (2006),2006-11-22,2006,2000s,Nov,11,English,Drama,3,Peter Cattaneo,Sapphire Boyce,5000000,140666,-4859334,0.028,Yes,86,6.1,7,No,1.46,Under $10M,Under 90 min,Under 50,No
2447,The Nativity Story,The Nativity Story (2006),2006-12-01,2006,2000s,Dec,12,English,Drama,2,Catherine Hardwicke,Keisha Castle-Hughes,35000000,,,,No,101,6.4,35,No,3.72,$10M-40M,90-109 min,Under 50,No
12486,Farce of the Penguins,Farce of the Penguins (2006),2006-12-01,2006,2000s,Dec,12,English,Comedy,2,Bob Saget,Samuel L. Jackson,,,,,No,80,3.2,13,No,1.96,Unknown,Under 90 min,Under 50,No
13569,Thr3e,Thr3e (2006),2006-12-01,2006,2000s,Dec,12,English,Drama,3,Robby Henson,Marc Blucas,,,,,No,101,4.8,21,No,1.95,Unknown,90-109 min,Under 50,No
14823,London to Brighton,London to Brighton (2006),2006-12-01,2006,2000s,Dec,12,English,Crime,3,Paul Andrew Williams,Georgia Groome,,,,,No,85,6.5,34,No,3.06,Unknown,Under 90 min,Under 50,No
13967,Miss Potter,Miss Potter (2006),2006-12-03,2006,2000s,Dec,12,English,Drama,3,Chris Noonan,Ewan McGregor,30000000,35078241,5078241,1.169,Yes,92,6.3,141,Yes,8.39,$10M-40M,90-109 min,50-499,No
1372,Blood Diamond,Blood Diamond (2006),2006-12-07,2006,2000s,Dec,12,English,Drama,3,Edward Zwick,Leonardo DiCaprio,100000000,170877916,70877916,1.709,Yes,143,7.3,2281,Yes,52.79,$100M+,130-149 min,"2,000-4,999",No
1579,Apocalypto,Apocalypto (2006),2006-12-07,2006,2000s,Dec,12,English,Action,4,Mel Gibson,Rudy Youngblood,40000000,120175290,80175290,3.004,Yes,139,7.3,1221,Yes,41.57,$40M-100M,130-149 min,"500-1,999",No
74084,Dil Jo Bhi Kahey...,Dil Jo Bhi Kahey... (2006),2006-12-07,2006,2000s,Dec,12,Other languages,Romance,1,Romesh Sharma,Amitabh Bachchan,,,,,No,,,0,No,0.12,Unknown,Unknown,Under 50,No
1581,The Holiday,The Holiday (2006),2006-12-08,2006,2000s,Dec,12,English,Comedy,2,Nancy Meyers,Cameron Diaz,85000000,194168700,109168700,2.284,Yes,136,6.7,1225,Yes,44.97,$40M-100M,130-149 min,"500-1,999",No
182,The Good German,The Good German (2006),2006-12-08,2006,2000s,Dec,12,English,War,6,Steven Soderbergh,George Clooney,32000000,5914908,-26085092,0.185,Yes,108,5.9,86,Yes,5.35,$10M-40M,90-109 min,50-499,No
18147,Unaccompanied Minors,Unaccompanied Minors (2006),2006-12-08,2006,2000s,Dec,12,English,Comedy,2,Paul Feig,Lewis Black,26000000,,,,No,90,5.4,66,Yes,10.01,$10M-40M,90-109 min,50-499,No
7874,Black Snake Moan,Black Snake Moan (2006),2006-12-08,2006,2000s,Dec,12,English,Drama,1,Craig Brewer,Samuel L. Jackson,15000000,10903846,-4096154,0.727,Yes,116,6.6,243,Yes,11.43,$10M-40M,110-129 min,50-499,No
1271,300,300 (2006),2006-12-09,2006,2000s,Dec,12,English,Action,3,Zack Snyder,Gerard Butler,65000000,422610419,357610419,6.502,Yes,117,7.0,4997,Yes,65.2,$40M-100M,110-129 min,"2,000-4,999",No
14202,The Painted Veil,The Painted Veil (2006),2006-12-09,2006,2000s,Dec,12,English,Drama,2,John Curran,Edward Norton,19400000,,,,No,125,7.1,312,Yes,20.75,$10M-40M,110-129 min,50-499,No
7516,Smokin' Aces,Smokin' Aces (2006),2006-12-09,2006,2000s,Dec,12,English,Action,4,Joe Carnahan,Ryan Reynolds,17000000,57103895,40103895,3.359,Yes,109,6.4,534,Yes,23.49,$10M-40M,90-109 min,"500-1,999",No
11170,We Are Marshall,We Are Marshall (2006),2006-12-12,2006,2000s,Dec,12,English,Drama,1,McG,Matthew McConaughey,65000000,43545364,-21454636,0.67,Yes,124,6.7,186,Yes,8.63,$40M-100M,110-129 min,50-499,No
9992,Arthur and the Invisibles,Arthur and the Invisibles (2006),2006-12-13,2006,2000s,Dec,12,English,Adventure,4,Luc Besson,Freddie Highmore,86000000,107944236,21944236,1.255,Yes,94,6.0,639,Yes,27.1,$40M-100M,90-109 min,"500-1,999",No
2486,Eragon,Eragon (2006),2006-12-14,2006,2000s,Dec,12,English,Fantasy,4,Stefen Fangmeier,Ed Speleers,100000000,249288105,149288105,2.493,Yes,104,4.9,967,Yes,30.86,$100M+,90-109 min,"500-1,999",No
1402,The Pursuit of Happyness,The Pursuit of Happyness (2006),2006-12-14,2006,2000s,Dec,12,English,Drama,1,Gabriele Muccino,Will Smith,55000000,307077295,252077295,5.583,Yes,117,7.7,2525,Yes,80.58,$40M-100M,110-129 min,"2,000-4,999",No
9986,Charlotte's Web,Charlotte's Web (2006),2006-12-15,2006,2000s,Dec,12,English,Comedy,3,Gary Winick,Julia Roberts,85000000,144000000,59000000,1.694,Yes,97,5.8,288,Yes,14.13,$40M-100M,90-109 min,50-499,No
1251,Letters from Iwo Jima,Letters from Iwo Jima (2006),2006-12-19,2006,2000s,Dec,12,English,Action,4,Clint Eastwood,Ken Watanabe,19000000,68673228,49673228,3.614,Yes,141,7.2,541,Yes,24.47,$10M-40M,130-149 min,"500-1,999",No
12555,I Served the King of England,I Served the King of England (2006),2006-12-19,2006,2000s,Dec,12,Other languages,Comedy,2,Jiří Menzel,Ivan Barnev,,,,,No,120,7.0,22,No,2.39,Unknown,110-129 min,Under 50,No
1246,Rocky Balboa,Rocky Balboa (2006),2006-12-20,2006,2000s,Dec,12,English,Drama,1,Sylvester Stallone,Sylvester Stallone,24000000,155721132,131721132,6.488,Yes,102,6.5,835,Yes,30.45,$10M-40M,90-109 min,"500-1,999",No
1494,Curse of the Golden Flower,Curse of the Golden Flower (2006),2006-12-21,2006,2000s,Dec,12,Other languages,Action,3,Zhang Yimou,Chow Yun-fat,,,,,No,114,6.6,203,Yes,9.95,Unknown,110-129 min,50-499,No
1125,Dreamgirls,Dreamgirls (2006),2006-12-25,2006,2000s,Dec,12,English,Drama,1,Bill Condon,Jamie Foxx,70000000,154937680,84937680,2.213,Yes,134,6.6,284,Yes,14.49,$40M-100M,130-149 min,50-499,No
1259,Notes on a Scandal,Notes on a Scandal (2006),2006-12-25,2006,2000s,Dec,12,English,Drama,2,Richard Eyre,Judi Dench,15000000,49469904,34469904,3.298,Yes,92,6.9,235,Yes,12.58,$10M-40M,90-109 min,50-499,No
9656,Black Christmas,Black Christmas (2006),2006-12-25,2006,2000s,Dec,12,English,Horror,2,Glen Morgan,Katie Cassidy,9000000,21510851,12510851,2.39,Yes,84,4.8,119,Yes,4.13,Under $10M,Under 90 min,50-499,No
17287,Poultrygeist: Night of the Chicken Dead,Poultrygeist: Night of the Chicken Dead (2006),2006-12-26,2006,2000s,Dec,12,English,Horror,2,Lloyd Kaufman,Jason Yachanin,,,,,No,103,5.9,41,No,3.91,Unknown,90-109 min,Under 50,No
12271,Factory Girl,Factory Girl (2006),2006-12-29,2006,2000s,Dec,12,English,Drama,1,George Hickenlooper,Sienna Miller,7000000,,,,No,90,6.2,81,Yes,11.4,Under $10M,90-109 min,50-499,No
1988,A Mighty Heart,A Mighty Heart (2007),2007-01-01,2007,2000s,Jan,1,English,Drama,2,Michael Winterbottom,Angelina Jolie,16000000,18928871,2928871,1.183,Yes,100,6.7,95,Yes,9.72,$10M-40M,90-109 min,50-499,No
11600,Redacted,Redacted (2007),2007-01-01,2007,2000s,Jan,1,English,Drama,2,Brian De Palma,Izzy Diaz,5000000,782102,-4217898,0.156,Yes,90,6.2,37,No,3.79,Under $10M,90-109 min,Under 50,No
29731,And Then Came Love,And Then Came Love (2007),2007-01-01,2007,2000s,Jan,1,English,Comedy,2,Richard Schenkman,Kevin Daniels,,,,,No,90,5.0,1,No,0.28,Unknown,90-109 min,Under 50,No
19844,Kiss the Bride,Kiss the Bride (2007),2007-01-01,2007,2000s,Jan,1,English,Drama,3,C. Jay Cox,Tori Spelling,,,,,No,100,4.2,11,No,1.65,Unknown,90-109 min,Under 50,No
43653,The Living Wake,The Living Wake (2007),2007-01-01,2007,2000s,Jan,1,English,Comedy,1,Sol Tryon,Jesse Eisenberg,,,,,No,91,5.0,1,No,0.38,Unknown,90-109 min,Under 50,No
157185,Tin Can Man,Tin Can Man (2007),2007-01-01,2007,2000s,Jan,1,English,Horror,1,Ivan Kavanagh,Michael Parle,,,,,No,84,2.0,1,No,0.33,Unknown,Under 90 min,Under 50,No
1646,Freedom Writers,Freedom Writers (2007),2007-01-05,2007,2000s,Jan,1,English,Crime,2,Richard LaGravenese,Hilary Swank,21000000,41170784,20170784,1.961,Yes,123,7.5,356,Yes,17.75,$10M-40M,110-129 min,50-499,No
14396,Code Name: The Cleaner,Code Name: The Cleaner (2007),2007-01-05,2007,2000s,Jan,1,English,Action,3,Les Mayfield,Cedric the Entertainer,20000000,10337477,-9662523,0.517,Yes,84,4.7,78,Yes,9.36,$10M-40M,Under 90 min,50-499,No
7006,White Noise 2: The Light,White Noise 2: The Light (2007),2007-01-05,2007,2000s,Jan,1,English,Thriller,4,Patrick Lussier,Nathan Fillion,,,,,No,99,5.6,80,Yes,6.81,Unknown,90-109 min,50-499,No
8272,The Savages,The Savages (2007),2007-01-19,2007,2000s,Jan,1,English,Drama,1,Tamara Jenkins,Laura Linney,,,,,No,114,6.8,110,Yes,5.66,Unknown,110-129 min,50-499,No
14284,In the Shadow of the Moon,In the Shadow of the Moon (2007),2007-01-19,2007,2000s,Jan,1,English,Documentary,1,David Sington,Buzz Aldrin,2000000,,,,No,109,7.6,31,No,3.43,Under $10M,90-109 min,Under 50,No
13121,Teeth,Teeth (2007),2007-01-19,2007,2000s,Jan,1,English,Comedy,2,Mitchell Lichtenstein,Jess Weixler,,,,,No,94,5.2,210,Yes,7.36,Unknown,90-109 min,50-499,No
13983,Finishing The Game,Finishing The Game (2007),2007-01-21,2007,2000s,Jan,1,English,Comedy,1,Justin Lin,Roger Fan,,,,,No,84,4.9,8,No,0.46,Unknown,Under 90 min,Under 50,No
4170,Trade,Trade (2007),2007-01-23,2007,2000s,Jan,1,English,Drama,2,Marco Kreuzpaintner,Kevin Kline,12000000,,,,No,120,6.8,67,Yes,11.24,$10M-40M,110-129 min,50-499,No
9760,Epic Movie,Epic Movie (2007),2007-01-25,2007,2000s,Jan,1,English,Action,3,Jason Friedberg,Kal Penn,20000000,86865564,66865564,4.343,Yes,86,3.2,326,Yes,6.06,$10M-40M,Under 90 min,50-499,No
13501,The Good Night,The Good Night (2007),2007-01-25,2007,2000s,Jan,1,English,Comedy,5,Jake Paltrow,Penélope Cruz,15000000,20380,-14979620,0.001,Yes,93,5.7,41,No,12.19,$10M-40M,90-109 min,Under 50,No
10075,Blood and Chocolate,Blood and Chocolate (2007),2007-01-26,2007,2000s,Jan,1,English,Drama,4,Katja von Garnier,Agnes Bruckner,,,,,No,98,5.4,87,Yes,12.3,Unknown,90-109 min,50-499,No
21494,Moliere,Moliere (2007),2007-01-31,2007,2000s,Jan,1,Other languages,Romance,3,Laurent Tirard,Romain Duris,,,,,No,115,6.7,45,No,4.61,Unknown,110-129 min,Under 50,No
1257,Because I Said So,Because I Said So (2007),2007-02-02,2007,2000s,Feb,2,English,Comedy,1,Michael Lehmann,Diane Keaton,,69485490,,,No,102,5.8,191,Yes,18.68,Unknown,90-109 min,50-499,No
14608,Partition,Partition (2007),2007-02-02,2007,2000s,Feb,2,English,Drama,3,Vic Sarin,Kristin Kreuk,,,,,No,116,6.4,6,No,2.13,Unknown,110-129 min,Under 50,No
1248,Hannibal Rising,Hannibal Rising (2007),2007-02-06,2007,2000s,Feb,2,English,Crime,3,Peter Webber,Gaspard Ulliel,50000000,82169884,32169884,1.643,Yes,121,6.0,654,Yes,6.57,$40M-100M,110-129 min,"500-1,999",No
10253,Dragon Wars: D-War,Dragon Wars: D-War (2007),2007-02-08,2007,2000s,Feb,2,Other languages,Fantasy,6,Shim Hyung-Rae,Jason Behr,70000000,53587404,-16412596,0.766,Yes,90,4.0,104,Yes,4.82,$40M-100M,90-109 min,50-499,No
9963,Premonition,Premonition (2007),2007-02-08,2007,2000s,Feb,2,English,Thriller,3,Mennan Yapo,Sandra Bullock,20000000,84146832,64146832,4.207,Yes,96,5.8,381,Yes,22.05,$10M-40M,90-109 min,50-499,No
11172,Music and Lyrics,Music and Lyrics (2007),2007-02-09,2007,2000s,Feb,2,English,Comedy,3,Marc Lawrence,Drew Barrymore,40000000,145896422,105896422,3.647,Yes,96,6.2,554,Yes,17.66,$40M-100M,90-109 min,"500-1,999",No
2196,Death at a Funeral,Death at a Funeral (2007),2007-02-09,2007,2000s,Feb,2,English,Comedy,2,Frank Oz,Matthew Macfadyen,9000000,,,,No,90,6.9,497,Yes,20.41,Under $10M,90-109 min,50-499,No
8141,You Kill Me,You Kill Me (2007),2007-02-09,2007,2000s,Feb,2,English,Comedy,4,John Dahl,Ben Kingsley,4000000,2426851,-1573149,0.607,Yes,90,6.2,80,Yes,6.09,Under $10M,90-109 min,50-499,No
9916,The Last Sin Eater,The Last Sin Eater (2007),2007-02-09,2007,2000s,Feb,2,English,Drama,1,Michael Landon Jr.,Louise Fletcher,,,,,No,117,6.2,11,No,2.37,Unknown,110-129 min,Under 50,No
1874,Goodbye Bafana,Goodbye Bafana (2007),2007-02-11,2007,2000s,Feb,2,English,History,2,Bille August,Joseph Fiennes,30000000,,,,No,140,7.0,38,No,12.26,$10M-40M,130-149 min,Under 50,No
3489,88 Minutes,88 Minutes (2007),2007-02-14,2007,2000s,Feb,2,English,Crime,3,Jon Avnet,Al Pacino,30000000,16930884,-13069116,0.564,Yes,108,5.7,313,Yes,16.88,$10M-40M,90-109 min,50-499,No
4638,Hot Fuzz,Hot Fuzz (2007),2007-02-14,2007,2000s,Feb,2,English,Crime,3,Edgar Wright,Simon Pegg,12000000,80573774,68573774,6.714,Yes,121,7.4,2199,Yes,38.62,$10M-40M,110-129 min,"2,000-4,999",No
1250,Ghost Rider,Ghost Rider (2007),2007-02-16,2007,2000s,Feb,2,English,Thriller,4,Mark Steven Johnson,Nicolas Cage,110000000,228738393,118738393,2.079,Yes,114,5.2,1712,Yes,46.83,$100M+,110-129 min,"500-1,999",No
1265,Bridge to Terabithia,Bridge to Terabithia (2007),2007-02-16,2007,2000s,Feb,2,English,Adventure,3,Gábor Csupó,Josh Hutcherson,60000000,137587063,77587063,2.293,Yes,96,7.0,1113,Yes,40.65,$40M-100M,90-109 min,"500-1,999",No
3594,The Number 23,The Number 23 (2007),2007-02-23,2007,2000s,Feb,2,English,Thriller,3,Joel Schumacher,Jim Carrey,30000000,77566815,47566815,2.586,Yes,101,6.3,1018,Yes,23.2,$10M-40M,90-109 min,"500-1,999",No
10090,Reno 911!: Miami,Reno 911!: Miami (2007),2007-02-23,2007,2000s,Feb,2,English,Action,4,Ben Garant,Lennie Loftin,10000000,20342161,10342161,2.034,Yes,84,5.6,72,Yes,4.21,$10M-40M,Under 90 min,50-499,No
49951,Certifiably Jonathan,Certifiably Jonathan (2007),2007-03-01,2007,2000s,Mar,3,English,Comedy,1,James David Pasternak,Jonathan Winters,1200000,,,,No,85,,0,No,0.05,Under $10M,Under 90 min,Under 50,No
1949,Zodiac,Zodiac (2007),2007-03-02,2007,2000s,Mar,3,English,Crime,4,David Fincher,Jake Gyllenhaal,65000000,84785914,19785914,1.304,Yes,157,7.3,2023,Yes,51.97,$40M-100M,150+ min,"2,000-4,999",No
11199,Wild Hogs,Wild Hogs (2007),2007-03-02,2007,2000s,Mar,3,English,Action,3,Walt Becker,Tim Allen,,253625427,,,No,100,5.6,648,Yes,31.72,Unknown,90-109 min,"500-1,999",No
2977,Becoming Jane,Becoming Jane (2007),2007-03-02,2007,2000s,Mar,3,English,Drama,2,Julian Jarrold,Anne Hathaway,16500000,37311672,20811672,2.261,Yes,120,6.9,317,Yes,18.24,$10M-40M,110-129 min,50-499,No
18632,A Dog's Breakfast,A Dog's Breakfast (2007),2007-03-03,2007,2000s,Mar,3,English,Comedy,1,David Hewlett,David Hewlett,120000,,,,No,88,5.9,24,No,2.21,Under $10M,Under 90 min,Under 50,No
14434,I Think I Love My Wife,I Think I Love My Wife (2007),2007-03-16,2007,2000s,Mar,3,English,Comedy,2,Chris Rock,Chris Rock,11000000,13196245,2196245,1.2,Yes,90,5.0,55,Yes,4.54,$10M-40M,90-109 min,50-499,No
7485,Shooter,Shooter (2007),2007-03-22,2007,2000s,Mar,3,English,Action,5,Antoine Fuqua,Mark Wahlberg,61000000,95696996,34696996,1.569,Yes,124,6.9,1462,Yes,37.38,$40M-100M,110-129 min,"500-1,999",No
1268,Mr. Bean's Holiday,Mr. Bean's Holiday (2007),2007-03-22,2007,2000s,Mar,3,English,Family,2,Steve Bendelack,Rowan Atkinson,25000000,229736344,204736344,9.189,Yes,90,6.1,663,Yes,27.68,$10M-40M,90-109 min,"500-1,999",No
9793,The Hills Have Eyes 2,The Hills Have Eyes 2 (2007),2007-03-22,2007,2000s,Mar,3,English,Horror,2,Martin Weisz,Michael Bailey Smith,15000000,,,,No,89,5.2,351,Yes,17.14,$10M-40M,Under 90 min,50-499,No
1273,TMNT,TMNT (2007),2007-03-23,2007,2000s,Mar,3,English,Adventure,4,Kevin Munroe,Chris Evans,34000000,95608995,61608995,2.812,Yes,90,6.0,345,Yes,18.39,$10M-40M,90-109 min,50-499,No
2355,Reign Over Me,Reign Over Me (2007),2007-03-23,2007,2000s,Mar,3,English,Drama,1,Mike Binder,Adam Sandler,20000000,22222308,2222308,1.111,Yes,124,7.1,334,Yes,20.83,$10M-40M,110-129 min,50-499,No
5723,Once,Once (2007),2007-03-23,2007,2000s,Mar,3,English,Drama,3,John Carney,Glen Hansard,160000,20710513,20550513,129.441,Yes,85,7.3,453,Yes,19.05,Under $10M,Under 90 min,50-499,No
20360,Namastey London,Namastey London (2007),2007-03-27,2007,2000s,Mar,3,English,Drama,3,Vipul Amrutlal Shah,Akshay Kumar,,,,,No,128,6.6,29,No,1.84,Unknown,110-129 min,Under 50,No
9955,Blades of Glory,Blades of Glory (2007),2007-03-30,2007,2000s,Mar,3,English,Action,3,Josh Gordon,Will Ferrell,53000000,,,,No,93,5.9,569,Yes,19.41,$40M-100M,90-109 min,"500-1,999",No
14014,The Hammer,The Hammer (2007),2007-04-01,2007,2000s,Apr,4,English,Comedy,1,Charles Herman-Wurmfeld,Adam Carolla,,,,,No,88,6.5,15,No,0.96,Unknown,Under 90 min,Under 50,No
1683,The Reaping,The Reaping (2007),2007-04-05,2007,2000s,Apr,4,English,Horror,1,Stephen Hopkins,Hilary Swank,40000000,62771059,22771059,1.569,Yes,99,5.4,205,Yes,13.45,$40M-100M,90-109 min,50-499,No
1272,Sunshine,Sunshine (2007),2007-04-05,2007,2000s,Apr,4,English,Science Fiction,2,Danny Boyle,Cillian Murphy,50000000,32017803,-17982197,0.64,Yes,107,7.0,1182,Yes,51.5,$40M-100M,90-109 min,"500-1,999",No
285923,Grindhouse,Grindhouse (2007),2007-04-06,2007,2000s,Apr,4,English,Thriller,3,Robert Rodriguez,Kurt Russell,67000000,25037897,-41962103,0.374,Yes,191,6.8,459,Yes,16.64,$40M-100M,150+ min,50-499,No
8329,[REC],[REC] (2007),2007-04-10,2007,2000s,Apr,4,Other languages,Horror,2,Jaume Balagueró,Manuela Velasco,1500000,30448000,28948000,20.299,Yes,78,7.1,934,Yes,31.69,Under $10M,Under 90 min,"500-1,999",No
8271,Disturbia,Disturbia (2007),2007-04-12,2007,2000s,Apr,4,English,Thriller,3,D.J. Caruso,Shia LaBeouf,20000000,117760134,97760134,5.888,Yes,105,6.6,1006,Yes,31.69,$10M-40M,90-109 min,"500-1,999",No
13158,Aqua Teen Hunger Force Colon Movie Film for Theaters,Aqua Teen Hunger Force Colon Movie Film for Theaters (2007),2007-04-13,2007,2000s,Apr,4,English,Animation,2,Dave Willis,Dana Snyder,,,,,No,86,6.5,35,No,1.45,Unknown,Under 90 min,Under 50,No
13067,In the Land of Women,In the Land of Women (2007),2007-04-16,2007,2000s,Apr,4,English,Romance,3,Jon Kasdan,Meg Ryan,10000000,17500000,7500000,1.75,Yes,97,5.8,160,Yes,12.79,$10M-40M,90-109 min,50-499,No
9703,The Last Legion,The Last Legion (2007),2007-04-19,2007,2000s,Apr,4,English,Action,4,Doug Lefler,Colin Firth,67000000,25303038,-41696962,0.378,Yes,102,5.0,207,Yes,12.28,$40M-100M,90-109 min,50-499,No
1562,28 Weeks Later,28 Weeks Later (2007),2007-04-26,2007,2000s,Apr,4,English,Horror,3,Juan Carlos Fresnadillo,Imogen Poots,15000000,64238440,49238440,4.283,Yes,100,6.5,1197,Yes,34.76,$10M-40M,90-109 min,"500-1,999",No
14165,Ta Ra Rum Pum,Ta Ra Rum Pum (2007),2007-04-27,2007,2000s,Apr,4,Other languages,Family,3,Siddharth Anand,Saif Ali Khan,,,,,No,156,6.0,13,No,0.55,Unknown,150+ min,Under 50,No
13538,Straightheads,Straightheads (2007),2007-04-27,2007,2000s,Apr,4,English,Thriller,1,Dan Reed,Gillian Anderson,,,,,No,88,5.2,40,No,8.3,Unknown,Under 90 min,Under 50,No
13072,Brooklyn Rules,Brooklyn Rules (2007),2007-04-30,2007,2000s,Apr,4,English,Drama,3,Michael Corrente,Alec Baldwin,8000000,458232,-7541768,0.057,Yes,99,5.8,18,No,4.09,Under $10M,90-109 min,Under 50,No
20065,Purple Violets,Purple Violets (2007),2007-04-30,2007,2000s,Apr,4,English,Comedy,3,Edward Burns,Selma Blair,4000000,,,,No,103,5.7,9,No,0.94,Under $10M,90-109 min,Under 50,No
13362,Taxi to the Dark Side,Taxi to the Dark Side (2007),2007-04-30,2007,2000s,Apr,4,English,Documentary,1,Alex Gibney,Brian Keith Allen,1000000,274661,-725339,0.275,Yes,106,6.6,53,Yes,0.75,Under $10M,90-109 min,50-499,No
559,Spider-Man 3,Spider-Man 3 (2007),2007-05-01,2007,2000s,May,5,English,Fantasy,3,Sam Raimi,Tobey Maguire,258000000,890871626,632871626,3.453,Yes,139,5.9,3576,Yes,115.7,$100M+,130-149 min,"2,000-4,999",No
1950,Lucky You,Lucky You (2007),2007-05-01,2007,2000s,May,5,English,Drama,2,Curtis Hanson,Eric Bana,,5761917,,,No,124,5.4,81,Yes,6.16,Unknown,110-129 min,50-499,No
13159,Georgia Rule,Georgia Rule (2007),2007-05-11,2007,2000s,May,5,English,Comedy,3,Garry Marshall,Jane Fonda,20000000,,,,No,113,5.6,130,Yes,7.88,$10M-40M,110-129 min,50-499,No
1931,Stomp the Yard,Stomp the Yard (2007),2007-05-16,2007,2000s,May,5,English,Drama,2,Sylvain White,Columbus Short,13000000,75511123,62511123,5.809,Yes,114,6.1,88,Yes,6.92,$10M-40M,110-129 min,50-499,No
1989,My Blueberry Nights,My Blueberry Nights (2007),2007-05-16,2007,2000s,May,5,English,Drama,2,Wong Kar-wai,Norah Jones,10000000,21786738,11786738,2.179,Yes,111,6.0,190,Yes,10.73,$10M-40M,110-129 min,50-499,No
810,Shrek the Third,Shrek the Third (2007),2007-05-17,2007,2000s,May,5,English,Fantasy,5,Chris Miller,Mike Myers,160000000,798958165,638958165,4.993,Yes,93,6.0,2278,Yes,42.99,$100M+,90-109 min,"2,000-4,999",No
14877,September Dawn,September Dawn (2007),2007-05-17,2007,2000s,May,5,English,Drama,5,Christopher Cain,Jon Voight,11000000,,,,No,110,5.0,16,No,3.65,$10M-40M,110-129 min,Under 50,No
2359,Sicko,Sicko (2007),2007-05-18,2007,2000s,May,5,English,Documentary,1,Michael Moore,Michael Moore,9000000,24538513,15538513,2.727,Yes,123,7.3,235,Yes,14.1,Under $10M,110-129 min,50-499,No
10822,Savage Grace,Savage Grace (2007),2007-05-18,2007,2000s,May,5,English,Drama,1,Tom Kalin,Julianne Moore,4600000,,,,No,97,5.7,60,Yes,3.53,Under $10M,90-109 min,50-499,No
285,Pirates of the Caribbean: At World's End,Pirates of the Caribbean: At World's End (2007),2007-05-19,2007,2000s,May,5,English,Adventure,3,Gore Verbinski,Johnny Depp,300000000,961000000,661000000,3.203,Yes,169,6.9,4500,Yes,139.08,$100M+,150+ min,"2,000-4,999",No
37003,U2 3D,U2 3D (2007),2007-05-19,2007,2000s,May,5,English,Music,2,Mark Pellington,Bono,15000000,22730842,7730842,1.515,Yes,85,6.7,10,No,0.34,$10M-40M,Under 90 min,Under 50,No
2013,The Diving Bell and the Butterfly,The Diving Bell and the Butterfly (2007),2007-05-22,2007,2000s,May,5,Other languages,Drama,1,Julian Schnabel,Mathieu Amalric,14000000,19777647,5777647,1.413,Yes,112,7.4,283,Yes,13.65,$10M-40M,110-129 min,50-499,No
2011,Persepolis,Persepolis (2007),2007-05-23,2007,2000s,May,5,Other languages,Animation,2,Vincent Paronnaud,Chiara Mastroianni,7300000,,,,No,95,7.7,450,Yes,24.28,Under $10M,90-109 min,50-499,No
2001,We Own the Night,We Own the Night (2007),2007-05-25,2007,2000s,May,5,English,Drama,3,James Gray,Joaquin Phoenix,21000000,54926886,33926886,2.616,Yes,117,6.5,323,Yes,14.52,$10M-40M,110-129 min,50-499,No
10758,Waitress,Waitress (2007),2007-05-25,2007,2000s,May,5,English,Comedy,1,Adrienne Shelly,Keri Russell,2000000,22179430,20179430,11.09,Yes,108,6.7,129,Yes,9.67,Under $10M,90-109 min,50-499,No
4964,Knocked Up,Knocked Up (2007),2007-06-01,2007,2000s,Jun,6,English,Comedy,3,Judd Apatow,Seth Rogen,30000000,219076518,189076518,7.303,Yes,129,6.2,1214,Yes,22.53,$10M-40M,110-129 min,"500-1,999",No
15568,Gracie,Gracie (2007),2007-06-01,2007,2000s,Jun,6,English,Drama,1,Davis Guggenheim,Jesse Lee Soffer,9000000,2955039,-6044961,0.328,Yes,97,6.0,17,No,2.37,Under $10M,90-109 min,Under 50,No
298,Ocean's Thirteen,Ocean's Thirteen (2007),2007-06-07,2007,2000s,Jun,6,English,Crime,2,Steven Soderbergh,George Clooney,85000000,311312624,226312624,3.663,Yes,122,6.5,1999,Yes,42.07,$40M-100M,110-129 min,"500-1,999",No
9408,Surf's Up,Surf's Up (2007),2007-06-08,2007,2000s,Jun,6,English,Animation,3,Ash Brannon,Shia LaBeouf,85000000,149044513,64044513,1.753,Yes,85,5.9,601,Yes,23.23,$40M-100M,Under 90 min,"500-1,999",No
1691,Hostel: Part II,Hostel: Part II (2007),2007-06-08,2007,2000s,Jun,6,English,Horror,1,Eli Roth,Lauren German,10200000,35619521,25419521,3.492,Yes,93,5.6,453,Yes,20.75,$10M-40M,90-109 min,50-499,No
2698,Evan Almighty,Evan Almighty (2007),2007-06-09,2007,2000s,Jun,6,English,Fantasy,3,Tom Shadyac,Steve Carell,175000000,173000000,-2000000,0.989,Yes,96,5.3,1151,Yes,27.08,$100M+,90-109 min,"500-1,999",No
13363,The Man from Earth,The Man from Earth (2007),2007-06-10,2007,2000s,Jun,6,English,Science Fiction,2,Richard Schenkman,David Lee Smith,,,,,No,87,7.7,687,Yes,31.34,Unknown,Under 90 min,"500-1,999",No
1979,Fantastic 4: Rise of the Silver Surfer,Fantastic 4: Rise of the Silver Surfer (2007),2007-06-13,2007,2000s,Jun,6,English,Adventure,4,Tim Story,Ioan Gruffudd,130000000,289047763,159047763,2.223,Yes,92,5.4,2589,Yes,60.81,$100M+,90-109 min,"2,000-4,999",No
13074,Resurrecting the Champ,Resurrecting the Champ (2007),2007-06-14,2007,2000s,Jun,6,English,Drama,1,Rod Lurie,Samuel L. Jackson,,,,,No,112,5.9,60,Yes,4.9,Unknown,110-129 min,50-499,No
14043,Nancy Drew,Nancy Drew (2007),2007-06-15,2007,2000s,Jun,6,English,Action,6,Andrew Fleming,Emma Roberts,,,,,No,99,5.8,143,Yes,5.03,Unknown,90-109 min,50-499,No
9783,Sublime,Sublime (2007),2007-06-15,2007,2000s,Jun,6,English,Horror,2,Tony Krantz,Tom Cavanagh,,,,,No,113,5.3,33,No,6.83,Unknown,110-129 min,Under 50,No
37985,The Trials Of Darryl Hunt,The Trials Of Darryl Hunt (2007),2007-06-15,2007,2000s,Jun,6,English,Documentary,1,Ricki Stern,Unknown,,,,,No,106,6.8,4,No,0.15,Unknown,90-109 min,Under 50,No
1571,Live Free or Die Hard,Live Free or Die Hard (2007),2007-06-20,2007,2000s,Jun,6,English,Action,2,Len Wiseman,Bruce Willis,110000000,383531464,273531464,3.487,Yes,128,6.4,2089,Yes,48.93,$100M+,110-129 min,"2,000-4,999",No
2062,Ratatouille,Ratatouille (2007),2007-06-22,2007,2000s,Jun,6,English,Animation,4,Jan Pinkava,Patton Oswalt,150000000,623722818,473722818,4.158,Yes,111,7.5,4369,Yes,65.68,$100M+,110-129 min,"2,000-4,999",No
1858,Transformers,Transformers (2007),2007-06-27,2007,2000s,Jun,6,English,Adventure,3,Michael Bay,Shia LaBeouf,150000000,709709780,559709780,4.731,Yes,144,6.6,4040,Yes,25.47,$100M+,130-149 min,"2,000-4,999",No
675,Harry Potter and the Order of the Phoenix,Harry Potter and the Order of the Phoenix (2007),2007-06-28,2007,2000s,Jun,6,English,Adventure,4,David Yates,Daniel Radcliffe,150000000,938212738,788212738,6.255,Yes,138,7.4,5494,Yes,78.14,$100M+,130-149 min,"5,000+",No
7973,Caramel,Caramel (2007),2007-07-01,2007,2000s,Jul,7,Other languages,Drama,3,Nadine Labaki,Nadine Labaki,,,,,No,96,6.8,52,Yes,4.55,Unknown,90-109 min,50-499,No
2959,License to Wed,License to Wed (2007),2007-07-04,2007,2000s,Jul,7,English,Comedy,1,Ken Kwapis,Robin Williams,35000000,69307224,34307224,1.98,Yes,91,5.2,253,Yes,14.5,$10M-40M,90-109 min,50-499,No
20406,Rockaway,Rockaway (2007),2007-07-07,2007,2000s,Jul,7,English,Action,3,Jeff Crook,Nicholas Gonzalez,,,,,No,76,5.8,2,No,0.36,Unknown,Under 90 min,Under 50,No
69382,The Legend of God's Gun,The Legend of God's Gun (2007),2007-07-08,2007,2000s,Jul,7,English,Action,2,Mike Bruce,Robert Bones,,,,,No,78,,0,No,0.0,Unknown,Under 90 min,Under 50,No
3021,1408,1408 (2007),2007-07-12,2007,2000s,Jul,7,English,Horror,2,Mikael Håfström,John Cusack,25000000,94679598,69679598,3.787,Yes,104,6.5,1343,Yes,35.17,$10M-40M,90-109 min,"500-1,999",No
2976,Hairspray,Hairspray (2007),2007-07-13,2007,2000s,Jul,7,English,Family,4,Adam Shankman,John Travolta,50000000,90450008,40450008,1.809,Yes,117,6.5,709,Yes,31.16,$40M-100M,110-129 min,"500-1,999",No
181940,Carousel of Revenge,Carousel of Revenge (2007),2007-07-20,2007,2000s,Jul,7,English,Thriller,2,Gene Teigland,Erik Allen,,,,,No,103,,0,No,0.01,Unknown,90-109 min,Under 50,No
10425,The Death and Life of Bobby Z,The Death and Life of Bobby Z (2007),2007-07-23,2007,2000s,Jul,7,English,Drama,4,John Herzfeld,Paul Walker,22000000,413454,-21586546,0.019,Yes,97,5.8,103,Yes,12.89,$10M-40M,90-109 min,50-499,No
35,The Simpsons Movie,The Simpsons Movie (2007),2007-07-25,2007,2000s,Jul,7,English,Animation,3,David Silverman,Dan Castellaneta,75000000,527068851,452068851,7.028,Yes,87,6.9,2264,Yes,46.88,$40M-100M,Under 90 min,"2,000-4,999",No
3638,No Reservations,No Reservations (2007),2007-07-25,2007,2000s,Jul,7,English,Comedy,1,Scott Hicks,Catherine Zeta-Jones,28000000,92601050,64601050,3.307,Yes,104,6.1,327,Yes,15.79,$10M-40M,90-109 min,50-499,No
13250,Butterfly on a Wheel,Butterfly on a Wheel (2007),2007-07-27,2007,2000s,Jul,7,English,Crime,3,Mike Barker,Pierce Brosnan,20000000,,,,No,95,6.3,130,Yes,13.12,$10M-40M,90-109 min,50-499,No
15581,Who's Your Caddy?,Who's Your Caddy? (2007),2007-07-27,2007,2000s,Jul,7,English,Comedy,1,Don Michael Paul,Mick Partridge,,,,,No,93,3.8,18,No,2.88,Unknown,90-109 min,Under 50,No
12901,No End in Sight,No End in Sight (2007),2007-07-27,2007,2000s,Jul,7,English,Documentary,1,Charles Ferguson,Campbell Scott,2000000,1431623,-568377,0.716,Yes,102,7.2,23,No,2.28,Under $10M,90-109 min,Under 50,No
2503,The Bourne Ultimatum,The Bourne Ultimatum (2007),2007-08-03,2007,2000s,Aug,8,English,Action,4,Paul Greengrass,Matt Damon,70000000,442824138,372824138,6.326,Yes,115,7.3,2888,Yes,45.38,$40M-100M,110-129 min,"2,000-4,999",No
10074,Hot Rod,Hot Rod (2007),2007-08-03,2007,2000s,Aug,8,English,Action,2,Akiva Schaffer,Andy Samberg,,14334401,,,No,88,6.3,313,Yes,6.31,Unknown,Under 90 min,50-499,No
13173,The Ten,The Ten (2007),2007-08-03,2007,2000s,Aug,8,English,Comedy,1,David Wain,Paul Rudd,,,,,No,96,4.9,57,Yes,3.87,Unknown,90-109 min,50-499,No
38428,"Gandhi, My Father","Gandhi, My Father (2007)",2007-08-03,2007,2000s,Aug,8,Other languages,Drama,3,Feroz Abbas Khan,Darshan Jariwala,,,,,No,136,6.0,2,No,0.08,Unknown,130-149 min,Under 50,No
112430,The Company,The Company (2007),2007-08-05,2007,2000s,Aug,8,English,Drama,1,Mikael Salomon,Chris O'Donnell,,,,,No,276,7.0,12,No,1.49,Unknown,150+ min,Under 50,No
5174,Rush Hour 3,Rush Hour 3 (2007),2007-08-08,2007,2000s,Aug,8,English,Action,4,Brett Ratner,Chris Tucker,140000000,258022233,118022233,1.843,Yes,91,6.1,783,Yes,22.57,$100M+,90-109 min,"500-1,999",No
14144,Daddy Day Camp,Daddy Day Camp (2007),2007-08-08,2007,2000s,Aug,8,English,Comedy,2,Fred Savage,Cuba Gooding Jr.,6000000,18197398,12197398,3.033,Yes,89,4.4,91,Yes,12.6,Under $10M,Under 90 min,50-499,No
2270,Stardust,Stardust (2007),2007-08-09,2007,2000s,Aug,8,English,Adventure,4,Matthew Vaughn,Claire Danes,70000000,135560026,65560026,1.937,Yes,127,7.1,1184,Yes,48.03,$40M-100M,110-129 min,"500-1,999",No
4858,The Invasion,The Invasion (2007),2007-08-17,2007,2000s,Aug,8,English,Science Fiction,2,Oliver Hirschbiegel,Nicole Kidman,80000000,15071514,-64928486,0.188,Yes,99,5.7,359,Yes,15.67,$40M-100M,90-109 min,50-499,No
8363,Superbad,Superbad (2007),2007-08-17,2007,2000s,Aug,8,English,Comedy,1,Greg Mottola,Jonah Hill,20000000,121463226,101463226,6.073,Yes,113,7.0,2100,Yes,33.44,$10M-40M,110-129 min,"2,000-4,999",No
13649,High School Musical 2,High School Musical 2 (2007),2007-08-17,2007,2000s,Aug,8,English,Comedy,4,Kenny Ortega,Zac Efron,,7000000,,,No,104,6.1,843,Yes,21.02,Unknown,90-109 min,"500-1,999",No
4349,The Kingdom,The Kingdom (2007),2007-08-22,2007,2000s,Aug,8,English,Thriller,3,Peter Berg,Jamie Foxx,70000000,86658558,16658558,1.238,Yes,110,6.5,513,Yes,26.12,$40M-100M,110-129 min,"500-1,999",No
10431,War,War (2007),2007-08-24,2007,2000s,Aug,8,English,Action,3,Philip G. Atwell,Jet Li,25000000,40452643,15452643,1.618,Yes,103,6.0,414,Yes,18.9,$10M-40M,90-109 min,50-499,No
46849,Eye of the Dolphin,Eye of the Dolphin (2007),2007-08-24,2007,2000s,Aug,8,English,Drama,1,Michael D. Sellers,Carly Schroeder,2500000,71904,-2428096,0.029,Yes,100,7.1,7,No,0.3,Under $10M,90-109 min,Under 50,No
2009,"4 Months, 3 Weeks and 2 Days","4 Months, 3 Weeks and 2 Days (2007)",2007-08-24,2007,2000s,Aug,8,Other languages,Drama,1,Cristian Mungiu,Anamaria Marinca,852510,1185783,333273,1.391,Yes,113,7.3,156,Yes,9.27,Under $10M,110-129 min,50-499,No
6537,The Orphanage,The Orphanage (2007),2007-08-27,2007,2000s,Aug,8,Other languages,Horror,3,Juan Antonio Bayona,Belén Rueda,,44000000,,,No,105,7.1,633,Yes,29.07,Unknown,90-109 min,"500-1,999",No
4347,Atonement,Atonement (2007),2007-08-29,2007,2000s,Aug,8,English,Drama,2,Joe Wright,Keira Knightley,30000000,129266061,99266061,4.309,Yes,123,7.4,1049,Yes,33.37,$10M-40M,110-129 min,"500-1,999",No
6973,In the Valley of Elah,In the Valley of Elah (2007),2007-08-31,2007,2000s,Aug,8,English,History,5,Paul Haggis,Tommy Lee Jones,23000000,29541790,6541790,1.284,Yes,124,6.6,261,Yes,15.68,$10M-40M,110-129 min,50-499,No
11835,Death Sentence,Death Sentence (2007),2007-08-31,2007,2000s,Aug,8,English,Action,4,James Wan,Kevin Bacon,20000000,16974459,-3025541,0.849,Yes,105,6.5,297,Yes,12.64,$10M-40M,90-109 min,50-499,No
4512,The Assassination of Jesse James by the Coward Robert Ford,The Assassination of Jesse James by the Coward Robert Ford (2007),2007-09-02,2007,2000s,Sep,9,English,Action,3,Andrew Dominik,Brad Pitt,30000000,14711793,-15288207,0.49,Yes,160,7.0,776,Yes,35.53,$10M-40M,150+ min,"500-1,999",No
5353,The Hunting Party,The Hunting Party (2007),2007-09-03,2007,2000s,Sep,9,English,Action,4,Richard Shepard,Richard Gere,,,,,No,101,6.6,96,Yes,8.05,Unknown,90-109 min,50-499,No
5176,3:10 to Yuma,3:10 to Yuma (2007),2007-09-06,2007,2000s,Sep,9,English,Western,1,James Mangold,Russell Crowe,55000000,70016220,15016220,1.273,Yes,122,6.9,1188,Yes,48.8,$40M-100M,110-129 min,"500-1,999",No
7942,"Run, Fatboy, Run","Run, Fatboy, Run (2007)",2007-09-06,2007,2000s,Sep,9,English,Comedy,2,David Schwimmer,Simon Pegg,10000000,33000000,23000000,3.3,Yes,100,6.2,238,Yes,14.91,$10M-40M,90-109 min,50-499,No
5125,Rendition,Rendition (2007),2007-09-07,2007,2000s,Sep,9,English,Drama,2,Gavin Hood,Omar Metwally,27500000,24748670,-2751330,0.9,Yes,120,6.2,205,Yes,12.74,$10M-40M,110-129 min,50-499,No
10071,The Brothers Solomon,The Brothers Solomon (2007),2007-09-07,2007,2000s,Sep,9,English,Comedy,1,Bob Odenkirk,Will Arnett,,,,,No,93,4.9,46,No,8.31,Unknown,90-109 min,Under 50,No
13079,The Life Before Her Eyes,The Life Before Her Eyes (2007),2007-09-08,2007,2000s,Sep,9,English,Thriller,3,Vadim Perelman,Uma Thurman,8000000,,,,No,90,6.1,88,Yes,9.73,Under $10M,90-109 min,50-499,No
13025,Diary of the Dead,Diary of the Dead (2007),2007-09-08,2007,2000s,Sep,9,English,Horror,3,George A. Romero,Michelle Morgan,2000000,5364858,3364858,2.682,Yes,95,5.4,190,Yes,15.35,Under $10M,90-109 min,50-499,No
4517,Elizabeth: The Golden Age,Elizabeth: The Golden Age (2007),2007-09-09,2007,2000s,Sep,9,English,Drama,3,Shekhar Kapur,Cate Blanchett,55000000,74237563,19237563,1.35,Yes,114,6.6,303,Yes,15.27,$40M-100M,110-129 min,50-499,No
5915,Into the Wild,Into the Wild (2007),2007-09-11,2007,2000s,Sep,9,English,Adventure,2,Sean Penn,Emile Hirsch,15000000,56255142,41255142,3.75,Yes,148,7.8,3045,Yes,43.64,$10M-40M,130-149 min,"2,000-4,999",No
10914,All Hat,All Hat (2007),2007-09-11,2007,2000s,Sep,9,English,Action,4,Leonard Farlinger,Rachael Leigh Cook,,,,,No,89,1.0,1,No,0.14,Unknown,Under 90 min,Under 50,No
8060,Married Life,Married Life (2007),2007-09-12,2007,2000s,Sep,9,English,Crime,3,Ira Sachs,Chris Cooper,12000000,,,,No,90,6.1,38,No,3.0,$10M-40M,90-109 min,Under 50,No
2252,Eastern Promises,Eastern Promises (2007),2007-09-14,2007,2000s,Sep,9,English,Thriller,3,David Cronenberg,Naomi Watts,51500000,55112356,3612356,1.07,Yes,100,7.2,848,Yes,35.48,$40M-100M,90-109 min,"500-1,999",No
4688,Across the Universe,Across the Universe (2007),2007-09-14,2007,2000s,Sep,9,English,Adventure,4,Julie Taymor,Evan Rachel Wood,,,,,No,133,7.1,410,Yes,11.87,Unknown,130-149 min,50-499,No
23827,Paranormal Activity,Paranormal Activity (2007),2007-09-14,2007,2000s,Sep,9,English,Horror,2,Oren Peli,Katie Featherston,15000,193355800,193340800,12890.387,Yes,86,5.9,1316,Yes,47.46,Under $10M,Under 90 min,"500-1,999",No
7737,Resident Evil: Extinction,Resident Evil: Extinction (2007),2007-09-20,2007,2000s,Sep,9,English,Horror,3,Russell Mulcahy,Milla Jovovich,45000000,148412065,103412065,3.298,Yes,94,6.1,1292,Yes,12.07,$40M-100M,90-109 min,"500-1,999",No
12246,Mongol: The Rise of Genghis Khan,Mongol: The Rise of Genghis Khan (2007),2007-09-20,2007,2000s,Sep,9,Other languages,History,1,Sergei Bodrov,Tadanobu Asano,18000000,26527510,8527510,1.474,Yes,120,6.5,158,Yes,10.14,$10M-40M,110-129 min,50-499,No
14139,Timecrimes,Timecrimes (2007),2007-09-20,2007,2000s,Sep,9,Other languages,Science Fiction,2,Nacho Vigalondo,Karra Elejalde,2600000,553198,-2046802,0.213,Yes,92,7.0,308,Yes,19.03,Under $10M,90-109 min,50-499,No
10030,Good Luck Chuck,Good Luck Chuck (2007),2007-09-21,2007,2000s,Sep,9,English,Comedy,3,Mark Helfrich,Dane Cook,25000000,59192128,34192128,2.368,Yes,101,5.5,444,Yes,21.73,$10M-40M,90-109 min,50-499,No
10760,Sydney White,Sydney White (2007),2007-09-21,2007,2000s,Sep,9,English,Comedy,1,Joe Nussbaum,Amanda Bynes,16500000,13620075,-2879925,0.825,Yes,108,6.0,236,Yes,10.75,$10M-40M,90-109 min,50-499,No
3877,Things We Lost in the Fire,Things We Lost in the Fire (2007),2007-09-26,2007,2000s,Sep,9,English,Drama,1,Susanne Bier,Halle Berry,16000000,2849142,-13150858,0.178,Yes,113,6.7,90,Yes,8.84,$10M-40M,110-129 min,50-499,No
5708,Control,Control (2007),2007-09-26,2007,2000s,Sep,9,English,Drama,1,Anton Corbijn,Sam Riley,,8159508,,,No,121,7.5,200,Yes,11.36,Unknown,110-129 min,50-499,No
13516,Slacker Uprising,Slacker Uprising (2007),2007-09-27,2007,2000s,Sep,9,English,Documentary,1,Michael Moore,Michael Moore,,,,,No,102,5.9,10,No,1.62,Unknown,90-109 min,Under 50,No
13680,The Game Plan,The Game Plan (2007),2007-09-28,2007,2000s,Sep,9,English,Comedy,2,Andy Fickman,Dwayne Johnson,22000000,147880543,125880543,6.722,Yes,110,6.0,428,Yes,20.7,$10M-40M,110-129 min,50-499,No
4566,Michael Clayton,Michael Clayton (2007),2007-09-28,2007,2000s,Sep,9,English,Drama,3,Tony Gilroy,George Clooney,25000000,92991835,67991835,3.72,Yes,119,6.5,501,Yes,18.96,$10M-40M,110-129 min,"500-1,999",No
3902,I'm Not There.,I'm Not There. (2007),2007-10-01,2007,2000s,Oct,10,English,Drama,2,Todd Haynes,Cate Blanchett,20000000,4001121,-15998879,0.2,Yes,135,6.6,195,Yes,13.03,$10M-40M,130-149 min,50-499,No
1961,My Name Is Bruce,My Name Is Bruce (2007),2007-10-01,2007,2000s,Oct,10,English,Comedy,2,Bruce Campbell,Bruce Campbell,1500000,173066,-1326934,0.115,Yes,86,5.9,107,Yes,7.56,Under $10M,Under 90 min,50-499,No
12247,Shotgun Stories,Shotgun Stories (2007),2007-10-01,2007,2000s,Oct,10,English,Drama,2,Jeff Nichols,Michael Shannon,,,,,No,92,6.9,57,Yes,5.25,Unknown,90-109 min,50-499,No
6639,Love in the Time of Cholera,Love in the Time of Cholera (2007),2007-10-04,2007,2000s,Oct,10,English,Drama,2,Mike Newell,Javier Bardem,45000000,4607608,-40392392,0.102,Yes,139,6.4,81,Yes,5.36,$40M-100M,130-149 min,50-499,No
45791,When Did You Last See Your Father?,When Did You Last See Your Father? (2007),2007-10-05,2007,2000s,Oct,10,English,Drama,1,Anand Tucker,Jim Broadbent,,,,,No,92,6.9,13,No,1.94,Unknown,90-109 min,Under 50,No
16205,Jack Brooks: Monster Slayer,Jack Brooks: Monster Slayer (2007),2007-10-09,2007,2000s,Oct,10,English,Action,3,Jon Knautz,Robert Englund,,,,,No,85,5.7,59,Yes,2.66,Unknown,Under 90 min,50-499,No
17202,Why Did I Get Married?,Why Did I Get Married? (2007),2007-10-12,2007,2000s,Oct,10,English,Comedy,2,Tyler Perry,Tyler Perry,15000000,55184721,40184721,3.679,Yes,113,6.1,33,No,2.01,$10M-40M,110-129 min,Under 50,No
6615,Lars and the Real Girl,Lars and the Real Girl (2007),2007-10-12,2007,2000s,Oct,10,English,Comedy,3,Craig Gillespie,Ryan Gosling,12000000,11293663,-706337,0.941,Yes,106,7.1,509,Yes,15.82,$10M-40M,90-109 min,"500-1,999",No
7347,Elite Squad,Elite Squad (2007),2007-10-12,2007,2000s,Oct,10,Other languages,Drama,3,José Padilha,Wagner Moura,4000000,,,,No,115,7.8,504,Yes,23.6,Under $10M,110-129 min,"500-1,999",No
7979,The Kite Runner,The Kite Runner (2007),2007-10-14,2007,2000s,Oct,10,English,Drama,1,Marc Forster,Khalid Abdalla,20000000,73276047,53276047,3.664,Yes,128,7.3,394,Yes,10.45,$10M-40M,110-129 min,50-499,No
4513,30 Days of Night,30 Days of Night (2007),2007-10-17,2007,2000s,Oct,10,English,Horror,2,David Slade,Josh Hartnett,30000000,75505973,45505973,2.517,Yes,113,6.2,767,Yes,33.39,$10M-40M,110-129 min,"500-1,999",No
8461,Funny Games,Funny Games (2007),2007-10-20,2007,2000s,Oct,10,English,Horror,3,Michael Haneke,Naomi Watts,15000000,7938872,-7061128,0.529,Yes,112,6.3,545,Yes,15.18,$10M-40M,110-129 min,"500-1,999",No
4515,Lions for Lambs,Lions for Lambs (2007),2007-10-22,2007,2000s,Oct,10,English,Action,4,Robert Redford,Robert Redford,35000000,63215872,28215872,1.806,Yes,92,6.0,216,Yes,9.79,$10M-40M,90-109 min,50-499,No
663,Saw IV,Saw IV (2007),2007-10-25,2007,2000s,Oct,10,English,Horror,3,Darren Lynn Bousman,Tobin Bell,10000000,139352633,129352633,13.935,Yes,93,5.9,903,Yes,29.24,$10M-40M,90-109 min,"500-1,999",No
5559,Bee Movie,Bee Movie (2007),2007-10-28,2007,2000s,Oct,10,English,Family,4,Steve Hickner,Jerry Seinfeld,150000000,287594577,137594577,1.917,Yes,91,5.7,1171,Yes,29.33,$100M+,90-109 min,"500-1,999",No
4982,American Gangster,American Gangster (2007),2007-11-02,2007,2000s,Nov,11,English,Drama,2,Ridley Scott,Denzel Washington,100000000,266465037,166465037,2.665,Yes,157,7.4,1502,Yes,42.36,$100M+,150+ min,"500-1,999",No
5126,Martian Child,Martian Child (2007),2007-11-02,2007,2000s,Nov,11,English,Drama,1,Menno Meyjes,John Cusack,,,,,No,106,6.8,79,Yes,5.74,Unknown,90-109 min,50-499,No
2310,Beowulf,Beowulf (2007),2007-11-05,2007,2000s,Nov,11,English,Adventure,3,Robert Zemeckis,Ray Winstone,70000000,195735876,125735876,2.796,Yes,115,5.5,841,Yes,35.6,$40M-100M,110-129 min,"500-1,999",No
6977,No Country for Old Men,No Country for Old Men (2007),2007-11-08,2007,2000s,Nov,11,English,Crime,3,Joel Coen,Tommy Lee Jones,25000000,171600000,146600000,6.864,Yes,122,7.7,3003,Yes,53.65,$10M-40M,110-129 min,"2,000-4,999",No
6023,P.S. I Love You,P.S. I Love You (2007),2007-11-15,2007,2000s,Nov,11,English,Drama,2,Richard LaGravenese,Hilary Swank,30000000,156835339,126835339,5.228,Yes,126,6.9,977,Yes,29.49,$10M-40M,110-129 min,"500-1,999",No
21074,Brick Lane,Brick Lane (2007),2007-11-16,2007,2000s,Nov,11,English,Drama,1,Sarah Gavron,Tannishtha Chatterjee,,,,,No,102,5.2,15,No,0.26,Unknown,90-109 min,Under 50,No
4523,Enchanted,Enchanted (2007),2007-11-20,2007,2000s,Nov,11,English,Comedy,4,Kevin Lima,Amy Adams,85000000,340487652,255487652,4.006,Yes,107,6.6,1449,Yes,29.22,$40M-100M,90-109 min,"500-1,999",No
5123,August Rush,August Rush (2007),2007-11-21,2007,2000s,Nov,11,English,Drama,1,Kirsten Sheridan,Freddie Highmore,25000000,66122026,41122026,2.645,Yes,114,7.1,797,Yes,29.53,$10M-40M,110-129 min,"500-1,999",No
1620,Hitman,Hitman (2007),2007-11-21,2007,2000s,Nov,11,English,Action,4,Xavier Gens,Timothy Olyphant,24000000,99965753,75965753,4.165,Yes,89,5.9,966,Yes,42.67,$10M-40M,Under 90 min,"500-1,999",No
5876,The Mist,The Mist (2007),2007-11-21,2007,2000s,Nov,11,English,Science Fiction,3,Frank Darabont,Thomas Jane,18000000,57096190,39096190,3.172,Yes,126,6.7,1399,Yes,37.1,$10M-40M,110-129 min,"500-1,999",No
15250,This Christmas,This Christmas (2007),2007-11-27,2007,2000s,Nov,11,English,Comedy,2,Preston A. Whitmore II,Loretta Devine,13000000,,,,No,117,7.1,29,No,2.39,$10M-40M,110-129 min,Under 50,No
13483,Awake,Awake (2007),2007-11-28,2007,2000s,Nov,11,English,Thriller,3,Joby Harold,Hayden Christensen,86000000,14373825,-71626175,0.167,Yes,84,6.3,395,Yes,18.17,$40M-100M,Under 90 min,50-499,No
2312,In the Name of the King: A Dungeon Siege Tale,In the Name of the King: A Dungeon Siege Tale (2007),2007-11-29,2007,2000s,Nov,11,English,Adventure,4,Uwe Boll,Jason Statham,60000000,,,,No,127,4.1,224,Yes,15.41,$40M-100M,110-129 min,50-499,No
2268,The Golden Compass,The Golden Compass (2007),2007-12-04,2007,2000s,Dec,12,English,Adventure,2,Chris Weitz,Dakota Blue Richards,180000000,372234864,192234864,2.068,Yes,113,5.8,1303,Yes,42.99,$100M+,110-129 min,"500-1,999",No
7326,Juno,Juno (2007),2007-12-05,2007,2000s,Dec,12,English,Comedy,3,Jason Reitman,Ellen Page,7500000,231411584,223911584,30.855,Yes,96,7.0,2244,Yes,19.78,Under $10M,90-109 min,"2,000-4,999",No
8875,Timber Falls,Timber Falls (2007),2007-12-07,2007,2000s,Dec,12,English,Horror,2,Tony Giglio,Josh Randall,2600000,,,,No,97,5.2,38,No,3.69,Under $10M,90-109 min,Under 50,No
14392,The Warlords,The Warlords (2007),2007-12-12,2007,2000s,Dec,12,Other languages,Action,3,Peter Chan,Jet Li,40000000,,,,No,126,6.3,83,Yes,6.88,$40M-100M,110-129 min,50-499,No
6477,Alvin and the Chipmunks,Alvin and the Chipmunks (2007),2007-12-13,2007,2000s,Dec,12,English,Comedy,5,Tim Hill,Jason Lee,60000000,361366633,301366633,6.023,Yes,92,5.5,1177,Yes,47.34,$40M-100M,90-109 min,"500-1,999",No
6479,I Am Legend,I Am Legend (2007),2007-12-14,2007,2000s,Dec,12,English,Drama,5,Francis Lawrence,Will Smith,150000000,585349010,435349010,3.902,Yes,101,6.9,4853,Yes,70.87,$100M+,90-109 min,"2,000-4,999",No
14324,Virgin Territory,Virgin Territory (2007),2007-12-17,2007,2000s,Dec,12,English,Adventure,4,David Leland,Ryan Cartwright,38000000,5410749,-32589251,0.142,Yes,93,4.3,75,Yes,6.76,$10M-40M,90-109 min,50-499,No
13491,Arn: The Knight Templar,Arn: The Knight Templar (2007),2007-12-17,2007,2000s,Dec,12,Other languages,Action,4,Peter Flinth,Joakim Nätterqvist,25000000,,,,No,139,6.4,76,Yes,6.09,$10M-40M,130-149 min,50-499,No
6538,Charlie Wilson's War,Charlie Wilson's War (2007),2007-12-19,2007,2000s,Dec,12,English,Comedy,3,Mike Nichols,Tom Hanks,75000000,119000410,44000410,1.587,Yes,102,6.5,338,Yes,18.7,$40M-100M,90-109 min,50-499,No
6575,Walk Hard: The Dewey Cox Story,Walk Hard: The Dewey Cox Story (2007),2007-12-21,2007,2000s,Dec,12,English,Comedy,2,Jake Kasdan,John C. Reilly,35000000,18317151,-16682849,0.523,Yes,96,6.6,212,Yes,10.74,$10M-40M,90-109 min,50-499,No
10748,St. Trinian's,St. Trinian's (2007),2007-12-21,2007,2000s,Dec,12,English,Comedy,3,Barnaby Thompson,Talulah Riley,,,,,No,101,5.6,142,Yes,7.38,Unknown,90-109 min,50-499,No
15017,Blonde Ambition,Blonde Ambition (2007),2007-12-21,2007,2000s,Dec,12,English,Comedy,2,Scott Marshall Smith,Jessica Simpson,10000000,,,,No,93,3.9,29,No,3.06,$10M-40M,90-109 min,Under 50,No
7350,The Bucket List,The Bucket List (2007),2007-12-25,2007,2000s,Dec,12,English,Drama,2,Rob Reiner,Jack Nicholson,45000000,175372502,130372502,3.897,Yes,97,7.0,1111,Yes,31.31,$40M-100M,90-109 min,"500-1,999",No
440,Aliens vs Predator: Requiem,Aliens vs Predator: Requiem (2007),2007-12-25,2007,2000s,Dec,12,English,Fantasy,5,Colin Strause,Steven Pasquale,40000000,41797066,1797066,1.045,Yes,94,4.9,740,Yes,39.38,$40M-100M,90-109 min,"500-1,999",No
14047,The Great Debaters,The Great Debaters (2007),2007-12-27,2007,2000s,Dec,12,English,Drama,1,Denzel Washington,Denzel Washington,15000000,30226144,15226144,2.015,Yes,126,6.9,151,Yes,10.84,$10M-40M,110-129 min,50-499,No
7345,There Will Be Blood,There Will Be Blood (2007),2007-12-28,2007,2000s,Dec,12,English,Drama,1,Paul Thomas Anderson,Daniel Day-Lewis,25000000,77208711,52208711,3.088,Yes,158,7.9,1537,Yes,37.82,$10M-40M,150+ min,"500-1,999",No
16899,Easy Virtue,Easy Virtue (2008),2008-01-01,2008,2000s,Jan,1,English,Comedy,2,Stephan Elliott,Jessica Biel,,,,,No,93,6.3,108,Yes,8.39,Unknown,90-109 min,50-499,No
51384,"Lovely, Still","Lovely, Still (2008)",2008-01-01,2008,2000s,Jan,1,English,Drama,2,Nicholas Fackler,Martin Landau,,,,,No,92,6.2,13,No,1.29,Unknown,90-109 min,Under 50,No
279759,Harrison Montgomery,Harrison Montgomery (2008),2008-01-01,2008,2000s,Jan,1,English,No genre,0,Unknown,Unknown,,,,,No,,,0,No,0.01,Unknown,Unknown,Under 50,No
22530,Bled,Bled (2008),2008-01-01,2008,2000s,Jan,1,English,Horror,1,Christopher Hutson,Sarah Farooqui,,,,,No,95,3.8,4,No,1.04,Unknown,90-109 min,Under 50,No
36549,Yesterday Was a Lie,Yesterday Was a Lie (2008),2008-01-01,2008,2000s,Jan,1,English,Drama,4,James Kerwin,Chase Masterson,,,,,No,89,6.0,4,No,0.15,Unknown,Under 90 min,Under 50,No
6933,One Missed Call,One Missed Call (2008),2008-01-04,2008,2000s,Jan,1,English,Horror,3,Eric Valette,Shannyn Sossamon,20000000,,,,No,87,4.7,171,Yes,12.46,$10M-40M,Under 90 min,50-499,No
8265,Welcome to the Sticks,Welcome to the Sticks (2008),2008-01-09,2008,2000s,Jan,1,Other languages,Comedy,1,Dany Boon,Kad Merad,11000000,53191886,42191886,4.836,Yes,106,6.8,615,Yes,18.92,$10M-40M,90-109 min,"500-1,999",No
6557,27 Dresses,27 Dresses (2008),2008-01-10,2008,2000s,Jan,1,English,Comedy,2,Anne Fletcher,Katherine Heigl,30000000,160259319,130259319,5.342,Yes,111,6.1,978,Yes,30.7,$10M-40M,110-129 min,"500-1,999",No
15511,VeggieTales: The Pirates Who Don't Do Anything,VeggieTales: The Pirates Who Don't Do Anything (2008),2008-01-11,2008,2000s,Jan,1,English,Adventure,5,Mike Nawrocki,Phil Vischer,,,,,No,85,5.9,25,No,1.8,Unknown,Under 90 min,Under 50,No
2395,Asterix at the Olympic Games,Asterix at the Olympic Games (2008),2008-01-13,2008,2000s,Jan,1,Other languages,Fantasy,4,Thomas Langmann,Clovis Cornillac,97250400,132900000,35649600,1.367,Yes,116,5.0,471,Yes,20.34,$40M-100M,110-129 min,50-499,No
7191,Cloverfield,Cloverfield (2008),2008-01-15,2008,2000s,Jan,1,English,Action,3,Matt Reeves,Lizzy Caplan,25000000,170764026,145764026,6.831,Yes,85,6.4,2251,Yes,46.94,$10M-40M,Under 90 min,"2,000-4,999",No
12085,Mad Money,Mad Money (2008),2008-01-17,2008,2000s,Jan,1,English,Action,3,Callie Khouri,Diane Keaton,,,,,No,104,5.9,140,Yes,6.85,Unknown,90-109 min,50-499,No
6687,Transsiberian,Transsiberian (2008),2008-01-18,2008,2000s,Jan,1,English,Thriller,3,Brad Anderson,Woody Harrelson,15000000,5926410,-9073590,0.395,Yes,111,6.5,195,Yes,11.43,$10M-40M,110-129 min,50-499,No
12245,The Oxford Murders,The Oxford Murders (2008),2008-01-18,2008,2000s,Jan,1,English,Crime,3,Álex de la Iglesia,Elijah Wood,14100000,,,,No,107,5.7,188,Yes,9.32,$10M-40M,90-109 min,50-499,No
13090,Sunshine Cleaning,Sunshine Cleaning (2008),2008-01-18,2008,2000s,Jan,1,English,Comedy,2,Christine Jeffs,Amy Adams,5000000,16174377,11174377,3.235,Yes,102,6.5,255,Yes,19.34,Under $10M,90-109 min,50-499,No
4953,Be Kind Rewind,Be Kind Rewind (2008),2008-01-20,2008,2000s,Jan,1,English,Drama,2,Michel Gondry,Jack Black,,,,,No,102,6.2,424,Yes,17.66,Unknown,90-109 min,50-499,No
12621,Hamlet 2,Hamlet 2 (2008),2008-01-21,2008,2000s,Jan,1,English,Comedy,2,Andrew Fleming,Steve Coogan,,,,,No,92,6.1,56,Yes,5.29,Unknown,90-109 min,50-499,No
5759,Baghead,Baghead (2008),2008-01-21,2008,2000s,Jan,1,English,Drama,3,Jay Duplass,Ross Partridge,,,,,No,84,5.8,23,No,3.3,Unknown,Under 90 min,Under 50,No
8090,Untraceable,Untraceable (2008),2008-01-22,2008,2000s,Jan,1,English,Drama,1,Gregory Hoblit,Diane Lane,35000000,32483410,-2516590,0.928,Yes,101,5.9,238,Yes,12.68,$10M-40M,90-109 min,50-499,No
7278,Meet the Spartans,Meet the Spartans (2008),2008-01-24,2008,2000s,Jan,1,English,Comedy,1,Jason Friedberg,Sean Maguire,30000000,84646831,54646831,2.822,Yes,84,3.7,359,Yes,10.61,$10M-40M,Under 90 min,50-499,No
16988,How She Move,How She Move (2008),2008-01-25,2008,2000s,Jan,1,English,Drama,1,Ian Iqbal Rashid,Rutina Wesley,,,,,No,94,3.0,6,No,1.78,Unknown,90-109 min,Under 50,No
3580,Changeling,Changeling (2008),2008-01-30,2008,2000s,Jan,1,English,Crime,3,Clint Eastwood,Angelina Jolie,55000000,113020255,58020255,2.055,Yes,141,7.3,1131,Yes,27.51,$40M-100M,130-149 min,"500-1,999",No
13688,CJ7,CJ7 (2008),2008-01-30,2008,2000s,Jan,1,Other languages,Comedy,5,Stephen Chow,Stephen Chow,,47301471,,,No,86,6.1,107,Yes,12.37,Unknown,Under 90 min,50-499,No
7461,Vantage Point,Vantage Point (2008),2008-02-01,2008,2000s,Feb,2,English,Drama,4,Pete Travis,Dennis Quaid,40000000,151161491,111161491,3.779,Yes,90,6.2,716,Yes,24.86,$40M-100M,90-109 min,"500-1,999",No
14220,Strange Wilderness,Strange Wilderness (2008),2008-02-01,2008,2000s,Feb,2,English,Comedy,1,Fred Wolf,Steve Zahn,,6575282,,,No,87,4.7,69,Yes,4.96,Unknown,Under 90 min,50-499,No
9030,The Eye,The Eye (2008),2008-02-01,2008,2000s,Feb,2,English,Drama,3,David Moreau,Jessica Alba,12000000,56309766,44309766,4.692,Yes,98,5.5,281,Yes,11.14,$10M-40M,90-109 min,50-499,No
13160,Over Her Dead Body,Over Her Dead Body (2008),2008-02-01,2008,2000s,Feb,2,English,Comedy,1,Jeff Lowell,Eva Longoria,10000000,,,,No,95,5.3,145,Yes,12.07,$10M-40M,90-109 min,50-499,No
15373,Role Models,Role Models (2008),2008-02-03,2008,2000s,Feb,2,English,Comedy,1,David Wain,Seann William Scott,28000000,92380927,64380927,3.299,Yes,99,6.4,564,Yes,24.92,$10M-40M,90-109 min,"500-1,999",No
8676,Fool's Gold,Fool's Gold (2008),2008-02-07,2008,2000s,Feb,2,English,Romance,3,Andy Tennant,Matthew McConaughey,70000000,111231041,41231041,1.589,Yes,112,5.4,444,Yes,21.79,$40M-100M,110-129 min,50-499,No
13849,The Cottage,The Cottage (2008),2008-02-07,2008,2000s,Feb,2,English,Horror,4,Paul Andrew Williams,Andy Serkis,,,,,No,92,6.3,80,Yes,8.4,Unknown,90-109 min,50-499,No
7944,Shine a Light,Shine a Light (2008),2008-02-07,2008,2000s,Feb,2,English,Documentary,2,Martin Scorsese,Mick Jagger,,,,,No,122,7.2,44,No,2.16,Unknown,110-129 min,Under 50,No
13490,Welcome Home Roscoe Jenkins,Welcome Home Roscoe Jenkins (2008),2008-02-08,2008,2000s,Feb,2,English,Comedy,2,Malcolm D. Lee,Martin Lawrence,35000000,43650785,8650785,1.247,Yes,114,5.7,57,Yes,6.25,$10M-40M,110-129 min,50-499,No
8321,In Bruges,In Bruges (2008),2008-02-08,2008,2000s,Feb,2,English,Comedy,3,Martin McDonagh,Colin Farrell,15000000,34533783,19533783,2.302,Yes,107,7.4,1388,Yes,25.33,$10M-40M,90-109 min,"500-1,999",No
8390,"Definitely, Maybe","Definitely, Maybe (2008)",2008-02-08,2008,2000s,Feb,2,English,Comedy,2,Adam Brooks,Ryan Reynolds,,55447968,,,No,112,6.7,620,Yes,29.17,Unknown,110-129 min,"500-1,999",No
8247,Jumper,Jumper (2008),2008-02-10,2008,2000s,Feb,2,English,Adventure,3,Doug Liman,Hayden Christensen,85000000,222231186,137231186,2.614,Yes,88,5.9,1799,Yes,21.22,$40M-100M,Under 90 min,"500-1,999",No
22600,Gangster's Paradise: Jerusalema,Gangster's Paradise: Jerusalema (2008),2008-02-11,2008,2000s,Feb,2,English,Drama,4,Ralph Ziman,Daniel Buckland,,,,,No,120,6.8,16,No,1.72,Unknown,110-129 min,Under 50,No
8847,Standard Operating Procedure,Standard Operating Procedure (2008),2008-02-12,2008,2000s,Feb,2,English,Documentary,1,Errol Morris,Javal Davis,,,,,No,117,6.6,14,No,0.89,Unknown,110-129 min,Under 50,No
8204,The Spiderwick Chronicles,The Spiderwick Chronicles (2008),2008-02-14,2008,2000s,Feb,2,English,Adventure,3,Mark Waters,Freddie Highmore,90000000,162839667,72839667,1.809,Yes,95,6.3,572,Yes,21.44,$40M-100M,90-109 min,"500-1,999",No
8328,Step Up 2: The Streets,Step Up 2: The Streets (2008),2008-02-14,2008,2000s,Feb,2,English,Music,3,Jon M. Chu,Briana Evigan,23000000,150816700,127816700,6.557,Yes,98,6.5,640,Yes,28.97,$10M-40M,90-109 min,"500-1,999",No
57612,Dolphins and Whales: Tribes of the Ocean,Dolphins and Whales: Tribes of the Ocean (2008),2008-02-15,2008,2000s,Feb,2,English,Documentary,1,Jean-Jacques Mantello,Daryl Hannah,6000000,7518876,1518876,1.253,Yes,42,8.0,3,No,0.04,Under $10M,Under 90 min,Under 50,No
9022,All the Boys Love Mandy Lane,All the Boys Love Mandy Lane (2008),2008-02-15,2008,2000s,Feb,2,English,Horror,3,Jonathan Levine,Amber Heard,750000,,,,No,90,5.7,209,Yes,12.28,Under $10M,90-109 min,50-499,No
8681,Taken,Taken (2008),2008-02-18,2008,2000s,Feb,2,English,Action,2,Pierre Morel,Liam Neeson,25000000,226830568,201830568,9.073,Yes,93,7.2,4369,Yes,80.88,$10M-40M,90-109 min,"2,000-4,999",No
8669,Charlie Bartlett,Charlie Bartlett (2008),2008-02-22,2008,2000s,Feb,2,English,Comedy,2,Jon Poll,Anton Yelchin,12000000,,,,No,97,6.5,225,Yes,9.78,$10M-40M,90-109 min,50-499,No
15365,Witless Protection,Witless Protection (2008),2008-02-22,2008,2000s,Feb,2,English,Action,4,Charles Robert Carner,Larry the Cable Guy,,,,,No,97,4.0,26,No,1.82,Unknown,90-109 min,Under 50,No
13260,Semi-Pro,Semi-Pro (2008),2008-02-28,2008,2000s,Feb,2,English,Comedy,1,Kent Alterman,Will Ferrell,,33472850,,,No,91,5.4,251,Yes,10.45,Unknown,90-109 min,50-499,No
12184,The Other Boleyn Girl,The Other Boleyn Girl (2008),2008-02-28,2008,2000s,Feb,2,English,Drama,1,Justin Chadwick,Natalie Portman,35000000,,,,No,115,6.4,477,Yes,22.94,$10M-40M,110-129 min,50-499,No
8848,The Bank Job,The Bank Job (2008),2008-02-28,2008,2000s,Feb,2,English,Thriller,3,Roger Donaldson,Jason Statham,20000000,64822796,44822796,3.241,Yes,112,6.6,697,Yes,30.39,$10M-40M,110-129 min,"500-1,999",No
8456,Never Back Down,Never Back Down (2008),2008-03-04,2008,2000s,Mar,3,English,Drama,2,Jeff Wadlow,Sean Faris,20000000,41627431,21627431,2.081,Yes,115,6.4,497,Yes,26.21,$10M-40M,110-129 min,50-499,No
14054,Snow Angels,Snow Angels (2008),2008-03-07,2008,2000s,Mar,3,English,Drama,2,David Gordon Green,Kate Beckinsale,,414404,,,No,106,6.5,48,No,4.26,Unknown,90-109 min,Under 50,No
7735,The Wave,The Wave (2008),2008-03-11,2008,2000s,Mar,3,Other languages,Drama,2,Dennis Gansel,Jürgen Vogel,7500000,19000000,11500000,2.533,Yes,107,7.5,841,Yes,25.28,Under $10M,90-109 min,"500-1,999",No
13001,Stargate: The Ark of Truth,Stargate: The Ark of Truth (2008),2008-03-11,2008,2000s,Mar,3,English,Adventure,2,Robert C. Cooper,Ben Browder,7000000,8900000,1900000,1.271,Yes,97,6.9,140,Yes,8.59,Under $10M,90-109 min,50-499,No
13460,Doomsday,Doomsday (2008),2008-03-14,2008,2000s,Mar,3,English,Action,3,Neil Marshall,Rhona Mitra,30000000,22211426,-7788574,0.74,Yes,108,5.8,363,Yes,21.54,$10M-40M,90-109 min,50-499,No
10800,Dragon Hunters,Dragon Hunters (2008),2008-03-19,2008,2000s,Mar,3,Other languages,Animation,2,Guillaume Ivernel,Vincent Lindon,15000000,,,,No,80,6.5,129,Yes,8.88,$10M-40M,Under 90 min,50-499,No
8457,Drillbit Taylor,Drillbit Taylor (2008),2008-03-20,2008,2000s,Mar,3,English,Comedy,1,Steven Brill,Owen Wilson,40000000,,,,No,102,5.5,275,Yes,15.06,$40M-100M,90-109 min,50-499,No
32579,Under the Same Moon,Under the Same Moon (2008),2008-03-20,2008,2000s,Mar,3,Other languages,Drama,1,Patricia Riggen,Kate del Castillo,,23311391,,,No,106,7.0,28,No,2.76,Unknown,90-109 min,Under 50,No
10885,Shutter,Shutter (2008),2008-03-21,2008,2000s,Mar,3,English,Horror,3,Masayuki Ochiai,Joshua Jackson,,,,,No,85,5.3,180,Yes,8.86,Unknown,Under 90 min,50-499,No
4942,Leatherheads,Leatherheads (2008),2008-03-24,2008,2000s,Mar,3,English,Comedy,3,George Clooney,George Clooney,58000000,41299492,-16700508,0.712,Yes,114,5.7,130,Yes,7.74,$40M-100M,110-129 min,50-499,No
8883,Flame & Citron,Flame & Citron (2008),2008-03-25,2008,2000s,Mar,3,Other languages,Crime,4,Ole Christian Madsen,Thure Lindhardt,6500000,,,,No,130,6.8,68,Yes,7.03,Under $10M,130-149 min,50-499,No
8065,21,21 (2008),2008-03-27,2008,2000s,Mar,3,English,Drama,2,Robert Luketic,Jim Sturgess,35000000,69823199,34823199,1.995,Yes,123,6.5,1375,Yes,45.15,$10M-40M,110-129 min,"500-1,999",No
11918,Superhero Movie,Superhero Movie (2008),2008-03-27,2008,2000s,Mar,3,English,Action,3,Craig Mazin,Drake Bell,35000000,25871834,-9128166,0.739,Yes,85,4.9,379,Yes,19.09,$10M-40M,Under 90 min,50-499,No
8988,Stop-Loss,Stop-Loss (2008),2008-03-28,2008,2000s,Mar,3,English,Drama,2,Kimberly Peirce,Ryan Phillippe,25000000,11207130,-13792870,0.448,Yes,113,6.1,82,Yes,4.0,$10M-40M,110-129 min,50-499,No
11152,The Ruins,The Ruins (2008),2008-04-02,2008,2000s,Apr,4,English,Drama,2,Carter Smith,Shawn Ashmore,8000000,,,,No,91,5.6,265,Yes,13.72,Under $10M,90-109 min,50-499,No
10488,Nim's Island,Nim's Island (2008),2008-04-03,2008,2000s,Apr,4,English,Adventure,4,Jennifer Flackett,Abigail Breslin,37000000,100076342,63076342,2.705,Yes,96,5.6,330,Yes,14.35,$10M-40M,90-109 min,50-499,No
14538,Three Kingdoms: Resurrection of the Dragon,Three Kingdoms: Resurrection of the Dragon (2008),2008-04-03,2008,2000s,Apr,4,English,Action,3,Daniel Lee,Sammo Hung,,,,,No,102,6.6,35,No,4.13,Unknown,90-109 min,Under 50,No
12400,Redbelt,Redbelt (2008),2008-04-07,2008,2000s,Apr,4,English,Drama,1,David Mamet,Chiwetel Ejiofor,7000000,,,,No,99,6.4,76,Yes,5.09,Under $10M,90-109 min,50-499,No
1266,Street Kings,Street Kings (2008),2008-04-10,2008,2000s,Apr,4,English,Action,4,David Ayer,Keanu Reeves,20000000,65569869,45569869,3.278,Yes,109,6.3,363,Yes,18.67,$10M-40M,90-109 min,50-499,No
8617,Prom Night,Prom Night (2008),2008-04-10,2008,2000s,Apr,4,English,Crime,2,Nelson McCormick,Brittany Snow,,14796236,,,No,88,4.8,167,Yes,9.64,Unknown,Under 90 min,50-499,No
12192,Pathology,Pathology (2008),2008-04-11,2008,2000s,Apr,4,English,Crime,3,Marc Schölermann,Milo Ventimiglia,8000000,,,,No,95,5.6,144,Yes,9.78,Under $10M,90-109 min,50-499,No
9870,Forgetting Sarah Marshall,Forgetting Sarah Marshall (2008),2008-04-17,2008,2000s,Apr,4,English,Comedy,3,Nicholas Stoller,Jason Segel,30000000,105173115,75173115,3.506,Yes,111,6.4,1172,Yes,50.67,$10M-40M,110-129 min,"500-1,999",No
1729,The Forbidden Kingdom,The Forbidden Kingdom (2008),2008-04-18,2008,2000s,Apr,4,English,Action,3,Rob Minkoff,Jackie Chan,55000000,127906624,72906624,2.326,Yes,104,6.3,461,Yes,17.1,$40M-100M,90-109 min,50-499,No
8780,Baby Mama,Baby Mama (2008),2008-04-23,2008,2000s,Apr,4,English,Comedy,1,Michael McCullers,Tina Fey,30000000,63833449,33833449,2.128,Yes,99,5.8,205,Yes,11.41,$10M-40M,90-109 min,50-499,No
29406,Trucker,Trucker (2008),2008-04-24,2008,2000s,Apr,4,English,Drama,1,James Mottern,Michelle Monaghan,2000000,,,,No,90,6.8,16,No,1.2,Under $10M,90-109 min,Under 50,No
13335,Harold & Kumar Escape from Guantanamo Bay,Harold & Kumar Escape from Guantanamo Bay (2008),2008-04-25,2008,2000s,Apr,4,English,Comedy,2,Jon Hurwitz,John Cho,12000000,43493123,31493123,3.624,Yes,107,6.2,497,Yes,26.22,$10M-40M,90-109 min,50-499,No
13191,"War, Inc.","War, Inc. (2008)",2008-04-28,2008,2000s,Apr,4,English,Action,4,Joshua Seftel,John Cusack,5000000,1296184,-3703816,0.259,Yes,106,5.6,86,Yes,6.27,Under $10M,90-109 min,50-499,No
1726,Iron Man,Iron Man (2008),2008-04-30,2008,2000s,Apr,4,English,Action,3,Jon Favreau,Robert Downey Jr.,140000000,585174222,445174222,4.18,Yes,126,7.4,8776,Yes,120.73,$100M+,110-129 min,"5,000+",No
18616,No Man's Land: The Rise of Reeker,No Man's Land: The Rise of Reeker (2008),2008-05-01,2008,2000s,May,5,English,Horror,2,Dave Payne,Stephen Martines,2000000,,,,No,88,4.4,27,No,4.35,Under $10M,Under 90 min,Under 50,No
10761,Made of Honor,Made of Honor (2008),2008-05-02,2008,2000s,May,5,English,Comedy,2,Paul Weiland,Patrick Dempsey,40000000,84601681,44601681,2.115,Yes,101,6.0,394,Yes,19.57,$40M-100M,90-109 min,50-499,No
14574,The Boy in the Striped Pyjamas,The Boy in the Striped Pyjamas (2008),2008-05-07,2008,2000s,May,5,English,War,2,Mark Herman,Asa Butterfield,12500000,20416563,7916563,1.633,Yes,94,7.7,1451,Yes,34.82,$10M-40M,90-109 min,"500-1,999",No
9029,What Happens in Vegas,What Happens in Vegas (2008),2008-05-07,2008,2000s,May,5,Other languages,Comedy,2,Tom Vaughan,Ashton Kutcher,35000000,170000000,135000000,4.857,Yes,99,5.8,923,Yes,38.1,$10M-40M,90-109 min,"500-1,999",No
7459,Speed Racer,Speed Racer (2008),2008-05-09,2008,2000s,May,5,English,Action,3,Lilly Wachowski,Emile Hirsch,120000000,93945766,-26054234,0.783,Yes,135,5.7,354,Yes,17.06,$100M+,130-149 min,50-499,No
12405,Slumdog Millionaire,Slumdog Millionaire (2008),2008-05-12,2008,2000s,May,5,English,Drama,2,Danny Boyle,Dev Patel,15000000,377910544,362910544,25.194,Yes,120,7.6,2827,Yes,59.26,$10M-40M,110-129 min,"2,000-4,999",No
8338,Blindness,Blindness (2008),2008-05-14,2008,2000s,May,5,English,Drama,4,Fernando Meirelles,Julianne Moore,25000000,19844979,-5155021,0.794,Yes,121,6.4,387,Yes,17.6,$10M-40M,110-129 min,50-499,No
2454,The Chronicles of Narnia: Prince Caspian,The Chronicles of Narnia: Prince Caspian (2008),2008-05-15,2008,2000s,May,5,English,Adventure,3,Andrew Adamson,Ben Barnes,225000000,419651413,194651413,1.865,Yes,150,6.3,1630,Yes,53.98,$100M+,150+ min,"500-1,999",No
217,Indiana Jones and the Kingdom of the Crystal Skull,Indiana Jones and the Kingdom of the Crystal Skull (2008),2008-05-21,2008,2000s,May,5,English,Adventure,2,Steven Spielberg,Harrison Ford,185000000,786636033,601636033,4.252,Yes,122,5.7,2495,Yes,75.67,$100M+,110-129 min,"2,000-4,999",No
8942,Wendy and Lucy,Wendy and Lucy (2008),2008-05-22,2008,2000s,May,5,English,Drama,1,Kelly Reichardt,Michelle Williams,200000,,,,No,80,6.4,64,Yes,0.71,Under $10M,Under 90 min,50-499,No
9502,Kung Fu Panda,Kung Fu Panda (2008),2008-06-04,2008,2000s,Jun,6,English,Adventure,4,Mark Osborne,Jack Black,130000000,631744560,501744560,4.86,Yes,90,6.9,3145,Yes,84.69,$100M+,90-109 min,"2,000-4,999",No
10661,You Don't Mess with the Zohan,You Don't Mess with the Zohan (2008),2008-06-05,2008,2000s,Jun,6,English,Comedy,2,Dennis Dugan,Adam Sandler,90000000,201596308,111596308,2.24,Yes,113,5.5,1048,Yes,40.6,$40M-100M,110-129 min,"500-1,999",No
8645,The Happening,The Happening (2008),2008-06-11,2008,2000s,Jun,6,English,Thriller,2,M. Night Shyamalan,Mark Wahlberg,60000000,163403799,103403799,2.723,Yes,91,4.9,950,Yes,20.5,$40M-100M,90-109 min,"500-1,999",No
1724,The Incredible Hulk,The Incredible Hulk (2008),2008-06-12,2008,2000s,Jun,6,English,Science Fiction,3,Louis Leterrier,Edward Norton,150000000,163712074,13712074,1.091,Yes,114,6.1,3021,Yes,62.9,$100M+,110-129 min,"2,000-4,999",No
14156,Impact Point,Impact Point (2008),2008-06-13,2008,2000s,Jun,6,English,Thriller,2,Hayley Cloake,Brian Austin Green,,,,,No,90,5.7,5,No,1.53,Unknown,90-109 min,Under 50,No
27374,Lake Mungo,Lake Mungo (2008),2008-06-17,2008,2000s,Jun,6,English,Horror,2,Joel Anderson,Talia Zucker,,,,,No,84,6.1,90,Yes,4.65,Unknown,Under 90 min,50-499,No
11665,Get Smart,Get Smart (2008),2008-06-19,2008,2000s,Jun,6,English,Action,3,Peter Segal,Steve Carell,80000000,230685453,150685453,2.884,Yes,110,6.0,1051,Yes,23.5,$40M-100M,110-129 min,"500-1,999",No
8909,Wanted,Wanted (2008),2008-06-19,2008,2000s,Jun,6,English,Action,3,Timur Bekmambetov,Angelina Jolie,75000000,258270008,183270008,3.444,Yes,110,6.4,2528,Yes,73.82,$40M-100M,110-129 min,"2,000-4,999",No
12177,The Love Guru,The Love Guru (2008),2008-06-20,2008,2000s,Jun,6,English,Comedy,2,Marco Schnabel,Mike Myers,62000000,41819064,-20180936,0.675,Yes,87,4.3,242,Yes,13.22,$40M-100M,Under 90 min,50-499,No
63287,The Poker House,The Poker House (2008),2008-06-20,2008,2000s,Jun,6,English,Drama,1,Lori Petty,Jennifer Lawrence,,,,,No,93,6.1,47,No,2.95,Unknown,90-109 min,Under 50,No
10681,WALL·E,WALL·E (2008),2008-06-22,2008,2000s,Jun,6,English,Animation,2,Andrew Stanton,Ben Burtt,180000000,521311860,341311860,2.896,Yes,98,7.8,6296,Yes,66.39,$100M+,90-109 min,"5,000+",No
8885,Waltz with Bashir,Waltz with Bashir (2008),2008-06-25,2008,2000s,Jun,6,Other languages,Drama,3,Ari Folman,Ari Folman,2000000,11125849,9125849,5.563,Yes,90,7.8,291,Yes,14.08,Under $10M,90-109 min,50-499,No
1735,The Mummy: Tomb of the Dragon Emperor,The Mummy: Tomb of the Dragon Emperor (2008),2008-07-01,2008,2000s,Jul,7,English,Adventure,3,Rob Cohen,Brendan Fraser,145000000,401128639,256128639,2.766,Yes,112,5.2,1387,Yes,60.03,$100M+,110-129 min,"500-1,999",No
8960,Hancock,Hancock (2008),2008-07-01,2008,2000s,Jul,7,English,Fantasy,2,Peter Berg,Will Smith,150000000,624029371,474029371,4.16,Yes,92,6.2,2961,Yes,56.76,$100M+,90-109 min,"2,000-4,999",No
8359,Kit Kittredge: An American Girl,Kit Kittredge: An American Girl (2008),2008-07-02,2008,2000s,Jul,7,English,Comedy,3,Patricia Rozema,Abigail Breslin,,,,,No,101,6.4,34,No,6.27,Unknown,90-109 min,Under 50,No
11631,Mamma Mia!,Mamma Mia! (2008),2008-07-03,2008,2000s,Jul,7,English,Comedy,2,Phyllida Lloyd,Meryl Streep,52000000,609841637,557841637,11.728,Yes,108,6.4,1386,Yes,30.78,$40M-100M,90-109 min,"500-1,999",No
13405,The Children of Huang Shi,The Children of Huang Shi (2008),2008-07-03,2008,2000s,Jul,7,Other languages,Drama,2,Roger Spottiswoode,Jonathan Rhys Meyers,40000000,7400000,-32600000,0.185,Yes,125,6.5,52,Yes,8.98,$40M-100M,110-129 min,50-499,No
13990,The Wackness,The Wackness (2008),2008-07-03,2008,2000s,Jul,7,English,Drama,1,Jonathan Levine,Ben Kingsley,6000000,2899975,-3100025,0.483,Yes,99,6.2,94,Yes,7.16,Under $10M,90-109 min,50-499,No
15208,Bathory: Countess of Blood,Bathory: Countess of Blood (2008),2008-07-04,2008,2000s,Jul,7,English,Drama,2,Juraj Jakubisko,Anna Friel,,,,,No,141,5.6,31,No,2.5,Unknown,130-149 min,Under 50,No
11260,Meet Dave,Meet Dave (2008),2008-07-08,2008,2000s,Jul,7,English,Comedy,4,Brian Robbins,Eddie Murphy,60000000,50650079,-9349921,0.844,Yes,90,5.0,371,Yes,18.68,$40M-100M,90-109 min,50-499,No
88751,Journey to the Center of the Earth,Journey to the Center of the Earth (2008),2008-07-10,2008,2000s,Jul,7,English,Action,5,Eric Brevig,Brendan Fraser,45000000,101702060,56702060,2.26,Yes,93,5.8,1309,Yes,53.09,$40M-100M,90-109 min,"500-1,999",No
12289,Red Cliff,Red Cliff (2008),2008-07-10,2008,2000s,Jul,7,Other languages,Adventure,3,John Woo,Chang Chen,80341000,127814609,47473609,1.591,Yes,150,7.1,205,Yes,14.84,$40M-100M,150+ min,50-499,No
11253,Hellboy II: The Golden Army,Hellboy II: The Golden Army (2008),2008-07-11,2008,2000s,Jul,7,English,Adventure,3,Guillermo del Toro,Ron Perlman,85000000,160388063,75388063,1.887,Yes,120,6.5,1527,Yes,58.58,$40M-100M,110-129 min,"500-1,999",No
155,The Dark Knight,The Dark Knight (2008),2008-07-16,2008,2000s,Jul,7,English,Drama,4,Christopher Nolan,Christian Bale,185000000,1004558444,819558444,5.43,Yes,152,8.2,12002,Yes,187.32,$100M+,150+ min,"5,000+",No
15067,"The Good, The Bad, The Weird","The Good, The Bad, The Weird (2008)",2008-07-16,2008,2000s,Jul,7,Other languages,Action,4,Kim Jee-woon,Song Kang-ho,10000000,,,,No,130,7.1,193,Yes,11.85,$10M-40M,130-149 min,50-499,No
11802,Space Chimps,Space Chimps (2008),2008-07-17,2008,2000s,Jul,7,English,Animation,2,Kirk De Micco,Andy Samberg,37000000,63800345,26800345,1.724,Yes,81,5.2,99,Yes,6.29,$10M-40M,Under 90 min,50-499,No
14353,Repo! The Genetic Opera,Repo! The Genetic Opera (2008),2008-07-18,2008,2000s,Jul,7,English,Horror,4,Darren Lynn Bousman,Alexa PenaVega,,188126,,,No,98,6.7,100,Yes,5.9,Unknown,90-109 min,50-499,No
13429,Donkey Punch,Donkey Punch (2008),2008-07-18,2008,2000s,Jul,7,English,Horror,4,Olly Blackburn,Nichola Burley,,,,,No,99,4.5,52,Yes,3.28,Unknown,90-109 min,50-499,No
12429,Ponyo,Ponyo (2008),2008-07-19,2008,2000s,Jul,7,Other languages,Animation,2,Hayao Miyazaki,Yuria Nara,41677699,187479518,145801819,4.498,Yes,100,7.5,926,Yes,39.59,$40M-100M,90-109 min,"500-1,999",No
8836,The X Files: I Want to Believe,The X Files: I Want to Believe (2008),2008-07-24,2008,2000s,Jul,7,English,Drama,4,Chris Carter,David Duchovny,30000000,68369434,38369434,2.279,Yes,104,5.5,523,Yes,25.45,$10M-40M,90-109 min,"500-1,999",No
12133,Step Brothers,Step Brothers (2008),2008-07-25,2008,2000s,Jul,7,English,Comedy,1,Adam McKay,Will Ferrell,65000000,128107642,63107642,1.971,Yes,98,6.5,1062,Yes,22.98,$40M-100M,90-109 min,"500-1,999",No
14048,Man on Wire,Man on Wire (2008),2008-07-25,2008,2000s,Jul,7,English,Thriller,4,James Marsh,Philippe Petit,,2957978,,,No,94,7.5,275,Yes,14.33,Unknown,90-109 min,50-499,No
10187,Swing Vote,Swing Vote (2008),2008-08-01,2008,2000s,Aug,8,English,Drama,2,Joshua Michael Stern,Kevin Costner,21000000,17600000,-3400000,0.838,Yes,120,5.8,65,Yes,5.82,$10M-40M,110-129 min,50-499,No
10183,Frozen River,Frozen River (2008),2008-08-01,2008,2000s,Aug,8,English,Drama,1,Courtney Hunt,Melissa Leo,,,,,No,97,6.7,99,Yes,4.81,Unknown,90-109 min,50-499,No
10188,The Sisterhood of the Traveling Pants 2,The Sisterhood of the Traveling Pants 2 (2008),2008-08-06,2008,2000s,Aug,8,English,Adventure,4,Sanaa Hamri,Alexis Bledel,27000000,44352417,17352417,1.643,Yes,117,6.0,238,Yes,11.87,$10M-40M,110-129 min,50-499,No
10189,Pineapple Express,Pineapple Express (2008),2008-08-06,2008,2000s,Aug,8,English,Action,2,David Gordon Green,Seth Rogen,27000000,101624843,74624843,3.764,Yes,111,6.6,1148,Yes,41.83,$10M-40M,110-129 min,"500-1,999",No
13996,Bottle Shock,Bottle Shock (2008),2008-08-06,2008,2000s,Aug,8,English,Comedy,2,Randall Miller,Alan Rickman,5000000,4040588,-959412,0.808,Yes,110,6.6,60,Yes,6.17,Under $10M,110-129 min,50-499,No
10185,The Midnight Meat Train,The Midnight Meat Train (2008),2008-08-07,2008,2000s,Aug,8,English,Mystery,5,Ryûhei Kitamura,Bradley Cooper,15000000,3533227,-11466773,0.236,Yes,98,6.0,290,Yes,19.91,$10M-40M,90-109 min,50-499,No
18516,Adam Resurrected,Adam Resurrected (2008),2008-08-08,2008,2000s,Aug,8,English,Drama,2,Paul Schrader,Jeff Goldblum,10000000,,,,No,106,6.4,22,No,2.57,$10M-40M,90-109 min,Under 50,No
7446,Tropic Thunder,Tropic Thunder (2008),2008-08-09,2008,2000s,Aug,8,English,Action,2,Ben Stiller,Ben Stiller,92000000,188072649,96072649,2.044,Yes,107,6.5,1667,Yes,43.19,$40M-100M,90-109 min,"500-1,999",No
13515,Mirrors,Mirrors (2008),2008-08-15,2008,2000s,Aug,8,English,Horror,3,Alexandre Aja,Kiefer Sutherland,35000000,72436439,37436439,2.07,Yes,110,6.0,485,Yes,19.77,$10M-40M,110-129 min,50-499,No
5038,Vicky Cristina Barcelona,Vicky Cristina Barcelona (2008),2008-08-15,2008,2000s,Aug,8,English,Drama,2,Woody Allen,Scarlett Johansson,15000000,96408652,81408652,6.427,Yes,96,6.7,1020,Yes,32.76,$10M-40M,90-109 min,"500-1,999",No
9381,Babylon A.D.,Babylon A.D. (2008),2008-08-20,2008,2000s,Aug,8,English,Action,4,Mathieu Kassovitz,Vin Diesel,70000000,72108608,2108608,1.03,Yes,101,5.4,676,Yes,27.57,$40M-100M,90-109 min,"500-1,999",No
10186,The Rocker,The Rocker (2008),2008-08-20,2008,2000s,Aug,8,English,Comedy,2,Peter Cattaneo,Rainn Wilson,15000000,8762890,-6237110,0.584,Yes,102,5.6,156,Yes,13.83,$10M-40M,90-109 min,50-499,No
13184,Bangkok Dangerous,Bangkok Dangerous (2008),2008-08-21,2008,2000s,Aug,8,English,Action,3,Danny Pang,Nicolas Cage,45000000,42487390,-2512610,0.944,Yes,99,5.0,332,Yes,14.81,$40M-100M,90-109 min,50-499,No
10483,Death Race,Death Race (2008),2008-08-22,2008,2000s,Aug,8,English,Action,3,Paul W.S. Anderson,Jason Statham,45000000,73762516,28762516,1.639,Yes,105,6.0,1175,Yes,42.58,$40M-100M,90-109 min,"500-1,999",No
12620,The House Bunny,The House Bunny (2008),2008-08-22,2008,2000s,Aug,8,English,Romance,2,Fred Wolf,Anna Faris,25000000,70442940,45442940,2.818,Yes,97,5.6,529,Yes,25.84,$10M-40M,90-109 min,"500-1,999",No
13579,The Longshots,The Longshots (2008),2008-08-22,2008,2000s,Aug,8,English,Drama,2,Fred Durst,Ice Cube,,,,,No,94,6.5,11,No,4.03,Unknown,90-109 min,Under 50,No
13991,College,College (2008),2008-08-28,2008,2000s,Aug,8,English,Comedy,1,Deb Hagan,Drake Bell,7000000,6230276,-769724,0.89,Yes,94,4.8,48,No,7.03,Under $10M,90-109 min,Under 50,No
13805,Disaster Movie,Disaster Movie (2008),2008-08-29,2008,2000s,Aug,8,English,Action,2,Jason Friedberg,Matt Lanter,25000000,14109284,-10890716,0.564,Yes,87,3.0,240,Yes,16.24,$10M-40M,Under 90 min,50-499,No
13809,RockNRolla,RockNRolla (2008),2008-09-04,2008,2000s,Sep,9,English,Action,3,Guy Ritchie,Mark Strong,18000000,25739015,7739015,1.43,Yes,114,6.9,836,Yes,31.89,$10M-40M,110-129 min,"500-1,999",No
4944,Burn After Reading,Burn After Reading (2008),2008-09-05,2008,2000s,Sep,9,English,Comedy,2,Joel Coen,George Clooney,37000000,163720069,126720069,4.425,Yes,96,6.5,1222,Yes,31.94,$10M-40M,90-109 min,"500-1,999",No
12783,The Duchess,The Duchess (2008),2008-09-05,2008,2000s,Sep,9,English,Drama,3,Saul Dibb,Keira Knightley,,,,,No,110,6.7,396,Yes,18.59,Unknown,110-129 min,50-499,No
13827,"Surfer, Dude","Surfer, Dude (2008)",2008-09-05,2008,2000s,Sep,9,English,Comedy,1,S.R. Bindler,Matthew McConaughey,6000000,69497,-5930503,0.012,Yes,85,4.7,25,No,2.4,Under $10M,Under 90 min,Under 50,No
14914,Flash of Genius,Flash of Genius (2008),2008-09-07,2008,2000s,Sep,9,English,Drama,1,Marc Abraham,Aaron Abrams,,,,,No,119,6.3,59,Yes,3.35,Unknown,110-129 min,50-499,No
12163,The Wrestler,The Wrestler (2008),2008-09-07,2008,2000s,Sep,9,English,Drama,2,Darren Aronofsky,Mickey Rourke,6000000,44703995,38703995,7.451,Yes,109,7.3,1000,Yes,40.2,Under $10M,90-109 min,"500-1,999",No
18570,"Food, Inc.","Food, Inc. (2008)",2008-09-07,2008,2000s,Sep,9,English,Documentary,1,Robert Kenner,Michael Pollan,,,,,No,94,7.4,217,Yes,15.02,Unknown,90-109 min,50-499,No
13150,Pride and Glory,Pride and Glory (2008),2008-09-09,2008,2000s,Sep,9,English,Thriller,3,Gavin O'Connor,Edward Norton,30000000,31148328,1148328,1.038,Yes,130,6.3,240,Yes,10.7,$10M-40M,130-149 min,50-499,No
21755,The Brothers Bloom,The Brothers Bloom (2008),2008-09-09,2008,2000s,Sep,9,English,Adventure,4,Rian Johnson,Rachel Weisz,20000000,5530764,-14469236,0.277,Yes,114,6.8,203,Yes,10.22,$10M-40M,110-129 min,50-499,No
17622,Fifty Dead Men Walking,Fifty Dead Men Walking (2008),2008-09-10,2008,2000s,Sep,9,English,Action,2,Kari Skogland,Ben Kingsley,,,,,No,117,6.1,35,No,4.48,Unknown,110-129 min,Under 50,No
13389,Righteous Kill,Righteous Kill (2008),2008-09-11,2008,2000s,Sep,9,English,Action,4,Jon Avnet,Robert De Niro,60000000,73174566,13174566,1.22,Yes,101,5.9,375,Yes,18.38,$40M-100M,90-109 min,50-499,No
12690,Appaloosa,Appaloosa (2008),2008-09-12,2008,2000s,Sep,9,English,Drama,3,Ed Harris,Viggo Mortensen,20000000,20211394,211394,1.011,Yes,115,6.3,299,Yes,16.07,$10M-40M,110-129 min,50-499,No
13972,The Women,The Women (2008),2008-09-12,2008,2000s,Sep,9,English,Comedy,3,Diane English,Cloris Leachman,16000000,50007546,34007546,3.125,Yes,114,4.6,96,Yes,8.83,$10M-40M,110-129 min,50-499,No
13510,Eden Lake,Eden Lake (2008),2008-09-12,2008,2000s,Sep,9,English,Horror,2,James Watkins,Kelly Reilly,,3983997,,,No,91,6.7,406,Yes,20.36,Unknown,90-109 min,50-499,No
12412,Miracle at St. Anna,Miracle at St. Anna (2008),2008-09-15,2008,2000s,Sep,9,English,Drama,2,Spike Lee,Derek Luke,45000000,9323833,-35676167,0.207,Yes,160,6.3,90,Yes,11.39,$40M-100M,150+ min,50-499,No
12837,The Secret Life of Bees,The Secret Life of Bees (2008),2008-09-17,2008,2000s,Sep,9,English,Adventure,1,Gina Prince-Bythewood,Dakota Fanning,11000000,38105395,27105395,3.464,Yes,114,7.4,158,Yes,7.65,$10M-40M,110-129 min,50-499,No
10358,Zack and Miri Make a Porno,Zack and Miri Make a Porno (2008),2008-09-18,2008,2000s,Sep,9,English,Comedy,1,Kevin Smith,Seth Rogen,24000000,42105111,18105111,1.754,Yes,102,6.1,721,Yes,27.33,$10M-40M,90-109 min,"500-1,999",No
13279,Lakeview Terrace,Lakeview Terrace (2008),2008-09-19,2008,2000s,Sep,9,English,Drama,3,Neil LaBute,Samuel L. Jackson,20000000,27640028,7640028,1.382,Yes,110,5.9,292,Yes,20.5,$10M-40M,110-129 min,50-499,No
13596,My Best Friend's Girl,My Best Friend's Girl (2008),2008-09-19,2008,2000s,Sep,9,English,Romance,2,Howard Deutch,Dane Cook,20000000,36620508,16620508,1.831,Yes,101,5.4,220,Yes,17.15,$10M-40M,90-109 min,50-499,No
12797,Ghost Town,Ghost Town (2008),2008-09-19,2008,2000s,Sep,9,English,Comedy,3,David Koepp,Ricky Gervais,,,,,No,102,6.4,286,Yes,17.99,Unknown,90-109 min,50-499,No
6968,The Baader Meinhof Complex,The Baader Meinhof Complex (2008),2008-09-24,2008,2000s,Sep,9,Other languages,Action,5,Uli Edel,Martina Gedeck,27000000,,,,No,150,7.1,157,Yes,7.73,$10M-40M,150+ min,50-499,No
8841,The Class,The Class (2008),2008-09-24,2008,2000s,Sep,9,Other languages,Drama,1,Laurent Cantet,François Bégaudeau,,28814580,,,No,128,6.8,174,Yes,13.44,Unknown,110-129 min,50-499,No
13027,Eagle Eye,Eagle Eye (2008),2008-09-25,2008,2000s,Sep,9,English,Mystery,3,D.J. Caruso,Shia LaBeouf,80000000,178066569,98066569,2.226,Yes,118,6.3,1018,Yes,46.89,$40M-100M,110-129 min,"500-1,999",No
16005,The Lucky Ones,The Lucky Ones (2008),2008-09-26,2008,2000s,Sep,9,English,Comedy,3,Neil Burger,Tim Robbins,,,,,No,113,6.3,55,Yes,8.75,Unknown,110-129 min,50-499,No
13973,Choke,Choke (2008),2008-09-26,2008,2000s,Sep,9,English,Comedy,2,Clark Gregg,Sam Rockwell,3000000,3830137,830137,1.277,Yes,92,6.0,127,Yes,11.64,Under $10M,90-109 min,50-499,No
16016,Journey to Saturn,Journey to Saturn (2008),2008-09-26,2008,2000s,Sep,9,English,Action,5,Kresten Vestbjerg Andersen,Casper Christensen,,,,,No,90,4.9,10,No,1.78,Unknown,90-109 min,Under 50,No
14438,Fireproof,Fireproof (2008),2008-09-26,2008,2000s,Sep,9,English,Drama,1,Alex Kendrick,Kirk Cameron,500000,33456317,32956317,66.913,Yes,122,7.0,100,Yes,6.09,Under $10M,110-129 min,50-499,No
20055,The Betrayed,The Betrayed (2008),2008-09-27,2008,2000s,Sep,9,English,Crime,4,Amanda Gusack,Melissa George,3500000,,,,No,98,5.2,10,No,1.35,Under $10M,90-109 min,Under 50,No
13007,Religulous,Religulous (2008),2008-10-01,2008,2000s,Oct,10,English,Comedy,2,Larry Charles,Bill Maher,,,,,No,101,7.2,197,Yes,9.77,Unknown,90-109 min,50-499,No
13092,How to Lose Friends & Alienate People,How to Lose Friends & Alienate People (2008),2008-10-02,2008,2000s,Oct,10,English,Comedy,3,Robert B. Weide,Kelan Pannell,27000000,17286299,-9713701,0.64,Yes,110,6.2,244,Yes,16.79,$10M-40M,110-129 min,50-499,No
14405,Beverly Hills Chihuahua,Beverly Hills Chihuahua (2008),2008-10-03,2008,2000s,Oct,10,English,Adventure,3,Raja Gosnell,Drew Barrymore,20000000,149281606,129281606,7.464,Yes,91,4.9,209,Yes,12.25,$10M-40M,90-109 min,50-499,No
13948,An American Carol,An American Carol (2008),2008-10-03,2008,2000s,Oct,10,English,Comedy,2,David Zucker,Kevin Farley,20000000,7000000,-13000000,0.35,Yes,83,4.1,20,No,2.61,$10M-40M,Under 90 min,Under 50,No
14976,Rachel Getting Married,Rachel Getting Married (2008),2008-10-03,2008,2000s,Oct,10,English,Drama,1,Jonathan Demme,Anne Hathaway,,,,,No,113,6.1,163,Yes,14.35,Unknown,110-129 min,50-499,No
12182,Nick and Norah's Infinite Playlist,Nick and Norah's Infinite Playlist (2008),2008-10-03,2008,2000s,Oct,10,English,Comedy,3,Peter Sollett,Michael Cera,9000000,32973937,23973937,3.664,Yes,89,6.4,379,Yes,20.45,Under $10M,Under 90 min,50-499,No
14758,Good Dick,Good Dick (2008),2008-10-03,2008,2000s,Oct,10,English,Comedy,3,Marianna Palka,Marianna Palka,,,,,No,86,6.1,34,No,1.95,Unknown,Under 90 min,Under 50,No
13600,City of Ember,City of Ember (2008),2008-10-07,2008,2000s,Oct,10,English,Adventure,3,Gil Kenan,Saoirse Ronan,55000000,17869048,-37130952,0.325,Yes,90,6.2,605,Yes,23.47,$40M-100M,90-109 min,"500-1,999",No
18533,Bronson,Bronson (2008),2008-10-09,2008,2000s,Oct,10,English,Drama,3,Nicolas Winding Refn,Tom Hardy,230000,2260712,2030712,9.829,Yes,92,6.9,733,Yes,18.45,Under $10M,90-109 min,"500-1,999",No
12113,Body of Lies,Body of Lies (2008),2008-10-10,2008,2000s,Oct,10,English,Action,3,Ridley Scott,Leonardo DiCaprio,70000000,113280098,43280098,1.618,Yes,128,6.5,895,Yes,37.51,$40M-100M,110-129 min,"500-1,999",No
14325,The Express,The Express (2008),2008-10-10,2008,2000s,Oct,10,English,Drama,1,Gary Fleder,Rob Brown,40000000,9793496,-30206504,0.245,Yes,130,7.1,71,Yes,3.88,$40M-100M,130-149 min,50-499,No
12162,The Hurt Locker,The Hurt Locker (2008),2008-10-10,2008,2000s,Oct,10,English,Drama,3,Kathryn Bigelow,Jeremy Renner,15000000,42000000,27000000,2.8,Yes,131,7.2,1840,Yes,47.01,$10M-40M,130-149 min,"500-1,999",No
13812,Quarantine,Quarantine (2008),2008-10-10,2008,2000s,Oct,10,English,Horror,3,John Erick Dowdle,Jennifer Carpenter,12000000,40855419,28855419,3.405,Yes,89,5.5,339,Yes,8.08,$10M-40M,Under 90 min,50-499,No
287815,Call + Response,Call + Response (2008),2008-10-10,2008,2000s,Oct,10,English,Documentary,1,Justin Dillon,Unknown,,,,,No,86,8.0,1,No,0.06,Unknown,Under 90 min,Under 50,No
13051,Max Payne,Max Payne (2008),2008-10-15,2008,2000s,Oct,10,English,Action,1,John Moore,Mark Wahlberg,35000000,85416905,50416905,2.44,Yes,100,5.2,613,Yes,25.9,$10M-40M,90-109 min,"500-1,999",No
11499,Frost/Nixon,Frost/Nixon (2008),2008-10-15,2008,2000s,Oct,10,English,Drama,2,Ron Howard,Michael Sheen,,,,,No,122,7.2,328,Yes,16.88,Unknown,110-129 min,50-499,No
13523,Sex Drive,Sex Drive (2008),2008-10-16,2008,2000s,Oct,10,English,Comedy,3,Sean Anders,Josh Zuckerman,19000000,18755936,-244064,0.987,Yes,109,6.0,342,Yes,17.95,$10M-40M,90-109 min,50-499,No
22007,Train,Train (2008),2008-10-16,2008,2000s,Oct,10,English,Horror,2,Gideon Raff,Thora Birch,,,,,No,94,4.8,36,No,3.28,Unknown,90-109 min,Under 50,No
8944,What Just Happened,What Just Happened (2008),2008-10-17,2008,2000s,Oct,10,English,Comedy,2,Barry Levinson,Bruce Willis,25000000,6673422,-18326578,0.267,Yes,104,5.2,127,Yes,8.32,$10M-40M,90-109 min,50-499,No
10523,W.,W. (2008),2008-10-17,2008,2000s,Oct,10,English,Drama,2,Oliver Stone,Josh Brolin,25100000,29506464,4406464,1.176,Yes,131,6.1,143,Yes,10.45,$10M-40M,130-149 min,50-499,No
14582,Passchendaele,Passchendaele (2008),2008-10-17,2008,2000s,Oct,10,English,Drama,4,Paul Gross,Paul Gross,,,,,No,114,6.3,26,No,2.41,Unknown,110-129 min,Under 50,No
60463,Sunday School Musical,Sunday School Musical (2008),2008-10-21,2008,2000s,Oct,10,English,Music,1,Rachel Goldenberg,Chris Chatman,,,,,No,93,5.5,4,No,0.46,Unknown,90-109 min,Under 50,No
11887,High School Musical 3: Senior Year,High School Musical 3: Senior Year (2008),2008-10-22,2008,2000s,Oct,10,English,Comedy,5,Kenny Ortega,Zac Efron,,,,,No,116,6.2,821,Yes,21.8,Unknown,110-129 min,"500-1,999",No
11917,Saw V,Saw V (2008),2008-10-23,2008,2000s,Oct,10,English,Horror,3,David Hackl,Tobin Bell,10800000,113857533,103057533,10.542,Yes,92,5.9,820,Yes,32.94,$10M-40M,90-109 min,"500-1,999",No
4960,"Synecdoche, New York","Synecdoche, New York (2008)",2008-10-24,2008,2000s,Oct,10,English,Drama,1,Charlie Kaufman,Philip Seymour Hoffman,21000000,,,,No,124,7.4,278,Yes,12.76,$10M-40M,110-129 min,50-499,No
20653,Roadside Romeo,Roadside Romeo (2008),2008-10-24,2008,2000s,Oct,10,English,Animation,3,Unknown,Saif Ali Khan,7000000,1100000,-5900000,0.157,Yes,93,6.7,3,No,0.25,Under $10M,90-109 min,Under 50,No
17334,The Other End of the Line,The Other End of the Line (2008),2008-10-29,2008,2000s,Oct,10,English,Comedy,2,James Dodson,Jesse Metcalfe,14000000,,,,No,106,6.1,50,Yes,3.39,$10M-40M,90-109 min,50-499,No
10764,Quantum of Solace,Quantum of Solace (2008),2008-10-30,2008,2000s,Oct,10,English,Adventure,4,Marc Forster,Daniel Craig,200000000,586090727,386090727,2.93,Yes,106,6.1,2965,Yes,107.93,$100M+,90-109 min,"2,000-4,999",No
10527,Madagascar: Escape 2 Africa,Madagascar: Escape 2 Africa (2008),2008-10-30,2008,2000s,Oct,10,English,Family,2,Eric Darnell,Ben Stiller,150000000,603900354,453900354,4.026,Yes,89,6.2,1810,Yes,44.14,$100M+,Under 90 min,"500-1,999",No
14745,The Haunting of Molly Hartley,The Haunting of Molly Hartley (2008),2008-10-31,2008,2000s,Oct,10,English,Drama,2,Mickey Liddell,Haley Bennett,,,,,No,82,4.3,48,No,8.31,Unknown,Under 90 min,Under 50,No
17436,The Informers,The Informers (2008),2008-11-05,2008,2000s,Nov,11,English,Drama,1,Gregor Jordan,Billy Bob Thornton,18000000,382174,-17617826,0.021,Yes,98,4.4,60,Yes,6.33,$10M-40M,90-109 min,50-499,No
14655,Soul Men,Soul Men (2008),2008-11-07,2008,2000s,Nov,11,English,Comedy,2,Malcolm D. Lee,Samuel L. Jackson,,,,,No,103,6.3,47,No,5.48,Unknown,90-109 min,Under 50,No
13518,Fuel,Fuel (2008),2008-11-14,2008,2000s,Nov,11,English,Documentary,2,Joshua Tickell,Joshua Tickell,,,,,No,90,7.0,3,No,0.2,Unknown,90-109 min,Under 50,No
16564,Winter in Wartime,Winter in Wartime (2008),2008-11-17,2008,2000s,Nov,11,Other languages,Drama,3,Martin Koolhoven,Martijn Lakemeier,4000000,530048,-3469952,0.133,Yes,103,6.8,66,Yes,5.01,Under $10M,90-109 min,50-499,No
6972,Australia,Australia (2008),2008-11-18,2008,2000s,Nov,11,English,Drama,1,Baz Luhrmann,Nicole Kidman,130000000,49554002,-80445998,0.381,Yes,165,6.3,694,Yes,28.84,$100M+,150+ min,"500-1,999",No
10362,Two Lovers,Two Lovers (2008),2008-11-19,2008,2000s,Nov,11,English,Drama,2,James Gray,Joaquin Phoenix,12000000,3148182,-8851818,0.262,Yes,110,6.6,154,Yes,8.29,$10M-40M,110-129 min,50-499,No
8966,Twilight,Twilight (2008),2008-11-20,2008,2000s,Nov,11,English,Adventure,4,Catherine Hardwicke,Kristen Stewart,37000000,392616625,355616625,10.611,Yes,122,5.8,3561,Yes,127.08,$10M-40M,110-129 min,"2,000-4,999",No
13053,Bolt,Bolt (2008),2008-11-21,2008,2000s,Nov,11,English,Animation,4,Chris Williams,John Travolta,150000000,309979994,159979994,2.067,Yes,98,6.3,1750,Yes,41.85,$100M+,90-109 min,"500-1,999",No
4922,The Curious Case of Benjamin Button,The Curious Case of Benjamin Button (2008),2008-11-24,2008,2000s,Nov,11,English,Fantasy,5,David Fincher,Cate Blanchett,150000000,333932083,183932083,2.226,Yes,166,7.3,3292,Yes,60.27,$100M+,150+ min,"2,000-4,999",No
12193,Four Christmases,Four Christmases (2008),2008-11-26,2008,2000s,Nov,11,English,Comedy,3,Seth Gordon,Vince Vaughn,80000000,163733697,83733697,2.047,Yes,88,5.3,331,Yes,19.5,$40M-100M,Under 90 min,50-499,No
10139,Milk,Milk (2008),2008-11-26,2008,2000s,Nov,11,English,History,2,Gus Van Sant,Sean Penn,20000000,54586584,34586584,2.729,Yes,128,7.1,612,Yes,30.91,$10M-40M,110-129 min,"500-1,999",No
14359,Doubt,Doubt (2008),2008-11-27,2008,2000s,Nov,11,English,Drama,2,John Patrick Shanley,Meryl Streep,20000000,50907234,30907234,2.545,Yes,104,7.0,435,Yes,20.98,$10M-40M,90-109 min,50-499,No
16353,Ong Bak 2,Ong Bak 2 (2008),2008-12-04,2008,2000s,Dec,12,Other languages,Adventure,3,Tony Jaa,Tony Jaa,8500000,8936663,436663,1.051,Yes,98,6.0,152,Yes,9.03,Under $10M,90-109 min,50-499,No
13056,Punisher: War Zone,Punisher: War Zone (2008),2008-12-05,2008,2000s,Dec,12,English,Action,2,Lexi Alexander,Ray Stevenson,20500000,10089373,-10410627,0.492,Yes,102,5.6,294,Yes,17.11,$10M-40M,90-109 min,50-499,No
14299,Cadillac Records,Cadillac Records (2008),2008-12-05,2008,2000s,Dec,12,English,Drama,3,Darnell Martin,Adrien Brody,12000000,,,,No,109,6.9,86,Yes,13.43,$10M-40M,90-109 min,50-499,No
15544,Extreme Movie,Extreme Movie (2008),2008-12-05,2008,2000s,Dec,12,English,Comedy,1,Adam Jay Epstein,Patrick J. Adams,,,,,No,88,3.9,44,No,8.15,Unknown,Under 90 min,Under 50,No
10201,Yes Man,Yes Man (2008),2008-12-09,2008,2000s,Dec,12,English,Comedy,1,Peyton Reed,Jim Carrey,70000000,225990978,155990978,3.228,Yes,104,6.4,1813,Yes,43.85,$40M-100M,90-109 min,"500-1,999",No
13223,Gran Torino,Gran Torino (2008),2008-12-09,2008,2000s,Dec,12,English,Drama,1,Clint Eastwood,Clint Eastwood,33000000,269958228,236958228,8.181,Yes,116,7.8,3086,Yes,50.75,$10M-40M,110-129 min,"2,000-4,999",No
10200,The Day the Earth Stood Still,The Day the Earth Stood Still (2008),2008-12-10,2008,2000s,Dec,12,English,Drama,3,Scott Derrickson,Keanu Reeves,80000000,233093859,153093859,2.914,Yes,104,5.2,1043,Yes,41.89,$40M-100M,90-109 min,"500-1,999",No
8055,The Reader,The Reader (2008),2008-12-10,2008,2000s,Dec,12,English,Drama,2,Stephen Daldry,Kate Winslet,32000000,113019290,81019290,3.532,Yes,124,7.2,813,Yes,33.92,$10M-40M,110-129 min,"500-1,999",No
20764,Sleep Dealer,Sleep Dealer (2008),2008-12-10,2008,2000s,Dec,12,English,Drama,3,Alex Rivera,Leonor Varela,2500000,107559,-2392441,0.043,Yes,90,6.0,40,No,4.62,Under $10M,90-109 min,Under 50,No
2309,Inkheart,Inkheart (2008),2008-12-11,2008,2000s,Dec,12,English,Adventure,3,Iain Softley,Brendan Fraser,60000000,57490374,-2509626,0.958,Yes,106,6.0,592,Yes,27.02,$40M-100M,90-109 min,"500-1,999",No
12410,Good,Good (2008),2008-12-11,2008,2000s,Dec,12,English,Drama,1,Vicente Amorim,Viggo Mortensen,,,,,No,96,6.3,29,No,2.4,Unknown,90-109 min,Under 50,No
20542,Delgo,Delgo (2008),2008-12-12,2008,2000s,Dec,12,English,Adventure,6,Marc F. Adler,Freddie Prinze Jr.,40000000,,,,No,94,5.4,15,No,4.24,$40M-100M,90-109 min,Under 50,No
22556,The Yellow Handkerchief,The Yellow Handkerchief (2008),2008-12-17,2008,2000s,Dec,12,English,Drama,2,Udayan Prasad,William Hurt,15000000,317000,-14683000,0.021,Yes,102,6.4,52,Yes,3.8,$10M-40M,90-109 min,50-499,No
11321,Seven Pounds,Seven Pounds (2008),2008-12-18,2008,2000s,Dec,12,English,Drama,1,Gabriele Muccino,Will Smith,55000000,168167691,113167691,3.058,Yes,123,7.5,2039,Yes,41.47,$40M-100M,110-129 min,"2,000-4,999",No
16911,The Inhabited Island,The Inhabited Island (2008),2008-12-18,2008,2000s,Dec,12,Other languages,Action,4,Fyodor Bondarchuk,Vasily Stepanov,36500000,21834845,-14665155,0.598,Yes,115,5.3,23,No,2.79,$10M-40M,110-129 min,Under 50,No
10199,The Tale of Despereaux,The Tale of Despereaux (2008),2008-12-19,2008,2000s,Dec,12,English,Adventure,3,Robert Stevenhagen,Matthew Broderick,60000000,50877145,-9122855,0.848,Yes,93,5.8,258,Yes,16.49,$40M-100M,90-109 min,50-499,No
4148,Revolutionary Road,Revolutionary Road (2008),2008-12-19,2008,2000s,Dec,12,English,Drama,2,Sam Mendes,Leonardo DiCaprio,35000000,75225693,40225693,2.149,Yes,119,6.7,796,Yes,20.36,$10M-40M,110-129 min,"500-1,999",No
10202,Bedtime Stories,Bedtime Stories (2008),2008-12-24,2008,2000s,Dec,12,English,Fantasy,4,Adam Shankman,Adam Sandler,80000000,212874442,132874442,2.661,Yes,99,5.9,901,Yes,23.53,$40M-100M,90-109 min,"500-1,999",No
39055,Free Style,Free Style (2008),2008-12-24,2008,2000s,Dec,12,English,Drama,2,William Dear,Corbin Bleu,,140987,,,No,94,5.8,4,No,0.12,Unknown,90-109 min,Under 50,No
2253,Valkyrie,Valkyrie (2008),2008-12-25,2008,2000s,Dec,12,English,Drama,4,Bryan Singer,Tom Cruise,75000000,200276000,125276000,2.67,Yes,121,6.7,1173,Yes,38.83,$40M-100M,110-129 min,"500-1,999",No
14306,Marley & Me,Marley & Me (2008),2008-12-25,2008,2000s,Dec,12,English,Comedy,2,David Frankel,Owen Wilson,60000000,244082376,184082376,4.068,Yes,115,6.9,1343,Yes,30.95,$40M-100M,110-129 min,"500-1,999",No
8285,The Spirit,The Spirit (2008),2008-12-25,2008,2000s,Dec,12,English,Action,5,Frank Miller,Gabriel Macht,60000000,39031337,-20968663,0.651,Yes,103,4.7,320,Yes,14.85,$40M-100M,90-109 min,50-499,No
28665,Fame,Fame (2009),2009-01-01,2009,2000s,Jan,1,English,Music,4,Kevin Tancharoen,Kay Panabaker,,,,,No,107,5.5,135,Yes,7.67,Unknown,90-109 min,50-499,No
19615,Flying By,Flying By (2009),2009-01-01,2009,2000s,Jan,1,English,Drama,1,Unknown,Billy Ray Cyrus,,,,,No,95,7.0,2,No,1.55,Unknown,90-109 min,Under 50,No
26673,Frat Party,Frat Party (2009),2009-01-01,2009,2000s,Jan,1,English,Comedy,2,Robert Bennett,Randy Wayne,,,,,No,84,3.5,4,No,0.78,Unknown,Under 90 min,Under 50,No
34592,ZMD: Zombies of Mass Destruction,ZMD: Zombies of Mass Destruction (2009),2009-01-01,2009,2000s,Jan,1,English,Horror,1,Kevin Hamedani,Janette Armand,,,,,No,92,4.7,31,No,1.56,Unknown,90-109 min,Under 50,No
52032,My Dog Tulip,My Dog Tulip (2009),2009-01-01,2009,2000s,Jan,1,English,Animation,3,Paul Fierlinger,Christopher Plummer,,246574,,,No,83,7.6,9,No,1.17,Unknown,Under 90 min,Under 50,No
19901,Daybreakers,Daybreakers (2009),2009-01-06,2009,2000s,Jan,1,English,Fantasy,5,Michael Spierig,Ethan Hawke,20000000,51416464,31416464,2.571,Yes,98,6.0,634,Yes,28.02,$10M-40M,90-109 min,"500-1,999",No
10521,Bride Wars,Bride Wars (2009),2009-01-09,2009,2000s,Jan,1,English,Comedy,1,Gary Winick,Anne Hathaway,30000000,114663461,84663461,3.822,Yes,89,5.9,856,Yes,33.39,$10M-40M,Under 90 min,"500-1,999",No
13788,The Unborn,The Unborn (2009),2009-01-09,2009,2000s,Jan,1,English,Horror,3,David S. Goyer,Odette Annable,16000000,76514050,60514050,4.782,Yes,87,4.8,365,Yes,15.79,$10M-40M,Under 90 min,50-499,No
14834,Not Easily Broken,Not Easily Broken (2009),2009-01-09,2009,2000s,Jan,1,English,Drama,2,Bill Duke,Morris Chestnut,,,,,No,99,6.3,9,No,5.13,Unknown,90-109 min,Under 50,No
14451,Dead Snow,Dead Snow (2009),2009-01-09,2009,2000s,Jan,1,Other languages,Horror,2,Tommy Wirkola,Charlotte Frogner,800000,1984662,1184662,2.481,Yes,91,6.1,311,Yes,11.21,Under $10M,90-109 min,50-499,No
14560,Paul Blart: Mall Cop,Paul Blart: Mall Cop (2009),2009-01-15,2009,2000s,Jan,1,English,Action,4,Steve Carr,Kevin James,26000000,183293131,157293131,7.05,Yes,91,5.2,788,Yes,31.25,$10M-40M,90-109 min,"500-1,999",No
79587,Four Single Fathers,Four Single Fathers (2009),2009-01-15,2009,2000s,Jan,1,English,Drama,2,Paolo Monico,Alessandro Gassman,,,,,No,100,,0,No,0.01,Unknown,90-109 min,Under 50,No
15189,Hotel for Dogs,Hotel for Dogs (2009),2009-01-16,2009,2000s,Jan,1,English,Comedy,2,Thor Freudenthal,Emma Roberts,35000000,73034460,38034460,2.087,Yes,100,5.7,202,Yes,13.26,$10M-40M,90-109 min,50-499,No
26390,Brooklyn's Finest,Brooklyn's Finest (2009),2009-01-16,2009,2000s,Jan,1,English,Crime,3,Antoine Fuqua,Richard Gere,17000000,29536299,12536299,1.737,Yes,133,6.2,293,Yes,18.79,$10M-40M,130-149 min,50-499,No
14435,My Bloody Valentine,My Bloody Valentine (2009),2009-01-16,2009,2000s,Jan,1,English,Mystery,2,Patrick Lussier,Jensen Ackles,15000000,100734718,85734718,6.716,Yes,101,5.3,299,Yes,13.71,$10M-40M,90-109 min,50-499,No
35219,The Missing Person,The Missing Person (2009),2009-01-16,2009,2000s,Jan,1,English,Comedy,4,Noah Buschel,Michael Shannon,,,,,No,95,6.4,9,No,1.16,Unknown,90-109 min,Under 50,No
32395,The Greatest,The Greatest (2009),2009-01-17,2009,2000s,Jan,1,English,Drama,1,Shana Feste,Pierce Brosnan,6000000,,,,No,99,6.2,34,No,6.9,Under $10M,90-109 min,Under 50,No
8952,I Love You Phillip Morris,I Love You Phillip Morris (2009),2009-01-18,2009,2000s,Jan,1,English,Comedy,3,Glenn Ficarra,Jim Carrey,13000000,10652035,-2347965,0.819,Yes,98,6.4,503,Yes,19.66,$10M-40M,90-109 min,"500-1,999",No
36597,Wuthering Heights,Wuthering Heights (2009),2009-01-18,2009,2000s,Jan,1,English,Drama,1,Coky Giedroyc,Tom Hardy,,,,,No,142,6.9,37,No,4.41,Unknown,130-149 min,Under 50,No
33106,Silver Medalist,Silver Medalist (2009),2009-01-20,2009,2000s,Jan,1,Other languages,Action,5,Ning Hao,Huang Bo,,,,,No,99,7.4,13,No,0.41,Unknown,90-109 min,Under 50,No
22805,Motherhood,Motherhood (2009),2009-01-21,2009,2000s,Jan,1,English,Comedy,2,Katherine Dieckmann,Uma Thurman,,,,,No,90,4.7,44,No,10.96,Unknown,90-109 min,Under 50,No
12437,Underworld: Rise of the Lycans,Underworld: Rise of the Lycans (2009),2009-01-22,2009,2000s,Jan,1,English,Fantasy,5,Patrick Tatopoulos,Bill Nighy,35000000,91353501,56353501,2.61,Yes,92,6.2,1428,Yes,51.93,$10M-40M,90-109 min,"500-1,999",No
24869,Ink,Ink (2009),2009-01-23,2009,2000s,Jan,1,English,Action,2,Jamin Winans,Chris Kelly,250000,,,,No,106,6.4,101,Yes,5.22,Under $10M,90-109 min,50-499,No
7445,Brothers,Brothers (2009),2009-01-27,2009,2000s,Jan,1,English,Drama,3,Jim Sheridan,Tobey Maguire,26000000,43318349,17318349,1.666,Yes,104,6.8,633,Yes,22.08,$10M-40M,90-109 min,"500-1,999",No
14536,New in Town,New in Town (2009),2009-01-30,2009,2000s,Jan,1,English,Comedy,1,Jonas Elmer,Renée Zellweger,8000000,29010817,21010817,3.626,Yes,97,5.2,99,Yes,13.99,Under $10M,90-109 min,50-499,No
4959,The International,The International (2009),2009-02-03,2009,2000s,Feb,2,English,Drama,3,Tom Tykwer,Clive Owen,50000000,60161391,10161391,1.203,Yes,118,6.0,368,Yes,13.39,$40M-100M,110-129 min,50-499,No
14836,Coraline,Coraline (2009),2009-02-05,2009,2000s,Feb,2,English,Animation,2,Henry Selick,Dakota Fanning,60000000,124596398,64596398,2.077,Yes,100,7.3,1386,Yes,51.15,$40M-100M,90-109 min,"500-1,999",No
10184,He's Just Not That Into You,He's Just Not That Into You (2009),2009-02-06,2009,2000s,Feb,2,English,Comedy,3,Ken Kwapis,Ben Affleck,40000000,177259441,137259441,4.431,Yes,129,6.2,959,Yes,26.25,$40M-100M,110-129 min,"500-1,999",No
23049,My Life in Ruins,My Life in Ruins (2009),2009-02-06,2009,2000s,Feb,2,English,Comedy,2,Donald Petrie,Nia Vardalos,17000000,20455276,3455276,1.203,Yes,95,5.6,101,Yes,5.79,$10M-40M,90-109 min,50-499,No
18065,Next Day Air,Next Day Air (2009),2009-02-06,2009,2000s,Feb,2,English,Action,3,Benny Boom,Donald Faison,,,,,No,84,5.3,36,No,2.75,Unknown,Under 90 min,Under 50,No
18530,The Cry of the Owl,The Cry of the Owl (2009),2009-02-07,2009,2000s,Feb,2,English,Drama,1,Jamie Thraves,Paddy Considine,11500000,,,,No,101,5.5,29,No,4.76,$10M-40M,90-109 min,Under 50,No
24663,The Open Road,The Open Road (2009),2009-02-07,2009,2000s,Feb,2,English,Comedy,3,Michael Meredith,Justin Timberlake,,,,,No,90,4.8,19,No,1.39,Unknown,90-109 min,Under 50,No
26963,The Secret of Kells,The Secret of Kells (2009),2009-02-09,2009,2000s,Feb,2,English,Animation,3,Tomm Moore,Evan McGuire,,,,,No,75,7.3,181,Yes,10.62,Unknown,Under 90 min,50-499,No
22215,Cheri,Cheri (2009),2009-02-10,2009,2000s,Feb,2,English,Drama,3,Stephen Frears,Michelle Pfeiffer,23000000,9366227,-13633773,0.407,Yes,86,5.9,56,Yes,5.49,$10M-40M,Under 90 min,50-499,No
15670,Madea Goes to Jail,Madea Goes to Jail (2009),2009-02-16,2009,2000s,Feb,2,English,Comedy,3,Tyler Perry,Tyler Perry,,90508336,,,No,103,6.4,52,Yes,3.11,Unknown,90-109 min,50-499,No
14849,Dead Like Me: Life After Death,Dead Like Me: Life After Death (2009),2009-02-17,2009,2000s,Feb,2,English,Drama,3,Stephen Herek,Ellen Muth,,,,,No,87,5.8,65,Yes,7.86,Unknown,Under 90 min,50-499,No
15268,Street Fighter: The Legend of Chun-Li,Street Fighter: The Legend of Chun-Li (2009),2009-02-27,2009,2000s,Feb,2,English,Action,4,Andrzej Bartkowiak,Kristin Kreuk,50000000,12764201,-37235799,0.255,Yes,97,3.9,112,Yes,8.14,$40M-100M,90-109 min,50-499,No
291081,Red Riding: In the Year of Our Lord 1974,Red Riding: In the Year of Our Lord 1974 (2009),2009-02-28,2009,2000s,Feb,2,English,Thriller,4,Julian Jarrold,Andrew Garfield,,,,,No,102,7.0,54,Yes,7.25,Unknown,90-109 min,50-499,No
18320,The Young Victoria,The Young Victoria (2009),2009-03-04,2009,2000s,Mar,3,English,Drama,3,Jean-Marc Vallée,Emily Blunt,35000000,27409889,-7590111,0.783,Yes,105,7.0,322,Yes,16.34,$10M-40M,90-109 min,50-499,No
13183,Watchmen,Watchmen (2009),2009-03-05,2009,2000s,Mar,3,English,Action,3,Zack Snyder,Malin Åkerman,130000000,185258983,55258983,1.425,Yes,163,7.0,2811,Yes,64.8,$100M+,150+ min,"2,000-4,999",No
28053,City Island,City Island (2009),2009-03-06,2009,2000s,Mar,3,English,Drama,2,Raymond De Felitta,Andy García,6000000,6670712,670712,1.112,Yes,104,6.9,113,Yes,6.5,Under $10M,90-109 min,50-499,No
23963,Pontypool,Pontypool (2009),2009-03-06,2009,2000s,Mar,3,English,Horror,3,Bruce McDonald,Stephen McHattie,1500000,32000,-1468000,0.021,Yes,93,6.6,183,Yes,4.68,Under $10M,90-109 min,50-499,No
16996,17 Again,17 Again (2009),2009-03-11,2009,2000s,Mar,3,English,Comedy,1,Burr Steers,Zac Efron,20000000,136267476,116267476,6.813,Yes,102,6.1,1350,Yes,52.57,$10M-40M,90-109 min,"500-1,999",No
13836,Race to Witch Mountain,Race to Witch Mountain (2009),2009-03-12,2009,2000s,Mar,3,English,Adventure,6,Andy Fickman,Dwayne Johnson,50000000,106303988,56303988,2.126,Yes,98,5.5,509,Yes,23.94,$40M-100M,90-109 min,"500-1,999",No
18405,The Last House on the Left,The Last House on the Left (2009),2009-03-13,2009,2000s,Mar,3,English,Crime,4,Dennis Iliadis,Garret Dillahunt,15000000,32721635,17721635,2.181,Yes,110,6.2,440,Yes,19.76,$10M-40M,110-129 min,50-499,No
19556,Miss March,Miss March (2009),2009-03-13,2009,2000s,Mar,3,English,Comedy,2,Zach Cregger,Zach Cregger,,,,,No,89,5.4,77,Yes,9.37,Unknown,Under 90 min,50-499,No
44990,Breaking Upwards,Breaking Upwards (2009),2009-03-14,2009,2000s,Mar,3,English,Comedy,2,Daryl Wein,Zoe Lister-Jones,,,,,No,88,5.6,12,No,0.67,Unknown,Under 90 min,Under 50,No
18239,The Twilight Saga: New Moon,The Twilight Saga: New Moon (2009),2009-03-15,2009,2000s,Mar,3,English,Adventure,4,Chris Weitz,Kristen Stewart,50000000,709827462,659827462,14.197,Yes,130,5.6,2436,Yes,94.82,$40M-100M,130-149 min,"2,000-4,999",No
16871,Drag Me to Hell,Drag Me to Hell (2009),2009-03-15,2009,2000s,Mar,3,English,Horror,2,Sam Raimi,Alison Lohman,30000000,90810892,60810892,3.027,Yes,99,6.2,966,Yes,45.08,$10M-40M,90-109 min,"500-1,999",No
18238,Lesbian Vampire Killers,Lesbian Vampire Killers (2009),2009-03-16,2009,2000s,Mar,3,English,Horror,2,Phil Claydon,James Corden,,,,,No,86,5.3,124,Yes,6.63,Unknown,Under 90 min,50-499,No
41248,The Girl on the Train,The Girl on the Train (2009),2009-03-18,2009,2000s,Mar,3,Other languages,Drama,2,André Téchiné,Michel Blanc,,,,,No,105,5.6,10,No,2.35,Unknown,90-109 min,Under 50,No
15512,Monsters vs Aliens,Monsters vs Aliens (2009),2009-03-19,2009,2000s,Mar,3,English,Animation,4,Conrad Vernon,Seth Rogen,175000000,381509870,206509870,2.18,Yes,94,6.0,1423,Yes,36.17,$100M+,90-109 min,"500-1,999",No
16558,Duplicity,Duplicity (2009),2009-03-19,2009,2000s,Mar,3,English,Romance,3,Tony Gilroy,Clive Owen,78146652,60000000,-18146652,0.768,Yes,125,5.7,201,Yes,13.63,$40M-100M,110-129 min,50-499,No
13811,Knowing,Knowing (2009),2009-03-19,2009,2000s,Mar,3,English,Action,6,Alex Proyas,Nicolas Cage,50000000,155446362,105446362,3.109,Yes,121,5.9,1486,Yes,32.69,$40M-100M,110-129 min,"500-1,999",No
17134,12 Rounds,12 Rounds (2009),2009-03-19,2009,2000s,Mar,3,English,Action,4,Renny Harlin,John Cena,20000000,17280326,-2719674,0.864,Yes,108,5.7,220,Yes,15.66,$10M-40M,90-109 min,50-499,No
16538,"I Love You, Man","I Love You, Man (2009)",2009-03-20,2009,2000s,Mar,3,English,Comedy,1,John Hamburg,Paul Rudd,41000000,91636986,50636986,2.235,Yes,105,6.5,515,Yes,25.39,$40M-100M,90-109 min,"500-1,999",No
42819,The City of Your Final Destination,The City of Your Final Destination (2009),2009-03-21,2009,2000s,Mar,3,English,Drama,1,James Ivory,Nicholas Blandullo,,,,,No,114,5.7,9,No,1.35,Unknown,110-129 min,Under 50,No
20083,Shinjuku Incident,Shinjuku Incident (2009),2009-03-22,2009,2000s,Mar,3,Other languages,Drama,4,Derek Yee Tung-Sing,Jackie Chan,15000000,,,,No,119,6.7,65,Yes,5.29,$10M-40M,110-129 min,50-499,No
28211,Chloe,Chloe (2009),2009-03-25,2009,2000s,Mar,3,English,Drama,3,Atom Egoyan,Julianne Moore,15000000,8459458,-6540542,0.564,Yes,96,5.9,498,Yes,26.37,$10M-40M,90-109 min,50-499,No
21641,The Damned United,The Damned United (2009),2009-03-27,2009,2000s,Mar,3,English,Drama,1,Tom Hooper,Michael Sheen,10000000,,,,No,97,7.2,152,Yes,13.41,$10M-40M,90-109 min,50-499,No
18947,The Boat That Rocked,The Boat That Rocked (2009),2009-04-01,2009,2000s,Apr,4,English,Drama,2,Richard Curtis,Tom Sturridge,50000000,36348784,-13651216,0.727,Yes,116,7.2,666,Yes,31.02,$40M-100M,110-129 min,"500-1,999",No
14164,Dragonball Evolution,Dragonball Evolution (2009),2009-04-01,2009,2000s,Apr,4,English,Action,5,James Wong,Chow Yun-fat,100000000,,,,No,85,2.9,462,Yes,21.68,$100M+,Under 90 min,50-499,No
25353,The True Story of Puss 'n Boots,The True Story of Puss 'n Boots (2009),2009-04-01,2009,2000s,Apr,4,Other languages,Family,3,Jérôme Deschamps,Jérôme Deschamps,,,,,No,82,3.8,7,No,1.68,Unknown,Under 90 min,Under 50,No
16614,Adventureland,Adventureland (2009),2009-04-03,2009,2000s,Apr,4,English,Comedy,1,Greg Mottola,Jesse Eisenberg,9500000,17164377,7664377,1.807,Yes,107,6.4,737,Yes,19.98,Under $10M,90-109 min,"500-1,999",No
18126,Hannah Montana: The Movie,Hannah Montana: The Movie (2009),2009-04-10,2009,2000s,Apr,4,English,Comedy,5,Peter Chelsom,Miley Cyrus,35000000,155545279,120545279,4.444,Yes,102,6.0,449,Yes,13.79,$10M-40M,90-109 min,50-499,No
16991,Observe and Report,Observe and Report (2009),2009-04-10,2009,2000s,Apr,4,English,Comedy,3,Jody Hill,Seth Rogen,,24007324,,,No,86,5.6,225,Yes,10.53,Unknown,Under 90 min,50-499,No
40914,Royal Kill,Royal Kill (2009),2009-04-10,2009,2000s,Apr,4,English,Action,2,Babar Ahmed,Pat Morita,,,,,No,90,2.8,6,No,1.09,Unknown,90-109 min,Under 50,No
15092,Crank: High Voltage,Crank: High Voltage (2009),2009-04-16,2009,2000s,Apr,4,English,Action,3,Brian Taylor,Jason Statham,20000000,34560577,14560577,1.728,Yes,96,5.9,861,Yes,35.54,$10M-40M,90-109 min,"500-1,999",No
16995,State of Play,State of Play (2009),2009-04-17,2009,2000s,Apr,4,English,Action,1,Kevin Macdonald,Russell Crowe,60000000,87784194,27784194,1.463,Yes,127,6.7,484,Yes,21.69,$40M-100M,110-129 min,50-499,No
11156,Coco Before Chanel,Coco Before Chanel (2009),2009-04-22,2009,2000s,Apr,4,Other languages,Drama,2,Anne Fontaine,Audrey Tautou,,,,,No,110,6.6,246,Yes,8.43,Unknown,110-129 min,50-499,No
21345,City of Life and Death,City of Life and Death (2009),2009-04-22,2009,2000s,Apr,4,Other languages,Drama,3,Lu Chuan,Liu Ye,12000000,10652498,-1347502,0.888,Yes,132,7.6,55,Yes,4.79,$10M-40M,130-149 min,50-499,No
44770,The Exploding Girl,The Exploding Girl (2009),2009-04-22,2009,2000s,Apr,4,English,Drama,2,Bradley Rust Gray,Zoe Kazan,,,,,No,80,6.4,15,No,0.61,Unknown,Under 90 min,Under 50,No
17332,The Soloist,The Soloist (2009),2009-04-24,2009,2000s,Apr,4,English,Drama,1,Joe Wright,Robert Downey Jr.,60000000,31720158,-28279842,0.529,Yes,109,6.6,234,Yes,17.3,$40M-100M,90-109 min,50-499,No
35689,Don McKay,Don McKay (2009),2009-04-24,2009,2000s,Apr,4,English,Crime,3,Jake Goldberger,Thomas Haden Church,,,,,No,87,5.4,21,No,1.5,Unknown,Under 90 min,Under 50,No
39563,The Eclipse,The Eclipse (2009),2009-04-24,2009,2000s,Apr,4,English,Drama,3,Conor McPherson,Ciarán Hinds,,,,,No,88,6.1,15,No,9.34,Unknown,Under 90 min,Under 50,No
39037,The Good Guy,The Good Guy (2009),2009-04-25,2009,2000s,Apr,4,English,Comedy,2,Julio DePietro,Alexis Bledel,3200000,,,,No,90,5.4,59,Yes,2.63,Under $10M,90-109 min,50-499,No
39303,2:13,2:13 (2009),2009-04-25,2009,2000s,Apr,4,English,Horror,3,Charles Adelman,Mark Thompson,3500000,,,,No,96,4.6,10,No,1.27,Under $10M,90-109 min,Under 50,No
25983,The House of the Devil,The House of the Devil (2009),2009-04-25,2009,2000s,Apr,4,English,Mystery,2,Ti West,Jocelin Donahue,,,,,No,95,6.0,197,Yes,8.63,Unknown,90-109 min,50-499,No
2080,X-Men Origins: Wolverine,X-Men Origins: Wolverine (2009),2009-04-28,2009,2000s,Apr,4,English,Adventure,4,Gavin Hood,Hugh Jackman,150000000,373062864,223062864,2.487,Yes,107,6.2,4021,Yes,5.95,$100M+,90-109 min,"2,000-4,999",No
34647,Enter the Void,Enter the Void (2009),2009-05-05,2009,2000s,May,5,English,Fantasy,2,Gaspar Noé,Nathaniel Brown,13000000,754249,-12245751,0.058,Yes,161,7.2,387,Yes,20.4,$10M-40M,150+ min,50-499,No
13475,Star Trek,Star Trek (2009),2009-05-06,2009,2000s,May,5,English,Science Fiction,3,J.J. Abrams,Chris Pine,150000000,385680446,235680446,2.571,Yes,127,7.4,4518,Yes,73.62,$100M+,110-129 min,"2,000-4,999",No
14160,Up,Up (2009),2009-05-13,2009,2000s,May,5,English,Animation,4,Pete Docter,Ed Asner,175000000,735099082,560099082,4.201,Yes,96,7.7,6870,Yes,92.2,$100M+,90-109 min,"5,000+",No
13448,Angels & Demons,Angels & Demons (2009),2009-05-13,2009,2000s,May,5,English,Thriller,2,Ron Howard,Tom Hanks,150000000,356613439,206613439,2.377,Yes,138,6.5,2129,Yes,67.45,$100M+,130-149 min,"2,000-4,999",No
310706,Black Water Transit,Black Water Transit (2009),2009-05-13,2009,2000s,May,5,English,Drama,2,Tony Kaye,Laurence Fishburne,,,,,No,100,,0,No,0.13,Unknown,90-109 min,Under 50,No
31166,I Come with the Rain,I Come with the Rain (2009),2009-05-14,2009,2000s,May,5,English,Thriller,2,Tran Anh Hung,Josh Hartnett,18000000,,,,No,114,5.6,20,No,8.27,$10M-40M,110-129 min,Under 50,No
24469,Fish Tank,Fish Tank (2009),2009-05-14,2009,2000s,May,5,English,Drama,1,Andrea Arnold,Katie Jarvis,3000000,2357852,-642148,0.786,Yes,123,6.9,250,Yes,12.69,Under $10M,110-129 min,50-499,No
25968,Veronika Decides to Die,Veronika Decides to Die (2009),2009-05-16,2009,2000s,May,5,English,Drama,2,Emily Young,Sarah Michelle Gellar,9000000,,,,No,103,5.8,75,Yes,4.8,Under $10M,90-109 min,50-499,No
26428,Agora,Agora (2009),2009-05-17,2009,2000s,May,5,English,Adventure,3,Alejandro Amenábar,Rachel Weisz,70000000,39041505,-30958495,0.558,Yes,127,6.9,395,Yes,18.89,$40M-100M,110-129 min,50-499,No
21283,Steppin: The Movie,Steppin: The Movie (2009),2009-05-19,2009,2000s,May,5,English,Comedy,2,Michael Taliferro,Wesley Jonathan,,,,,No,85,5.0,4,No,0.33,Unknown,Under 90 min,Under 50,No
534,Terminator Salvation,Terminator Salvation (2009),2009-05-20,2009,2000s,May,5,English,Action,3,McG,Christian Bale,200000000,371353001,171353001,1.857,Yes,115,5.9,2463,Yes,71.86,$100M+,110-129 min,"2,000-4,999",No
18360,Night at the Museum: Battle of the Smithsonian,Night at the Museum: Battle of the Smithsonian (2009),2009-05-20,2009,2000s,May,5,English,Adventure,5,Shawn Levy,Ben Stiller,150000000,413106170,263106170,2.754,Yes,105,5.9,1971,Yes,81.78,$100M+,90-109 min,"500-1,999",No
37842,Wild Grass,Wild Grass (2009),2009-05-20,2009,2000s,May,5,Other languages,Drama,2,Alain Resnais,André Dussollier,,,,,No,104,5.8,22,No,1.87,Unknown,90-109 min,Under 50,No
37903,The White Ribbon,The White Ribbon (2009),2009-05-21,2009,2000s,May,5,Other languages,Crime,3,Michael Haneke,Ursina Lardi,15238800,,,,No,144,7.2,255,Yes,17.95,$10M-40M,130-149 min,50-499,No
21724,Dance Flick,Dance Flick (2009),2009-05-22,2009,2000s,May,5,English,Action,3,Damien Dante Wayans,Shoshana Bush,,,,,No,83,4.7,71,Yes,7.33,Unknown,Under 90 min,50-499,No
17577,The Devil's Tomb,The Devil's Tomb (2009),2009-05-26,2009,2000s,May,5,English,Action,4,Jason Connery,Cuba Gooding Jr.,10000000,,,,No,90,4.0,53,Yes,5.1,$10M-40M,90-109 min,50-499,No
18240,The Proposal,The Proposal (2009),2009-06-01,2009,2000s,Jun,6,English,Comedy,3,Anne Fletcher,Sandra Bullock,40000000,317375031,277375031,7.934,Yes,108,6.7,1804,Yes,36.24,$40M-100M,90-109 min,"500-1,999",No
38810,Dogtooth,Dogtooth (2009),2009-06-01,2009,2000s,Jun,6,Other languages,Drama,1,Yorgos Lanthimos,Hristos Passalis,,110197,,,No,94,6.9,332,Yes,28.86,Unknown,90-109 min,50-499,No
18162,Land of the Lost,Land of the Lost (2009),2009-06-05,2009,2000s,Jun,6,English,Adventure,3,Brad Silberling,Will Ferrell,100000000,68688831,-31311169,0.687,Yes,102,5.3,381,Yes,19.39,$100M+,90-109 min,50-499,No
18785,The Hangover,The Hangover (2009),2009-06-05,2009,2000s,Jun,6,English,Comedy,1,Todd Phillips,Bradley Cooper,35000000,459270619,424270619,13.122,Yes,100,7.2,6173,Yes,82.21,$10M-40M,90-109 min,"5,000+",No
19255,Away We Go,Away We Go (2009),2009-06-05,2009,2000s,Jun,6,English,Drama,3,Sam Mendes,John Krasinski,17000000,14899417,-2100583,0.876,Yes,98,6.7,189,Yes,10.14,$10M-40M,90-109 min,50-499,No
33196,Tidal Wave,Tidal Wave (2009),2009-06-06,2009,2000s,Jun,6,Other languages,Action,4,Yoon Je-kyoon,Park Joong-hoon,16000000,11301649,-4698351,0.706,Yes,120,6.5,48,No,4.63,$10M-40M,110-129 min,Under 50,No
12403,A Perfect Getaway,A Perfect Getaway (2009),2009-06-08,2009,2000s,Jun,6,English,Thriller,3,David Twohy,Milla Jovovich,14000000,22852638,8852638,1.632,Yes,98,6.2,351,Yes,20.79,$10M-40M,90-109 min,50-499,No
27023,Saint John of Las Vegas,Saint John of Las Vegas (2009),2009-06-10,2009,2000s,Jun,6,English,Comedy,1,Hue Rhodes,Steve Buscemi,3800000,111731,-3688269,0.029,Yes,84,5.9,18,No,2.56,Under $10M,Under 90 min,Under 50,No
18487,The Taking of Pelham 1 2 3,The Taking of Pelham 1 2 3 (2009),2009-06-11,2009,2000s,Jun,6,English,Thriller,3,Tony Scott,Denzel Washington,100000000,150166126,50166126,1.502,Yes,106,6.2,954,Yes,40.6,$100M+,90-109 min,"500-1,999",No
17431,Moon,Moon (2009),2009-06-12,2009,2000s,Jun,6,English,Science Fiction,2,Duncan Jones,Sam Rockwell,5000000,9760104,4760104,1.952,Yes,97,7.6,1794,Yes,46.11,Under $10M,90-109 min,"500-1,999",No
28178,Hachi: A Dog's Tale,Hachi: A Dog's Tale (2009),2009-06-13,2009,2000s,Jun,6,English,Drama,2,Lasse Hallström,Richard Gere,16000000,47801389,31801389,2.988,Yes,93,7.7,1717,Yes,43.22,$10M-40M,90-109 min,"500-1,999",No
17610,Year One,Year One (2009),2009-06-18,2009,2000s,Jun,6,English,Comedy,2,Harold Ramis,Jack Black,60000000,62357900,2357900,1.039,Yes,97,4.6,524,Yes,25.29,$40M-100M,90-109 min,"500-1,999",No
8373,Transformers: Revenge of the Fallen,Transformers: Revenge of the Fallen (2009),2009-06-19,2009,2000s,Jun,6,English,Science Fiction,3,Michael Bay,Shia LaBeouf,150000000,836297228,686297228,5.575,Yes,150,6.0,3138,Yes,21.94,$100M+,150+ min,"2,000-4,999",No
19724,Imagine That,Imagine That (2009),2009-06-19,2009,2000s,Jun,6,English,Comedy,1,Karey Kirkpatrick,Eddie Murphy,55000000,,,,No,107,5.7,134,Yes,12.34,$40M-100M,90-109 min,50-499,No
19265,Whatever Works,Whatever Works (2009),2009-06-19,2009,2000s,Jun,6,English,Comedy,2,Woody Allen,Larry David,15000000,35097815,20097815,2.34,Yes,92,6.8,350,Yes,21.86,$10M-40M,90-109 min,50-499,No
29917,Exam,Exam (2009),2009-06-19,2009,2000s,Jun,6,English,Thriller,2,Stuart Hazeldine,Luke Mably,,,,,No,101,6.6,523,Yes,20.27,Unknown,90-109 min,"500-1,999",No
10024,My Sister's Keeper,My Sister's Keeper (2009),2009-06-26,2009,2000s,Jun,6,English,Drama,1,Nick Cassavetes,Cameron Diaz,30000000,95714875,65714875,3.19,Yes,109,7.1,598,Yes,24.09,$10M-40M,90-109 min,"500-1,999",No
8355,Ice Age: Dawn of the Dinosaurs,Ice Age: Dawn of the Dinosaurs (2009),2009-06-29,2009,2000s,Jun,6,English,Animation,4,Carlos Saldanha,Ray Romano,90000000,886686817,796686817,9.852,Yes,94,6.5,2271,Yes,69.46,$40M-100M,90-109 min,"2,000-4,999",No
11322,Public Enemies,Public Enemies (2009),2009-07-01,2009,2000s,Jul,7,English,History,3,Michael Mann,Christian Bale,80000000,214104620,134104620,2.676,Yes,140,6.5,1344,Yes,33.69,$40M-100M,130-149 min,"500-1,999",No
767,Harry Potter and the Half-Blood Prince,Harry Potter and the Half-Blood Prince (2009),2009-07-07,2009,2000s,Jul,7,English,Adventure,3,David Yates,Daniel Radcliffe,250000000,933959197,683959197,3.736,Yes,153,7.4,5293,Yes,98.89,$100M+,150+ min,"5,000+",No
18480,Brüno,Brüno (2009),2009-07-08,2009,2000s,Jul,7,English,Comedy,1,Larry Charles,Sacha Baron Cohen,42000000,,,,No,83,5.4,518,Yes,16.12,$40M-100M,Under 90 min,"500-1,999",No
19840,"I Love You, Beth Cooper","I Love You, Beth Cooper (2009)",2009-07-10,2009,2000s,Jul,7,English,Comedy,2,Chris Columbus,Hayden Panettiere,18000000,,,,No,102,5.1,197,Yes,14.15,$10M-40M,90-109 min,50-499,No
19913,(500) Days of Summer,(500) Days of Summer (2009),2009-07-17,2009,2000s,Jul,7,English,Comedy,3,Marc Webb,Joseph Gordon-Levitt,7500000,60722734,53222734,8.096,Yes,95,7.2,2904,Yes,45.61,Under $10M,90-109 min,"2,000-4,999",No
19585,G-Force,G-Force (2009),2009-07-21,2009,2000s,Jul,7,English,Fantasy,5,Hoyt Yeatman,Sam Rockwell,150000000,292817841,142817841,1.952,Yes,88,5.1,510,Yes,26.71,$100M+,Under 90 min,"500-1,999",No
20943,The Ugly Truth,The Ugly Truth (2009),2009-07-24,2009,2000s,Jul,7,English,Comedy,2,Robert Luketic,Katherine Heigl,38000000,205298907,167298907,5.403,Yes,96,6.4,972,Yes,22.33,$10M-40M,90-109 min,"500-1,999",No
21208,Orphan,Orphan (2009),2009-07-24,2009,2000s,Jul,7,English,Horror,3,Jaume Collet-Serra,Vera Farmiga,20000000,41596251,21596251,2.08,Yes,123,6.7,1261,Yes,29.3,$10M-40M,110-129 min,"500-1,999",No
22051,Adam,Adam (2009),2009-07-29,2009,2000s,Jul,7,English,Drama,2,Max Mayer,Hugh Dancy,,2277396,,,No,99,6.9,150,Yes,8.31,Unknown,90-109 min,50-499,No
26837,B-Girl,B-Girl (2009),2009-07-29,2009,2000s,Jul,7,English,Crime,3,Emily Dell,Julie 'Jules' Urich,,,,,No,84,5.5,7,No,0.63,Unknown,Under 90 min,Under 50,No
20829,Funny People,Funny People (2009),2009-07-31,2009,2000s,Jul,7,English,Comedy,2,Judd Apatow,Adam Sandler,75000000,61458982,-13541018,0.819,Yes,146,5.7,390,Yes,20.2,$40M-100M,130-149 min,50-499,No
20856,Aliens in the Attic,Aliens in the Attic (2009),2009-07-31,2009,2000s,Jul,7,English,Adventure,5,John Schultz,Carter Jenkins,45000000,57881056,12881056,1.286,Yes,86,5.3,244,Yes,13.71,$40M-100M,Under 90 min,50-499,No
14869,G.I. Joe: The Rise of Cobra,G.I. Joe: The Rise of Cobra (2009),2009-08-04,2009,2000s,Aug,8,English,Adventure,4,Stephen Sommers,Dennis Quaid,175000000,302469017,127469017,1.728,Yes,118,5.6,1962,Yes,32.85,$100M+,110-129 min,"500-1,999",No
17654,District 9,District 9 (2009),2009-08-05,2009,2000s,Aug,8,English,Science Fiction,1,Neill Blomkamp,Sharlto Copley,30000000,210819611,180819611,7.027,Yes,112,7.3,3382,Yes,63.14,$10M-40M,110-129 min,"2,000-4,999",No
24803,Julie & Julia,Julie & Julia (2009),2009-08-06,2009,2000s,Aug,8,English,Romance,2,Nora Ephron,Meryl Streep,40000000,129540499,89540499,3.239,Yes,123,6.6,560,Yes,22.85,$40M-100M,110-129 min,"500-1,999",No
23367,Bandslam,Bandslam (2009),2009-08-06,2009,2000s,Aug,8,English,Comedy,4,Todd Graff,Vanessa Hudgens,20000000,5210988,-14789012,0.261,Yes,111,5.4,126,Yes,7.72,$10M-40M,110-129 min,50-499,No
38415,Bran Nue Dae,Bran Nue Dae (2009),2009-08-09,2009,2000s,Aug,8,English,Comedy,4,Rachel Perkins,Rocky McKenzie,,,,,No,82,5.2,6,No,0.05,Unknown,Under 90 min,Under 50,No
28355,Case 39,Case 39 (2009),2009-08-13,2009,2000s,Aug,8,English,Horror,3,Christian Alvart,Renée Zellweger,27000000,29000000,2000000,1.074,Yes,109,6.1,563,Yes,23.92,$10M-40M,90-109 min,"500-1,999",No
25376,The Secret in Their Eyes,The Secret in Their Eyes (2009),2009-08-13,2009,2000s,Aug,8,Other languages,Crime,4,Juan José Campanella,Ricardo Darín,2000000,33965843,31965843,16.983,Yes,129,7.8,626,Yes,25.89,Under $10M,110-129 min,"500-1,999",No
24420,The Time Traveler's Wife,The Time Traveler's Wife (2009),2009-08-14,2009,2000s,Aug,8,English,Drama,3,Robert Schwentke,Eric Bana,39000000,101229792,62229792,2.596,Yes,107,6.7,798,Yes,37.49,$10M-40M,90-109 min,"500-1,999",No
19905,"The Goods: Live Hard, Sell Hard","The Goods: Live Hard, Sell Hard (2009)",2009-08-14,2009,2000s,Aug,8,English,Comedy,1,Neal Brennan,Jeremy Piven,10000000,,,,No,90,5.4,58,Yes,3.35,$10M-40M,90-109 min,50-499,No
38780,Rampage,Rampage (2009),2009-08-14,2009,2000s,Aug,8,English,Action,4,Uwe Boll,Brendan Fletcher,,,,,No,85,6.0,131,Yes,7.1,Unknown,Under 90 min,50-499,No
16869,Inglourious Basterds,Inglourious Basterds (2009),2009-08-18,2009,2000s,Aug,8,English,Drama,4,Quentin Tarantino,Brad Pitt,70000000,319131050,249131050,4.559,Yes,153,7.9,6430,Yes,72.6,$40M-100M,150+ min,"5,000+",No
12244,9,9 (2009),2009-08-19,2009,2000s,Aug,8,English,Action,5,Shane Acker,Christopher Plummer,30000000,48428063,18428063,1.614,Yes,79,6.6,1262,Yes,55.81,$10M-40M,Under 90 min,"500-1,999",No
20178,World's Greatest Dad,World's Greatest Dad (2009),2009-08-20,2009,2000s,Aug,8,English,Comedy,2,Bobcat Goldthwait,Robin Williams,10000000,295750,-9704250,0.03,Yes,99,6.5,177,Yes,9.81,$10M-40M,90-109 min,50-499,No
25132,Shorts,Shorts (2009),2009-08-21,2009,2000s,Aug,8,English,Comedy,2,Robert Rodriguez,Jimmy Bennett,40000000,28972508,-11027492,0.724,Yes,89,5.1,44,No,4.1,$40M-100M,Under 90 min,Under 50,No
25704,Post Grad,Post Grad (2009),2009-08-21,2009,2000s,Aug,8,English,Comedy,1,Vicky Jenson,Alexis Bledel,15000000,6405245,-8594755,0.427,Yes,89,5.0,100,Yes,7.45,$10M-40M,Under 90 min,50-499,No
19912,The Final Destination,The Final Destination (2009),2009-08-26,2009,2000s,Aug,8,English,Horror,2,David R. Ellis,Bobby Campo,40000000,186167139,146167139,4.654,Yes,82,5.4,831,Yes,32.48,$40M-100M,Under 90 min,"500-1,999",No
24150,Halloween II,Halloween II (2009),2009-08-28,2009,2000s,Aug,8,English,Horror,1,Rob Zombie,Scout Taylor-Compton,15000000,39421467,24421467,2.628,Yes,105,5.1,267,Yes,12.93,$10M-40M,90-109 min,50-499,No
42151,Down Terrace,Down Terrace (2009),2009-09-01,2009,2000s,Sep,9,English,Drama,3,Ben Wheatley,Robert Hill,31192,10000,-21192,0.321,Yes,89,6.3,26,No,1.33,Under $10M,Under 90 min,Under 50,No
18501,Gamer,Gamer (2009),2009-09-03,2009,2000s,Sep,9,English,Action,3,Brian Taylor,Gerard Butler,50000000,40828540,-9171460,0.817,Yes,95,5.6,760,Yes,27.63,$40M-100M,90-109 min,"500-1,999",No
26320,Taking Woodstock,Taking Woodstock (2009),2009-09-03,2009,2000s,Sep,9,English,Music,3,Ang Lee,Demetri Martin,,,,,No,120,6.2,127,Yes,11.87,Unknown,110-129 min,50-499,No
12569,Extract,Extract (2009),2009-09-03,2009,2000s,Sep,9,English,Comedy,1,Mike Judge,Jason Bateman,8000000,10848783,2848783,1.356,Yes,92,5.7,192,Yes,14.65,Under $10M,90-109 min,50-499,No
25769,Carriers,Carriers (2009),2009-09-04,2009,2000s,Sep,9,English,Action,5,Àlex Pastor,Lou Taylor Pucci,,5802422,,,No,84,5.8,282,Yes,12.71,Unknown,Under 90 min,50-499,No
36811,The Last Station,The Last Station (2009),2009-09-04,2009,2000s,Sep,9,English,Drama,2,Michael Hoffman,James McAvoy,,,,,No,112,6.7,55,Yes,3.66,Unknown,110-129 min,50-499,No
23706,All About Steve,All About Steve (2009),2009-09-04,2009,2000s,Sep,9,English,Comedy,1,Phil Traill,Sandra Bullock,15000000,40105542,25105542,2.674,Yes,99,4.7,295,Yes,13.24,$10M-40M,90-109 min,50-499,No
22947,Up in the Air,Up in the Air (2009),2009-09-05,2009,2000s,Sep,9,English,Drama,2,Jason Reitman,George Clooney,25000000,163670000,138670000,6.547,Yes,109,6.7,1205,Yes,33.7,$10M-40M,90-109 min,"500-1,999",No
41110,I Am Love,I Am Love (2009),2009-09-05,2009,2000s,Sep,9,Other languages,Drama,2,Luca Guadagnino,Tilda Swinton,,,,,No,120,6.9,73,Yes,5.36,Unknown,110-129 min,50-499,No
22074,Capitalism: A Love Story,Capitalism: A Love Story (2009),2009-09-06,2009,2000s,Sep,9,English,Documentary,1,Michael Moore,Michael Moore,20000000,17436509,-2563491,0.872,Yes,120,7.0,167,Yes,10.5,$10M-40M,110-129 min,50-499,No
36691,Solitary Man,Solitary Man (2009),2009-09-07,2009,2000s,Sep,9,English,Comedy,3,Brian Koppelman,Michael Douglas,15000000,5024782,-9975218,0.335,Yes,90,5.8,84,Yes,7.5,$10M-40M,90-109 min,50-499,No
19898,Pandorum,Pandorum (2009),2009-09-08,2009,2000s,Sep,9,English,Action,5,Christian Alvart,Ben Foster,33000000,20645327,-12354673,0.626,Yes,108,6.5,774,Yes,28.35,$10M-40M,90-109 min,"500-1,999",No
22787,Whiteout,Whiteout (2009),2009-09-09,2009,2000s,Sep,9,English,Action,4,Dominic Sena,Kate Beckinsale,40000000,12206028,-27793972,0.305,Yes,101,5.3,220,Yes,14.82,$40M-100M,90-109 min,50-499,No
26688,Sorority Row,Sorority Row (2009),2009-09-09,2009,2000s,Sep,9,English,Horror,3,Stewart Hendler,Rumer Willis,12500000,27206120,14706120,2.176,Yes,101,5.4,177,Yes,8.78,$10M-40M,90-109 min,50-499,No
45650,The Hole,The Hole (2009),2009-09-09,2009,2000s,Sep,9,English,Thriller,3,Joe Dante,Chris Massoglia,,,,,No,92,5.6,244,Yes,9.98,Unknown,90-109 min,50-499,No
31175,Soul Kitchen,Soul Kitchen (2009),2009-09-09,2009,2000s,Sep,9,Other languages,Drama,2,Fatih Akin,Adam Bousdoukos,5000000,17872796,12872796,3.575,Yes,99,7.1,116,Yes,5.46,Under $10M,90-109 min,50-499,No
11699,The Bad Lieutenant: Port of Call - New Orleans,The Bad Lieutenant: Port of Call - New Orleans (2009),2009-09-11,2009,2000s,Sep,9,English,Drama,2,Werner Herzog,Nicolas Cage,25000000,10589102,-14410898,0.424,Yes,122,6.0,326,Yes,17.34,$10M-40M,110-129 min,50-499,No
26367,I Can Do Bad All By Myself,I Can Do Bad All By Myself (2009),2009-09-11,2009,2000s,Sep,9,English,Drama,2,Tyler Perry,Tyler Perry,,,,,No,113,6.0,40,No,2.24,Unknown,110-129 min,Under 50,No
22327,Youth in Revolt,Youth in Revolt (2009),2009-09-11,2009,2000s,Sep,9,English,Drama,3,Miguel Arteta,Michael Cera,18000000,,,,No,87,5.9,319,Yes,13.46,$10M-40M,Under 90 min,50-499,No
41009,Perrier’s Bounty,Perrier’s Bounty (2009),2009-09-11,2009,2000s,Sep,9,English,Action,4,Ian Fitzgibbon,Cillian Murphy,,,,,No,88,5.1,24,No,3.81,Unknown,Under 90 min,Under 50,No
5178,The Good Heart,The Good Heart (2009),2009-09-11,2009,2000s,Sep,9,English,Drama,3,Dagur Kári,Brian Cox,3800000,,,,No,95,6.0,21,No,2.2,Under $10M,90-109 min,Under 50,No
34769,Defendor,Defendor (2009),2009-09-12,2009,2000s,Sep,9,English,Drama,4,Peter Stebbings,Woody Harrelson,3500000,44462,-3455538,0.013,Yes,101,6.5,195,Yes,8.45,Under $10M,90-109 min,50-499,No
23082,The Invention of Lying,The Invention of Lying (2009),2009-09-13,2009,2000s,Sep,9,English,Comedy,3,Ricky Gervais,Ricky Gervais,18500000,31912793,13412793,1.725,Yes,100,6.0,518,Yes,16.67,$10M-40M,90-109 min,"500-1,999",No
22798,Whip It,Whip It (2009),2009-09-13,2009,2000s,Sep,9,English,Drama,1,Drew Barrymore,Ellen Page,15000000,16633035,1633035,1.109,Yes,111,6.7,357,Yes,20.06,$10M-40M,110-129 min,50-499,No
41479,The Joneses,The Joneses (2009),2009-09-13,2009,2000s,Sep,9,English,Comedy,2,Derrick Borte,David Duchovny,10000000,7022728,-2977272,0.702,Yes,96,6.1,210,Yes,14.98,$10M-40M,90-109 min,50-499,No
46420,The Loved Ones,The Loved Ones (2009),2009-09-13,2009,2000s,Sep,9,English,Horror,1,Sean Byrne,Xavier Samuel,,,,,No,84,6.6,207,Yes,4.99,Unknown,Under 90 min,50-499,No
38448,Ondine,Ondine (2009),2009-09-14,2009,2000s,Sep,9,English,Drama,2,Neil Jordan,Colin Farrell,12000000,1644755,-10355245,0.137,Yes,111,6.5,84,Yes,5.84,$10M-40M,110-129 min,50-499,No
71866,Tanner Hall,Tanner Hall (2009),2009-09-14,2009,2000s,Sep,9,English,Drama,1,Francesca Gregorini,Rooney Mara,,,,,No,96,5.4,32,No,2.02,Unknown,90-109 min,Under 50,No
10664,[REC]²,[REC]² (2009),2009-09-15,2009,2000s,Sep,9,Other languages,Thriller,2,Jaume Balagueró,Manuela Velasco,5600000,18469680,12869680,3.298,Yes,85,6.4,489,Yes,22.34,Under $10M,Under 90 min,50-499,No
22794,Cloudy with a Chance of Meatballs,Cloudy with a Chance of Meatballs (2009),2009-09-17,2009,2000s,Sep,9,English,Animation,3,Phil Lord,Bill Hader,100000000,242988466,142988466,2.43,Yes,90,6.5,1747,Yes,46.78,$100M+,90-109 min,"500-1,999",No
22825,The Box,The Box (2009),2009-09-17,2009,2000s,Sep,9,English,Thriller,2,Richard Kelly,Cameron Diaz,30000000,33333531,3333531,1.111,Yes,115,5.4,597,Yes,21.61,$10M-40M,110-129 min,"500-1,999",No
24424,Ajami,Ajami (2009),2009-09-17,2009,2000s,Sep,9,Other languages,Crime,2,Scandar Copti,Fouad Habash,,,,,No,120,6.8,27,No,0.52,Unknown,110-129 min,Under 50,No
11323,The Informant!,The Informant! (2009),2009-09-18,2009,2000s,Sep,9,English,Drama,3,Steven Soderbergh,Matt Damon,22000000,35424826,13424826,1.61,Yes,108,6.0,301,Yes,17.77,$10M-40M,90-109 min,50-499,No
25643,Love Happens,Love Happens (2009),2009-09-18,2009,2000s,Sep,9,English,Drama,2,Brandon Camp,Aaron Eckhart,18000000,36133014,18133014,2.007,Yes,109,5.6,180,Yes,13.47,$10M-40M,90-109 min,50-499,No
19994,Jennifer's Body,Jennifer's Body (2009),2009-09-18,2009,2000s,Sep,9,English,Comedy,2,Karyn Kusama,Megan Fox,16000000,31556061,15556061,1.972,Yes,100,5.3,837,Yes,32.26,$10M-40M,90-109 min,"500-1,999",No
19899,Couples Retreat,Couples Retreat (2009),2009-09-19,2009,2000s,Sep,9,English,Comedy,2,Peter Billingsley,Vince Vaughn,70000000,171844840,101844840,2.455,Yes,113,5.3,588,Yes,26.68,$40M-100M,110-129 min,"500-1,999",No
91122,16 to Life,16 to Life (2009),2009-09-19,2009,2000s,Sep,9,English,Comedy,2,Becky Smith,Hallee Hirsh,,,,,No,118,4.4,5,No,0.11,Unknown,110-129 min,Under 50,No
19959,Surrogates,Surrogates (2009),2009-09-24,2009,2000s,Sep,9,English,Action,3,Jonathan Mostow,Bruce Willis,80000000,122444772,42444772,1.531,Yes,89,5.9,1195,Yes,36.66,$40M-100M,Under 90 min,"500-1,999",No
34069,Cargo,Cargo (2009),2009-09-24,2009,2000s,Sep,9,Other languages,Thriller,3,Ivan Engler,Martin Rapold,,,,,No,120,5.9,140,Yes,10.14,Unknown,110-129 min,50-499,No
30128,I Hope They Serve Beer in Hell,I Hope They Serve Beer in Hell (2009),2009-09-25,2009,2000s,Sep,9,English,Comedy,2,Bob Gosse,Matt Czuchry,7000000,1429299,-5570701,0.204,Yes,106,5.7,20,No,7.16,Under $10M,90-109 min,Under 50,No
22832,Ninja Assassin,Ninja Assassin (2009),2009-09-29,2009,2000s,Sep,9,English,Action,3,James McTeigue,Rain,40000000,60462347,20462347,1.512,Yes,99,6.2,371,Yes,19.09,$40M-100M,90-109 min,50-499,No
31203,Little Nicholas,Little Nicholas (2009),2009-09-30,2009,2000s,Sep,9,Other languages,Comedy,1,Laurent Tirard,Maxime Godart,,,,,No,91,5.9,306,Yes,20.36,Unknown,90-109 min,50-499,No
22820,Gentlemen Broncos,Gentlemen Broncos (2009),2009-09-30,2009,2000s,Sep,9,English,Action,3,Jared Hess,Michael Angarano,10000000,,,,No,89,6.2,51,Yes,3.19,$10M-40M,Under 90 min,50-499,No
40658,Starsuckers,Starsuckers (2009),2009-09-30,2009,2000s,Sep,9,English,Documentary,2,Chris Atkins,Ellis Cashmore,,,,,No,103,6.2,5,No,0.43,Unknown,90-109 min,Under 50,No
8054,The Imaginarium of Doctor Parnassus,The Imaginarium of Doctor Parnassus (2009),2009-10-01,2009,2000s,Oct,10,English,Adventure,3,Terry Gilliam,Christopher Plummer,30000000,64352607,34352607,2.145,Yes,123,6.3,869,Yes,37.18,$10M-40M,110-129 min,"500-1,999",No
33870,Mao's Last Dancer,Mao's Last Dancer (2009),2009-10-01,2009,2000s,Oct,10,English,Drama,2,Bruce Beresford,Chi Cao,25000000,20719451,-4280549,0.829,Yes,117,6.8,28,No,1.88,$10M-40M,110-129 min,Under 50,No
37206,A Shine of Rainbows,A Shine of Rainbows (2009),2009-10-01,2009,2000s,Oct,10,English,Drama,2,Vic Sarin,Connie Nielsen,6000000,,,,No,101,6.3,14,No,12.1,Under $10M,90-109 min,Under 50,No
12573,A Serious Man,A Serious Man (2009),2009-10-02,2009,2000s,Oct,10,English,Comedy,2,Joel Coen,Michael Stuhlbarg,7000000,31430334,24430334,4.49,Yes,105,6.6,483,Yes,23.61,Under $10M,90-109 min,50-499,No
37707,Splice,Splice (2009),2009-10-06,2009,2000s,Oct,10,English,Horror,3,Vincenzo Natali,Adrien Brody,26000000,,,,No,104,5.5,671,Yes,23.23,$10M-40M,90-109 min,"500-1,999",No
19908,Zombieland,Zombieland (2009),2009-10-07,2009,2000s,Oct,10,English,Comedy,2,Ruben Fleischer,Jesse Eisenberg,23600000,102391382,78791382,4.339,Yes,88,7.2,3550,Yes,57.3,$10M-40M,Under 90 min,"2,000-4,999",No
14161,2012,2012 (2009),2009-10-10,2009,2000s,Oct,10,English,Action,3,Roland Emmerich,John Cusack,200000000,769653595,569653595,3.848,Yes,158,5.6,4903,Yes,45.27,$100M+,150+ min,"2,000-4,999",No
39800,Life During Wartime,Life During Wartime (2009),2009-10-10,2009,2000s,Oct,10,English,Comedy,2,Todd Solondz,Ally Sheedy,4500000,744816,-3755184,0.166,Yes,97,6.3,30,No,3.11,Under $10M,90-109 min,Under 50,No
43213,Chicago Overcoat,Chicago Overcoat (2009),2009-10-10,2009,2000s,Oct,10,English,Action,3,Brian Caunter,Frank Vincent,3200000,,,,No,95,6.1,5,No,1.03,Under $10M,90-109 min,Under 50,No
183894,Emma,Emma (2009),2009-10-11,2009,2000s,Oct,10,English,Romance,3,Jim O'Hanlon,Romola Garai,,,,,No,240,7.6,38,No,2.14,Unknown,150+ min,Under 50,No
16577,Astro Boy,Astro Boy (2009),2009-10-15,2009,2000s,Oct,10,English,Animation,4,David Bowers,Nicolas Cage,65000000,44091067,-20908933,0.678,Yes,94,6.1,409,Yes,24.86,$40M-100M,90-109 min,50-499,No
22803,Law Abiding Citizen,Law Abiding Citizen (2009),2009-10-15,2009,2000s,Oct,10,English,Drama,3,F. Gary Gray,Jamie Foxx,53000000,126690726,73690726,2.39,Yes,109,7.2,1486,Yes,49.59,$40M-100M,90-109 min,"500-1,999",No
16523,Where the Wild Things Are,Where the Wild Things Are (2009),2009-10-16,2009,2000s,Oct,10,English,Family,2,Spike Jonze,Max Records,100000000,100086793,86793,1.001,Yes,101,6.4,572,Yes,31.59,$100M+,90-109 min,"500-1,999",No
19904,The Stepfather,The Stepfather (2009),2009-10-16,2009,2000s,Oct,10,English,Horror,3,Nelson McCormick,Dylan Walsh,,,,,No,101,5.4,167,Yes,7.92,Unknown,90-109 min,50-499,No
26466,Triangle,Triangle (2009),2009-10-16,2009,2000s,Oct,10,English,Horror,1,Christopher Smith,Melissa George,12000000,,,,No,99,6.9,612,Yes,25.5,$10M-40M,90-109 min,"500-1,999",No
25186,Janky Promoters,Janky Promoters (2009),2009-10-16,2009,2000s,Oct,10,English,Comedy,1,Marcus Raboy,Ice Cube,10000000,9069,-9990931,0.001,Yes,85,7.0,5,No,1.73,$10M-40M,Under 90 min,Under 50,No
36970,Oceans,Oceans (2009),2009-10-17,2009,2000s,Oct,10,English,Documentary,2,Jacques Perrin,Pierce Brosnan,,19406406,,,No,84,7.3,111,Yes,10.71,Unknown,Under 90 min,50-499,No
10313,The Men Who Stare at Goats,The Men Who Stare at Goats (2009),2009-10-17,2009,2000s,Oct,10,English,Comedy,2,Grant Heslov,George Clooney,24000000,68729358,44729358,2.864,Yes,93,5.9,742,Yes,20.69,$10M-40M,90-109 min,"500-1,999",No
34653,A Single Man,A Single Man (2009),2009-10-19,2009,2000s,Oct,10,English,Drama,2,Tom Ford,Colin Firth,7000000,,,,No,101,7.3,463,Yes,21.63,Under $10M,90-109 min,50-499,No
48620,The Mighty Macs,The Mighty Macs (2009),2009-10-21,2009,2000s,Oct,10,English,Action,2,Tim Chambers,Carla Gugino,7000000,,,,No,102,5.0,15,No,2.93,Under $10M,90-109 min,Under 50,No
22804,Saw VI,Saw VI (2009),2009-10-22,2009,2000s,Oct,10,English,Horror,2,Kevin Greutert,Tobin Bell,11000000,68233629,57233629,6.203,Yes,90,6.0,722,Yes,31.9,$10M-40M,90-109 min,"500-1,999",No
27588,Forget Me Not,Forget Me Not (2009),2009-10-22,2009,2000s,Oct,10,English,Drama,3,Tyler Oliver,Carly Schroeder,,,,,No,103,5.0,66,Yes,5.07,Unknown,90-109 min,50-499,No
10315,Fantastic Mr. Fox,Fantastic Mr. Fox (2009),2009-10-23,2009,2000s,Oct,10,English,Adventure,4,Wes Anderson,George Clooney,40000000,46471023,6471023,1.162,Yes,87,7.5,1176,Yes,41.26,$40M-100M,Under 90 min,"500-1,999",No
24418,Cirque du Freak: The Vampire's Assistant,Cirque du Freak: The Vampire's Assistant (2009),2009-10-23,2009,2000s,Oct,10,English,Adventure,4,Paul Weitz,John C. Reilly,40000000,28169671,-11830329,0.704,Yes,109,5.5,348,Yes,16.42,$40M-100M,90-109 min,50-499,No
23988,Stan Helsing,Stan Helsing (2009),2009-10-27,2009,2000s,Oct,10,English,Comedy,2,Bo Zenga,Diora Baird,,,,,No,90,4.0,97,Yes,7.41,Unknown,90-109 min,50-499,No
13576,This Is It,This Is It (2009),2009-10-28,2009,2000s,Oct,10,English,Music,2,Kenny Ortega,Michael Jackson,60000000,,,,No,111,6.7,247,Yes,15.8,$40M-100M,110-129 min,50-499,No
27936,Micmacs,Micmacs (2009),2009-10-28,2009,2000s,Oct,10,Other languages,Action,3,Jean-Pierre Jeunet,Dany Boon,33000000,14000000,-19000000,0.424,Yes,100,6.8,148,Yes,7.66,$10M-40M,90-109 min,50-499,No
24684,An Education,An Education (2009),2009-10-29,2009,2000s,Oct,10,English,Drama,2,Lone Scherfig,Carey Mulligan,7500000,26096852,18596852,3.48,Yes,100,6.8,409,Yes,16.99,Under $10M,90-109 min,50-499,No
17979,A Christmas Carol,A Christmas Carol (2009),2009-11-04,2009,2000s,Nov,11,English,Animation,2,Robert Zemeckis,Gary Oldman,200000000,325233863,125233863,1.626,Yes,96,6.6,1095,Yes,39.74,$100M+,90-109 min,"500-1,999",No
29963,Bright Star,Bright Star (2009),2009-11-05,2009,2000s,Nov,11,English,Drama,2,Jane Campion,Abbie Cornish,8500000,4440055,-4059945,0.522,Yes,119,6.8,107,Yes,9.23,Under $10M,110-129 min,50-499,No
41144,To Save A Life,To Save A Life (2009),2009-11-05,2009,2000s,Nov,11,English,Drama,1,Brian Baugh,Randy Wayne,,,,,No,120,6.2,21,No,0.05,Unknown,110-129 min,Under 50,No
25793,Precious,Precious (2009),2009-11-06,2009,2000s,Nov,11,English,Drama,1,Lee Daniels,Gabourey Sidibe,10000000,47536959,37536959,4.754,Yes,110,6.9,417,Yes,18.66,$10M-40M,110-129 min,50-499,No
22824,The Fourth Kind,The Fourth Kind (2009),2009-11-06,2009,2000s,Nov,11,English,Mystery,3,Olatunde Osunsanmi,Milla Jovovich,10000000,42333295,32333295,4.233,Yes,98,5.8,441,Yes,22.89,$10M-40M,90-109 min,50-499,No
37080,Mother and Child,Mother and Child (2009),2009-11-07,2009,2000s,Nov,11,English,Drama,2,Rodrigo García,Naomi Watts,7000000,,,,No,125,6.7,46,No,5.52,Under $10M,110-129 min,Under 50,No
25941,Harry Brown,Harry Brown (2009),2009-11-11,2009,2000s,Nov,11,English,Thriller,4,Daniel Barber,Michael Caine,7300000,10329747,3029747,1.415,Yes,103,6.7,348,Yes,16.83,Under $10M,90-109 min,50-499,No
28089,The Messenger,The Messenger (2009),2009-11-13,2009,2000s,Nov,11,English,Drama,2,Oren Moverman,Ben Foster,6500000,1521261,-4978739,0.234,Yes,113,7.1,119,Yes,8.43,Under $10M,110-129 min,50-499,No
16866,Planet 51,Planet 51 (2009),2009-11-19,2009,2000s,Nov,11,English,Science Fiction,5,Jorge Blanco,Dwayne Johnson,70000000,104945765,34945765,1.499,Yes,91,5.6,556,Yes,23.66,$40M-100M,90-109 min,"500-1,999",No
22881,The Blind Side,The Blind Side (2009),2009-11-20,2009,2000s,Nov,11,English,Drama,1,John Lee Hancock,Sandra Bullock,29000000,309208309,280208309,10.662,Yes,129,7.2,1597,Yes,25.77,$10M-40M,110-129 min,"500-1,999",No
22949,Old Dogs,Old Dogs (2009),2009-11-24,2009,2000s,Nov,11,English,Comedy,2,Walt Becker,Robin Williams,35000000,92219310,57219310,2.635,Yes,88,5.2,210,Yes,13.71,$10M-40M,Under 90 min,50-499,No
22821,The Boondock Saints II: All Saints Day,The Boondock Saints II: All Saints Day (2009),2009-11-24,2009,2000s,Nov,11,English,Action,3,Troy Duffy,Sean Patrick Flanery,8000000,10629321,2629321,1.329,Yes,118,5.9,261,Yes,13.52,Under $10M,110-129 min,50-499,No
20766,The Road,The Road (2009),2009-11-25,2009,2000s,Nov,11,English,Adventure,2,John Hillcoat,Viggo Mortensen,32000000,27635305,-4364695,0.864,Yes,111,6.8,1087,Yes,41.08,$10M-40M,110-129 min,"500-1,999",No
12404,Me and Orson Welles,Me and Orson Welles (2009),2009-11-25,2009,2000s,Nov,11,English,Comedy,3,Richard Linklater,Zac Efron,25000000,2336172,-22663828,0.093,Yes,114,6.6,49,No,3.59,$10M-40M,110-129 min,Under 50,No
30979,The Horse Boy,The Horse Boy (2009),2009-11-25,2009,2000s,Nov,11,English,Documentary,1,Michel O. Scott,Simon Baron-Cohen,,,,,No,93,5.5,2,No,0.47,Unknown,90-109 min,Under 50,No
10197,Nine,Nine (2009),2009-12-03,2009,2000s,Dec,12,English,Drama,3,Rob Marshall,Judi Dench,80000000,53825515,-26174485,0.673,Yes,112,5.1,165,Yes,9.36,$40M-100M,110-129 min,50-499,No
4597,Armored,Armored (2009),2009-12-04,2009,2000s,Dec,12,English,Action,4,Nimród Antal,Columbus Short,20000000,22942221,2942221,1.147,Yes,88,5.5,208,Yes,15.21,$10M-40M,Under 90 min,50-499,No
26171,Everybody's Fine,Everybody's Fine (2009),2009-12-04,2009,2000s,Dec,12,English,Drama,1,Kirk Jones,Robert De Niro,21000000,,,,No,99,6.5,284,Yes,15.44,$10M-40M,90-109 min,50-499,No
26379,Paa,Paa (2009),2009-12-04,2009,2000s,Dec,12,English,Drama,3,Unknown,Amitabh Bachchan,3250000,,,,No,133,6.6,19,No,2.13,Under $10M,130-149 min,Under 50,No
10198,The Princess and the Frog,The Princess and the Frog (2009),2009-12-08,2009,2000s,Dec,12,English,Romance,4,Ron Clements,Anika Noni Rose,105000000,267045765,162045765,2.543,Yes,97,6.7,1247,Yes,62.48,$100M+,90-109 min,"500-1,999",No
19995,Avatar,Avatar (2009),2009-12-10,2009,2000s,Dec,12,English,Action,4,James Cameron,Sam Worthington,237000000,2787965087,2550965087,11.764,Yes,162,7.2,11800,Yes,150.44,$100M+,150+ min,"5,000+",No
22954,Invictus,Invictus (2009),2009-12-10,2009,2000s,Dec,12,English,Drama,2,Clint Eastwood,Morgan Freeman,60000000,122233971,62233971,2.037,Yes,134,7.0,1125,Yes,23.85,$40M-100M,130-149 min,"500-1,999",No
44555,"A Woman, a Gun and a Noodle Shop","A Woman, a Gun and a Noodle Shop (2009)",2009-12-11,2009,2000s,Dec,12,Other languages,Comedy,3,Zhang Yimou,Sun Honglei,,,,,No,95,4.8,13,No,1.42,Unknown,90-109 min,Under 50,No
26815,Rocket Singh: Salesman of the Year,Rocket Singh: Salesman of the Year (2009),2009-12-11,2009,2000s,Dec,12,Other languages,Drama,3,Shimit Amin,Ranbir Kapoor,1250000,,,,No,156,7.0,27,No,3.0,Under $10M,150+ min,Under 50,No
25196,Crazy Heart,Crazy Heart (2009),2009-12-16,2009,2000s,Dec,12,English,Drama,3,Scott Cooper,Jeff Bridges,7000000,39462438,32462438,5.637,Yes,112,6.8,274,Yes,17.7,Under $10M,110-129 min,50-499,No
24438,Did You Hear About the Morgans?,Did You Hear About the Morgans? (2009),2009-12-17,2009,2000s,Dec,12,English,Comedy,1,Marc Lawrence,Hugh Grant,58000000,85280250,27280250,1.47,Yes,103,5.1,276,Yes,14.4,$40M-100M,90-109 min,50-499,No
30596,Bodyguards and Assassins,Bodyguards and Assassins (2009),2009-12-18,2009,2000s,Dec,12,Other languages,Drama,3,Teddy Chan,Donnie Yen,23000000,5837674,-17162326,0.254,Yes,139,6.5,57,Yes,7.88,$10M-40M,130-149 min,50-499,No
23398,Alvin and the Chipmunks: The Squeakquel,Alvin and the Chipmunks: The Squeakquel (2009),2009-12-21,2009,2000s,Dec,12,English,Comedy,5,Betty Thomas,Zachary Levi,75000000,443140005,368140005,5.909,Yes,88,5.4,666,Yes,29.41,$40M-100M,Under 90 min,"500-1,999",No
10528,Sherlock Holmes,Sherlock Holmes (2009),2009-12-23,2009,2000s,Dec,12,English,Action,4,Guy Ritchie,Robert Downey Jr.,90000000,524028679,434028679,5.823,Yes,128,7.0,5766,Yes,57.83,$40M-100M,110-129 min,"5,000+",No
22897,It's Complicated,It's Complicated (2009),2009-12-23,2009,2000s,Dec,12,English,Comedy,2,Nancy Meyers,Meryl Streep,85000000,219103655,134103655,2.578,Yes,121,6.2,360,Yes,16.48,$40M-100M,110-129 min,50-499,No
33511,Nowhere Boy,Nowhere Boy (2009),2009-12-25,2009,2000s,Dec,12,English,Drama,1,Sam Taylor-Johnson,Aaron Taylor-Johnson,,,,,No,98,7.2,244,Yes,1.95,Unknown,90-109 min,50-499,No
7980,The Lovely Bones,The Lovely Bones (2009),2009-12-26,2009,2000s,Dec,12,English,Fantasy,2,Peter Jackson,Rachel Weisz,65000000,93525586,28525586,1.439,Yes,136,6.6,1065,Yes,29.26,$40M-100M,130-149 min,"500-1,999",No
27004,Ca$h,Ca$h (2010),2010-01-01,2010,2010s,Jan,1,English,Crime,3,Stephen Milburn Anderson,Sean Bean,7000000,46488,-6953512,0.007,Yes,108,6.0,73,Yes,8.21,Under $10M,90-109 min,50-499,No
40428,8: The Mormon Proposition,8: The Mormon Proposition (2010),2010-01-01,2010,2010s,Jan,1,English,Documentary,1,Reed Cowan,Rocky Mayor Anderson,,,,,No,80,5.5,6,No,0.42,Unknown,Under 90 min,Under 50,No
34335,Nine Dead,Nine Dead (2010),2010-01-01,2010,2010s,Jan,1,English,Crime,4,Chris Shadley,Melissa Joan Hart,2000000,,,,No,98,5.2,84,Yes,9.69,Under $10M,90-109 min,50-499,No
68412,3 Backyards,3 Backyards (2010),2010-01-01,2010,2010s,Jan,1,English,Drama,1,Eric Mendelsohn,Edie Falco,,,,,No,88,4.8,4,No,0.18,Unknown,Under 90 min,Under 50,No
69270,Super Hybrid,Super Hybrid (2010),2010-01-01,2010,2010s,Jan,1,English,Horror,1,Eric Valette,Shannon Beckner,13000000,,,,No,95,4.6,24,No,4.01,$10M-40M,90-109 min,Under 50,No
25195,Leap Year,Leap Year (2010),2010-01-08,2010,2010s,Jan,1,English,Romance,2,Anand Tucker,Amy Adams,19000000,29922472,10922472,1.575,Yes,100,6.4,465,Yes,21.96,$10M-40M,90-109 min,50-499,No
38357,Morning Glory,Morning Glory (2010),2010-01-12,2010,2010s,Jan,1,English,Comedy,3,Roger Michell,Rachel McAdams,40000000,58785180,18785180,1.47,Yes,102,6.1,412,Yes,22.49,$40M-100M,90-109 min,50-499,No
44040,Devil,Devil (2010),2010-01-13,2010,2010s,Jan,1,English,Horror,3,John Erick Dowdle,Chris Messina,10000000,33583175,23583175,3.358,Yes,80,5.8,816,Yes,30.93,$10M-40M,Under 90 min,"500-1,999",No
20504,The Book of Eli,The Book of Eli (2010),2010-01-14,2010,2010s,Jan,1,English,Action,3,Albert Hughes,Denzel Washington,80000000,157107755,77107755,1.964,Yes,118,6.6,2164,Yes,32.36,$40M-100M,110-129 min,"2,000-4,999",No
23172,The Spy Next Door,The Spy Next Door (2010),2010-01-15,2010,2010s,Jan,1,English,Action,3,Brian Levant,Amber Valletta,28000000,45236543,17236543,1.616,Yes,94,5.5,345,Yes,14.64,$10M-40M,90-109 min,50-499,No
29920,Easy Money,Easy Money (2010),2010-01-15,2010,2010s,Jan,1,Other languages,Drama,3,Daniel Espinosa,Joel Kinnaman,,,,,No,124,6.5,63,Yes,7.22,Unknown,110-129 min,50-499,No
27569,Extraordinary Measures,Extraordinary Measures (2010),2010-01-21,2010,2010s,Jan,1,English,Drama,1,Tom Vaughan,Harrison Ford,31000000,15134293,-15865707,0.488,Yes,105,6.0,89,Yes,6.49,$10M-40M,90-109 min,50-499,No
22894,Legion,Legion (2010),2010-01-21,2010,2010s,Jan,1,English,Horror,1,Scott Stewart,Paul Bettany,26000000,67918658,41918658,2.612,Yes,100,5.2,629,Yes,30.98,$10M-40M,90-109 min,"500-1,999",No
44718,Get Low,Get Low (2010),2010-01-22,2010,2010s,Jan,1,English,Comedy,3,Aaron Schneider,Bill Murray,7500000,,,,No,103,6.5,100,Yes,6.56,Under $10M,90-109 min,50-499,No
44835,Hesher,Hesher (2010),2010-01-22,2010,2010s,Jan,1,English,Drama,1,Spencer Susser,Joseph Gordon-Levitt,7000000,382946,-6617054,0.055,Yes,106,6.7,212,Yes,13.64,Under $10M,90-109 min,50-499,No
46838,Tucker and Dale vs Evil,Tucker and Dale vs Evil (2010),2010-01-22,2010,2010s,Jan,1,English,Comedy,2,Eli Craig,Alan Tudyk,5000000,5476793,476793,1.095,Yes,89,7.3,847,Yes,19.94,Under $10M,Under 90 min,"500-1,999",No
40247,Please Give,Please Give (2010),2010-01-22,2010,2010s,Jan,1,English,Comedy,2,Nicole Holofcener,Rebecca Hall,3000000,,,,No,90,6.0,57,Yes,5.33,Under $10M,90-109 min,50-499,No
12201,Edge of Darkness,Edge of Darkness (2010),2010-01-29,2010,2010s,Jan,1,English,Crime,4,Martin Campbell,Mel Gibson,80000000,74901339,-5098661,0.936,Yes,117,6.2,487,Yes,24.66,$40M-100M,110-129 min,50-499,No
32657,Percy Jackson & the Olympians: The Lightning Thief,Percy Jackson & the Olympians: The Lightning Thief (2010),2010-02-01,2010,2010s,Feb,2,English,Adventure,3,Chris Columbus,Logan Lerman,95000000,226497209,131497209,2.384,Yes,118,6.0,2010,Yes,61.12,$40M-100M,110-129 min,"2,000-4,999",No
41894,Blood Done Sign My Name,Blood Done Sign My Name (2010),2010-02-01,2010,2010s,Feb,2,English,Drama,2,Jeb Stuart,Natalie Alyn Lind,,,,,No,,6.0,5,No,0.4,Unknown,Unknown,Under 50,No
22971,Dear John,Dear John (2010),2010-02-04,2010,2010s,Feb,2,English,Drama,3,Lasse Hallström,Amanda Seyfried,25000000,114977104,89977104,4.599,Yes,115,6.6,1262,Yes,19.4,$10M-40M,110-129 min,"500-1,999",No
26389,From Paris with Love,From Paris with Love (2010),2010-02-05,2010,2010s,Feb,2,English,Action,3,Pierre Morel,John Travolta,52000000,52826594,826594,1.016,Yes,92,6.1,675,Yes,27.92,$40M-100M,90-109 min,"500-1,999",No
32856,Valentine's Day,Valentine's Day (2010),2010-02-10,2010,2010s,Feb,2,English,Comedy,2,Garry Marshall,Jessica Alba,52000000,216485654,164485654,4.163,Yes,125,5.7,1013,Yes,25.42,$40M-100M,110-129 min,"500-1,999",No
7978,The Wolfman,The Wolfman (2010),2010-02-11,2010,2010s,Feb,2,English,Drama,3,Joe Johnston,Benicio del Toro,150000000,,,,No,102,5.5,549,Yes,21.21,$100M+,90-109 min,"500-1,999",No
11439,The Ghost Writer,The Ghost Writer (2010),2010-02-12,2010,2010s,Feb,2,English,Thriller,2,Roman Polanski,Ewan McGregor,45000000,60222298,15222298,1.338,Yes,128,6.7,670,Yes,21.12,$40M-100M,110-129 min,"500-1,999",No
40794,Loose Cannons,Loose Cannons (2010),2010-02-12,2010,2010s,Feb,2,Other languages,Comedy,3,Ferzan Ozpetek,Nicole Grimaudo,7000000,8220215,1220215,1.174,Yes,110,7.0,118,Yes,7.72,Under $10M,110-129 min,50-499,No
26022,My Name Is Khan,My Name Is Khan (2010),2010-02-12,2010,2010s,Feb,2,English,Drama,2,Karan Johar,Shah Rukh Khan,12000000,42345360,30345360,3.529,Yes,145,7.7,232,Yes,14.72,$10M-40M,130-149 min,50-499,No
23759,Centurion,Centurion (2010),2010-02-15,2010,2010s,Feb,2,English,Adventure,3,Neil Marshall,Michael Fassbender,12000000,6814789,-5185211,0.568,Yes,97,5.9,386,Yes,22.71,$10M-40M,90-109 min,50-499,No
11324,Shutter Island,Shutter Island (2010),2010-02-18,2010,2010s,Feb,2,English,Drama,3,Martin Scorsese,Leonardo DiCaprio,80000000,294804195,214804195,3.685,Yes,138,7.8,6336,Yes,81.91,$40M-100M,130-149 min,"5,000+",No
37414,The Killer Inside Me,The Killer Inside Me (2010),2010-02-19,2010,2010s,Feb,2,English,Crime,3,Michael Winterbottom,Casey Affleck,13000000,,,,No,109,6.0,173,Yes,11.89,$10M-40M,90-109 min,50-499,No
23742,Cop Out,Cop Out (2010),2010-02-26,2010,2010s,Feb,2,English,Action,3,Kevin Smith,Bruce Willis,30000000,55583804,25583804,1.853,Yes,107,5.3,511,Yes,25.83,$10M-40M,90-109 min,"500-1,999",No
29427,The Crazies,The Crazies (2010),2010-02-26,2010,2010s,Feb,2,English,Mystery,3,Breck Eisner,Timothy Olyphant,20000000,54956140,34956140,2.748,Yes,101,6.2,633,Yes,28.87,$10M-40M,90-109 min,"500-1,999",No
12155,Alice in Wonderland,Alice in Wonderland (2010),2010-03-03,2010,2010s,Mar,3,English,Family,3,Tim Burton,Mia Wasikowska,200000000,1025491110,825491110,5.127,Yes,108,6.4,4645,Yes,78.53,$100M+,90-109 min,"2,000-4,999",No
10191,How to Train Your Dragon,How to Train Your Dragon (2010),2010-03-05,2010,2010s,Mar,3,English,Fantasy,4,Chris Sanders,Jay Baruchel,165000000,494878759,329878759,2.999,Yes,98,7.5,4227,Yes,67.26,$100M+,90-109 min,"2,000-4,999",No
34417,Good Intentions,Good Intentions (2010),2010-03-09,2010,2010s,Mar,3,English,Comedy,1,Jim Issa,Luke Perry,,,,,No,85,5.0,6,No,0.3,Unknown,Under 90 min,Under 50,No
22972,Green Zone,Green Zone (2010),2010-03-11,2010,2010s,Mar,3,English,War,5,Paul Greengrass,Matt Damon,100000000,94882889,-5117111,0.949,Yes,115,6.4,717,Yes,30.25,$100M+,110-129 min,"500-1,999",No
34016,She's Out of My League,She's Out of My League (2010),2010-03-11,2010,2010s,Mar,3,English,Comedy,2,Jim Field Smith,Alice Eve,20000000,49779728,29779728,2.489,Yes,104,5.9,525,Yes,16.18,$10M-40M,90-109 min,"500-1,999",No
23169,Remember Me,Remember Me (2010),2010-03-12,2010,2010s,Mar,3,English,Drama,2,Allen Coulter,Robert Pattinson,20000000,,,,No,113,6.9,948,Yes,36.76,$10M-40M,110-129 min,"500-1,999",No
34563,Our Family Wedding,Our Family Wedding (2010),2010-03-12,2010,2010s,Mar,3,English,Comedy,1,Rick Famuyiwa,Forest Whitaker,14000000,21409028,7409028,1.529,Yes,103,5.7,39,No,6.73,$10M-40M,90-109 min,Under 50,No
44594,Barry Munday,Barry Munday (2010),2010-03-13,2010,2010s,Mar,3,English,Comedy,3,Chris D'Arienzo,Patrick Wilson,,,,,No,95,6.3,22,No,1.98,Unknown,90-109 min,Under 50,No
27573,The Bounty Hunter,The Bounty Hunter (2010),2010-03-16,2010,2010s,Mar,3,English,Action,1,Andy Tennant,Gerard Butler,40000000,136000000,96000000,3.4,Yes,110,5.5,858,Yes,33.75,$40M-100M,110-129 min,"500-1,999",No
31867,Repo Men,Repo Men (2010),2010-03-18,2010,2010s,Mar,3,English,Action,4,Miguel Sapochnik,Jude Law,32000000,18409891,-13590109,0.575,Yes,111,6.2,620,Yes,25.8,$10M-40M,110-129 min,"500-1,999",No
36696,Space Dogs,Space Dogs (2010),2010-03-18,2010,2010s,Mar,3,Other languages,Family,2,Inna Evlannikova,Anna Bolshova,25000000,6500000,-18500000,0.26,Yes,85,6.3,10,No,5.75,$10M-40M,Under 90 min,Under 50,No
33217,Diary of a Wimpy Kid,Diary of a Wimpy Kid (2010),2010-03-19,2010,2010s,Mar,3,English,Comedy,2,Thor Freudenthal,Zachary Gordon,15000000,75700498,60700498,5.047,Yes,92,5.9,355,Yes,21.1,$10M-40M,90-109 min,50-499,No
27586,The Runaways,The Runaways (2010),2010-03-19,2010,2010s,Mar,3,English,Drama,2,Floria Sigismondi,Dakota Fanning,10000000,2995811,-7004189,0.3,Yes,106,6.3,254,Yes,17.61,$10M-40M,90-109 min,50-499,No
23483,Kick-Ass,Kick-Ass (2010),2010-03-22,2010,2010s,Mar,3,English,Action,2,Matthew Vaughn,Aaron Taylor-Johnson,28000000,96188903,68188903,3.435,Yes,117,7.1,4645,Yes,45.05,$10M-40M,110-129 min,"2,000-4,999",No
23048,Hot Tub Time Machine,Hot Tub Time Machine (2010),2010-03-26,2010,2010s,Mar,3,English,Science Fiction,3,Steve Pink,John Cusack,36000000,64572262,28572262,1.794,Yes,101,6.0,894,Yes,33.93,$10M-40M,90-109 min,"500-1,999",No
35019,Nanny McPhee and the Big Bang,Nanny McPhee and the Big Bang (2010),2010-03-26,2010,2010s,Mar,3,English,Comedy,2,Susanna White,Emma Thompson,35000000,93246388,58246388,2.664,Yes,109,6.0,436,Yes,23.84,$10M-40M,90-109 min,50-499,No
35690,The Last Song,The Last Song (2010),2010-03-31,2010,2010s,Mar,3,English,Drama,3,Julie Anne Robinson,Miley Cyrus,,,,,No,107,6.9,923,Yes,23.14,Unknown,90-109 min,"500-1,999",No
18823,Clash of the Titans,Clash of the Titans (2010),2010-04-01,2010,2010s,Apr,4,English,Adventure,3,Louis Leterrier,Sam Worthington,125000000,232713139,107713139,1.862,Yes,106,5.6,2233,Yes,47.69,$100M+,90-109 min,"2,000-4,999",No
56601,The Perfect Game,The Perfect Game (2010),2010-04-01,2010,2010s,Apr,4,English,Drama,2,William Dear,Clifton Collins Jr,12500000,3878993,-8621007,0.31,Yes,118,6.3,30,No,0.9,$10M-40M,110-129 min,Under 50,No
35169,Furry Vengeance,Furry Vengeance (2010),2010-04-02,2010,2010s,Apr,4,English,Comedy,1,Roger Kumble,Brendan Fraser,35000000,39340177,4340177,1.124,Yes,92,4.6,149,Yes,13.67,$10M-40M,90-109 min,50-499,No
35688,Why Did I Get Married Too?,Why Did I Get Married Too? (2010),2010-04-02,2010,2010s,Apr,4,English,Comedy,2,Tyler Perry,Tyler Perry,20000000,60072596,40072596,3.004,Yes,121,6.1,29,No,2.99,$10M-40M,110-129 min,Under 50,No
35056,Date Night,Date Night (2010),2010-04-08,2010,2010s,Apr,4,English,Comedy,1,Shawn Levy,Tina Fey,55000000,152263880,97263880,2.768,Yes,97,5.9,1122,Yes,38.06,$40M-100M,90-109 min,"500-1,999",No
36419,After.Life,After.Life (2010),2010-04-09,2010,2010s,Apr,4,English,Drama,4,Agnieszka Wojtowicz-Vosloo,Liam Neeson,4500000,3606395,-893605,0.801,Yes,104,5.4,251,Yes,14.57,Under $10M,90-109 min,50-499,No
35691,Letters to God,Letters to God (2010),2010-04-09,2010,2010s,Apr,4,English,Action,4,David Nixon,Robyn Lively,,,,,No,110,6.5,37,No,3.64,Unknown,110-129 min,Under 50,No
48289,The Debt,The Debt (2010),2010-04-11,2010,2010s,Apr,4,English,Drama,2,John Madden,Helen Mirren,20000000,45636368,25636368,2.282,Yes,113,6.3,257,Yes,14.86,$10M-40M,110-129 min,50-499,No
43418,Beneath Hill 60,Beneath Hill 60 (2010),2010-04-15,2010,2010s,Apr,4,English,Drama,3,Jeremy Sims,Brendan Cowell,7347125,,,,No,122,7.3,40,No,3.95,Under $10M,110-129 min,Under 50,No
72914,"Fat, Sick & Nearly Dead","Fat, Sick & Nearly Dead (2010)",2010-04-16,2010,2010s,Apr,4,English,Documentary,1,Joe Cross,Joe Cross,,,,,No,97,7.1,47,No,0.55,Unknown,90-109 min,Under 50,No
34806,The Back-Up Plan,The Back-Up Plan (2010),2010-04-23,2010,2010s,Apr,4,English,Comedy,2,Alan Poul,Jennifer Lopez,35000000,77477008,42477008,2.214,Yes,106,5.7,458,Yes,18.38,$10M-40M,90-109 min,50-499,No
34813,The Losers,The Losers (2010),2010-04-23,2010,2010s,Apr,4,English,Action,5,Sylvain White,Jeffrey Dean Morgan,25000000,23580000,-1420000,0.943,Yes,97,6.2,515,Yes,24.9,$10M-40M,90-109 min,"500-1,999",No
10138,Iron Man 2,Iron Man 2 (2010),2010-04-28,2010,2010s,Apr,4,English,Adventure,3,Jon Favreau,Robert Downey Jr.,200000000,623933331,423933331,3.12,Yes,124,6.6,6849,Yes,77.3,$100M+,110-129 min,"5,000+",No
58051,Housefull,Housefull (2010),2010-04-30,2010,2010s,Apr,4,Other languages,Drama,4,Sajid Khan,Akshay Kumar,,,,,No,135,5.2,29,No,0.12,Unknown,130-149 min,Under 50,No
43090,Gunless,Gunless (2010),2010-04-30,2010,2010s,Apr,4,English,Drama,4,William Phillips,Sienna Guillory,10000000,,,,No,89,6.7,27,No,3.75,$10M-40M,Under 90 min,Under 50,No
37950,Charlie St. Cloud,Charlie St. Cloud (2010),2010-05-01,2010,2010s,May,5,English,Drama,1,Burr Steers,Zac Efron,44000000,48190704,4190704,1.095,Yes,99,6.8,566,Yes,21.75,$40M-100M,90-109 min,"500-1,999",No
29426,Survival of the Dead,Survival of the Dead (2010),2010-05-06,2010,2010s,May,5,English,Horror,2,George A. Romero,Alan van Sprang,4000000,,,,No,90,4.6,116,Yes,10.79,Under $10M,90-109 min,50-499,No
42057,It's a Wonderful Afterlife,It's a Wonderful Afterlife (2010),2010-05-07,2010,2010s,May,5,English,Comedy,2,Gurinder Chadha,Shabana Azmi,,,,,No,99,4.3,9,No,1.26,Unknown,90-109 min,Under 50,No
37495,Four Lions,Four Lions (2010),2010-05-07,2010,2010s,May,5,English,Comedy,3,Chris Morris,Riz Ahmed,967686,4270000,3302314,4.413,Yes,101,7.0,423,Yes,20.54,Under $10M,90-109 min,50-499,No
41210,The Switch,The Switch (2010),2010-05-11,2010,2010s,May,5,English,Comedy,3,Josh Gordon,Jason Bateman,19000000,49830607,30830607,2.623,Yes,101,5.9,583,Yes,27.49,$10M-40M,90-109 min,"500-1,999",No
20662,Robin Hood,Robin Hood (2010),2010-05-12,2010,2010s,May,5,English,Action,2,Ridley Scott,Russell Crowe,200000000,310669540,110669540,1.553,Yes,140,6.2,1398,Yes,37.67,$100M+,130-149 min,"500-1,999",No
53502,The Dead Undead,The Dead Undead (2010),2010-05-13,2010,2010s,May,5,English,Horror,3,Matthew R. Anderson,Luke Goss,,,,,No,90,3.1,6,No,0.25,Unknown,90-109 min,Under 50,No
37056,Letters to Juliet,Letters to Juliet (2010),2010-05-14,2010,2010s,May,5,English,Comedy,3,Gary Winick,Amanda Seyfried,30000000,,,,No,105,6.6,796,Yes,16.52,$10M-40M,90-109 min,"500-1,999",No
38093,Just Wright,Just Wright (2010),2010-05-14,2010,2010s,May,5,English,Comedy,3,Sanaa Hamri,Queen Latifah,,21520719,,,No,100,6.1,99,Yes,10.41,Unknown,90-109 min,50-499,No
39806,Princess Kaiulani,Princess Kaiulani (2010),2010-05-14,2010,2010s,May,5,English,Drama,1,Marc Forby,Q'orianka Kilcher,9000000,771499,-8228501,0.086,Yes,130,4.8,14,No,0.72,Under $10M,130-149 min,Under 50,No
78394,Sea Rex 3D: Journey to a Prehistoric World,Sea Rex 3D: Journey to a Prehistoric World (2010),2010-05-14,2010,2010s,May,5,English,Documentary,1,Ronan Chapalain,Guillaume Denaiffe,5000000,4074023,-925977,0.815,Yes,41,5.9,11,No,4.5,Under $10M,Under 90 min,Under 50,No
49787,The Reef,The Reef (2010),2010-05-15,2010,2010s,May,5,English,Drama,3,Andrew Traucki,Adrienne Pickering,,,,,No,94,5.4,130,Yes,7.25,Unknown,90-109 min,50-499,No
10192,Shrek Forever After,Shrek Forever After (2010),2010-05-16,2010,2010s,May,5,English,Comedy,5,Mike Mitchell,Mike Myers,165000000,752600867,587600867,4.561,Yes,93,6.0,1959,Yes,44.04,$100M+,90-109 min,"500-1,999",No
46332,Of Gods and Men,Of Gods and Men (2010),2010-05-18,2010,2010s,May,5,Other languages,Drama,2,Xavier Beauvois,Lambert Wilson,4000000,41424067,37424067,10.356,Yes,120,6.5,91,Yes,4.99,Under $10M,110-129 min,50-499,No
9543,Prince of Persia: The Sands of Time,Prince of Persia: The Sands of Time (2010),2010-05-19,2010,2010s,May,5,English,Adventure,4,Mike Newell,Jake Gyllenhaal,150000000,335154643,185154643,2.234,Yes,116,6.2,2317,Yes,62.17,$100M+,110-129 min,"2,000-4,999",No
43434,Carlos,Carlos (2010),2010-05-19,2010,2010s,May,5,English,Crime,4,Olivier Assayas,Edgar Ramírez,18000000,871279,-17128721,0.048,Yes,338,6.7,50,Yes,1.14,$10M-40M,150+ min,50-499,No
38363,Fair Game,Fair Game (2010),2010-05-20,2010,2010s,May,5,English,Drama,2,Doug Liman,Naomi Watts,22000000,24188922,2188922,1.099,Yes,108,6.5,235,Yes,12.55,$10M-40M,90-109 min,50-499,No
62255,Tracker,Tracker (2010),2010-05-20,2010,2010s,May,5,English,Action,4,Ian Sharp,Ray Winstone,6500000,,,,No,102,6.0,16,No,2.07,Under $10M,90-109 min,Under 50,No
324352,Anderson's Cross,Anderson's Cross (2010),2010-05-20,2010,2010s,May,5,English,Romance,3,Jerome Elston Scott,Joanna Cassidy,300000,,,,No,98,,0,No,0.01,Under $10M,90-109 min,Under 50,No
37931,MacGruber,MacGruber (2010),2010-05-21,2010,2010s,May,5,English,Action,3,Jorma Taccone,Will Forte,10000000,6110000,-3890000,0.611,Yes,90,5.1,179,Yes,14.04,$10M-40M,90-109 min,50-499,No
37737,Kites,Kites (2010),2010-05-21,2010,2010s,May,5,English,Drama,3,Anurag Basu,Hrithik Roshan,,,,,No,131,6.0,40,No,4.81,Unknown,130-149 min,Under 50,No
38031,You Will Meet a Tall Dark Stranger,You Will Meet a Tall Dark Stranger (2010),2010-05-23,2010,2010s,May,5,English,Comedy,3,Woody Allen,Gemma Jones,22000000,,,,No,98,5.8,251,Yes,12.47,$10M-40M,90-109 min,50-499,No
37786,Sex and the City 2,Sex and the City 2 (2010),2010-05-26,2010,2010s,May,5,English,Comedy,3,Michael Patrick King,Sarah Jessica Parker,100000000,288347692,188347692,2.883,Yes,146,5.4,426,Yes,18.33,$100M+,130-149 min,50-499,No
37821,Killers,Killers (2010),2010-06-04,2010,2010s,Jun,6,English,Action,4,Robert Luketic,Katherine Heigl,75000000,98159963,23159963,1.309,Yes,100,5.7,772,Yes,23.0,$40M-100M,90-109 min,"500-1,999",No
38579,Marmaduke,Marmaduke (2010),2010-06-04,2010,2010s,Jun,6,English,Family,2,Tom Dey,Owen Wilson,50000000,83761844,33761844,1.675,Yes,87,5.0,149,Yes,12.26,$40M-100M,Under 90 min,50-499,No
32823,Get Him to the Greek,Get Him to the Greek (2010),2010-06-04,2010,2010s,Jun,6,English,Comedy,1,Nicholas Stoller,Jonah Hill,40000000,90029656,50029656,2.251,Yes,109,5.9,612,Yes,17.87,$40M-100M,90-109 min,"500-1,999",No
38570,The 41–Year–Old Virgin Who Knocked Up Sarah Marshall and Felt Superbad About It,The 41–Year–Old Virgin Who Knocked Up Sarah Marshall and Felt Superbad About It (2010),2010-06-08,2010,2010s,Jun,6,English,Comedy,1,Craig Moss,Bryan Callen,,,,,No,82,3.2,34,No,5.63,Unknown,Under 90 min,Under 50,No
62116,Mozart's Sister,Mozart's Sister (2010),2010-06-09,2010,2010s,Jun,6,Other languages,Drama,1,René Féret,Marie Féret,,,,,No,120,6.2,13,No,0.77,Unknown,110-129 min,Under 50,No
39013,Winter's Bone,Winter's Bone (2010),2010-06-11,2010,2010s,Jun,6,English,Drama,1,Debra Granik,Jennifer Lawrence,2000000,13831503,11831503,6.916,Yes,100,6.8,565,Yes,20.83,Under $10M,90-109 min,"500-1,999",No
37834,Knight and Day,Knight and Day (2010),2010-06-15,2010,2010s,Jun,6,English,Action,2,James Mangold,Tom Cruise,117000000,261930431,144930431,2.239,Yes,109,5.9,1547,Yes,44.91,$100M+,90-109 min,"500-1,999",No
170480,The Deported,The Deported (2010),2010-06-15,2010,2010s,Jun,6,English,Comedy,2,Lance Kawas,Nicholas Turturro,,,,,No,90,,0,No,0.19,Unknown,90-109 min,Under 50,No
10193,Toy Story 3,Toy Story 3 (2010),2010-06-16,2010,2010s,Jun,6,English,Animation,3,Lee Unkrich,Tom Hanks,200000000,1066969703,866969703,5.335,Yes,103,7.6,4597,Yes,60.0,$100M+,90-109 min,"2,000-4,999",No
44147,Wild Target,Wild Target (2010),2010-06-17,2010,2010s,Jun,6,English,Action,2,Jonathan Lynn,Bill Nighy,8000000,3453043,-4546957,0.432,Yes,98,6.4,215,Yes,10.79,Under $10M,90-109 min,50-499,No
43947,I Spit on Your Grave,I Spit on Your Grave (2010),2010-06-17,2010,2010s,Jun,6,English,Thriller,3,Steven R. Monroe,Sarah Butler,2000000,572809,-1427191,0.286,Yes,108,6.3,519,Yes,26.28,Under $10M,90-109 min,"500-1,999",No
20533,Jonah Hex,Jonah Hex (2010),2010-06-18,2010,2010s,Jun,6,English,Action,5,Jimmy Hayward,Josh Brolin,47000000,10539000,-36461000,0.224,Yes,80,4.4,420,Yes,22.58,$40M-100M,Under 90 min,50-499,No
39053,Cyrus,Cyrus (2010),2010-06-18,2010,2010s,Jun,6,English,Comedy,3,Jay Duplass,John C. Reilly,7000000,,,,No,91,6.1,133,Yes,15.21,Under $10M,90-109 min,50-499,No
43933,Monsters,Monsters (2010),2010-06-18,2010,2010s,Jun,6,English,Drama,3,Gareth Edwards,Whitney Able,500000,4242978,3742978,8.486,Yes,94,6.2,587,Yes,26.41,Under $10M,90-109 min,"500-1,999",No
24021,The Twilight Saga: Eclipse,The Twilight Saga: Eclipse (2010),2010-06-23,2010,2010s,Jun,6,English,Adventure,4,David Slade,Kristen Stewart,68000000,698491347,630491347,10.272,Yes,124,5.8,2301,Yes,107.07,$40M-100M,110-129 min,"2,000-4,999",No
38365,Grown Ups,Grown Ups (2010),2010-06-24,2010,2010s,Jun,6,English,Comedy,1,Dennis Dugan,Adam Sandler,80000000,271430189,191430189,3.393,Yes,102,6.0,1705,Yes,38.86,$40M-100M,90-109 min,"500-1,999",No
10196,The Last Airbender,The Last Airbender (2010),2010-06-30,2010,2010s,Jun,6,English,Action,4,M. Night Shyamalan,Noah Ringer,150000000,318502923,168502923,2.123,Yes,103,4.7,1151,Yes,33.77,$100M+,90-109 min,"500-1,999",No
39845,Love Ranch,Love Ranch (2010),2010-06-30,2010,2010s,Jun,6,English,Drama,1,Taylor Hackford,Helen Mirren,,,,,No,117,6.0,21,No,5.0,Unknown,110-129 min,Under 50,No
66195,The Perfect Host,The Perfect Host (2010),2010-07-01,2010,2010s,Jul,7,English,Comedy,3,Nick Tomnay,David Hyde Pierce,,14870,,,No,93,6.2,135,Yes,6.51,Unknown,90-109 min,50-499,No
34851,Predators,Predators (2010),2010-07-03,2010,2010s,Jul,7,English,Action,4,Nimród Antal,Topher Grace,40000000,126248813,86248813,3.156,Yes,107,6.0,1206,Yes,47.65,$40M-100M,90-109 min,"500-1,999",No
43923,It's Kind of a Funny Story,It's Kind of a Funny Story (2010),2010-07-06,2010,2010s,Jul,7,English,Comedy,2,Ryan Fleck,Keir Gilchrist,8000000,6491240,-1508760,0.811,Yes,101,6.9,672,Yes,13.14,Under $10M,90-109 min,"500-1,999",No
47546,I Want Your Money,I Want Your Money (2010),2010-07-06,2010,2010s,Jul,7,English,Documentary,1,Unknown,Unknown,,,,,No,92,3.8,5,No,0.08,Unknown,90-109 min,Under 50,No
20352,Despicable Me,Despicable Me (2010),2010-07-08,2010,2010s,Jul,7,English,Animation,2,Pierre Coffin,Steve Carell,69000000,543513985,474513985,7.877,Yes,95,7.1,6478,Yes,113.86,$40M-100M,90-109 min,"5,000+",No
39781,The Kids Are All Right,The Kids Are All Right (2010),2010-07-09,2010,2010s,Jul,7,English,Comedy,2,Lisa Cholodenko,Julianne Moore,3500000,34705850,31205850,9.916,Yes,106,6.5,506,Yes,15.34,Under $10M,90-109 min,"500-1,999",No
45649,Rubber,Rubber (2010),2010-07-09,2010,2010s,Jul,7,English,Comedy,5,Quentin Dupieux,Thomas F. Duffy,500000,98017,-401983,0.196,Yes,85,5.7,251,Yes,9.11,Under $10M,Under 90 min,50-499,No
41216,Legend of the Guardians: The Owls of Ga'Hoole,Legend of the Guardians: The Owls of Ga'Hoole (2010),2010-07-10,2010,2010s,Jul,7,English,Animation,4,Zack Snyder,Emily Barclay,80000000,140073390,60073390,1.751,Yes,97,6.5,703,Yes,37.32,$40M-100M,90-109 min,"500-1,999",No
27022,The Sorcerer's Apprentice,The Sorcerer's Apprentice (2010),2010-07-13,2010,2010s,Jul,7,English,Fantasy,5,Jon Turteltaub,Nicolas Cage,150000000,215283742,65283742,1.435,Yes,109,5.8,1470,Yes,35.58,$100M+,90-109 min,"500-1,999",No
27205,Inception,Inception (2010),2010-07-14,2010,2010s,Jul,7,English,Action,5,Christopher Nolan,Leonardo DiCaprio,160000000,825532764,665532764,5.16,Yes,148,8.1,13752,Yes,167.58,$100M+,130-149 min,"5,000+",No
72913,Amigo,Amigo (2010),2010-07-14,2010,2010s,Jul,7,English,Drama,3,John Sayles,Chris Cooper,1200000,,,,No,128,6.0,2,No,0.19,Under $10M,110-129 min,Under 50,No
59457,Womb,Womb (2010),2010-07-15,2010,2010s,Jul,7,English,Romance,2,Benedek Fliegauf,Eva Green,3100000,,,,No,111,5.9,92,Yes,7.45,Under $10M,110-129 min,50-499,No
55567,Standing Ovation,Standing Ovation (2010),2010-07-16,2010,2010s,Jul,7,English,Comedy,3,Stewart Raffill,Kayla Jackson,,531826,,,No,105,3.9,6,No,0.31,Unknown,90-109 min,Under 50,No
27576,Salt,Salt (2010),2010-07-21,2010,2010s,Jul,7,English,Action,3,Phillip Noyce,Angelina Jolie,110000000,293329073,183329073,2.667,Yes,100,6.2,2093,Yes,48.83,$100M+,90-109 min,"2,000-4,999",No
38843,Ramona and Beezus,Ramona and Beezus (2010),2010-07-23,2010,2010s,Jul,7,English,Comedy,2,Elizabeth Allen Rosenbaum,Joey King,,,,,No,103,6.1,245,Yes,9.68,Unknown,90-109 min,50-499,No
22538,Scott Pilgrim vs. the World,Scott Pilgrim vs. the World (2010),2010-07-27,2010,2010s,Jul,7,English,Action,3,Edgar Wright,Michael Cera,60000000,47664559,-12335441,0.794,Yes,112,7.2,2126,Yes,38.89,$40M-100M,110-129 min,"2,000-4,999",No
39691,Cats & Dogs 2 : The Revenge of Kitty Galore,Cats & Dogs 2 : The Revenge of Kitty Galore (2010),2010-07-30,2010,2010s,Jul,7,English,Comedy,2,Brad Peyton,James Marsden,85000000,112483764,27483764,1.323,Yes,82,4.9,119,Yes,11.77,$40M-100M,Under 90 min,50-499,No
38778,Dinner for Schmucks,Dinner for Schmucks (2010),2010-07-30,2010,2010s,Jul,7,English,Comedy,1,Jay Roach,Steve Carell,69000000,86387857,17387857,1.252,Yes,114,5.5,531,Yes,11.02,$40M-100M,110-129 min,"500-1,999",No
47088,The Extra Man,The Extra Man (2010),2010-08-01,2010,2010s,Aug,8,English,Comedy,1,Shari Springer Berman,Kevin Kline,7000000,453079,-6546921,0.065,Yes,108,5.9,29,No,2.27,Under $10M,90-109 min,Under 50,No
27578,The Expendables,The Expendables (2010),2010-08-03,2010,2010s,Aug,8,English,Thriller,3,Sylvester Stallone,Sylvester Stallone,80000000,274470394,194470394,3.431,Yes,103,6.0,2926,Yes,77.58,$40M-100M,90-109 min,"2,000-4,999",No
49953,A Turtle's Tale: Sammy's Adventures,A Turtle's Tale: Sammy's Adventures (2010),2010-08-03,2010,2010s,Aug,8,English,Animation,2,Ben Stassen,Yuri Lowenthal,,,,,No,88,5.6,151,Yes,15.81,Unknown,Under 90 min,50-499,No
41233,Step Up 3D,Step Up 3D (2010),2010-08-04,2010,2010s,Aug,8,English,Drama,2,Jon M. Chu,Rick Malambri,30000000,159291809,129291809,5.31,Yes,107,6.6,582,Yes,25.06,$10M-40M,90-109 min,"500-1,999",No
27581,The Other Guys,The Other Guys (2010),2010-08-06,2010,2010s,Aug,8,English,Action,3,Adam McKay,Will Ferrell,100000000,170432927,70432927,1.704,Yes,107,6.1,1383,Yes,24.4,$100M+,90-109 min,"500-1,999",No
43949,Flipped,Flipped (2010),2010-08-06,2010,2010s,Aug,8,English,Romance,2,Rob Reiner,Madeline Carroll,14000000,1755212,-12244788,0.125,Yes,89,7.4,418,Yes,24.21,$10M-40M,Under 90 min,50-499,No
38167,Eat Pray Love,Eat Pray Love (2010),2010-08-12,2010,2010s,Aug,8,English,Drama,1,Ryan Murphy,Julia Roberts,60000000,204594016,144594016,3.41,Yes,133,5.8,636,Yes,28.8,$40M-100M,130-149 min,"500-1,999",No
10140,The Chronicles of Narnia: The Voyage of the Dawn Treader,The Chronicles of Narnia: The Voyage of the Dawn Treader (2010),2010-08-13,2010,2010s,Aug,8,English,Adventure,3,Michael Apted,Skandar Keynes,155000000,415686217,260686217,2.682,Yes,113,6.2,1514,Yes,49.66,$100M+,110-129 min,"500-1,999",No
40264,Vampires Suck,Vampires Suck (2010),2010-08-18,2010,2010s,Aug,8,English,Horror,2,Jason Friedberg,Chris Riggi,20000000,80547866,60547866,4.027,Yes,82,4.2,315,Yes,17.17,$10M-40M,Under 90 min,50-499,No
39486,Secretariat,Secretariat (2010),2010-08-20,2010,2010s,Aug,8,English,Drama,1,Randall Wallace,Diane Lane,35000000,60251371,25251371,1.721,Yes,123,6.8,103,Yes,9.53,$10M-40M,110-129 min,50-499,No
43593,Piranha 3D,Piranha 3D (2010),2010-08-20,2010,2010s,Aug,8,English,Comedy,2,Alexandre Aja,Elisabeth Shue,24000000,83188165,59188165,3.466,Yes,88,5.3,581,Yes,23.34,$10M-40M,Under 90 min,"500-1,999",No
41382,Lottery Ticket,Lottery Ticket (2010),2010-08-20,2010,2010s,Aug,8,English,Comedy,1,Erik White,Shad Moss,,,,,No,99,5.6,54,Yes,9.05,Unknown,90-109 min,50-499,No
22907,Takers,Takers (2010),2010-08-26,2010,2010s,Aug,8,English,Action,4,John Luessenhop,Chris Brown,32000000,69055695,37055695,2.158,Yes,107,6.0,394,Yes,18.47,$10M-40M,90-109 min,50-499,No
38358,The Last Exorcism,The Last Exorcism (2010),2010-08-27,2010,2010s,Aug,8,English,Horror,3,Daniel Stamm,Ashley Bell,1800000,67738090,65938090,37.632,Yes,87,5.6,328,Yes,14.84,Under $10M,Under 90 min,50-499,No
27579,The American,The American (2010),2010-08-31,2010,2010s,Aug,8,English,Crime,3,Anton Corbijn,George Clooney,20000000,65464324,45464324,3.273,Yes,104,5.8,481,Yes,18.63,$10M-40M,90-109 min,50-499,No
38073,Going the Distance,Going the Distance (2010),2010-09-01,2010,2010s,Sep,9,English,Comedy,3,Nanette Burstein,Drew Barrymore,32000000,42045846,10045846,1.314,Yes,102,6.0,262,Yes,13.61,$10M-40M,90-109 min,50-499,No
44092,Reign of Assassins,Reign of Assassins (2010),2010-09-01,2010,2010s,Sep,9,Other languages,History,2,John Woo,Michelle Yeoh,12000000,,,,No,117,6.7,57,Yes,4.93,$10M-40M,110-129 min,50-499,No
23631,Machete,Machete (2010),2010-09-01,2010,2010s,Sep,9,English,Action,3,Robert Rodriguez,Danny Trejo,20000000,31327899,11327899,1.566,Yes,105,6.3,1150,Yes,26.4,$10M-40M,90-109 min,"500-1,999",No
300327,Death Calls,Death Calls (2010),2010-09-01,2010,2010s,Sep,9,English,No genre,0,Unknown,Unknown,,,,,No,,,0,No,0.01,Unknown,Unknown,Under 50,No
33909,Wall Street: Money Never Sleeps,Wall Street: Money Never Sleeps (2010),2010-09-02,2010,2010s,Sep,9,English,Drama,2,Oliver Stone,Michael Douglas,70000000,134748021,64748021,1.925,Yes,133,5.8,493,Yes,23.26,$40M-100M,130-149 min,50-499,No
39210,Somewhere,Somewhere (2010),2010-09-03,2010,2010s,Sep,9,English,Comedy,2,Sofia Coppola,Stephen Dorff,8000000,,,,No,98,6.0,208,Yes,9.59,Under $10M,90-109 min,50-499,No
46738,Incendies,Incendies (2010),2010-09-04,2010,2010s,Sep,9,Other languages,Drama,3,Denis Villeneuve,Lubna Azabal,6800000,7103838,303838,1.045,Yes,130,7.9,479,Yes,21.29,Under $10M,130-149 min,50-499,No
57120,Meek's Cutoff,Meek's Cutoff (2010),2010-09-05,2010,2010s,Sep,9,English,Drama,2,Kelly Reichardt,Michelle Williams,,876302,,,No,104,6.5,77,Yes,4.75,Unknown,90-109 min,50-499,No
45269,The King's Speech,The King's Speech (2010),2010-09-06,2010,2010s,Sep,9,English,Drama,2,Tom Hooper,Colin Firth,15000000,414211549,399211549,27.614,Yes,118,7.6,2752,Yes,54.05,$10M-40M,110-129 min,"2,000-4,999",No
35791,Resident Evil: Afterlife,Resident Evil: Afterlife (2010),2010-09-09,2010,2010s,Sep,9,English,Action,4,Paul W.S. Anderson,Milla Jovovich,60000000,300228084,240228084,5.004,Yes,97,5.8,1363,Yes,2.14,$40M-100M,90-109 min,"500-1,999",No
45132,Super,Super (2010),2010-09-09,2010,2010s,Sep,9,English,Comedy,3,James Gunn,Rainn Wilson,2500000,324138,-2175862,0.13,Yes,96,6.6,441,Yes,12.2,Under $10M,90-109 min,50-499,No
60309,The Conspirator,The Conspirator (2010),2010-09-10,2010,2010s,Sep,9,English,Crime,3,Robert Redford,Evan Rachel Wood,25000000,15478800,-9521200,0.619,Yes,122,6.2,137,Yes,9.17,$10M-40M,110-129 min,50-499,No
37735,Easy A,Easy A (2010),2010-09-10,2010,2010s,Sep,9,English,Comedy,1,Will Gluck,Emma Stone,8000000,74952305,66952305,9.369,Yes,92,6.7,2210,Yes,45.4,Under $10M,90-109 min,"2,000-4,999",No
44945,Trust,Trust (2010),2010-09-10,2010,2010s,Sep,9,English,Crime,3,David Schwimmer,Clive Owen,9500000,120000,-9380000,0.013,Yes,104,6.6,307,Yes,21.23,Under $10M,90-109 min,50-499,No
42889,The Virginity Hit,The Virginity Hit (2010),2010-09-10,2010,2010s,Sep,9,English,Comedy,1,Huck Botko,Matt Bennett,2000000,563706,-1436294,0.282,Yes,120,4.6,19,No,3.13,Under $10M,110-129 min,Under 50,No
46138,Made in Dagenham,Made in Dagenham (2010),2010-09-11,2010,2010s,Sep,9,English,Comedy,3,Nigel Cole,Sally Hawkins,7200000,,,,No,113,6.6,94,Yes,6.14,Under $10M,110-129 min,50-499,No
55347,Beginners,Beginners (2010),2010-09-11,2010,2010s,Sep,9,English,Drama,3,Mike Mills,Ewan McGregor,3200000,5332926,2132926,1.667,Yes,105,6.8,347,Yes,11.93,Under $10M,90-109 min,50-499,No
62728,Brighton Rock,Brighton Rock (2010),2010-09-13,2010,2010s,Sep,9,English,Drama,3,Rowan Joffe,Andy Serkis,,,,,No,111,5.6,35,No,3.12,Unknown,110-129 min,Under 50,No
49018,Insidious,Insidious (2010),2010-09-13,2010,2010s,Sep,9,English,Horror,2,James Wan,Patrick Wilson,1500000,97009150,95509150,64.673,Yes,103,6.8,1737,Yes,58.59,Under $10M,90-109 min,"500-1,999",No
23168,The Town,The Town (2010),2010-09-15,2010,2010s,Sep,9,English,Crime,3,Ben Affleck,Ben Affleck,37000000,154026136,117026136,4.163,Yes,125,7.0,1468,Yes,24.22,$10M-40M,110-129 min,"500-1,999",No
42188,Never Let Me Go,Never Let Me Go (2010),2010-09-15,2010,2010s,Sep,9,English,Drama,3,Mark Romanek,Carey Mulligan,15000000,9455232,-5544768,0.63,Yes,104,6.8,737,Yes,30.98,$10M-40M,90-109 min,"500-1,999",No
53457,Sarah's Key,Sarah's Key (2010),2010-09-16,2010,2010s,Sep,9,Other languages,Drama,2,Gilles Paquet-Brenner,Kristin Scott Thomas,10000000,17511906,7511906,1.751,Yes,111,7.2,196,Yes,10.07,$10M-40M,110-129 min,50-499,No
45324,Casino Jack,Casino Jack (2010),2010-09-16,2010,2010s,Sep,9,English,Crime,3,George Hickenlooper,Kevin Spacey,12500000,1083683,-11416317,0.087,Yes,108,6.0,94,Yes,6.55,$10M-40M,90-109 min,50-499,No
12819,Alpha and Omega,Alpha and Omega (2010),2010-09-17,2010,2010s,Sep,9,English,Family,2,Ben Gluck,Hayden Panettiere,20000000,39300000,19300000,1.965,Yes,88,5.3,124,Yes,12.3,$10M-40M,Under 90 min,50-499,No
38303,You Again,You Again (2010),2010-09-24,2010,2010s,Sep,9,English,Comedy,2,Andy Fickman,Kristen Bell,20000000,32005248,12005248,1.6,Yes,105,6.0,368,Yes,19.96,$10M-40M,90-109 min,50-499,No
26388,Buried,Buried (2010),2010-09-24,2010,2010s,Sep,9,English,Drama,3,Rodrigo Cortés,Ryan Reynolds,1987650,19152480,17164830,9.636,Yes,94,6.6,827,Yes,32.84,Under $10M,90-109 min,"500-1,999",No
37799,The Social Network,The Social Network (2010),2010-09-30,2010,2010s,Sep,9,English,Drama,1,David Fincher,Jesse Eisenberg,40000000,224920315,184920315,5.623,Yes,120,7.1,3391,Yes,69.28,$40M-100M,110-129 min,"2,000-4,999",No
52015,Stake Land,Stake Land (2010),2010-09-30,2010,2010s,Sep,9,English,Drama,5,Jim Mickle,Danielle Harris,650000,33245,-616755,0.051,Yes,98,6.2,285,Yes,12.5,Under $10M,90-109 min,50-499,No
41402,Let Me In,Let Me In (2010),2010-10-01,2010,2010s,Oct,10,English,Drama,3,Matt Reeves,Kodi Smit-McPhee,20000000,24145613,4145613,1.207,Yes,116,6.7,641,Yes,19.71,$10M-40M,110-129 min,"500-1,999",No
38033,Chain Letter,Chain Letter (2010),2010-10-01,2010,2010s,Oct,10,English,Horror,2,Deon Taylor,Nikki Reed,,,,,No,96,3.9,37,No,2.5,Unknown,90-109 min,Under 50,No
43942,Freakonomics,Freakonomics (2010),2010-10-01,2010,2010s,Oct,10,English,Documentary,1,Heidi Ewing,Zoe Sloane,3000000,103735,-2896265,0.035,Yes,93,6.6,36,No,1.78,Under $10M,90-109 min,Under 50,No
69640,Lies in Plain Sight,Lies in Plain Sight (2010),2010-10-03,2010,2010s,Oct,10,English,Drama,3,Patricia Cardoso,Martha Higareda,,,,,No,88,4.5,4,No,0.48,Unknown,Under 90 min,Under 50,No
50135,Animals United,Animals United (2010),2010-10-07,2010,2010s,Oct,10,Other languages,Animation,3,Reinhard Klooss,Christoph Maria Herbst,,,,,No,93,5.5,90,Yes,8.01,Unknown,90-109 min,50-499,No
44113,Stone,Stone (2010),2010-10-07,2010,2010s,Oct,10,English,Drama,1,John Curran,Frances Conroy,22000000,9479718,-12520282,0.431,Yes,105,5.2,192,Yes,12.45,$10M-40M,90-109 min,50-499,No
46252,Rust,Rust (2010),2010-10-07,2010,2010s,Oct,10,English,Drama,1,Corbin Bernsen,Corbin Bernsen,,,,,No,94,,0,No,0.4,Unknown,90-109 min,Under 50,No
43931,My Soul to Take,My Soul to Take (2010),2010-10-08,2010,2010s,Oct,10,English,Drama,4,Wes Craven,Max Thieriot,25000000,19829957,-5170043,0.793,Yes,107,5.2,147,Yes,7.0,$10M-40M,90-109 min,50-499,No
44639,Inside Job,Inside Job (2010),2010-10-08,2010,2010s,Oct,10,English,Documentary,1,Charles Ferguson,Matt Damon,2000000,7871522,5871522,3.936,Yes,109,7.7,286,Yes,16.93,Under $10M,90-109 min,50-499,No
39514,RED,RED (2010),2010-10-13,2010,2010s,Oct,10,English,Action,5,Robert Schwentke,Bruce Willis,58000000,71664962,13664962,1.236,Yes,111,6.6,2808,Yes,41.43,$40M-100M,110-129 min,"2,000-4,999",No
44603,Hereafter,Hereafter (2010),2010-10-15,2010,2010s,Oct,10,English,Drama,2,Clint Eastwood,Matt Damon,50000000,105197635,55197635,2.104,Yes,129,5.8,510,Yes,13.37,$40M-100M,110-129 min,"500-1,999",No
16290,Jackass 3D,Jackass 3D (2010),2010-10-15,2010,2010s,Oct,10,English,Comedy,3,Jeff Tremaine,Johnny Knoxville,20000000,117224271,97224271,5.861,Yes,94,6.4,428,Yes,20.99,$10M-40M,90-109 min,50-499,No
45658,Everything Must Go,Everything Must Go (2010),2010-10-15,2010,2010s,Oct,10,English,Comedy,3,Dan Rush,Rebecca Hall,5000000,2614773,-2385227,0.523,Yes,97,6.0,208,Yes,9.17,Under $10M,90-109 min,50-499,No
66468,N-Secure,N-Secure (2010),2010-10-15,2010,2010s,Oct,10,English,Drama,3,David M. Matthews,Cordell Moore,,2592808,,,No,,4.3,4,No,0.13,Unknown,Unknown,Under 50,No
45958,Biutiful,Biutiful (2010),2010-10-20,2010,2010s,Oct,10,Other languages,Drama,1,Alejandro González Iñárritu,Javier Bardem,,25147786,,,No,148,7.0,291,Yes,13.93,Unknown,130-149 min,50-499,No
48034,Little White Lies,Little White Lies (2010),2010-10-20,2010,2010s,Oct,10,Other languages,Comedy,2,Guillaume Canet,François Cluzet,25000000,48531470,23531470,1.941,Yes,154,7.1,380,Yes,15.28,$10M-40M,150+ min,50-499,No
41436,Paranormal Activity 2,Paranormal Activity 2 (2010),2010-10-20,2010,2010s,Oct,10,English,Horror,2,Tod Williams,Katie Featherston,3000000,177512032,174512032,59.171,Yes,91,5.7,722,Yes,22.79,Under $10M,90-109 min,"500-1,999",No
41439,Saw: The Final Chapter,Saw: The Final Chapter (2010),2010-10-21,2010,2010s,Oct,10,English,Horror,2,Kevin Greutert,Tobin Bell,20000000,136150434,116150434,6.808,Yes,90,5.8,730,Yes,36.13,$10M-40M,90-109 min,"500-1,999",No
46829,Barney's Version,Barney's Version (2010),2010-10-26,2010,2010s,Oct,10,English,Comedy,2,Richard J. Lewis,Paul Giamatti,30000000,8454301,-21545699,0.282,Yes,134,7.2,129,Yes,4.95,$10M-40M,130-149 min,50-499,No
38055,Megamind,Megamind (2010),2010-10-28,2010,2010s,Oct,10,English,Animation,5,Tom McGrath,Will Ferrell,130000000,321887208,191887208,2.476,Yes,95,6.7,1918,Yes,68.76,$100M+,90-109 min,"500-1,999",No
31007,Welcome to the Rileys,Welcome to the Rileys (2010),2010-10-29,2010,2010s,Oct,10,English,Drama,1,Jake Scott,Kristen Stewart,,42145,,,No,110,6.4,139,Yes,6.09,Unknown,110-129 min,50-499,No
46146,Troll Hunter,Troll Hunter (2010),2010-10-29,2010,2010s,Oct,10,Other languages,Fantasy,2,André Øvredal,Otto Jespersen,3500000,4159678,659678,1.188,Yes,103,6.7,583,Yes,12.98,Under $10M,90-109 min,"500-1,999",No
44048,Unstoppable,Unstoppable (2010),2010-11-04,2010,2010s,Nov,11,English,Action,2,Tony Scott,Denzel Washington,100000000,167805466,67805466,1.678,Yes,98,6.3,1165,Yes,37.7,$100M+,90-109 min,"500-1,999",No
41733,Due Date,Due Date (2010),2010-11-04,2010,2010s,Nov,11,English,Comedy,2,Todd Phillips,Robert Downey Jr.,65000000,211780824,146780824,3.258,Yes,95,6.2,1685,Yes,43.87,$40M-100M,90-109 min,"500-1,999",No
44944,For Colored Girls,For Colored Girls (2010),2010-11-05,2010,2010s,Nov,11,English,Drama,1,Tyler Perry,Kimberly Elise,,37000000,,,No,134,7.0,22,No,1.93,Unknown,130-149 min,Under 50,No
44115,127 Hours,127 Hours (2010),2010-11-05,2010,2010s,Nov,11,English,Adventure,3,Danny Boyle,James Franco,18000000,35692920,17692920,1.983,Yes,94,7.0,2606,Yes,52.46,$10M-40M,90-109 min,"2,000-4,999",No
44009,Another Year,Another Year (2010),2010-11-05,2010,2010s,Nov,11,English,Comedy,2,Mike Leigh,Jim Broadbent,8000000,18124262,10124262,2.266,Yes,129,7.0,97,Yes,7.24,Under $10M,110-129 min,50-499,No
46261,Don't Be Afraid of the Dark,Don't Be Afraid of the Dark (2010),2010-11-06,2010,2010s,Nov,11,English,Fantasy,3,Troy Nixey,Katie Holmes,25000000,36993168,11993168,1.48,Yes,99,5.4,341,Yes,14.56,$10M-40M,90-109 min,50-499,No
42684,Skyline,Skyline (2010),2010-11-11,2010,2010s,Nov,11,English,Science Fiction,1,Colin Strause,Eric Balfour,10000000,66821036,56821036,6.682,Yes,100,4.7,507,Yes,26.27,$10M-40M,90-109 min,"500-1,999",No
47607,Tiny Furniture,Tiny Furniture (2010),2010-11-12,2010,2010s,Nov,11,English,Romance,3,Lena Dunham,Lena Dunham,65000,416498,351498,6.408,Yes,99,5.6,59,Yes,2.38,Under $10M,90-109 min,50-499,No
43539,The Next Three Days,The Next Three Days (2010),2010-11-18,2010,2010s,Nov,11,English,Romance,4,Paul Haggis,Russell Crowe,30000000,51148651,21148651,1.705,Yes,133,6.9,905,Yes,34.42,$10M-40M,130-149 min,"500-1,999",No
43347,Love & Other Drugs,Love & Other Drugs (2010),2010-11-22,2010,2010s,Nov,11,English,Drama,3,Edward Zwick,Jake Gyllenhaal,30000000,102820008,72820008,3.427,Yes,112,6.6,1233,Yes,20.24,$10M-40M,110-129 min,"500-1,999",No
42297,Burlesque,Burlesque (2010),2010-11-23,2010,2010s,Nov,11,English,Drama,2,Steve Antin,Cher,55000000,89519773,34519773,1.628,Yes,119,6.9,573,Yes,22.86,$40M-100M,110-129 min,"500-1,999",No
41283,Faster,Faster (2010),2010-11-23,2010,2010s,Nov,11,English,Crime,4,"George Tillman, Jr.",Dwayne Johnson,24000000,23081726,-918274,0.962,Yes,98,6.1,568,Yes,26.32,$10M-40M,90-109 min,"500-1,999",No
38757,Tangled,Tangled (2010),2010-11-24,2010,2010s,Nov,11,English,Animation,2,Byron Howard,Zachary Levi,260000000,591794936,331794936,2.276,Yes,100,7.4,3330,Yes,48.68,$100M+,90-109 min,"2,000-4,999",No
49852,The Nutcracker: The Untold Story,The Nutcracker: The Untold Story (2010),2010-11-24,2010,2010s,Nov,11,English,Fantasy,3,Andrei Konchalovsky,Elle Fanning,90000000,16178959,-73821041,0.18,Yes,110,5.4,50,Yes,3.59,$40M-100M,110-129 min,50-499,No
50848,The Names of Love,The Names of Love (2010),2010-11-24,2010,2010s,Nov,11,Other languages,Drama,3,Michel Leclerc,Jacques Gamblin,4600000,,,,No,100,7.3,93,Yes,6.37,Under $10M,90-109 min,50-499,No
77934,The Christmas Bunny,The Christmas Bunny (2010),2010-11-28,2010,2010s,Nov,11,English,Drama,2,Tom Seidman ,Sophie Bolen,250000,,,,No,96,5.7,7,No,0.07,Under $10M,90-109 min,Under 50,No
61984,Space Battleship Yamato,Space Battleship Yamato (2010),2010-12-01,2010,2010s,Dec,12,Other languages,Science Fiction,1,Takashi Yamazaki,Hiroyuki Ikeuchi,12000000,11212294,-787706,0.934,Yes,131,6.3,59,Yes,5.16,$10M-40M,130-149 min,50-499,No
76706,Christmas Mail,Christmas Mail (2010),2010-12-01,2010,2010s,Dec,12,English,Comedy,2,John Murlowski,Ashley Scott,,,,,No,89,5.0,15,No,0.63,Unknown,Under 90 min,Under 50,No
46528,The Warrior's Way,The Warrior's Way (2010),2010-12-02,2010,2010s,Dec,12,English,Adventure,5,Sngmoo Lee,Kate Bosworth,42000000,11087569,-30912431,0.264,Yes,100,6.3,136,Yes,7.35,$40M-100M,90-109 min,50-499,No
44214,Black Swan,Black Swan (2010),2010-12-02,2010,2010s,Dec,12,English,Drama,2,Darren Aronofsky,Natalie Portman,13000000,327803731,314803731,25.216,Yes,108,7.3,4430,Yes,91.29,$10M-40M,90-109 min,"2,000-4,999",No
46503,All Good Things,All Good Things (2010),2010-12-03,2010,2010s,Dec,12,English,Drama,5,Andrew Jarecki,Kirsten Dunst,,,,,No,101,5.9,286,Yes,20.09,Unknown,90-109 min,50-499,No
50037,Beyond the Black Rainbow,Beyond the Black Rainbow (2010),2010-12-03,2010,2010s,Dec,12,English,Fantasy,3,Panos Cosmatos,Michael Rogers,1100000,,,,No,110,5.7,77,Yes,7.72,Under $10M,110-129 min,50-499,No
37710,The Tourist,The Tourist (2010),2010-12-08,2010,2010s,Dec,12,English,Action,3,Florian Henckel von Donnersmarck,Johnny Depp,100000000,278731369,178731369,2.787,Yes,103,6.0,1699,Yes,41.43,$100M+,90-109 min,"500-1,999",No
20526,TRON: Legacy,TRON: Legacy (2010),2010-12-10,2010,2010s,Dec,12,English,Adventure,3,Joseph Kosinski,Garrett Hedlund,170000000,400062763,230062763,2.353,Yes,125,6.3,2841,Yes,73.8,$100M+,110-129 min,"2,000-4,999",No
44638,The Tempest,The Tempest (2010),2010-12-10,2010,2010s,Dec,12,English,Drama,2,Julie Taymor,Helen Mirren,20000000,346594,-19653406,0.017,Yes,110,6.0,31,No,3.62,$10M-40M,110-129 min,Under 50,No
52010,"Ultramarines: A Warhammer 40,000 Movie","Ultramarines: A Warhammer 40,000 Movie (2010)",2010-12-10,2010,2010s,Dec,12,English,Animation,2,Martyn Pick,Terence Stamp,,,,,No,76,5.2,27,No,3.89,Unknown,Under 90 min,Under 50,No
41515,Yogi Bear,Yogi Bear (2010),2010-12-11,2010,2010s,Dec,12,English,Comedy,4,Eric Brevig,Dan Aykroyd,80000000,201584141,121584141,2.52,Yes,80,5.2,220,Yes,11.19,$40M-100M,Under 90 min,50-499,No
27585,Rabbit Hole,Rabbit Hole (2010),2010-12-16,2010,2010s,Dec,12,English,Drama,1,John Cameron Mitchell,Nicole Kidman,5000000,5129058,129058,1.026,Yes,91,6.9,165,Yes,10.1,Under $10M,90-109 min,50-499,No
42888,How Do You Know,How Do You Know (2010),2010-12-17,2010,2010s,Dec,12,English,Comedy,3,James L. Brooks,Reese Witherspoon,120000000,48668907,-71331093,0.406,Yes,121,4.9,223,Yes,11.14,$100M+,110-129 min,50-499,No
45317,The Fighter,The Fighter (2010),2010-12-17,2010,2010s,Dec,12,English,Drama,1,David O. Russell,Mark Wahlberg,25000000,93617009,68617009,3.745,Yes,116,7.2,1486,Yes,31.02,$10M-40M,110-129 min,"500-1,999",No
39451,Little Fockers,Little Fockers (2010),2010-12-21,2010,2010s,Dec,12,English,Comedy,2,Paul Weitz,Robert De Niro,100000000,310650585,210650585,3.107,Yes,98,5.4,1060,Yes,32.39,$100M+,90-109 min,"500-1,999",No
44264,True Grit,True Grit (2010),2010-12-22,2010,2010s,Dec,12,English,Drama,3,Joel Coen,Jeff Bridges,38000000,252276927,214276927,6.639,Yes,110,7.2,1668,Yes,49.29,$10M-40M,110-129 min,"500-1,999",No
45272,Country Strong,Country Strong (2010),2010-12-22,2010,2010s,Dec,12,English,Drama,2,Shana Feste,Gwyneth Paltrow,15000000,20529194,5529194,1.369,Yes,117,5.9,80,Yes,7.81,$10M-40M,110-129 min,50-499,No
53256,Three,Three (2010),2010-12-23,2010,2010s,Dec,12,Other languages,Romance,3,Tom Tykwer,Sophie Rois,,2611555,,,No,119,6.3,31,No,5.94,Unknown,110-129 min,Under 50,No
38745,Gulliver's Travels,Gulliver's Travels (2010),2010-12-25,2010,2010s,Dec,12,English,Comedy,1,Rob Letterman,Jack Black,112000000,237382724,125382724,2.119,Yes,85,4.9,621,Yes,22.85,$100M+,Under 90 min,"500-1,999",No
46705,Blue Valentine,Blue Valentine (2010),2010-12-27,2010,2010s,Dec,12,English,Drama,2,Derek Cianfrance,Ryan Gosling,3500000,16566240,13066240,4.733,Yes,112,6.9,890,Yes,26.88,Under $10M,110-129 min,"500-1,999",No
70829,The Last Godfather,The Last Godfather (2010),2010-12-29,2010,2010s,Dec,12,English,Action,3,Shim Hyung-Rae,Harvey Keitel,13400000,16700000,3300000,1.246,Yes,100,4.7,7,No,0.68,$10M-40M,90-109 min,Under 50,No
173931,Legend of a Rabbit,Legend of a Rabbit (2011),2011-01-01,2011,2010s,Jan,1,Other languages,Animation,5,Lijun Sun,Jon Heder,19000000,2570000,-16430000,0.135,Yes,89,3.0,3,No,0.74,$10M-40M,Under 90 min,Under 50,No
40805,The Green Hornet,The Green Hornet (2011),2011-01-12,2011,2010s,Jan,1,English,Action,3,Michel Gondry,Seth Rogen,120000000,227817248,107817248,1.898,Yes,119,5.5,1251,Yes,31.7,$100M+,110-129 min,"500-1,999",No
44564,The Dilemma,The Dilemma (2011),2011-01-13,2011,2010s,Jan,1,English,Comedy,2,Ron Howard,Kevin James,70000000,67112664,-2887336,0.959,Yes,111,5.2,304,Yes,14.78,$40M-100M,110-129 min,50-499,No
27582,The Mechanic,The Mechanic (2011),2011-01-13,2011,2010s,Jan,1,English,Action,3,Simon West,Jason Statham,40000000,51070807,11070807,1.277,Yes,93,6.3,1045,Yes,44.09,$40M-100M,90-109 min,"500-1,999",No
41630,No Strings Attached,No Strings Attached (2011),2011-01-21,2011,2010s,Jan,1,English,Comedy,2,Ivan Reitman,Natalie Portman,25000000,147780440,122780440,5.911,Yes,107,6.1,1331,Yes,38.69,$10M-40M,90-109 min,"500-1,999",No
38117,Beastly,Beastly (2011),2011-01-21,2011,2010s,Jan,1,English,Drama,3,Daniel Barnz,Alex Pettyfer,17000000,43165571,26165571,2.539,Yes,86,6.0,849,Yes,24.05,$10M-40M,Under 90 min,"500-1,999",No
92182,Silent House,Silent House (2011),2011-01-21,2011,2010s,Jan,1,English,Horror,2,Chris Kentis,Elizabeth Olsen,2000000,13101672,11101672,6.551,Yes,85,5.2,125,Yes,11.67,Under $10M,Under 90 min,50-499,No
86812,Sound of My Voice,Sound of My Voice (2011),2011-01-22,2011,2010s,Jan,1,English,Science Fiction,3,Zal Batmanglij,Brit Marling,,,,,No,85,6.3,108,Yes,6.19,Unknown,Under 90 min,50-499,No
48171,The Rite,The Rite (2011),2011-01-28,2011,2010s,Jan,1,English,Drama,3,Mikael Håfström,Anthony Hopkins,37000000,96047633,59047633,2.596,Yes,114,5.8,556,Yes,11.49,$10M-40M,110-129 min,"500-1,999",No
48340,Sanctum,Sanctum (2011),2011-02-03,2011,2010s,Feb,2,English,Action,2,Alister Grierson,Ioan Gruffudd,30000000,108609310,78609310,3.62,Yes,108,5.8,339,Yes,20.06,$10M-40M,90-109 min,50-499,No
49950,The Roommate,The Roommate (2011),2011-02-04,2011,2010s,Feb,2,English,Thriller,3,Christian E. Christiansen,Minka Kelly,16000000,40492759,24492759,2.531,Yes,91,5.3,224,Yes,11.81,$10M-40M,90-109 min,50-499,No
50546,Just Go with It,Just Go with It (2011),2011-02-10,2011,2010s,Feb,2,English,Romance,2,Dennis Dugan,Adam Sandler,80000000,214918407,134918407,2.686,Yes,117,6.3,1543,Yes,37.03,$40M-100M,110-129 min,"500-1,999",No
50780,The Beaver,The Beaver (2011),2011-02-11,2011,2010s,Feb,2,English,Drama,1,Jodie Foster,Jodie Foster,21000000,970816,-20029184,0.046,Yes,91,6.3,276,Yes,13.85,$10M-40M,90-109 min,50-499,No
62630,The Devil's Double,The Devil's Double (2011),2011-02-11,2011,2010s,Feb,2,English,Drama,5,Lee Tamahori,Dominic Cooper,19100000,5728213,-13371787,0.3,Yes,109,6.5,208,Yes,10.56,$10M-40M,90-109 min,50-499,No
54518,Justin Bieber: Never Say Never,Justin Bieber: Never Say Never (2011),2011-02-11,2011,2010s,Feb,2,English,Documentary,3,Jon M. Chu,Justin Bieber,13000000,98441954,85441954,7.572,Yes,105,4.8,154,Yes,6.74,$10M-40M,90-109 min,50-499,No
52067,Cedar Rapids,Cedar Rapids (2011),2011-02-11,2011,2010s,Feb,2,English,Comedy,1,Miguel Arteta,Anne Heche,,6861102,,,No,87,5.9,135,Yes,10.25,Unknown,Under 90 min,50-499,No
66025,Mooz-lum,Mooz-lum (2011),2011-02-11,2011,2010s,Feb,2,English,Drama,1,Qasim Basir,Nia Long,,330048,,,No,95,4.5,3,No,0.41,Unknown,90-109 min,Under 50,No
39513,Paul,Paul (2011),2011-02-14,2011,2010s,Feb,2,English,Adventure,3,Greg Mottola,Seth Rogen,40000000,97552050,57552050,2.439,Yes,104,6.5,1789,Yes,43.15,$40M-100M,90-109 min,"500-1,999",No
101173,Coriolanus,Coriolanus (2011),2011-02-14,2011,2010s,Feb,2,English,Drama,2,Ralph Fiennes,Gerard Butler,7700000,1072602,-6627398,0.139,Yes,123,5.9,131,Yes,7.55,Under $10M,110-129 min,50-499,No
48138,Unknown,Unknown (2011),2011-02-16,2011,2010s,Feb,2,English,Action,3,Jaume Collet-Serra,Liam Neeson,30000000,130786397,100786397,4.36,Yes,113,6.5,1265,Yes,38.64,$10M-40M,110-129 min,"500-1,999",No
38322,"Big Mommas: Like Father, Like Son","Big Mommas: Like Father, Like Son (2011)",2011-02-16,2011,2010s,Feb,2,English,Crime,3,John Whitesell,Martin Lawrence,32000000,83615414,51615414,2.613,Yes,107,5.3,313,Yes,15.9,$10M-40M,90-109 min,50-499,No
46529,I Am Number Four,I Am Number Four (2011),2011-02-18,2011,2010s,Feb,2,English,Action,4,D.J. Caruso,Alex Pettyfer,50000000,144492830,94492830,2.89,Yes,109,5.9,1567,Yes,43.45,$40M-100M,90-109 min,"500-1,999",No
51052,Arthur Christmas,Arthur Christmas (2011),2011-02-22,2011,2010s,Feb,2,English,Drama,4,Barry Cook,James McAvoy,,,,,No,97,6.7,333,Yes,19.84,Unknown,90-109 min,50-499,No
47327,Drive Angry,Drive Angry (2011),2011-02-24,2011,2010s,Feb,2,English,Fantasy,4,Patrick Lussier,Nicolas Cage,50000000,28931401,-21068599,0.579,Yes,105,5.3,600,Yes,30.39,$40M-100M,90-109 min,"500-1,999",No
48988,Hall Pass,Hall Pass (2011),2011-02-25,2011,2010s,Feb,2,English,Comedy,1,Bobby Farrelly,Owen Wilson,36000000,83160734,47160734,2.31,Yes,105,5.4,611,Yes,27.12,$10M-40M,90-109 min,"500-1,999",No
54897,The Grace Card,The Grace Card (2011),2011-02-25,2011,2010s,Feb,2,English,Drama,1,David Evans ,Michael Joiner,200000,2295733,2095733,11.479,Yes,101,6.5,10,No,0.62,Under $10M,90-109 min,Under 50,No
44896,Rango,Rango (2011),2011-03-02,2011,2010s,Mar,3,English,Animation,5,Gore Verbinski,Johnny Depp,135000000,245724603,110724603,1.82,Yes,107,6.6,2051,Yes,29.91,$100M+,90-109 min,"2,000-4,999",No
51828,One Day,One Day (2011),2011-03-02,2011,2010s,Mar,3,English,Drama,2,Lone Scherfig,Anne Hathaway,15000000,59389433,44389433,3.959,Yes,107,7.0,978,Yes,16.63,$10M-40M,90-109 min,"500-1,999",No
38050,The Adjustment Bureau,The Adjustment Bureau (2011),2011-03-03,2011,2010s,Mar,3,English,Science Fiction,3,George Nolfi,Matt Damon,50200000,127869379,77669379,2.547,Yes,106,6.5,1652,Yes,26.61,$40M-100M,90-109 min,"500-1,999",No
38543,Ironclad,Ironclad (2011),2011-03-03,2011,2010s,Mar,3,English,Romance,4,Jonathan English,James Purefoy,25000000,,,,No,121,6.2,227,Yes,12.32,$10M-40M,110-129 min,50-499,No
98549,The Legend of Hell's Gate: An American Conspiracy,The Legend of Hell's Gate: An American Conspiracy (2011),2011-03-03,2011,2010s,Mar,3,English,Action,4,Tanner Beard,Eric Balfour,,,,,No,108,3.9,8,No,1.0,Unknown,90-109 min,Under 50,No
74777,Absentia,Absentia (2011),2011-03-03,2011,2010s,Mar,3,English,Mystery,3,Mike Flanagan,Katie Parker,70000,,,,No,92,5.8,121,Yes,6.33,Under $10M,90-109 min,50-499,No
50725,Take Me Home Tonight,Take Me Home Tonight (2011),2011-03-04,2011,2010s,Mar,3,English,Comedy,3,Michael Dowse,Topher Grace,19000000,6928068,-12071932,0.365,Yes,97,6.2,208,Yes,11.77,$10M-40M,90-109 min,50-499,No
44943,Battle: Los Angeles,Battle: Los Angeles (2011),2011-03-08,2011,2010s,Mar,3,English,Action,2,Jonathan Liebesman,Aaron Eckhart,70000000,202466756,132466756,2.892,Yes,116,5.5,1448,Yes,49.2,$40M-100M,110-129 min,"500-1,999",No
50321,Mars Needs Moms,Mars Needs Moms (2011),2011-03-09,2011,2010s,Mar,3,English,Adventure,3,Simon Wells,Seth Green,150000000,38992758,-111007242,0.26,Yes,88,5.5,199,Yes,12.36,$100M+,Under 90 min,50-499,No
49730,Red Riding Hood,Red Riding Hood (2011),2011-03-11,2011,2010s,Mar,3,English,Fantasy,3,Catherine Hardwicke,Amanda Seyfried,42000000,89162162,47162162,2.123,Yes,100,5.6,922,Yes,45.15,$40M-100M,90-109 min,"500-1,999",No
38541,The Divide,The Divide (2011),2011-03-13,2011,2010s,Mar,3,English,Science Fiction,1,Xavier Gens,Lauren German,3000000,22000,-2978000,0.007,Yes,112,5.7,197,Yes,11.88,Under $10M,110-129 min,50-499,No
85860,The FP,The FP (2011),2011-03-13,2011,2010s,Mar,3,English,Comedy,1,Brandon Trost,Jason Trost,,,,,No,82,4.5,11,No,0.84,Unknown,Under 90 min,Under 50,No
55787,Water for Elephants,Water for Elephants (2011),2011-03-15,2011,2010s,Mar,3,English,Drama,2,Francis Lawrence,Robert Pattinson,38000000,114156230,76156230,3.004,Yes,120,6.7,850,Yes,16.8,$10M-40M,110-129 min,"500-1,999",No
60243,A Separation,A Separation (2011),2011-03-15,2011,2010s,Mar,3,Other languages,Drama,1,Asghar Farhadi,Leila Hatami,800000,,,,No,123,7.7,469,Yes,12.05,Under $10M,110-129 min,50-499,No
43935,Dylan Dog: Dead of Night,Dylan Dog: Dead of Night (2011),2011-03-16,2011,2010s,Mar,3,English,Action,6,Kevin Munroe,Brandon Routh,20000000,4634062,-15365938,0.232,Yes,107,4.5,139,Yes,10.62,$10M-40M,90-109 min,50-499,No
68684,Detention,Detention (2011),2011-03-16,2011,2010s,Mar,3,English,Horror,3,Joseph Kahn,Shanley Caswell,10000000,,,,No,93,5.7,129,Yes,10.42,$10M-40M,90-109 min,50-499,No
50348,The Lincoln Lawyer,The Lincoln Lawyer (2011),2011-03-17,2011,2010s,Mar,3,English,Crime,3,Brad Furman,Matthew McConaughey,40000000,85412898,45412898,2.135,Yes,119,7.0,902,Yes,26.07,$40M-100M,110-129 min,"500-1,999",No
66607,Saving Private Perez,Saving Private Perez (2011),2011-03-18,2011,2010s,Mar,3,English,Action,3,Beto Gómez,Joaquín Cosio,,,,,No,105,6.1,18,No,0.18,Unknown,90-109 min,Under 50,No
49020,Submarine,Submarine (2011),2011-03-18,2011,2010s,Mar,3,English,Drama,3,Richard Ayoade,Craig Roberts,,864659,,,No,97,7.4,443,Yes,8.52,Unknown,90-109 min,50-499,No
23629,Sucker Punch,Sucker Punch (2011),2011-03-24,2011,2010s,Mar,3,English,Action,3,Zack Snyder,Emily Browning,82000000,89792502,7792502,1.095,Yes,110,5.9,1623,Yes,39.13,$40M-100M,110-129 min,"500-1,999",No
45054,There Be Dragons,There Be Dragons (2011),2011-03-25,2011,2010s,Mar,3,English,Drama,1,Roland Joffé,Charlie Cox,,,,,No,112,5.9,27,No,6.67,Unknown,110-129 min,Under 50,No
60307,Diary of a Wimpy Kid: Rodrick Rules,Diary of a Wimpy Kid: Rodrick Rules (2011),2011-03-25,2011,2010s,Mar,3,English,Family,2,David Bowers,Zachary Gordon,21000000,72417394,51417394,3.448,Yes,99,6.3,238,Yes,14.33,$10M-40M,90-109 min,50-499,No
59728,The 5th Quarter,The 5th Quarter (2011),2011-03-25,2011,2010s,Mar,3,English,Drama,1,Rick Bieber,Aidan Quinn,6000000,399611,-5600389,0.067,Yes,97,4.7,12,No,0.22,Under $10M,90-109 min,Under 50,No
228550,Raymond Did It,Raymond Did It (2011),2011-03-27,2011,2010s,Mar,3,English,Horror,1,Travis Legge,Kyle Hoskins,,,,,No,83,3.2,8,No,0.16,Unknown,Under 90 min,Under 50,No
50359,Hop,Hop (2011),2011-03-30,2011,2010s,Mar,3,English,Animation,3,Tim Hill,Russell Brand,63000000,183953723,120953723,2.92,Yes,95,5.5,331,Yes,16.79,$40M-100M,90-109 min,50-499,No
45612,Source Code,Source Code (2011),2011-03-30,2011,2010s,Mar,3,English,Thriller,3,Duncan Jones,Jake Gyllenhaal,32000000,147332697,115332697,4.604,Yes,93,7.1,2699,Yes,59.2,$10M-40M,90-109 min,"2,000-4,999",No
58626,The Hit List,The Hit List (2011),2011-04-02,2011,2010s,Apr,4,English,Action,2,William Kaufman,Cuba Gooding Jr.,6000000,,,,No,90,5.2,73,Yes,4.96,Under $10M,90-109 min,50-499,No
46195,Rio,Rio (2011),2011-04-03,2011,2010s,Apr,4,English,Animation,4,Carlos Saldanha,Jesse Eisenberg,90000000,484635760,394635760,5.385,Yes,96,6.5,2166,Yes,46.2,$40M-100M,90-109 min,"2,000-4,999",No
50456,Hanna,Hanna (2011),2011-04-07,2011,2010s,Apr,4,English,Action,3,Joe Wright,Saoirse Ronan,30000000,63782078,33782078,2.126,Yes,111,6.5,1263,Yes,31.19,$10M-40M,110-129 min,"500-1,999",No
38319,Your Highness,Your Highness (2011),2011-04-08,2011,2010s,Apr,4,English,Comedy,1,David Gordon Green,Danny McBride,49900000,26121638,-23778362,0.523,Yes,102,5.2,501,Yes,21.41,$40M-100M,90-109 min,"500-1,999",No
43959,Soul Surfer,Soul Surfer (2011),2011-04-08,2011,2010s,Apr,4,English,Action,2,Sean McNamara,AnnaSophia Robb,18000000,47088990,29088990,2.616,Yes,106,6.9,342,Yes,19.23,$10M-40M,90-109 min,50-499,No
81390,A Lonely Place to Die,A Lonely Place to Die (2011),2011-04-09,2011,2010s,Apr,4,English,Adventure,4,Julian Gilbey,Melissa George,4000000,25345000,21345000,6.336,Yes,99,6.2,157,Yes,8.31,Under $10M,90-109 min,50-499,No
41446,Scream 4,Scream 4 (2011),2011-04-11,2011,2010s,Apr,4,English,Horror,2,Wes Craven,David Arquette,40000000,97138686,57138686,2.428,Yes,111,6.1,902,Yes,35.22,$40M-100M,110-129 min,"500-1,999",No
146882,Elza,Elza (2011),2011-04-11,2011,2010s,Apr,4,Other languages,Drama,1,Mariette Monpierre,Stana Roumillac,,,,,No,78,,0,No,0.01,Unknown,Under 90 min,Under 50,No
51162,Winnie the Pooh,Winnie the Pooh (2011),2011-04-13,2011,2010s,Apr,4,English,Animation,2,Stephen Anderson,Jim Cummings,30000000,14460000,-15540000,0.482,Yes,63,6.8,258,Yes,19.14,$10M-40M,Under 90 min,50-499,No
50601,5 Days of War,5 Days of War (2011),2011-04-14,2011,2010s,Apr,4,English,War,2,Renny Harlin,Rupert Friend,20000000,17479,-19982521,0.001,Yes,113,5.8,62,Yes,5.73,$10M-40M,110-129 min,50-499,No
80468,Some Guy Who Kills People,Some Guy Who Kills People (2011),2011-04-14,2011,2010s,Apr,4,English,Comedy,3,Jack Perez,Kevin Corrigan,300000,,,,No,97,5.7,45,No,2.73,Under $10M,90-109 min,Under 50,No
51497,Fast Five,Fast Five (2011),2011-04-20,2011,2010s,Apr,4,English,Action,3,Justin Lin,Vin Diesel,125000000,626137675,501137675,5.009,Yes,130,7.1,2438,Yes,7.26,$100M+,130-149 min,"2,000-4,999",No
10195,Thor,Thor (2011),2011-04-21,2011,2010s,Apr,4,English,Adventure,3,Kenneth Branagh,Chris Hemsworth,150000000,449326618,299326618,2.996,Yes,115,6.6,6525,Yes,86.49,$100M+,110-129 min,"5,000+",No
63006,Dum Maaro Dum,Dum Maaro Dum (2011),2011-04-22,2011,2010s,Apr,4,Other languages,Drama,4,Rohan Sippy,Abhishek Bachchan,,,,,No,130,5.4,7,No,0.08,Unknown,130-149 min,Under 50,No
58492,The Greatest Movie Ever Sold,The Greatest Movie Ever Sold (2011),2011-04-22,2011,2010s,Apr,4,English,Comedy,2,Morgan Spurlock,Morgan Spurlock,,621951,,,No,87,6.4,88,Yes,0.69,Unknown,Under 90 min,50-499,No
55721,Bridesmaids,Bridesmaids (2011),2011-04-28,2011,2010s,Apr,4,English,Comedy,2,Paul Feig,Kristen Wiig,32500000,288383523,255883523,8.873,Yes,125,6.5,1661,Yes,17.11,$10M-40M,110-129 min,"500-1,999",No
57089,Hoodwinked Too! Hood VS. Evil,Hoodwinked Too! Hood VS. Evil (2011),2011-04-29,2011,2010s,Apr,4,English,Comedy,3,Mike Disa,Hayden Panettiere,30000000,13521829,-16478171,0.451,Yes,86,4.8,131,Yes,10.69,$10M-40M,Under 90 min,50-499,No
51588,Prom,Prom (2011),2011-04-29,2011,2010s,Apr,4,English,Comedy,1,Joe Nussbaum,Aimee Teegarden,8000000,10130000,2130000,1.266,Yes,104,5.7,134,Yes,11.84,Under $10M,90-109 min,50-499,No
38321,Priest,Priest (2011),2011-05-05,2011,2010s,May,5,English,Action,5,Scott Stewart,Paul Bettany,60000000,78309131,18309131,1.305,Yes,87,5.4,692,Yes,28.35,$40M-100M,Under 90 min,"500-1,999",No
49022,Something Borrowed,Something Borrowed (2011),2011-05-05,2011,2010s,May,5,English,Comedy,3,Luke Greenfield,Kate Hudson,35000000,59901913,24901913,1.711,Yes,112,5.9,296,Yes,14.03,$10M-40M,110-129 min,50-499,No
57119,Jumping the Broom,Jumping the Broom (2011),2011-05-06,2011,2010s,May,5,English,Comedy,1,Salim Akil,Paula Patton,6600000,37710610,31110610,5.714,Yes,112,6.0,56,Yes,4.49,Under $10M,110-129 min,50-499,No
49010,Hobo with a Shotgun,Hobo with a Shotgun (2011),2011-05-06,2011,2010s,May,5,English,Action,3,Jason Eisener,Rutger Hauer,3000000,748453,-2251547,0.249,Yes,86,5.7,211,Yes,16.9,Under $10M,Under 90 min,50-499,No
59436,Midnight in Paris,Midnight in Paris (2011),2011-05-11,2011,2010s,May,5,English,Fantasy,3,Woody Allen,Owen Wilson,30000000,151119219,121119219,5.037,Yes,94,7.4,1990,Yes,43.75,$10M-40M,90-109 min,"500-1,999",No
59678,Attack the Block,Attack the Block (2011),2011-05-12,2011,2010s,May,5,English,Action,3,Joe Cornish,Nick Frost,14350531,3964682,-10385849,0.276,Yes,88,6.3,733,Yes,30.95,$10M-40M,Under 90 min,"500-1,999",No
61038,Go for It!,Go for It! (2011),2011-05-13,2011,2010s,May,5,English,Drama,2,Carmen Marron,Aimee Garcia,2450000,,,,No,105,4.6,5,No,0.5,Under $10M,90-109 min,Under 50,No
1865,Pirates of the Caribbean: On Stranger Tides,Pirates of the Caribbean: On Stranger Tides (2011),2011-05-14,2011,2010s,May,5,English,Adventure,3,Rob Marshall,Johnny Depp,380000000,1045713802,665713802,2.752,Yes,136,6.4,4948,Yes,135.41,$100M+,130-149 min,"2,000-4,999",No
74643,The Artist,The Artist (2011),2011-05-15,2011,2010s,May,5,English,Drama,3,Michel Hazanavicius,Jean Dujardin,15000000,133432856,118432856,8.896,Yes,100,7.3,1049,Yes,29.94,$10M-40M,90-109 min,"500-1,999",No
52449,Bad Teacher,Bad Teacher (2011),2011-05-16,2011,2010s,May,5,English,Comedy,1,Jake Kasdan,Cameron Diaz,20000000,216197492,196197492,10.81,Yes,92,5.4,1584,Yes,28.5,$10M-40M,90-109 min,"500-1,999",No
73532,Le Havre,Le Havre (2011),2011-05-17,2011,2010s,May,5,Other languages,Drama,2,Aki Kaurismäki,André Wilms,3850000,,,,No,93,6.8,97,Yes,10.79,Under $10M,90-109 min,50-499,No
8967,The Tree of Life,The Tree of Life (2011),2011-05-18,2011,2010s,May,5,English,Drama,2,Terrence Malick,Brad Pitt,32000000,54674226,22674226,1.709,Yes,139,6.5,987,Yes,43.86,$10M-40M,130-149 min,"500-1,999",No
49538,X-Men: First Class,X-Men: First Class (2011),2011-05-24,2011,2010s,May,5,English,Action,3,Matthew Vaughn,James McAvoy,160000000,353624124,193624124,2.21,Yes,132,7.1,5181,Yes,3.2,$100M+,130-149 min,"5,000+",No
49444,Kung Fu Panda 2,Kung Fu Panda 2 (2011),2011-05-25,2011,2010s,May,5,English,Animation,2,Jennifer Yuh Nelson,Jack Black,150000000,665692281,515692281,4.438,Yes,91,6.7,1880,Yes,51.25,$100M+,90-109 min,"500-1,999",No
45243,The Hangover Part II,The Hangover Part II (2011),2011-05-25,2011,2010s,May,5,English,Comedy,1,Todd Phillips,Bradley Cooper,80000000,254455986,174455986,3.181,Yes,102,6.2,3739,Yes,58.04,$40M-100M,90-109 min,"2,000-4,999",No
62215,Melancholia,Melancholia (2011),2011-05-26,2011,2010s,May,5,Other languages,Drama,2,Lars von Trier,Kirsten Dunst,7400000,21817298,14417298,2.948,Yes,136,7.0,885,Yes,36.17,Under $10M,130-149 min,"500-1,999",No
46256,The Lion of Judah,The Lion of Judah (2011),2011-06-03,2011,2010s,Jun,6,English,Adventure,4,Deryck Broom,Georgina Cordova,15000000,,,,No,87,5.8,2,No,0.17,$10M-40M,Under 90 min,Under 50,No
37686,Super 8,Super 8 (2011),2011-06-08,2011,2010s,Jun,6,English,Thriller,3,J.J. Abrams,Joel Courtney,50000000,260095987,210095987,5.202,Yes,112,6.6,2435,Yes,37.07,$40M-100M,110-129 min,"2,000-4,999",No
86549,August,August (2011),2011-06-09,2011,2010s,Jun,6,English,Drama,1,Eldar Rapaport,Murray Bartlett,,,,,No,100,6.2,15,No,1.42,Unknown,90-109 min,Under 50,No
66767,Beat the World,Beat the World (2011),2011-06-10,2011,2010s,Jun,6,English,Music,2,Robert Adetuyi,Tyrone Brown,10000000,,,,No,91,4.3,16,No,2.87,$10M-40M,90-109 min,Under 50,No
49013,Cars 2,Cars 2 (2011),2011-06-11,2011,2010s,Jun,6,English,Animation,4,John Lasseter,Owen Wilson,200000000,559852396,359852396,2.799,Yes,106,5.8,2033,Yes,49.99,$100M+,90-109 min,"2,000-4,999",No
96534,My Last Day Without You,My Last Day Without You (2011),2011-06-11,2011,2010s,Jun,6,Other languages,Comedy,3,Stefan C. Schaefer,Ken Duken,1000000,,,,No,90,5.7,3,No,0.15,Under $10M,90-109 min,Under 50,No
44912,Green Lantern,Green Lantern (2011),2011-06-16,2011,2010s,Jun,6,English,Adventure,4,Martin Campbell,Ryan Reynolds,200000000,219851172,19851172,1.099,Yes,114,5.1,2487,Yes,51.87,$100M+,110-129 min,"2,000-4,999",No
58224,Mr. Popper's Penguins,Mr. Popper's Penguins (2011),2011-06-17,2011,2010s,Jun,6,English,Comedy,2,Mark Waters,Jim Carrey,55000000,187361754,132361754,3.407,Yes,94,5.7,751,Yes,32.84,$40M-100M,90-109 min,"500-1,999",No
64678,The Art of Getting By,The Art of Getting By (2011),2011-06-17,2011,2010s,Jun,6,English,Drama,2,Gavin Wiesen,Freddie Highmore,,1406224,,,No,83,6.5,415,Yes,12.69,Unknown,Under 90 min,50-499,No
91070,L!fe Happens,L!fe Happens (2011),2011-06-18,2011,2010s,Jun,6,English,Comedy,1,Kat Coiro,Krysten Ritter,930000,30905,-899095,0.033,Yes,100,5.3,66,Yes,5.97,Under $10M,90-109 min,50-499,No
55720,A Better Life,A Better Life (2011),2011-06-24,2011,2010s,Jun,6,English,Drama,1,Chris Weitz,Demián Bichir,10000000,1759252,-8240748,0.176,Yes,98,7.0,54,Yes,4.12,$10M-40M,90-109 min,50-499,No
38356,Transformers: Dark of the Moon,Transformers: Dark of the Moon (2011),2011-06-28,2011,2010s,Jun,6,English,Action,3,Michael Bay,Shia LaBeouf,195000000,1123746996,928746996,5.763,Yes,154,6.1,3299,Yes,28.53,$100M+,150+ min,"2,000-4,999",No
68202,Without Men,Without Men (2011),2011-06-29,2011,2010s,Jun,6,English,Comedy,2,Gabriela Tagliavini,Eva Longoria,,,,,No,83,4.6,8,No,0.28,Unknown,Under 90 min,Under 50,No
59861,Larry Crowne,Larry Crowne (2011),2011-06-30,2011,2010s,Jun,6,English,Comedy,3,Tom Hanks,Tom Hanks,30000000,36160375,6160375,1.205,Yes,98,5.7,359,Yes,20.36,$10M-40M,90-109 min,50-499,No
59860,Monte Carlo,Monte Carlo (2011),2011-07-01,2011,2010s,Jul,7,English,Adventure,3,Thomas Bezucha,Selena Gomez,20000000,17425000,-2575000,0.871,Yes,109,6.0,593,Yes,17.24,$10M-40M,90-109 min,"500-1,999",No
76349,1911,1911 (2011),2011-07-03,2011,2010s,Jul,7,Other languages,Adventure,5,Jackie Chan,Jackie Chan,30000000,108348,-29891652,0.004,Yes,125,5.0,41,No,4.07,$10M-40M,110-129 min,Under 50,No
38317,Zookeeper,Zookeeper (2011),2011-07-06,2011,2010s,Jul,7,English,Comedy,3,Frank Coraci,Kevin James,80000000,169852759,89852759,2.123,Yes,102,5.3,498,Yes,27.46,$40M-100M,90-109 min,50-499,No
67913,The Guard,The Guard (2011),2011-07-07,2011,2010s,Jul,7,English,Action,4,John Michael McDonagh,Brendan Gleeson,6000000,19560274,13560274,3.26,Yes,96,6.8,372,Yes,19.41,Under $10M,90-109 min,50-499,No
51540,Horrible Bosses,Horrible Bosses (2011),2011-07-08,2011,2010s,Jul,7,English,Comedy,2,Seth Gordon,Jennifer Aniston,35000000,117000000,82000000,3.343,Yes,98,6.5,2277,Yes,50.31,$10M-40M,90-109 min,"2,000-4,999",No
58882,Snow Flower and the Secret Fan,Snow Flower and the Secret Fan (2011),2011-07-15,2011,2010s,Jul,7,English,Drama,2,Wayne Wang,Li Bingbing,134005,1332231,1198226,9.942,Yes,104,5.3,22,No,2.26,Under $10M,90-109 min,Under 50,No
51995,Salvation Boulevard,Salvation Boulevard (2011),2011-07-15,2011,2010s,Jul,7,English,Comedy,4,George Ratliff,Jennifer Connelly,8000000,,,,No,96,5.6,28,No,3.65,Under $10M,90-109 min,Under 50,No
50357,Apollo 18,Apollo 18 (2011),2011-07-20,2011,2010s,Jul,7,English,Horror,3,Gonzalo López-Gallego,Ryan Robbins,5000000,25562924,20562924,5.113,Yes,86,5.0,356,Yes,17.03,Under $10M,Under 90 min,50-499,No
50544,Friends with Benefits,Friends with Benefits (2011),2011-07-21,2011,2010s,Jul,7,English,Romance,2,Will Gluck,Justin Timberlake,35000000,150483765,115483765,4.3,Yes,109,6.5,2237,Yes,40.53,$10M-40M,90-109 min,"2,000-4,999",No
1771,Captain America: The First Avenger,Captain America: The First Avenger (2011),2011-07-22,2011,2010s,Jul,7,English,Action,3,Joe Johnston,Chris Evans,140000000,370569774,230569774,2.647,Yes,124,6.6,7047,Yes,74.51,$100M+,110-129 min,"5,000+",No
55420,Another Earth,Another Earth (2011),2011-07-22,2011,2010s,Jul,7,English,Drama,2,Mike Cahill,William Mapother,100000,1776935,1676935,17.769,Yes,92,6.8,527,Yes,25.4,Under $10M,90-109 min,"500-1,999",No
62835,Colombiana,Colombiana (2011),2011-07-27,2011,2010s,Jul,7,English,Action,4,Olivier Megaton,Zoe Saldana,40000000,60965854,20965854,1.524,Yes,108,6.5,824,Yes,33.79,$40M-100M,90-109 min,"500-1,999",No
41513,The Smurfs,The Smurfs (2011),2011-07-29,2011,2010s,Jul,7,English,Animation,5,Raja Gosnell,Hank Azaria,110000000,563749323,453749323,5.125,Yes,103,5.5,1179,Yes,36.65,$100M+,90-109 min,"500-1,999",No
50646,"Crazy, Stupid, Love.","Crazy, Stupid, Love. (2011)",2011-07-29,2011,2010s,Jul,7,English,Comedy,3,Glenn Ficarra,Steve Carell,50000000,142851197,92851197,2.857,Yes,118,7.0,2443,Yes,37.99,$40M-100M,110-129 min,"2,000-4,999",No
61791,Rise of the Planet of the Apes,Rise of the Planet of the Apes (2011),2011-08-03,2011,2010s,Aug,8,English,Thriller,4,Rupert Wyatt,James Franco,93000000,482860185,389860185,5.192,Yes,105,7.0,4347,Yes,138.43,$40M-100M,90-109 min,"2,000-4,999",No
66125,Red Dog,Red Dog (2011),2011-08-04,2011,2010s,Aug,8,English,Drama,3,Kriv Stenders,Josh Lucas,,,,,No,92,7.1,83,Yes,5.5,Unknown,90-109 min,50-499,No
70670,Headhunters,Headhunters (2011),2011-08-04,2011,2010s,Aug,8,English,Thriller,2,Morten Tyldum,Aksel Hennie,,15699707,,,No,100,7.1,399,Yes,20.82,Unknown,90-109 min,50-499,No
49520,The Change-Up,The Change-Up (2011),2011-08-05,2011,2010s,Aug,8,English,Comedy,1,David Dobkin,Olivia Wilde,52000000,75450437,23450437,1.451,Yes,112,5.9,736,Yes,32.02,$40M-100M,110-129 min,"500-1,999",No
64690,Drive,Drive (2011),2011-08-06,2011,2010s,Aug,8,English,Drama,4,Nicolas Winding Refn,Ryan Gosling,15000000,78054825,63054825,5.204,Yes,100,7.4,3725,Yes,49.29,$10M-40M,90-109 min,"2,000-4,999",No
50014,The Help,The Help (2011),2011-08-09,2011,2010s,Aug,8,English,Drama,1,Tate Taylor,Emma Stone,25000000,124272124,99272124,4.971,Yes,146,7.8,1910,Yes,42.19,$10M-40M,130-149 min,"500-1,999",No
62206,30 Minutes or Less,30 Minutes or Less (2011),2011-08-11,2011,2010s,Aug,8,English,Action,3,Ruben Fleischer,Jesse Eisenberg,28000000,40547440,12547440,1.448,Yes,83,5.6,531,Yes,25.04,$10M-40M,Under 90 min,"500-1,999",No
67675,Glee: The Concert Movie,Glee: The Concert Movie (2011),2011-08-11,2011,2010s,Aug,8,English,Documentary,3,Kevin Tancharoen,Dianna Agron,9000000,18663238,9663238,2.074,Yes,84,6.8,79,Yes,9.93,Under $10M,Under 90 min,50-499,No
55779,Final Destination 5,Final Destination 5 (2011),2011-08-12,2011,2010s,Aug,8,English,Horror,2,Steven Quale,Emma Bell,47000000,157887643,110887643,3.359,Yes,92,5.9,866,Yes,38.56,$40M-100M,90-109 min,"500-1,999",No
77949,The Awakening,The Awakening (2011),2011-08-17,2011,2010s,Aug,8,English,Horror,2,Nick Murphy ,Rebecca Hall,4798235,209696,-4588539,0.044,Yes,107,6.3,458,Yes,25.3,Under $10M,90-109 min,50-499,No
58151,Fright Night,Fright Night (2011),2011-08-18,2011,2010s,Aug,8,English,Horror,2,Craig Gillespie,Anton Yelchin,17000000,24922237,7922237,1.466,Yes,106,6.0,603,Yes,18.27,$10M-40M,90-109 min,"500-1,999",No
56288,Spy Kids: All the Time in the World,Spy Kids: All the Time in the World (2011),2011-08-18,2011,2010s,Aug,8,English,Family,3,Robert Rodriguez,Jessica Alba,27000000,85564310,58564310,3.169,Yes,89,4.4,222,Yes,14.79,$10M-40M,Under 90 min,50-499,No
48572,Red State,Red State (2011),2011-08-19,2011,2010s,Aug,8,English,Horror,3,Kevin Smith,Michael Parks,4000000,1104682,-2895318,0.276,Yes,88,5.9,316,Yes,12.06,Under $10M,Under 90 min,50-499,No
66942,Griff the Invisible,Griff the Invisible (2011),2011-08-19,2011,2010s,Aug,8,English,Romance,3,Leon Ford,Ryan Kwanten,2902660,,,,No,93,6.1,34,No,1.35,Under $10M,90-109 min,Under 50,No
59968,Our Idiot Brother,Our Idiot Brother (2011),2011-08-26,2011,2010s,Aug,8,English,Comedy,2,Jesse Peretz,Paul Rudd,10000000,17273593,7273593,1.727,Yes,90,5.9,365,Yes,15.69,$10M-40M,90-109 min,50-499,No
74457,Redemption Road,Redemption Road (2011),2011-08-26,2011,2010s,Aug,8,English,Drama,1,Mario Van Peebles,Michael Clarke Duncan,,,,,No,91,4.7,6,No,0.2,Unknown,90-109 min,Under 50,No
60421,Circumstance,Circumstance (2011),2011-08-26,2011,2010s,Aug,8,Other languages,Drama,1,Maryam Keshavarz,Nikohl Boosheri,,,,,No,107,7.4,23,No,2.34,Unknown,90-109 min,Under 50,No
52451,The Three Musketeers,The Three Musketeers (2011),2011-08-31,2011,2010s,Aug,8,English,Adventure,3,Paul W.S. Anderson,Milla Jovovich,75000000,132274484,57274484,1.764,Yes,110,5.6,924,Yes,36.61,$40M-100M,110-129 min,"500-1,999",No
68818,Blackthorn,Blackthorn (2011),2011-08-31,2011,2010s,Aug,8,English,Adventure,3,Mateo Gil,Sam Shepard,,623528,,,No,98,6.6,73,Yes,5.22,Unknown,90-109 min,50-499,No
65055,Shark Night,Shark Night (2011),2011-09-02,2011,2010s,Sep,9,English,Horror,2,David R. Ellis,Sara Paxton,28000000,10126458,-17873542,0.362,Yes,91,4.9,132,Yes,8.36,$10M-40M,90-109 min,50-499,No
74725,Kill List,Kill List (2011),2011-09-02,2011,2010s,Sep,9,English,Horror,3,Ben Wheatley,Neil Maskell,500000,171760,-328240,0.344,Yes,95,6.0,210,Yes,12.2,Under $10M,90-109 min,50-499,No
39538,Contagion,Contagion (2011),2011-09-08,2011,2010s,Sep,9,English,Drama,3,Steven Soderbergh,Matt Damon,60000000,137551594,77551594,2.293,Yes,106,6.2,1325,Yes,38.82,$40M-100M,90-109 min,"500-1,999",No
94329,The Raid,The Raid (2011),2011-09-08,2011,2010s,Sep,9,Other languages,Action,3,Gareth Evans,Iko Uwais,1100000,4105187,3005187,3.732,Yes,101,7.3,1055,Yes,40.29,Under $10M,90-109 min,"500-1,999",No
59440,Warrior,Warrior (2011),2011-09-09,2011,2010s,Sep,9,English,Action,2,Gavin O'Connor,Tom Hardy,25000000,23057115,-1942885,0.922,Yes,140,7.7,1272,Yes,51.92,$10M-40M,130-149 min,"500-1,999",No
65057,The Descendants,The Descendants (2011),2011-09-09,2011,2010s,Sep,9,English,Comedy,2,Alexander Payne,George Clooney,20000000,177243185,157243185,8.862,Yes,115,6.7,934,Yes,40.9,$10M-40M,110-129 min,"500-1,999",No
67911,Bucky Larson: Born to Be a Star,Bucky Larson: Born to Be a Star (2011),2011-09-09,2011,2010s,Sep,9,English,Comedy,1,Tom Brady,Nick Swardson,10000000,,,,No,97,4.4,51,Yes,3.92,$10M-40M,90-109 min,50-499,No
50698,Grave Encounters,Grave Encounters (2011),2011-09-09,2011,2010s,Sep,9,English,Thriller,2,Colin Minihan,Sean Rogerson,1000000,,,,No,92,6.1,381,Yes,13.22,Under $10M,90-109 min,50-499,No
74510,Kevin Hart: Laugh at My Pain,Kevin Hart: Laugh at My Pain (2011),2011-09-09,2011,2010s,Sep,9,English,Comedy,2,Tim Story,Kevin Hart,,,,,No,89,7.7,43,No,5.5,Unknown,Under 90 min,Under 50,No
73567,Killer Joe,Killer Joe (2011),2011-09-10,2011,2010s,Sep,9,English,Crime,3,William Friedkin,Matthew McConaughey,10000000,3665069,-6334931,0.367,Yes,102,6.5,425,Yes,16.44,$10M-40M,90-109 min,50-499,No
78381,Twixt,Twixt (2011),2011-09-10,2011,2010s,Sep,9,English,Horror,2,Francis Ford Coppola,Val Kilmer,7000000,,,,No,84,5.0,85,Yes,5.06,Under $10M,Under 90 min,50-499,No
89750,"Pink Ribbons, Inc.","Pink Ribbons, Inc. (2011)",2011-09-11,2011,2010s,Sep,9,English,Documentary,1,Léa Pool,Samantha King,900000,25000,-875000,0.028,Yes,97,6.8,6,No,0.1,Under $10M,90-109 min,Under 50,No
84355,Your Sister's Sister,Your Sister's Sister (2011),2011-09-11,2011,2010s,Sep,9,English,Drama,2,Lynn Shelton,Mark Duplass,125000,3200000,3075000,25.6,Yes,90,6.5,137,Yes,12.83,Under $10M,90-109 min,50-499,No
82532,"Jeff, Who Lives at Home","Jeff, Who Lives at Home (2011)",2011-09-13,2011,2010s,Sep,9,English,Drama,2,Jay Duplass,Jason Segel,10000000,4417580,-5582420,0.442,Yes,83,6.1,217,Yes,10.41,$10M-40M,Under 90 min,50-499,No
70006,Never Back Down 2: The Beatdown,Never Back Down 2: The Beatdown (2011),2011-09-13,2011,2010s,Sep,9,English,Drama,2,Michael Jai White,Stacey Asaro,3000000,,,,No,90,5.8,136,Yes,9.25,Under $10M,90-109 min,50-499,No
86331,Desire,Desire (2011),2011-09-14,2011,2010s,Sep,9,Other languages,Drama,2,Laurent Bouhnik,Déborah Révy,1344000,,,,No,103,4.1,140,Yes,20.42,Under $10M,90-109 min,50-499,No
58233,Johnny English Reborn,Johnny English Reborn (2011),2011-09-15,2011,2010s,Sep,9,English,Crime,5,Oliver Parker,Rowan Atkinson,45000000,160078586,115078586,3.557,Yes,101,6.0,1007,Yes,35.66,$40M-100M,90-109 min,"500-1,999",No
64639,Straw Dogs,Straw Dogs (2011),2011-09-16,2011,2010s,Sep,9,English,Drama,2,Rod Lurie,James Marsden,25000000,10324441,-14675559,0.413,Yes,110,5.5,144,Yes,7.47,$10M-40M,110-129 min,50-499,No
72113,Carnage,Carnage (2011),2011-09-16,2011,2010s,Sep,9,English,Comedy,2,Roman Polanski,Kate Winslet,25000000,27603069,2603069,1.104,Yes,80,7.0,738,Yes,20.01,$10M-40M,Under 90 min,"500-1,999",No
70868,I Don't Know How She Does It,I Don't Know How She Does It (2011),2011-09-16,2011,2010s,Sep,9,English,Romance,2,Douglas McGrath,Sarah Jessica Parker,24000000,30551495,6551495,1.273,Yes,89,5.0,141,Yes,8.63,$10M-40M,Under 90 min,50-499,No
49517,Tinker Tailor Soldier Spy,Tinker Tailor Soldier Spy (2011),2011-09-16,2011,2010s,Sep,9,English,Drama,3,Tomas Alfredson,John Hurt,30000000,,,,No,127,6.6,840,Yes,33.65,$10M-40M,110-129 min,"500-1,999",No
75033,Winnie Mandela,Winnie Mandela (2011),2011-09-16,2011,2010s,Sep,9,English,Drama,1,Darrell James Roodt,Elias Koteas,15000000,,,,No,107,5.2,5,No,1.9,$10M-40M,90-109 min,Under 50,No
89708,Samsara,Samsara (2011),2011-09-16,2011,2010s,Sep,9,English,Drama,2,Ron Fricke,Marcos Luna,4000000,,,,No,102,8.0,167,Yes,12.78,Under $10M,90-109 min,50-499,No
60308,Moneyball,Moneyball (2011),2011-09-22,2011,2010s,Sep,9,English,Drama,1,Bennett Miller,Brad Pitt,50000000,110206216,60206216,2.204,Yes,133,7.0,1381,Yes,46.18,$40M-100M,130-149 min,"500-1,999",No
59965,Abduction,Abduction (2011),2011-09-22,2011,2010s,Sep,9,English,Thriller,3,John Singleton,Taylor Lautner,35000000,82087155,47087155,2.345,Yes,106,5.6,961,Yes,19.89,$10M-40M,90-109 min,"500-1,999",No
79120,Weekend,Weekend (2011),2011-09-22,2011,2010s,Sep,9,English,Drama,2,Andrew Haigh,Tom Cullen,8000,469947,461947,58.743,Yes,96,7.4,163,Yes,1.04,Under $10M,90-109 min,50-499,No
49021,Killer Elite,Killer Elite (2011),2011-09-23,2011,2010s,Sep,9,English,Action,3,Gary McKendry,Jason Statham,66000000,57777106,-8222894,0.875,Yes,116,6.1,695,Yes,29.5,$40M-100M,110-129 min,"500-1,999",No
62837,Dolphin Tale,Dolphin Tale (2011),2011-09-23,2011,2010s,Sep,9,English,Drama,2,Charles Martin Smith,Morgan Freeman,37000000,95404397,58404397,2.578,Yes,113,6.7,163,Yes,6.64,$10M-40M,110-129 min,50-499,No
45610,Machine Gun Preacher,Machine Gun Preacher (2011),2011-09-23,2011,2010s,Sep,9,English,Action,3,Marc Forster,Gerard Butler,30000000,2527904,-27472096,0.084,Yes,129,6.4,286,Yes,13.27,$10M-40M,110-129 min,50-499,No
10316,The Ides of March,The Ides of March (2011),2011-09-24,2011,2010s,Sep,9,English,Drama,1,George Clooney,Ryan Gosling,12500000,75993061,63493061,6.079,Yes,101,6.5,910,Yes,20.32,$10M-40M,90-109 min,"500-1,999",No
39254,Real Steel,Real Steel (2011),2011-09-28,2011,2010s,Sep,9,English,Action,3,Shawn Levy,Hugh Jackman,110000000,299268508,189268508,2.721,Yes,127,6.6,2692,Yes,37.2,$100M+,110-129 min,"2,000-4,999",No
71859,We Need to Talk About Kevin,We Need to Talk About Kevin (2011),2011-09-28,2011,2010s,Sep,9,English,Drama,2,Lynne Ramsay,John C. Reilly,7000000,6038942,-961058,0.863,Yes,112,7.4,677,Yes,21.28,Under $10M,110-129 min,"500-1,999",No
50839,Margin Call,Margin Call (2011),2011-09-28,2011,2010s,Sep,9,English,Thriller,2,J.C. Chandor,Kevin Spacey,3500000,19504039,16004039,5.573,Yes,107,6.7,524,Yes,26.26,Under $10M,90-109 min,"500-1,999",No
69668,Dream House,Dream House (2011),2011-09-30,2011,2010s,Sep,9,English,Drama,3,Jim Sheridan,Daniel Craig,50000000,38502340,-11497660,0.77,Yes,84,5.8,391,Yes,19.27,$40M-100M,Under 90 min,50-499,No
63492,What's Your Number?,What's Your Number? (2011),2011-09-30,2011,2010s,Sep,9,English,Comedy,2,Mark Mylod,Chris Evans,20000000,30426096,10426096,1.521,Yes,106,6.2,671,Yes,19.22,$10M-40M,90-109 min,"500-1,999",No
48231,A Dangerous Method,A Dangerous Method (2011),2011-09-30,2011,2010s,Sep,9,English,Drama,2,David Cronenberg,Keira Knightley,15000000,27462041,12462041,1.831,Yes,99,6.2,571,Yes,27.13,$10M-40M,90-109 min,"500-1,999",No
44754,Margaret,Margaret (2011),2011-09-30,2011,2010s,Sep,9,English,Drama,1,Kenneth Lonergan,Anna Paquin,14000000,46495,-13953505,0.003,Yes,149,6.1,86,Yes,4.9,$10M-40M,130-149 min,50-499,No
40807,50/50,50/50 (2011),2011-09-30,2011,2010s,Sep,9,English,Comedy,2,Jonathan Levine,Joseph Gordon-Levitt,8000000,39187783,31187783,4.898,Yes,100,7.0,1261,Yes,33.37,Under $10M,90-109 min,"500-1,999",No
72213,Courageous,Courageous (2011),2011-09-30,2011,2010s,Sep,9,English,Drama,1,Alex Kendrick,Alex Kendrick,1000000,34522221,33522221,34.522,Yes,129,6.8,77,Yes,5.96,Under $10M,110-129 min,50-499,No
76025,Shame,Shame (2011),2011-10-02,2011,2010s,Oct,10,English,Drama,1,Steve McQueen,Michael Fassbender,6500000,17693675,11193675,2.722,Yes,100,7.0,875,Yes,40.69,Under $10M,90-109 min,"500-1,999",No
71157,Polisse,Polisse (2011),2011-10-06,2011,2010s,Oct,10,Other languages,Drama,1,Maïwenn,Karin Viard,,20374201,,,No,127,7.9,285,Yes,14.04,Unknown,110-129 min,50-499,No
77459,A Monster in Paris,A Monster in Paris (2011),2011-10-12,2011,2010s,Oct,10,Other languages,Adventure,5,Bibo Bergeron,Vanessa Paradis,25000000,,,,No,90,6.5,313,Yes,17.38,$10M-40M,90-109 min,50-499,No
73937,The Big Year,The Big Year (2011),2011-10-13,2011,2010s,Oct,10,English,Comedy,1,David Frankel,Owen Wilson,41000000,7448385,-33551615,0.182,Yes,100,5.6,248,Yes,9.42,$40M-100M,90-109 min,50-499,No
77495,Sleep Tight,Sleep Tight (2011),2011-10-14,2011,2010s,Oct,10,Other languages,Thriller,1,Jaume Balagueró,Luis Tosar,5000000,,,,No,107,7.0,202,Yes,9.14,Under $10M,90-109 min,50-499,No
75900,My Week with Marilyn,My Week with Marilyn (2011),2011-10-17,2011,2010s,Oct,10,English,Drama,1,Simon Curtis,Michelle Williams,6400000,35057696,28657696,5.478,Yes,99,6.6,406,Yes,21.01,Under $10M,90-109 min,50-499,No
72571,Paranormal Activity 3,Paranormal Activity 3 (2011),2011-10-19,2011,2010s,Oct,10,English,Horror,1,Henry Joost,Katie Featherston,5000000,205703818,200703818,41.141,Yes,83,5.9,669,Yes,29.16,Under $10M,Under 90 min,"500-1,999",No
61891,Anonymous,Anonymous (2011),2011-10-21,2011,2010s,Oct,10,English,Drama,3,Roland Emmerich,Jamie Campbell Bower,30000000,15395087,-14604913,0.513,Yes,130,6.3,288,Yes,16.7,$10M-40M,130-149 min,50-499,No
50837,Martha Marcy May Marlene,Martha Marcy May Marlene (2011),2011-10-21,2011,2010s,Oct,10,English,Drama,2,Sean Durkin,Elizabeth Olsen,,3538446,,,No,101,6.7,277,Yes,17.81,Unknown,90-109 min,50-499,No
107315,Below Zero,Below Zero (2011),2011-10-22,2011,2010s,Oct,10,English,Thriller,2,Justin Thomas Ostensen,Edward Furlong,,,,,No,,4.4,12,No,1.37,Unknown,Unknown,Under 50,No
98568,Enter Nowhere,Enter Nowhere (2011),2011-10-22,2011,2010s,Oct,10,English,Mystery,3,Jack Heller,Katherine Waterston,,,,,No,90,6.5,49,No,3.64,Unknown,90-109 min,Under 50,No
17578,The Adventures of Tintin,The Adventures of Tintin (2011),2011-10-25,2011,2010s,Oct,10,English,Adventure,3,Steven Spielberg,Jamie Bell,130000000,371940071,241940071,2.861,Yes,107,6.7,2061,Yes,89.94,$100M+,90-109 min,"2,000-4,999",No
86304,All Superheroes Must Die,All Superheroes Must Die (2011),2011-10-26,2011,2010s,Oct,10,English,Science Fiction,2,Jason Trost,Jason Trost,,,,,No,78,4.2,13,No,3.55,Unknown,Under 90 min,Under 50,No
49530,In Time,In Time (2011),2011-10-27,2011,2010s,Oct,10,English,Action,3,Andrew Niccol,Justin Timberlake,40000000,173930596,133930596,4.348,Yes,109,6.7,3417,Yes,60.23,$40M-100M,90-109 min,"2,000-4,999",No
417859,Puss in Boots,Puss in Boots (2011),2011-10-28,2011,2010s,Oct,10,English,Action,5,Chris Miller,Antonio Banderas,130000000,554987477,424987477,4.269,Yes,90,6.4,451,Yes,20.68,$100M+,90-109 min,50-499,No
60420,Like Crazy,Like Crazy (2011),2011-10-28,2011,2010s,Oct,10,English,Drama,2,Drake Doremus,Anton Yelchin,250000,3542353,3292353,14.169,Yes,90,6.4,381,Yes,21.83,Under $10M,90-109 min,50-499,No
83860,October Baby,October Baby (2011),2011-10-30,2011,2010s,Oct,10,English,Drama,1,Andrew Erwin,Rachel Hendrix ,,5355847,,,No,107,6.8,35,No,1.86,Unknown,90-109 min,Under 50,No
59108,Tower Heist,Tower Heist (2011),2011-11-02,2011,2010s,Nov,11,English,Action,2,Brett Ratner,Ben Stiller,75000000,152930623,77930623,2.039,Yes,104,5.8,932,Yes,36.74,$40M-100M,90-109 min,"500-1,999",No
55465,A Very Harold & Kumar Christmas,A Very Harold & Kumar Christmas (2011),2011-11-04,2011,2010s,Nov,11,English,Comedy,1,Todd Strauss-Schulson,Neil Patrick Harris,19000000,35387212,16387212,1.862,Yes,108,6.0,328,Yes,17.97,$10M-40M,90-109 min,50-499,No
74536,The Son of No One,The Son of No One (2011),2011-11-04,2011,2010s,Nov,11,English,Drama,3,Dito Montiel,Channing Tatum,15000000,,,,No,90,4.8,92,Yes,7.7,$10M-40M,90-109 min,50-499,No
70435,Haywire,Haywire (2011),2011-11-06,2011,2010s,Nov,11,English,Action,2,Steven Soderbergh,Gina Carano,23000000,33372606,10372606,1.451,Yes,93,5.6,505,Yes,26.26,$10M-40M,90-109 min,"500-1,999",No
88794,J. Edgar,J. Edgar (2011),2011-11-09,2011,2010s,Nov,11,English,Drama,3,Clint Eastwood,Leonardo DiCaprio,35000000,84606030,49606030,2.417,Yes,137,6.0,741,Yes,28.07,$10M-40M,130-149 min,"500-1,999",No
37958,Immortals,Immortals (2011),2011-11-10,2011,2010s,Nov,11,English,Fantasy,3,Tarsem Singh,Mickey Rourke,75000000,226904017,151904017,3.025,Yes,110,5.7,880,Yes,37.92,$40M-100M,110-129 min,"500-1,999",No
71880,Jack and Jill,Jack and Jill (2011),2011-11-11,2011,2010s,Nov,11,English,Comedy,1,Dennis Dugan,Adam Sandler,79000000,149673788,70673788,1.895,Yes,91,4.1,604,Yes,22.13,$40M-100M,90-109 min,"500-1,999",No
78814,We Have Your Husband,We Have Your Husband (2011),2011-11-12,2011,2010s,Nov,11,English,TV Movie,4,Eric Bross,Teri Polo,,,,,No,89,5.0,3,No,0.1,Unknown,Under 90 min,Under 50,No
65759,Happy Feet Two,Happy Feet Two (2011),2011-11-17,2011,2010s,Nov,11,English,Animation,3,George Miller,Elijah Wood,130000000,150406466,20406466,1.157,Yes,100,5.8,373,Yes,17.77,$100M+,90-109 min,50-499,No
60422,Another Happy Day,Another Happy Day (2011),2011-11-18,2011,2010s,Nov,11,English,Comedy,2,Sam Levinson,Ellen Barkin,4000000,355688,-3644312,0.089,Yes,119,6.2,37,No,3.24,Under $10M,110-129 min,Under 50,No
44826,Hugo,Hugo (2011),2011-11-22,2011,2010s,Nov,11,English,Adventure,3,Martin Scorsese,Ben Kingsley,170000000,185770160,15770160,1.093,Yes,126,7.0,2141,Yes,32.32,$100M+,110-129 min,"2,000-4,999",No
58574,Sherlock Holmes: A Game of Shadows,Sherlock Holmes: A Game of Shadows (2011),2011-11-22,2011,2010s,Nov,11,English,Adventure,4,Guy Ritchie,Robert Downey Jr.,125000000,334615000,209615000,2.677,Yes,129,7.0,3886,Yes,81.5,$100M+,110-129 min,"2,000-4,999",No
64328,The Muppets,The Muppets (2011),2011-11-22,2011,2010s,Nov,11,English,Comedy,3,James Bobin,Amy Adams,45000000,165184237,120184237,3.671,Yes,103,6.5,501,Yes,17.05,$40M-100M,90-109 min,"500-1,999",No
64720,Take Shelter,Take Shelter (2011),2011-11-25,2011,2010s,Nov,11,English,Thriller,2,Jeff Nichols,Michael Shannon,5000000,3099314,-1900686,0.62,Yes,120,7.1,471,Yes,19.81,Under $10M,110-129 min,50-499,No
74534,The Best Exotic Marigold Hotel,The Best Exotic Marigold Hotel (2011),2011-11-28,2011,2010s,Nov,11,English,Drama,2,John Madden,Bill Nighy,10000000,136836156,126836156,13.684,Yes,124,6.9,459,Yes,21.26,$10M-40M,110-129 min,50-499,No
58428,The Innkeepers,The Innkeepers (2011),2011-12-01,2011,2010s,Dec,12,English,Horror,2,Ti West,Sara Paxton,750000,78396,-671604,0.105,Yes,102,5.4,219,Yes,14.39,Under $10M,90-109 min,50-499,No
56292,Mission: Impossible - Ghost Protocol,Mission: Impossible - Ghost Protocol (2011),2011-12-07,2011,2010s,Dec,12,English,Action,3,Brad Bird,Tom Cruise,145000000,694713380,549713380,4.791,Yes,133,6.8,3972,Yes,77.77,$100M+,130-149 min,"2,000-4,999",No
62838,New Year's Eve,New Year's Eve (2011),2011-12-08,2011,2010s,Dec,12,English,Comedy,2,Garry Marshall,Robert De Niro,56000000,142044638,86044638,2.537,Yes,118,5.7,718,Yes,21.22,$40M-100M,110-129 min,"500-1,999",No
57431,The Sitter,The Sitter (2011),2011-12-09,2011,2010s,Dec,12,English,Comedy,1,David Gordon Green,Sam Rockwell,25000000,34942188,9942188,1.398,Yes,81,5.4,325,Yes,19.43,$10M-40M,Under 90 min,50-499,No
71676,Ghost Rider: Spirit of Vengeance,Ghost Rider: Spirit of Vengeance (2011),2011-12-10,2011,2010s,Dec,12,English,Action,3,Brian Taylor,Nicolas Cage,57000000,149217355,92217355,2.618,Yes,95,4.7,1135,Yes,48.62,$40M-100M,90-109 min,"500-1,999",No
65754,The Girl with the Dragon Tattoo,The Girl with the Dragon Tattoo (2011),2011-12-14,2011,2010s,Dec,12,English,Thriller,4,David Fincher,Daniel Craig,90000000,232617430,142617430,2.585,Yes,158,7.2,2434,Yes,47.65,$40M-100M,150+ min,"2,000-4,999",No
55301,Alvin and the Chipmunks: Chipwrecked,Alvin and the Chipmunks: Chipwrecked (2011),2011-12-14,2011,2010s,Dec,12,English,Comedy,5,Mike Mitchell,Jason Lee,75000000,342695435,267695435,4.569,Yes,87,5.4,484,Yes,23.47,$40M-100M,Under 90 min,50-499,No
76758,The Flowers of War,The Flowers of War (2011),2011-12-15,2011,2010s,Dec,12,Other languages,Drama,3,Zhang Yimou,Christian Bale,94000000,95311434,1311434,1.014,Yes,145,7.1,187,Yes,12.52,$40M-100M,130-149 min,50-499,No
57157,Young Adult,Young Adult (2011),2011-12-16,2011,2010s,Dec,12,English,Comedy,2,Jason Reitman,Charlize Theron,12000000,22939027,10939027,1.912,Yes,94,5.6,364,Yes,16.18,$10M-40M,90-109 min,50-499,No
73873,Albert Nobbs,Albert Nobbs (2011),2011-12-21,2011,2010s,Dec,12,English,Drama,1,Rodrigo García,Glenn Close,8000000,5634828,-2365172,0.704,Yes,113,6.2,132,Yes,7.8,Under $10M,110-129 min,50-499,No
74465,We Bought a Zoo,We Bought a Zoo (2011),2011-12-22,2011,2010s,Dec,12,English,Drama,3,Cameron Crowe,Matt Damon,50000000,120081841,70081841,2.402,Yes,124,6.5,909,Yes,38.63,$40M-100M,110-129 min,"500-1,999",No
71469,The Darkest Hour,The Darkest Hour (2011),2011-12-22,2011,2010s,Dec,12,English,Horror,4,Chris Gorak,Emile Hirsch,30000000,64626786,34626786,2.154,Yes,89,4.8,469,Yes,23.33,$10M-40M,Under 90 min,50-499,No
79777,In the Land of Blood and Honey,In the Land of Blood and Honey (2011),2011-12-23,2011,2010s,Dec,12,English,Drama,3,Angelina Jolie,Zana Marjanović,10000000,303877,-9696123,0.03,Yes,127,5.8,45,No,4.27,$10M-40M,110-129 min,Under 50,No
64685,Extremely Loud & Incredibly Close,Extremely Loud & Incredibly Close (2011),2011-12-24,2011,2010s,Dec,12,English,Drama,1,Stephen Daldry,Thomas Horn,40000000,55247881,15247881,1.381,Yes,129,6.9,708,Yes,31.07,$40M-100M,110-129 min,"500-1,999",No
57212,War Horse,War Horse (2011),2011-12-25,2011,2010s,Dec,12,English,Drama,2,Steven Spielberg,Tom Hiddleston,66000000,177584879,111584879,2.691,Yes,146,7.0,992,Yes,29.51,$40M-100M,130-149 min,"500-1,999",No
72766,Newlyweds,Newlyweds (2011),2011-12-26,2011,2010s,Dec,12,English,Comedy,2,Edward Burns,Edward Burns,9000,,,,No,85,5.9,5,No,0.64,Under $10M,Under 90 min,Under 50,No
71688,The Iron Lady,The Iron Lady (2011),2011-12-30,2011,2010s,Dec,12,English,History,2,Phyllida Lloyd,Meryl Streep,13000000,114956699,101956699,8.843,Yes,105,6.2,527,Yes,23.38,$10M-40M,90-109 min,"500-1,999",No
137955,Crowsnest,Crowsnest (2012),2012-01-01,2012,2010s,Jan,1,English,No genre,0,Unknown,Unknown,1200000,,,,No,84,4.8,12,No,0.06,Under $10M,Under 90 min,Under 50,No
76487,The Devil Inside,The Devil Inside (2012),2012-01-06,2012,2010s,Jan,1,English,Thriller,2,William Brent Bell,Fernanda Andrade,1000000,101758490,100758490,101.758,Yes,83,4.6,262,Yes,13.15,Under $10M,Under 90 min,50-499,No
77866,Contraband,Contraband (2012),2012-01-12,2012,2010s,Jan,1,English,Thriller,4,Baltasar Kormákur,Mark Wahlberg,25000000,63100000,38100000,2.524,Yes,109,6.1,770,Yes,31.36,$10M-40M,90-109 min,"500-1,999",No
49527,Man on a Ledge,Man on a Ledge (2012),2012-01-13,2012,2010s,Jan,1,English,Action,3,Asger Leth,Sam Worthington,42000000,46221189,4221189,1.101,Yes,102,6.2,925,Yes,34.04,$40M-100M,90-109 min,"500-1,999",No
63574,Joyful Noise,Joyful Noise (2012),2012-01-13,2012,2010s,Jan,1,English,Comedy,2,Todd Graff,Queen Latifah,,,,,No,117,6.7,33,No,5.75,Unknown,110-129 min,Under 50,No
72545,Journey 2: The Mysterious Island,Journey 2: The Mysterious Island (2012),2012-01-19,2012,2010s,Jan,1,English,Adventure,3,Brad Peyton,Dwayne Johnson,79000000,355692760,276692760,4.502,Yes,94,5.8,1030,Yes,40.72,$40M-100M,90-109 min,"500-1,999",No
52520,Underworld: Awakening,Underworld: Awakening (2012),2012-01-19,2012,2010s,Jan,1,English,Fantasy,3,Måns Mårlind,Kate Beckinsale,70000000,160112671,90112671,2.287,Yes,88,6.1,1862,Yes,58.4,$40M-100M,Under 90 min,"500-1,999",No
72431,Red Tails,Red Tails (2012),2012-01-19,2012,2010s,Jan,1,English,Drama,5,Anthony Hemingway,Bryan Cranston,58000000,50365377,-7634623,0.868,Yes,125,5.9,178,Yes,12.3,$40M-100M,110-129 min,50-499,No
286939,Sanctuary: Quite a Conundrum,Sanctuary: Quite a Conundrum (2012),2012-01-20,2012,2010s,Jan,1,English,Thriller,3,Thomas L. Phillips,Sasha Ramos,,,,,No,82,,0,No,0.17,Unknown,Under 90 min,Under 50,No
84178,Black Rock,Black Rock (2012),2012-01-21,2012,2010s,Jan,1,English,Thriller,2,Katie Aselton,Kate Bosworth,,,,,No,83,4.9,78,Yes,7.21,Unknown,Under 90 min,50-499,No
139998,Supporting Characters,Supporting Characters (2012),2012-01-23,2012,2010s,Jan,1,English,Drama,2,Daniel Schechter,Alex Karpovsky,,,,,No,87,6.7,10,No,0.62,Unknown,Under 90 min,Under 50,No
54054,One for the Money,One for the Money (2012),2012-01-26,2012,2010s,Jan,1,English,Action,3,Julie Anne Robinson,Katherine Heigl,40000000,36893721,-3106279,0.922,Yes,91,5.3,388,Yes,19.44,$40M-100M,90-109 min,50-499,No
75174,The Grey,The Grey (2012),2012-01-26,2012,2010s,Jan,1,English,Action,3,Joe Carnahan,Liam Neeson,25000000,77278331,52278331,3.091,Yes,117,6.4,1451,Yes,48.55,$10M-40M,110-129 min,"500-1,999",No
50497,When the Lights Went Out,When the Lights Went Out (2012),2012-01-31,2012,2010s,Jan,1,English,Thriller,3,Pat Holden,Kate Ashfield,,,,,No,86,5.8,49,No,2.81,Unknown,Under 90 min,Under 50,No
65086,The Woman in Black,The Woman in Black (2012),2012-02-01,2012,2010s,Feb,2,English,Drama,3,James Watkins,Daniel Radcliffe,17000000,127730736,110730736,7.514,Yes,95,6.1,1206,Yes,43.68,$10M-40M,90-109 min,"500-1,999",No
76726,Chronicle,Chronicle (2012),2012-02-01,2012,2010s,Feb,2,English,Science Fiction,3,Josh Trank,Dane DeHaan,15000000,145000000,130000000,9.667,Yes,84,6.6,1935,Yes,64.5,$10M-40M,Under 90 min,"500-1,999",No
78698,Big Miracle,Big Miracle (2012),2012-02-02,2012,2010s,Feb,2,English,Adventure,3,Ken Kwapis,Drew Barrymore,40000000,24719215,-15280785,0.618,Yes,107,6.6,152,Yes,8.3,$40M-100M,90-109 min,50-499,No
98557,Dysfunctional Friends,Dysfunctional Friends (2012),2012-02-03,2012,2010s,Feb,2,English,Comedy,2,Corey Grant,Stacey Dash,1800000,,,,No,101,5.0,4,No,0.22,Under $10M,90-109 min,Under 50,No
72570,The Vow,The Vow (2012),2012-02-05,2012,2010s,Feb,2,English,Drama,2,Michael Sucsy,Rachel McAdams,30000000,196114570,166114570,6.537,Yes,104,7.0,1293,Yes,26.78,$10M-40M,90-109 min,"500-1,999",No
59961,Safe House,Safe House (2012),2012-02-09,2012,2010s,Feb,2,English,Action,2,Daniel Espinosa,Denzel Washington,85000000,208076205,123076205,2.448,Yes,115,6.3,1345,Yes,34.77,$40M-100M,110-129 min,"500-1,999",No
80271,LOL,LOL (2012),2012-02-10,2012,2010s,Feb,2,English,Drama,3,Lisa Azuelos,Miley Cyrus,11000000,,,,No,97,5.9,881,Yes,31.76,$10M-40M,90-109 min,"500-1,999",No
59962,This Means War,This Means War (2012),2012-02-14,2012,2010s,Feb,2,English,Action,3,McG,Reese Witherspoon,65000000,156974557,91974557,2.415,Yes,103,5.9,1389,Yes,38.99,$40M-100M,90-109 min,"500-1,999",No
50647,Wanderlust,Wanderlust (2012),2012-02-23,2012,2010s,Feb,2,English,Comedy,1,David Wain,Paul Rudd,35000000,24159934,-10840066,0.69,Yes,98,5.3,394,Yes,20.91,$10M-40M,90-109 min,50-499,No
62008,Good Deeds,Good Deeds (2012),2012-02-23,2012,2010s,Feb,2,English,Comedy,3,Tyler Perry,Tyler Perry,,,,,No,111,6.2,45,No,4.45,Unknown,110-129 min,Under 50,No
75674,Act of Valor,Act of Valor (2012),2012-02-24,2012,2010s,Feb,2,English,Action,3,Mike McCoy,Roselyn Sánchez,12000000,81272766,69272766,6.773,Yes,110,6.3,417,Yes,21.96,$10M-40M,110-129 min,50-499,No
84401,Sholem Aleichem: Laughing In The Darkness,Sholem Aleichem: Laughing In The Darkness (2012),2012-02-24,2012,2010s,Feb,2,English,Documentary,1,Joseph Dorman,Rachel Dratch,500000,845188,345188,1.69,Yes,93,7.0,2,No,0.11,Under $10M,90-109 min,Under 50,No
57214,Project X,Project X (2012),2012-03-01,2012,2010s,Mar,3,English,Comedy,2,Nima Nourizadeh,Oliver Cooper,12000000,100000000,88000000,8.333,Yes,88,6.5,1564,Yes,49.07,$10M-40M,Under 90 min,"500-1,999",No
119657,El Rey de Najayo,El Rey de Najayo (2012),2012-03-01,2012,2010s,Mar,3,English,Crime,2,Fernando Baez Mella,Manny Pérez,,,,,No,101,,0,No,0.08,Unknown,90-109 min,Under 50,No
75638,Red Lights,Red Lights (2012),2012-03-02,2012,2010s,Mar,3,English,Thriller,1,Rodrigo Cortés,Sigourney Weaver,14000000,13551174,-448826,0.968,Yes,119,6.0,376,Yes,22.75,$10M-40M,110-129 min,50-499,No
79940,Tim and Eric's Billion Dollar Movie,Tim and Eric's Billion Dollar Movie (2012),2012-03-02,2012,2010s,Mar,3,English,Comedy,1,Tim Heidecker,Eric Wareheim,,,,,No,94,5.2,34,No,1.75,Unknown,90-109 min,Under 50,No
89857,High Road,High Road (2012),2012-03-06,2012,2010s,Mar,3,English,Comedy,1,Matt Walsh,Kathryn Burns,,,,,No,87,5.8,22,No,1.29,Unknown,Under 90 min,Under 50,No
49529,John Carter,John Carter (2012),2012-03-07,2012,2010s,Mar,3,English,Action,3,Andrew Stanton,Taylor Kitsch,260000000,284139100,24139100,1.093,Yes,132,6.1,2124,Yes,43.93,$100M+,130-149 min,"2,000-4,999",No
72358,A Thousand Words,A Thousand Words (2012),2012-03-07,2012,2010s,Mar,3,English,Drama,2,Brian Robbins,Eddie Murphy,40000000,22044277,-17955723,0.551,Yes,91,6.0,373,Yes,13.12,$40M-100M,90-109 min,50-499,No
70436,The Raven,The Raven (2012),2012-03-09,2012,2010s,Mar,3,English,Crime,3,James McTeigue,John Cusack,26000000,29657751,3657751,1.141,Yes,111,6.1,426,Yes,22.52,$10M-40M,110-129 min,50-499,No
95755,Small Apartments,Small Apartments (2012),2012-03-10,2012,2010s,Mar,3,English,Comedy,2,Jonas Åkerlund,Matt Lucas,2000000,,,,No,96,5.7,50,Yes,5.1,Under $10M,90-109 min,50-499,No
70160,The Hunger Games,The Hunger Games (2012),2012-03-12,2012,2010s,Mar,3,English,Science Fiction,3,Gary Ross,Jennifer Lawrence,75000000,691210692,616210692,9.216,Yes,142,6.9,9455,Yes,68.55,$40M-100M,130-149 min,"5,000+",No
72197,The Pirates! In an Adventure with Scientists!,The Pirates! In an Adventure with Scientists! (2012),2012-03-12,2012,2010s,Mar,3,English,Animation,4,Peter Lord,Hugh Grant,60000000,118338361,58338361,1.972,Yes,88,6.4,374,Yes,23.7,$40M-100M,Under 90 min,50-499,No
64688,21 Jump Street,21 Jump Street (2012),2012-03-12,2012,2010s,Mar,3,English,Action,3,Phil Lord,Channing Tatum,42000000,201585328,159585328,4.8,Yes,109,6.7,4074,Yes,62.71,$40M-100M,90-109 min,"2,000-4,999",No
62764,Mirror Mirror,Mirror Mirror (2012),2012-03-15,2012,2010s,Mar,3,English,Adventure,6,Tarsem Singh,Julia Roberts,85000000,183018522,98018522,2.153,Yes,106,5.5,1114,Yes,48.13,$40M-100M,90-109 min,"500-1,999",No
80304,Casa De Mi Padre,Casa De Mi Padre (2012),2012-03-15,2012,2010s,Mar,3,English,Comedy,2,Matt Piedmont,Will Ferrell,,,,,No,84,5.5,103,Yes,5.75,Unknown,Under 90 min,50-499,No
92635,Snow White: A Deadly Summer,Snow White: A Deadly Summer (2012),2012-03-16,2012,2010s,Mar,3,English,Horror,2,David DeCoteau,Shanley Caswell,1000000,,,,No,85,4.8,11,No,0.65,Under $10M,Under 90 min,Under 50,No
57165,Wrath of the Titans,Wrath of the Titans (2012),2012-03-27,2012,2010s,Mar,3,English,Adventure,1,Jonathan Liebesman,Sam Worthington,150000000,301000000,151000000,2.007,Yes,99,5.5,1431,Yes,44.93,$100M+,90-109 min,"500-1,999",No
117942,Girls Gone Dead,Girls Gone Dead (2012),2012-03-28,2012,2010s,Mar,3,English,Horror,2,Michael Hoffman Jr.,Katie Peterson,500000,,,,No,104,3.5,14,No,1.6,Under $10M,90-109 min,Under 50,No
82507,Sinister,Sinister (2012),2012-03-29,2012,2010s,Mar,3,English,Horror,3,Scott Derrickson,Ethan Hawke,3000000,77712439,74712439,25.904,Yes,110,6.7,1573,Yes,41.05,Under $10M,110-129 min,"500-1,999",No
71552,American Reunion,American Reunion (2012),2012-04-04,2012,2010s,Apr,4,English,Comedy,1,Jon Hurwitz,Jason Biggs,50000000,234989584,184989584,4.7,Yes,113,6.1,1611,Yes,39.92,$40M-100M,110-129 min,"500-1,999",No
77948,The Cold Light of Day,The Cold Light of Day (2012),2012-04-04,2012,2010s,Apr,4,English,Action,2,Mabrouk El Mechri,Henry Cavill,20000000,16863583,-3136417,0.843,Yes,93,4.8,271,Yes,15.13,$10M-40M,90-109 min,50-499,No
82533,Damsels in Distress,Damsels in Distress (2012),2012-04-06,2012,2010s,Apr,4,English,Comedy,2,Whit Stillman,Greta Gerwig,,,,,No,99,5.6,67,Yes,3.75,Unknown,90-109 min,50-499,No
44833,Battleship,Battleship (2012),2012-04-11,2012,2010s,Apr,4,English,Thriller,4,Peter Berg,Taylor Kitsch,209000000,303025485,94025485,1.45,Yes,131,5.5,2114,Yes,64.93,$100M+,130-149 min,"2,000-4,999",No
22970,The Cabin in the Woods,The Cabin in the Woods (2012),2012-04-12,2012,2010s,Apr,4,English,Horror,2,Drew Goddard,Kristen Connolly,30000000,66486080,36486080,2.216,Yes,95,6.5,2263,Yes,73.99,$10M-40M,90-109 min,"2,000-4,999",No
81796,Lockout,Lockout (2012),2012-04-12,2012,2010s,Apr,4,English,Action,3,Stephen St. Leger,Guy Pearce,20000000,32204030,12204030,1.61,Yes,95,5.8,715,Yes,35.23,$10M-40M,90-109 min,"500-1,999",No
76489,The Three Stooges,The Three Stooges (2012),2012-04-13,2012,2010s,Apr,4,English,Comedy,1,Bobby Farrelly,Sean Hayes,30000000,54819301,24819301,1.827,Yes,92,4.9,140,Yes,14.59,$10M-40M,90-109 min,50-499,No
98369,Blue Like Jazz,Blue Like Jazz (2012),2012-04-13,2012,2010s,Apr,4,English,Drama,2,Steve Taylor,Marshall Allman,1250000,,,,No,106,5.8,25,No,1.61,Under $10M,90-109 min,Under 50,No
72387,Safe,Safe (2012),2012-04-16,2012,2010s,Apr,4,English,Action,3,Boaz Yakin,Jason Statham,30000000,40346186,10346186,1.345,Yes,94,6.3,799,Yes,31.93,$10M-40M,90-109 min,"500-1,999",No
67660,Think Like a Man,Think Like a Man (2012),2012-04-16,2012,2010s,Apr,4,English,Comedy,2,Tim Story,Michael Ealy,12000000,96070507,84070507,8.006,Yes,122,6.9,281,Yes,6.04,$10M-40M,110-129 min,50-499,No
77877,The Lucky One,The Lucky One (2012),2012-04-19,2012,2010s,Apr,4,English,Drama,2,Scott Hicks,Zac Efron,25000000,99357138,74357138,3.974,Yes,101,6.8,946,Yes,26.81,$10M-40M,90-109 min,"500-1,999",No
81836,To Rome with Love,To Rome with Love (2012),2012-04-20,2012,2010s,Apr,4,English,Romance,2,Woody Allen,Ellen Page,17000000,73244881,56244881,4.309,Yes,111,5.6,546,Yes,15.01,$10M-40M,110-129 min,"500-1,999",No
89325,Darling Companion,Darling Companion (2012),2012-04-20,2012,2010s,Apr,4,English,Drama,2,Lawrence Kasdan,Diane Keaton,,,,,No,103,5.3,22,No,2.3,Unknown,90-109 min,Under 50,No
168027,Freaky Deaky,Freaky Deaky (2012),2012-04-22,2012,2010s,Apr,4,English,Comedy,1,Charles Matthau,Christian Slater,,,,,No,90,4.9,18,No,4.45,Unknown,90-109 min,Under 50,No
100275,Eddie: The Sleepwalking Cannibal,Eddie: The Sleepwalking Cannibal (2012),2012-04-22,2012,2010s,Apr,4,English,Horror,2,Boris Rodriguez,Thure Lindhardt,,1632,,,No,79,6.1,30,No,0.14,Unknown,Under 90 min,Under 50,No
24428,The Avengers,The Avengers (2012),2012-04-25,2012,2010s,Apr,4,English,Science Fiction,3,Joss Whedon,Robert Downey Jr.,220000000,1519557910,1299557910,6.907,Yes,143,7.4,11776,Yes,144.45,$100M+,130-149 min,"5,000+",No
72207,The Five-Year Engagement,The Five-Year Engagement (2012),2012-04-27,2012,2010s,Apr,4,English,Comedy,1,Nicholas Stoller,Jason Segel,30000000,53909751,23909751,1.797,Yes,124,5.7,457,Yes,27.71,$10M-40M,110-129 min,50-499,No
103903,Outside Bet,Outside Bet (2012),2012-04-27,2012,2010s,Apr,4,English,Comedy,1,Sacha Bennett,Bob Hoskins,7500000,,,,No,101,5.8,2,No,0.09,Under $10M,90-109 min,Under 50,No
92591,Bernie,Bernie (2012),2012-04-27,2012,2010s,Apr,4,English,Comedy,3,Richard Linklater,Jack Black,5000000,9206470,4206470,1.841,Yes,100,6.5,320,Yes,12.69,Under $10M,90-109 min,50-499,No
139715,Detention of the Dead,Detention of the Dead (2012),2012-04-27,2012,2010s,Apr,4,English,Comedy,2,Alex Craig Mann,Jacob Zachar,500000,,,,No,87,4.5,34,No,2.39,Under $10M,Under 90 min,Under 50,No
113406,Should've Been Romeo,Should've Been Romeo (2012),2012-04-28,2012,2010s,Apr,4,English,Comedy,2,Marcia Bennett,Paul Ben-Victor,,,,,No,,,0,No,0.41,Unknown,Unknown,Under 50,No
113947,The Sessions,The Sessions (2012),2012-05-02,2012,2010s,May,5,English,Drama,3,Ben Lewin,John Hawkes,1000000,9138338,8138338,9.138,Yes,98,6.6,179,Yes,9.12,Under $10M,90-109 min,50-499,No
126186,Shanghai Calling,Shanghai Calling (2012),2012-05-03,2012,2010s,May,5,English,No genre,0,Daniel Hsia,Daniel Henney,,,,,No,98,5.7,7,No,0.86,Unknown,90-109 min,Under 50,No
62213,Dark Shadows,Dark Shadows (2012),2012-05-08,2012,2010s,May,5,English,Comedy,2,Tim Burton,Johnny Depp,150000000,245527149,95527149,1.637,Yes,113,5.7,2320,Yes,50.31,$100M+,110-129 min,"2,000-4,999",No
76493,The Dictator,The Dictator (2012),2012-05-15,2012,2010s,May,5,English,Comedy,1,Larry Charles,Sacha Baron Cohen,65000000,179379533,114379533,2.76,Yes,83,5.9,1743,Yes,31.35,$40M-100M,Under 90 min,"500-1,999",No
83666,Moonrise Kingdom,Moonrise Kingdom (2012),2012-05-16,2012,2010s,May,5,English,Comedy,3,Wes Anderson,Bruce Willis,16000000,68263166,52263166,4.266,Yes,94,7.6,1662,Yes,41.08,$10M-40M,90-109 min,"500-1,999",No
76494,What to Expect When You're Expecting,What to Expect When You're Expecting (2012),2012-05-17,2012,2010s,May,5,English,Romance,3,Kirk Jones,Cameron Diaz,40000000,79700000,39700000,1.992,Yes,110,5.8,594,Yes,27.01,$40M-100M,110-129 min,"500-1,999",No
127493,Stolen,Stolen (2012),2012-05-17,2012,2010s,May,5,English,Action,4,Simon West,Nicolas Cage,35000000,2106557,-32893443,0.06,Yes,96,5.1,344,Yes,16.83,$10M-40M,90-109 min,50-499,No
80215,Indie Game: The Movie,Indie Game: The Movie (2012),2012-05-18,2012,2010s,May,5,English,Documentary,1,Lisanne Pajot,Jonathan Blow,,,,,No,96,7.4,203,Yes,7.68,Unknown,90-109 min,50-499,No
115210,Stitches,Stitches (2012),2012-05-19,2012,2010s,May,5,English,Horror,1,Conor McMahon,Ross Noble,100000,95000,-5000,0.95,Yes,86,5.5,92,Yes,7.45,Under $10M,Under 90 min,50-499,No
83770,On the Road,On the Road (2012),2012-05-22,2012,2010s,May,5,English,Adventure,2,Walter Salles,Garrett Hedlund,25000000,8784318,-16215682,0.351,Yes,137,5.5,301,Yes,14.61,$10M-40M,130-149 min,50-499,No
41154,Men in Black 3,Men in Black 3 (2012),2012-05-23,2012,2010s,May,5,English,Action,3,Barry Sonnenfeld,Will Smith,225000000,624026776,399026776,2.773,Yes,106,6.2,4160,Yes,52.04,$100M+,90-109 min,"2,000-4,999",No
93856,Chernobyl Diaries,Chernobyl Diaries (2012),2012-05-24,2012,2010s,May,5,English,Horror,2,Bradley Parker,Jesse McCartney,,18112929,,,No,88,4.9,483,Yes,20.65,Unknown,Under 90 min,50-499,No
90369,Now Is Good,Now Is Good (2012),2012-05-25,2012,2010s,May,5,English,Drama,2,Ol Parker,Dakota Fanning,,,,,No,103,7.3,371,Yes,14.14,Unknown,90-109 min,50-499,No
58595,Snow White and the Huntsman,Snow White and the Huntsman (2012),2012-05-30,2012,2010s,May,5,English,Adventure,3,Rupert Sanders,Kristen Stewart,170000000,396600000,226600000,2.333,Yes,127,5.8,3118,Yes,77.18,$100M+,110-129 min,"2,000-4,999",No
70981,Prometheus,Prometheus (2012),2012-05-30,2012,2010s,May,5,English,Science Fiction,3,Ridley Scott,Noomi Rapace,130000000,403170142,273170142,3.101,Yes,124,6.3,5080,Yes,68.89,$100M+,110-129 min,"5,000+",No
96399,For Greater Glory - The True Story of Cristiada,For Greater Glory - The True Story of Cristiada (2012),2012-06-01,2012,2010s,Jun,6,English,History,2,Dean Wright,Eva Longoria,12000000,9622846,-2377154,0.802,Yes,145,6.4,35,No,5.76,$10M-40M,130-149 min,Under 50,No
112456,Hardflip,Hardflip (2012),2012-06-01,2012,2010s,Jun,6,English,Drama,2,Johnny Remo,Randy Wayne,1000000,,,,No,114,4.7,5,No,0.34,Under $10M,110-129 min,Under 50,No
133931,Zambezia,Zambezia (2012),2012-06-05,2012,2010s,Jun,6,English,Comedy,4,Wayne Thornley,Jeremy Suarez,20000000,,,,No,83,5.3,68,Yes,14.18,$10M-40M,Under 90 min,50-499,No
80321,Madagascar 3: Europe's Most Wanted,Madagascar 3: Europe's Most Wanted (2012),2012-06-06,2012,2010s,Jun,6,English,Animation,2,Conrad Vernon,Ben Stiller,145000000,746921274,601921274,5.151,Yes,93,6.4,1808,Yes,44.99,$100M+,90-109 min,"500-1,999",No
84332,Safety Not Guaranteed,Safety Not Guaranteed (2012),2012-06-08,2012,2010s,Jun,6,English,Comedy,4,Colin Trevorrow,Aubrey Plaza,750000,4007792,3257792,5.344,Yes,85,6.8,556,Yes,25.19,Under $10M,Under 90 min,"500-1,999",No
80585,Rock of Ages,Rock of Ages (2012),2012-06-13,2012,2010s,Jun,6,English,Comedy,4,Adam Shankman,Julianne Hough,75000000,59418613,-15581387,0.792,Yes,123,6.0,385,Yes,23.52,$40M-100M,110-129 min,50-499,No
87428,That's My Boy,That's My Boy (2012),2012-06-14,2012,2010s,Jun,6,English,Comedy,1,Sean Anders,Adam Sandler,70000000,58058367,-11941633,0.829,Yes,116,5.5,453,Yes,21.72,$40M-100M,110-129 min,50-499,No
116977,Foodfight!,Foodfight! (2012),2012-06-15,2012,2010s,Jun,6,English,Animation,4,Lawrence Kasanoff,Charlie Sheen,65000000,73706,-64926294,0.001,Yes,87,2.3,28,No,5.26,$40M-100M,Under 90 min,Under 50,No
72331,Abraham Lincoln: Vampire Hunter,Abraham Lincoln: Vampire Hunter (2012),2012-06-20,2012,2010s,Jun,6,English,Action,3,Timur Bekmambetov,Benjamin Walker,69000000,112265139,43265139,1.627,Yes,94,5.5,1269,Yes,38.63,$40M-100M,90-109 min,"500-1,999",No
62177,Brave,Brave (2012),2012-06-21,2012,2010s,Jun,6,English,Animation,6,Brenda Chapman,Kelly Macdonald,185000000,538983207,353983207,2.913,Yes,93,6.7,4641,Yes,125.11,$100M+,90-109 min,"2,000-4,999",No
88005,Seeking a Friend for the End of the World,Seeking a Friend for the End of the World (2012),2012-06-22,2012,2010s,Jun,6,English,Comedy,4,Lorene Scafaria,Steve Carell,10000000,9636289,-363711,0.964,Yes,101,6.3,700,Yes,30.86,$10M-40M,90-109 min,"500-1,999",No
57800,Ice Age: Continental Drift,Ice Age: Continental Drift (2012),2012-06-26,2012,2010s,Jun,6,English,Animation,4,Steve Martino,John Leguizamo,95000000,877244782,782244782,9.234,Yes,88,6.2,2672,Yes,65.23,$40M-100M,Under 90 min,"2,000-4,999",No
1930,The Amazing Spider-Man,The Amazing Spider-Man (2012),2012-06-27,2012,2010s,Jun,6,English,Action,3,Marc Webb,Andrew Garfield,215000000,752215857,537215857,3.499,Yes,136,6.5,6586,Yes,89.87,$100M+,130-149 min,"5,000+",No
101267,Katy Perry: Part of Me,Katy Perry: Part of Me (2012),2012-06-28,2012,2010s,Jun,6,English,Documentary,2,Dan Cutforth,Katy Perry,12000000,32726956,20726956,2.727,Yes,93,6.5,85,Yes,8.41,$10M-40M,90-109 min,50-499,No
77930,Magic Mike,Magic Mike (2012),2012-06-28,2012,2010s,Jun,6,English,Drama,2,Steven Soderbergh,Channing Tatum,7000000,167221571,160221571,23.889,Yes,110,6.1,1040,Yes,35.9,Under $10M,110-129 min,"500-1,999",No
72105,Ted,Ted (2012),2012-06-29,2012,2010s,Jun,6,English,Comedy,2,Seth MacFarlane,Mark Wahlberg,50000000,549368315,499368315,10.987,Yes,106,6.3,4697,Yes,68.88,$40M-100M,90-109 min,"2,000-4,999",No
103370,Madea's Witness Protection,Madea's Witness Protection (2012),2012-06-29,2012,2010s,Jun,6,English,Drama,3,Tyler Perry,Tyler Perry,,,,,No,114,5.9,52,Yes,7.05,Unknown,110-129 min,50-499,No
84175,Beasts of the Southern Wild,Beasts of the Southern Wild (2012),2012-06-29,2012,2010s,Jun,6,English,Drama,2,Benh Zeitlin,Quvenzhané Wallis,1800000,21107746,19307746,11.727,Yes,93,6.8,403,Yes,12.47,Under $10M,90-109 min,50-499,No
86837,Amour,Amour (2012),2012-07-01,2012,2010s,Jul,7,Other languages,Drama,2,Michael Haneke,Emmanuelle Riva,8900000,19839492,10939492,2.229,Yes,127,7.5,400,Yes,17.15,Under $10M,110-129 min,50-499,No
103328,Holy Motors,Holy Motors (2012),2012-07-02,2012,2010s,Jul,7,English,Drama,2,Leos Carax,Eva Mendes,,641100,,,No,115,6.9,228,Yes,9.14,Unknown,110-129 min,50-499,No
82525,Savages,Savages (2012),2012-07-06,2012,2010s,Jul,7,English,Crime,3,Oliver Stone,Blake Lively,45000000,82966152,37966152,1.844,Yes,131,6.2,766,Yes,31.86,$40M-100M,130-149 min,"500-1,999",No
127918,The Gatekeepers,The Gatekeepers (2012),2012-07-09,2012,2010s,Jul,7,English,Documentary,1,Dror Moreh,Ami Ayalon,,,,,No,101,6.5,39,No,2.83,Unknown,90-109 min,Under 50,No
126509,2016: Obama's America,2016: Obama's America (2012),2012-07-13,2012,2010s,Jul,7,English,Documentary,1,John Sullivan,Unknown,2500000,33400000,30900000,13.36,Yes,87,4.6,19,No,0.97,Under $10M,Under 90 min,Under 50,No
49026,The Dark Knight Rises,The Dark Knight Rises (2012),2012-07-16,2012,2010s,Jul,7,English,Action,4,Christopher Nolan,Christian Bale,250000000,1084939099,834939099,4.34,Yes,165,7.6,9106,Yes,112.31,$100M+,150+ min,"5,000+",No
158150,How to Fall in Love,How to Fall in Love (2012),2012-07-21,2012,2010s,Jul,7,English,Comedy,3,Mark Griffiths,Brooke D'Orsay,4000000,,,,No,,5.2,20,No,1.92,Under $10M,Unknown,Under 50,No
80035,The Watch,The Watch (2012),2012-07-26,2012,2010s,Jul,7,English,Comedy,1,Akiva Schaffer,Ben Stiller,68000000,68267862,267862,1.004,Yes,98,5.3,881,Yes,39.4,$40M-100M,90-109 min,"500-1,999",No
85446,Step Up Revolution,Step Up Revolution (2012),2012-07-26,2012,2010s,Jul,7,English,Music,3,Scott Speer,Kathryn McCormick,33000000,140470746,107470746,4.257,Yes,99,6.7,663,Yes,29.78,$10M-40M,90-109 min,"500-1,999",No
82650,Diary of a Wimpy Kid: Dog Days,Diary of a Wimpy Kid: Dog Days (2012),2012-08-02,2012,2010s,Aug,8,English,Comedy,2,David Bowers,Zachary Gordon,22000000,77112176,55112176,3.505,Yes,94,6.0,223,Yes,13.41,$10M-40M,90-109 min,50-499,No
77174,ParaNorman,ParaNorman (2012),2012-08-03,2012,2010s,Aug,8,English,Family,4,Sam Fell,Kodi Smit-McPhee,60000000,107139399,47139399,1.786,Yes,90,6.7,789,Yes,39.54,$40M-100M,90-109 min,"500-1,999",No
84184,Celeste & Jesse Forever,Celeste & Jesse Forever (2012),2012-08-03,2012,2010s,Aug,8,English,Comedy,3,Lee Toland Krieger,Rashida Jones,,3094813,,,No,91,6.4,163,Yes,9.44,Unknown,90-109 min,50-499,No
101179,Truth or Dare,Truth or Dare (2012),2012-08-05,2012,2010s,Aug,8,English,Horror,3,Robert Heath,Liam Boyle,,,,,No,95,5.7,117,Yes,6.68,Unknown,90-109 min,50-499,No
84174,Bachelorette,Bachelorette (2012),2012-08-06,2012,2010s,Aug,8,English,Comedy,2,Leslye Headland,Kirsten Dunst,3000000,11947954,8947954,3.983,Yes,87,5.3,444,Yes,20.95,Under $10M,Under 90 min,50-499,No
82696,Hope Springs,Hope Springs (2012),2012-08-07,2012,2010s,Aug,8,English,Drama,3,David Frankel,Meryl Streep,30000000,114281051,84281051,3.809,Yes,100,5.8,284,Yes,12.97,$10M-40M,90-109 min,50-499,No
49040,The Bourne Legacy,The Bourne Legacy (2012),2012-08-08,2012,2010s,Aug,8,English,Action,2,Tony Gilroy,Jeremy Renner,130000000,276572938,146572938,2.127,Yes,120,6.0,2651,Yes,90.34,$100M+,110-129 min,"2,000-4,999",No
76163,The Expendables 2,The Expendables 2 (2012),2012-08-08,2012,2010s,Aug,8,English,Action,3,Simon West,Sylvester Stallone,100000000,312573423,212573423,3.126,Yes,103,6.1,2896,Yes,53.73,$100M+,90-109 min,"2,000-4,999",No
77953,The Campaign,The Campaign (2012),2012-08-09,2012,2010s,Aug,8,English,Comedy,1,Jay Roach,Will Ferrell,,104907746,,,No,85,5.6,578,Yes,16.46,Unknown,Under 90 min,"500-1,999",No
84204,Grabbers,Grabbers (2012),2012-08-10,2012,2010s,Aug,8,English,Science Fiction,4,Jon Wright,Richard Coyle,,,,,No,94,6.0,140,Yes,9.45,Unknown,90-109 min,50-499,No
119458,Supercapitalist,Supercapitalist (2012),2012-08-10,2012,2010s,Aug,8,English,Thriller,1,Simon Yin,Linus Roache,,,,,No,103,3.5,2,No,0.17,Unknown,90-109 min,Under 50,No
71864,The Odd Life of Timothy Green,The Odd Life of Timothy Green (2012),2012-08-15,2012,2010s,Aug,8,English,Fantasy,4,Peter Hedges,Jennifer Garner,,51854875,,,No,105,6.5,386,Yes,16.39,Unknown,90-109 min,50-499,No
84329,Robot & Frank,Robot & Frank (2012),2012-08-16,2012,2010s,Aug,8,English,Science Fiction,4,Jake Schreier,Frank Langella,2500000,3325038,825038,1.33,Yes,85,6.8,450,Yes,23.42,Under $10M,Under 90 min,50-499,No
88036,Sparkle,Sparkle (2012),2012-08-17,2012,2010s,Aug,8,English,Drama,2,Salim Akil,Whitney Houston,14000000,24637469,10637469,1.76,Yes,116,5.8,36,No,2.7,$10M-40M,110-129 min,Under 50,No
109513,Hit & Run,Hit & Run (2012),2012-08-22,2012,2010s,Aug,8,English,Action,3,Dax Shepard,Kristen Bell,2000000,14400000,12400000,7.2,Yes,100,5.5,224,Yes,16.67,Under $10M,90-109 min,50-499,No
79694,The Apparition,The Apparition (2012),2012-08-23,2012,2010s,Aug,8,English,Horror,2,Todd Lincoln ,Ashley Greene,17000000,9627492,-7372508,0.566,Yes,82,4.5,140,Yes,6.39,$10M-40M,Under 90 min,50-499,No
84188,Compliance,Compliance (2012),2012-08-23,2012,2010s,Aug,8,English,Drama,3,Craig Zobel,Ann Dowd,,319285,,,No,90,6.3,221,Yes,8.94,Unknown,90-109 min,50-499,No
49526,Premium Rush,Premium Rush (2012),2012-08-24,2012,2010s,Aug,8,English,Crime,3,David Koepp,Joseph Gordon-Levitt,35000000,31083599,-3916401,0.888,Yes,91,6.2,832,Yes,17.71,$10M-40M,90-109 min,"500-1,999",No
73935,Vamps,Vamps (2012),2012-08-25,2012,2010s,Aug,8,English,Comedy,3,Amy Heckerling,Alicia Silverstone,16000000,,,,No,93,4.8,91,Yes,7.25,$10M-40M,90-109 min,50-499,No
118612,After,After (2012),2012-08-27,2012,2010s,Aug,8,English,Mystery,2,Ryan Smith,Steven Strait,,,,,No,90,5.6,63,Yes,4.6,Unknown,90-109 min,50-499,No
103663,The Hunt,The Hunt (2012),2012-08-28,2012,2010s,Aug,8,Other languages,Drama,1,Thomas Vinterberg,Mads Mikkelsen,3800000,16800000,13000000,4.421,Yes,115,7.9,927,Yes,21.83,Under $10M,110-129 min,"500-1,999",No
112937,The Oogieloves in the Big Balloon Adventure,The Oogieloves in the Big Balloon Adventure (2012),2012-08-29,2012,2010s,Aug,8,English,Family,1,Matthew Diamond,Christopher Lloyd,,,,,No,88,2.2,8,No,0.29,Unknown,Under 90 min,Under 50,No
77883,The Possession,The Possession (2012),2012-08-30,2012,2010s,Aug,8,English,Horror,2,Ole Bornedal,Jeffrey Dean Morgan,14000000,85446075,71446075,6.103,Yes,92,5.8,498,Yes,21.68,$10M-40M,90-109 min,50-499,No
123678,The Act of Killing,The Act of Killing (2012),2012-08-31,2012,2010s,Aug,8,Other languages,Documentary,1,Joshua Oppenheimer,Anwar Congo,1000000,444575,-555425,0.445,Yes,115,7.5,210,Yes,8.89,Under $10M,110-129 min,50-499,No
84200,"For a Good Time, Call...","For a Good Time, Call... (2012)",2012-08-31,2012,2010s,Aug,8,English,Comedy,1,Jamie Travis,Ari Graynor,850000,1243961,393961,1.463,Yes,85,5.8,110,Yes,14.24,Under $10M,Under 90 min,50-499,No
68812,The Iceman,The Iceman (2012),2012-09-01,2012,2010s,Sep,9,English,Thriller,3,Ariel Vromen,Michael Shannon,20000000,1969193,-18030807,0.098,Yes,105,6.4,365,Yes,19.49,$10M-40M,90-109 min,50-499,No
118957,Bait,Bait (2012),2012-09-05,2012,2010s,Sep,9,English,Action,3,Kimble Rendall,Sharni Vinson,30000000,,,,No,93,5.3,191,Yes,9.78,$10M-40M,90-109 min,50-499,No
96724,Anna Karenina,Anna Karenina (2012),2012-09-06,2012,2010s,Sep,9,English,Drama,2,Joe Wright,Keira Knightley,,68929150,,,No,130,6.5,639,Yes,26.39,Unknown,130-149 min,"500-1,999",No
49049,Dredd,Dredd (2012),2012-09-07,2012,2010s,Sep,9,English,Action,2,Pete Travis,Karl Urban,50000000,41037742,-8962258,0.821,Yes,95,6.6,1940,Yes,57.67,$40M-100M,90-109 min,"500-1,999",No
68722,The Master,The Master (2012),2012-09-07,2012,2010s,Sep,9,English,Drama,1,Paul Thomas Anderson,Joaquin Phoenix,32000000,28258060,-3741940,0.883,Yes,137,7.0,701,Yes,25.68,$10M-40M,130-149 min,"500-1,999",No
86838,Seven Psychopaths,Seven Psychopaths (2012),2012-09-07,2012,2010s,Sep,9,English,Comedy,2,Martin McDonagh,Colin Farrell,15000000,19422261,4422261,1.295,Yes,110,6.7,1206,Yes,32.31,$10M-40M,110-129 min,"500-1,999",No
83686,The Words,The Words (2012),2012-09-07,2012,2010s,Sep,9,English,Drama,2,Brian Klugman,Bradley Cooper,6000000,13231461,7231461,2.205,Yes,96,6.4,379,Yes,14.99,Under $10M,90-109 min,50-499,No
82693,Silver Linings Playbook,Silver Linings Playbook (2012),2012-09-08,2012,2010s,Sep,9,English,Drama,3,David O. Russell,Bradley Cooper,21000000,205738714,184738714,9.797,Yes,122,6.9,4742,Yes,63.6,$10M-40M,110-129 min,"2,000-4,999",No
121826,Quartet,Quartet (2012),2012-09-08,2012,2010s,Sep,9,English,Drama,3,Dustin Hoffman,Maggie Smith,11000000,59520298,48520298,5.411,Yes,98,6.3,139,Yes,7.72,$10M-40M,90-109 min,50-499,No
127867,The Brass Teapot,The Brass Teapot (2012),2012-09-08,2012,2010s,Sep,9,English,Comedy,3,Ramaa Mosley,Juno Temple,,,,,No,100,5.8,160,Yes,10.64,Unknown,90-109 min,50-499,No
80278,The Impossible,The Impossible (2012),2012-09-09,2012,2010s,Sep,9,English,Thriller,2,Juan Antonio Bayona,Naomi Watts,42000000,180274123,138274123,4.292,Yes,113,7.0,2025,Yes,47.56,$40M-100M,110-129 min,"2,000-4,999",No
104755,The Lords of Salem,The Lords of Salem (2012),2012-09-10,2012,2010s,Sep,9,English,Horror,2,Rob Zombie,Sheri Moon Zombie,1500000,1165882,-334118,0.777,Yes,101,5.1,242,Yes,14.5,Under $10M,90-109 min,50-499,No
116613,The Sweeney,The Sweeney (2012),2012-09-11,2012,2010s,Sep,9,English,Action,3,Nick Love,Ray Winstone,3730500,6294161,2563661,1.687,Yes,112,5.7,109,Yes,6.94,Under $10M,110-129 min,50-499,No
71679,Resident Evil: Retribution,Resident Evil: Retribution (2012),2012-09-12,2012,2010s,Sep,9,English,Action,3,Paul W.S. Anderson,Milla Jovovich,65000000,240159255,175159255,3.695,Yes,95,5.6,1600,Yes,6.23,$40M-100M,90-109 min,"500-1,999",No
60599,Arbitrage,Arbitrage (2012),2012-09-14,2012,2010s,Sep,9,English,Drama,2,Nicholas Jarecki,Richard Gere,12000000,35485056,23485056,2.957,Yes,100,6.1,294,Yes,16.41,$10M-40M,90-109 min,50-499,No
121676,Inescapable,Inescapable (2012),2012-09-14,2012,2010s,Sep,9,English,Thriller,2,Ruba Nadda,Alexander Siddig,,,,,No,93,5.2,13,No,6.78,Unknown,90-109 min,Under 50,No
125490,Antiviral,Antiviral (2012),2012-09-19,2012,2010s,Sep,9,English,Science Fiction,2,Brandon Cronenberg,Caleb Landry Jones,2400000,,,,No,110,5.7,112,Yes,11.75,Under $10M,110-129 min,50-499,No
76492,Hotel Transylvania,Hotel Transylvania (2012),2012-09-20,2012,2010s,Sep,9,English,Animation,4,Genndy Tartakovsky,Adam Sandler,85000000,358375603,273375603,4.216,Yes,91,6.8,2566,Yes,56.26,$40M-100M,90-109 min,"2,000-4,999",No
77016,End of Watch,End of Watch (2012),2012-09-20,2012,2010s,Sep,9,English,Crime,3,David Ayer,Jake Gyllenhaal,7000000,48126384,41126384,6.875,Yes,109,7.2,1170,Yes,49.52,Under $10M,90-109 min,"500-1,999",No
64689,Killing Them Softly,Killing Them Softly (2012),2012-09-20,2012,2010s,Sep,9,English,Crime,2,Andrew Dominik,Brad Pitt,15000000,37930465,22930465,2.529,Yes,97,5.8,742,Yes,24.61,$10M-40M,90-109 min,"500-1,999",No
84892,The Perks of Being a Wallflower,The Perks of Being a Wallflower (2012),2012-09-20,2012,2010s,Sep,9,English,Drama,2,Stephen Chbosky,Logan Lerman,13000000,33400000,20400000,2.569,Yes,102,7.7,2968,Yes,43.44,$10M-40M,90-109 min,"2,000-4,999",No
87825,Trouble with the Curve,Trouble with the Curve (2012),2012-09-21,2012,2010s,Sep,9,English,Drama,2,Robert Lorenz,Clint Eastwood,,,,,No,111,6.6,366,Yes,18.59,Unknown,110-129 min,50-499,No
134597,The Collection,The Collection (2012),2012-09-21,2012,2010s,Sep,9,English,Horror,2,Marcus Dunstan,Josh Stewart,,6842058,,,No,94,5.9,289,Yes,16.36,Unknown,90-109 min,50-499,No
82505,House at the End of the Street,House at the End of the Street (2012),2012-09-21,2012,2010s,Sep,9,English,Horror,2,Mark Tonderai,Jennifer Lawrence,6900000,44287131,37387131,6.418,Yes,101,5.6,555,Yes,25.61,Under $10M,90-109 min,"500-1,999",No
133694,Promised Land,Promised Land (2012),2012-09-23,2012,2010s,Sep,9,English,Drama,1,Gus Van Sant,Matt Damon,15000000,8138788,-6861212,0.543,Yes,106,6.0,243,Yes,13.57,$10M-40M,90-109 min,50-499,No
59967,Looper,Looper (2012),2012-09-26,2012,2010s,Sep,9,English,Action,3,Rian Johnson,Joseph Gordon-Levitt,30000000,47042000,17042000,1.568,Yes,118,6.6,4697,Yes,46.38,$10M-40M,110-129 min,"2,000-4,999",No
82675,Taken 2,Taken 2 (2012),2012-09-27,2012,2010s,Sep,9,English,Action,3,Olivier Megaton,Liam Neeson,45000000,376141306,331141306,8.359,Yes,91,6.1,2757,Yes,49.35,$40M-100M,90-109 min,"2,000-4,999",No
135595,Trade Of Innocents,Trade Of Innocents (2012),2012-09-27,2012,2010s,Sep,9,English,Drama,2,Christopher Bessette,Dermot Mulroney,,,,,No,91,5.5,12,No,2.2,Unknown,90-109 min,Under 50,No
82631,Won't Back Down,Won't Back Down (2012),2012-09-28,2012,2010s,Sep,9,English,Drama,1,Daniel Barnz,Viola Davis,,5310554,,,No,121,5.8,40,No,2.37,Unknown,110-129 min,Under 50,No
114150,Pitch Perfect,Pitch Perfect (2012),2012-09-28,2012,2010s,Sep,9,English,Comedy,3,Jason Moore,Anna Kendrick,17000000,115350426,98350426,6.785,Yes,112,7.3,2247,Yes,32.75,$10M-40M,110-129 min,"2,000-4,999",No
84318,The Other Dream Team,The Other Dream Team (2012),2012-09-28,2012,2010s,Sep,9,English,Documentary,1,Marius Markevicius,Greg Speirs,,,,,No,89,6.9,7,No,0.39,Unknown,Under 90 min,Under 50,No
62214,Frankenweenie,Frankenweenie (2012),2012-10-04,2012,2010s,Oct,10,English,Animation,3,Tim Burton,Charlie Tahan,39000000,35287788,-3712212,0.905,Yes,87,6.6,932,Yes,27.91,$10M-40M,Under 90 min,"500-1,999",No
180383,Deceptive Practice: The Mysteries and Mentors of Ricky Jay,Deceptive Practice: The Mysteries and Mentors of Ricky Jay (2012),2012-10-04,2012,2010s,Oct,10,English,Documentary,1,Molly Bernstein,Ricky Jay,500000,,,,No,88,7.1,17,No,0.43,Under $10M,Under 90 min,Under 50,No
61012,Silent Hill: Revelation 3D,Silent Hill: Revelation 3D (2012),2012-10-10,2012,2010s,Oct,10,English,Thriller,3,Michael J. Bassett,Adelaide Clemens,20000000,52302796,32302796,2.615,Yes,94,5.0,432,Yes,23.29,$10M-40M,90-109 min,50-499,No
150211,The Frozen,The Frozen (2012),2012-10-10,2012,2010s,Oct,10,English,Horror,2,Andrew Hyatt,Brit Morgan,,,,,No,,4.2,14,No,1.08,Unknown,Unknown,Under 50,No
68734,Argo,Argo (2012),2012-10-11,2012,2010s,Oct,10,English,Drama,2,Ben Affleck,Ben Affleck,44500000,232324128,187824128,5.221,Yes,120,7.1,3423,Yes,62.01,$40M-100M,110-129 min,"2,000-4,999",No
87826,Here Comes the Boom,Here Comes the Boom (2012),2012-10-11,2012,2010s,Oct,10,English,Comedy,1,Frank Coraci,Salma Hayek,,73100172,,,No,105,6.0,593,Yes,26.8,Unknown,90-109 min,"500-1,999",No
164372,The Snow Queen,The Snow Queen (2012),2012-10-11,2012,2010s,Oct,10,Other languages,Animation,2,Vladlen Barbe,Ivan Okhlobystin,7000000,12400000,5400000,1.771,Yes,76,5.1,47,No,5.34,Under $10M,Under 90 min,Under 50,No
134371,Atlas Shrugged Part II,Atlas Shrugged Part II (2012),2012-10-12,2012,2010s,Oct,10,English,Drama,3,John Putch,Samantha Mathis,,,,,No,112,5.4,41,No,4.73,Unknown,110-129 min,Under 50,No
83588,Middle of Nowhere,Middle of Nowhere (2012),2012-10-12,2012,2010s,Oct,10,English,Drama,1,Ava DuVernay,David Oyelowo,,,,,No,101,6.6,7,No,2.84,Unknown,90-109 min,Under 50,No
193603,Hayride,Hayride (2012),2012-10-13,2012,2010s,Oct,10,English,Thriller,2,Terron R. Parsons,Richard Tyson,60000,,,,No,93,5.1,6,No,0.41,Under $10M,90-109 min,Under 50,No
82990,Paranormal Activity 4,Paranormal Activity 4 (2012),2012-10-17,2012,2010s,Oct,10,English,Horror,1,Henry Joost,Katie Featherston,5000000,142817992,137817992,28.564,Yes,95,5.2,563,Yes,20.33,Under $10M,90-109 min,"500-1,999",No
94348,Alex Cross,Alex Cross (2012),2012-10-18,2012,2010s,Oct,10,English,Action,4,Rob Cohen,Tyler Perry,45000000,30353232,-14646768,0.675,Yes,101,5.1,300,Yes,14.51,$40M-100M,90-109 min,50-499,No
37724,Skyfall,Skyfall (2012),2012-10-25,2012,2010s,Oct,10,English,Action,3,Sam Mendes,Daniel Craig,200000000,1108561013,908561013,5.543,Yes,143,6.9,7604,Yes,93.0,$100M+,130-149 min,"5,000+",No
82684,Chasing Mavericks,Chasing Mavericks (2012),2012-10-25,2012,2010s,Oct,10,English,Drama,1,Curtis Hanson,Gerard Butler,,,,,No,117,7.0,216,Yes,13.62,Unknown,110-129 min,50-499,No
82679,Fun Size,Fun Size (2012),2012-10-25,2012,2010s,Oct,10,English,Comedy,1,Josh Schwartz,Victoria Justice,14000000,11417362,-2582638,0.816,Yes,87,5.5,134,Yes,7.49,$10M-40M,Under 90 min,50-499,No
83542,Cloud Atlas,Cloud Atlas (2012),2012-10-26,2012,2010s,Oct,10,English,Drama,2,Tom Tykwer,Tom Hanks,102000000,130482868,28482868,1.279,Yes,172,6.6,2977,Yes,73.87,$100M+,150+ min,"2,000-4,999",No
114635,The Helpers,The Helpers (2012),2012-10-27,2012,2010s,Oct,10,English,Horror,1,Chris Stokes,Kristen Quintrall,4000000,,,,No,78,4.1,8,No,1.39,Under $10M,Under 90 min,Under 50,No
211557,Vessel,Vessel (2012),2012-10-28,2012,2010s,Oct,10,English,Horror,2,Clark Baker,Brandon Bales,,,,,No,14,5.9,8,No,0.32,Unknown,Under 90 min,Under 50,No
133698,Fly Me to the Moon,Fly Me to the Moon (2012),2012-10-29,2012,2010s,Oct,10,Other languages,Comedy,2,Pascal Chaumeil,Diane Kruger,,,,,No,104,5.6,194,Yes,11.61,Unknown,90-109 min,50-499,No
82690,Wreck-It Ralph,Wreck-It Ralph (2012),2012-11-01,2012,2010s,Nov,11,English,Family,4,Rich Moore,John C. Reilly,165000000,471222889,306222889,2.856,Yes,108,7.1,4570,Yes,62.34,$100M+,90-109 min,"2,000-4,999",No
139948,Burn,Burn (2012),2012-11-01,2012,2010s,Nov,11,English,Foreign,2,Tom Putnam,Donald Austin,225000,111300,-113700,0.495,Yes,86,6.9,6,No,0.13,Under $10M,Under 90 min,Under 50,No
87502,Flight,Flight (2012),2012-11-02,2012,2010s,Nov,11,English,Drama,1,Robert Zemeckis,Denzel Washington,31000000,161772375,130772375,5.218,Yes,138,6.5,2415,Yes,42.21,$10M-40M,130-149 min,"2,000-4,999",No
97430,The Man with the Iron Fists,The Man with the Iron Fists (2012),2012-11-02,2012,2010s,Nov,11,English,Action,1,RZA,Russell Crowe,15000000,15608545,608545,1.041,Yes,96,5.2,358,Yes,17.67,$10M-40M,90-109 min,50-499,No
97614,Deadfall,Deadfall (2012),2012-11-08,2012,2010s,Nov,11,English,Crime,3,Stefan Ruzowitzky,Eric Bana,12000000,66351,-11933649,0.006,Yes,95,5.6,224,Yes,10.19,$10M-40M,90-109 min,50-499,No
72976,Lincoln,Lincoln (2012),2012-11-09,2012,2010s,Nov,11,English,History,2,Steven Spielberg,Daniel Day-Lewis,65000000,275293450,210293450,4.235,Yes,149,6.7,1429,Yes,36.31,$40M-100M,130-149 min,"500-1,999",No
94352,Cirque du Soleil: Worlds Away,Cirque du Soleil: Worlds Away (2012),2012-11-09,2012,2010s,Nov,11,English,Fantasy,2,Andrew Adamson,Erica Linz,,34153101,,,No,91,6.1,58,Yes,5.99,Unknown,90-109 min,50-499,No
50620,The Twilight Saga: Breaking Dawn - Part 2,The Twilight Saga: Breaking Dawn - Part 2 (2012),2012-11-13,2012,2010s,Nov,11,English,Adventure,4,Bill Condon,Kristen Stewart,120000000,829000000,709000000,6.908,Yes,115,6.1,2553,Yes,99.69,$100M+,110-129 min,"2,000-4,999",No
132316,Jab Tak Hai Jaan,Jab Tak Hai Jaan (2012),2012-11-13,2012,2010s,Nov,11,Other languages,Drama,2,Yash Chopra,Shah Rukh Khan,,,,,No,176,7.3,66,Yes,5.9,Unknown,150+ min,50-499,No
87827,Life of Pi,Life of Pi (2012),2012-11-20,2012,2010s,Nov,11,English,Adventure,3,Ang Lee,Suraj Sharma,120000000,609016565,489016565,5.075,Yes,127,7.2,5797,Yes,51.33,$100M+,110-129 min,"5,000+",No
81188,Rise of the Guardians,Rise of the Guardians (2012),2012-11-21,2012,2010s,Nov,11,English,Fantasy,3,Peter Ramsey,Chris Pine,145000000,306941670,161941670,2.117,Yes,97,7.1,1922,Yes,61.79,$100M+,90-109 min,"500-1,999",No
49051,The Hobbit: An Unexpected Journey,The Hobbit: An Unexpected Journey (2012),2012-11-26,2012,2010s,Nov,11,English,Adventure,3,Peter Jackson,Ian McKellen,250000000,1021103568,771103568,4.084,Yes,169,7.0,8297,Yes,108.85,$100M+,150+ min,"5,000+",No
77875,Playing for Keeps,Playing for Keeps (2012),2012-11-29,2012,2010s,Nov,11,English,Comedy,2,Gabriele Muccino,Gerard Butler,35000000,,,,No,106,5.4,240,Yes,17.93,$10M-40M,90-109 min,50-499,No
153397,Restless,Restless (2012),2012-12-07,2012,2010s,Dec,12,English,TV Movie,3,Edward Hall,Hayley Atwell,,,,,No,180,4.9,8,No,0.81,Unknown,150+ min,Under 50,No
312113,Black November,Black November (2012),2012-12-07,2012,2010s,Dec,12,English,Drama,3,Jeta Amata,Razaaq Adoti,12500000,,,,No,95,6.4,4,No,1.59,$10M-40M,90-109 min,Under 50,No
147767,Khiladi 786,Khiladi 786 (2012),2012-12-07,2012,2010s,Dec,12,English,Action,2,Ashish R. Mohan,Akshay Kumar,,,,,No,139,4.7,11,No,0.11,Unknown,130-149 min,Under 50,No
126319,Ernest & Celestine,Ernest & Celestine (2012),2012-12-12,2012,2010s,Dec,12,Other languages,Animation,4,Stéphane Aubier,Anne-Marie Loop,12516654,8109160,-4407494,0.648,Yes,78,7.6,142,Yes,11.1,$10M-40M,Under 90 min,50-499,No
146631,U.F.O.,U.F.O. (2012),2012-12-14,2012,2010s,Dec,12,English,Action,3,Dominic Burns,Bianca Bree,2500000,,,,No,101,3.1,47,No,8.25,Under $10M,90-109 min,Under 50,No
82695,Les Misérables,Les Misérables (2012),2012-12-18,2012,2010s,Dec,12,English,Drama,3,Tom Hooper,Hugh Jackman,61000000,441809770,380809770,7.243,Yes,157,7.1,1884,Yes,48.36,$40M-100M,150+ min,"500-1,999",No
97630,Zero Dark Thirty,Zero Dark Thirty (2012),2012-12-19,2012,2010s,Dec,12,English,Thriller,3,Kathryn Bigelow,Jessica Chastain,40000000,132820716,92820716,3.321,Yes,157,6.7,1702,Yes,38.31,$40M-100M,150+ min,"500-1,999",No
82687,The Guilt Trip,The Guilt Trip (2012),2012-12-19,2012,2010s,Dec,12,English,Comedy,1,Anne Fletcher,Seth Rogen,40000000,41863726,1863726,1.047,Yes,95,5.4,284,Yes,15.28,$40M-100M,90-109 min,50-499,No
75780,Jack Reacher,Jack Reacher (2012),2012-12-20,2012,2010s,Dec,12,English,Crime,3,Christopher McQuarrie,Tom Cruise,60000000,218340595,158340595,3.639,Yes,130,6.3,2998,Yes,56.87,$40M-100M,130-149 min,"2,000-4,999",No
89492,This Is 40,This Is 40 (2012),2012-12-20,2012,2010s,Dec,12,English,Comedy,1,Judd Apatow,Paul Rudd,35000000,88058786,53058786,2.516,Yes,134,5.6,896,Yes,38.43,$10M-40M,130-149 min,"500-1,999",No
68718,Django Unchained,Django Unchained (2012),2012-12-25,2012,2010s,Dec,12,English,Drama,2,Quentin Tarantino,Jamie Foxx,100000000,425368238,325368238,4.254,Yes,165,7.8,10099,Yes,82.12,$100M+,150+ min,"5,000+",No
88042,Parental Guidance,Parental Guidance (2012),2012-12-25,2012,2010s,Dec,12,English,Comedy,1,Andy Fickman,Billy Crystal,25000000,119772232,94772232,4.791,Yes,104,5.7,210,Yes,14.6,$10M-40M,90-109 min,50-499,No
103620,Maniac,Maniac (2012),2012-12-26,2012,2010s,Dec,12,English,Horror,1,Franck Khalfoun,Elijah Wood,6000000,31081,-5968919,0.005,Yes,89,6.0,316,Yes,19.33,Under $10M,Under 90 min,50-499,No
152742,The Best Offer,The Best Offer (2013),2013-01-01,2013,2010s,Jan,1,English,Drama,4,Giuseppe Tornatore,Geoffrey Rush,13500000,19255873,5755873,1.426,Yes,124,7.7,704,Yes,30.06,$10M-40M,110-129 min,"500-1,999",No
87818,Movie 43,Movie 43 (2013),2013-01-01,2013,2010s,Jan,1,English,Comedy,1,Griffin Dunne,Anna Faris,6000000,32438988,26438988,5.406,Yes,90,4.4,797,Yes,35.35,Under $10M,90-109 min,"500-1,999",No
182873,Green Street Hooligans: Underground,Green Street Hooligans: Underground (2013),2013-01-01,2013,2010s,Jan,1,English,Action,2,James Nunn,Scott Adkins,,,,,No,90,5.4,33,No,5.0,Unknown,90-109 min,Under 50,No
294600,Last I Heard,Last I Heard (2013),2013-01-01,2013,2010s,Jan,1,English,Drama,2,David Rodriguez,Paul Sorvino,,,,,No,98,6.0,1,No,0.36,Unknown,90-109 min,Under 50,No
76617,Texas Chainsaw 3D,Texas Chainsaw 3D (2013),2013-01-03,2013,2010s,Jan,1,English,Horror,2,John Luessenhop,Alexandra Daddario,20000000,47241945,27241945,2.362,Yes,92,5.3,465,Yes,26.5,$10M-40M,90-109 min,50-499,No
44865,The Grandmaster,The Grandmaster (2013),2013-01-08,2013,2010s,Jan,1,Other languages,Action,3,Wong Kar-wai,Tony Leung Chiu-Wai,3860000,64076736,60216736,16.6,Yes,130,6.3,273,Yes,19.95,Under $10M,130-149 min,50-499,No
82682,Gangster Squad,Gangster Squad (2013),2013-01-10,2013,2010s,Jan,1,English,Crime,4,Ruben Fleischer,Josh Brolin,60000000,105200903,45200903,1.753,Yes,113,6.2,1778,Yes,29.04,$40M-100M,110-129 min,"500-1,999",No
139038,A Haunted House,A Haunted House (2013),2013-01-11,2013,2010s,Jan,1,English,Comedy,2,Michael Tiddes,Marlon Wayans,2500000,60141683,57641683,24.057,Yes,86,5.4,516,Yes,18.66,Under $10M,Under 90 min,"500-1,999",No
76640,The Last Stand,The Last Stand (2013),2013-01-12,2013,2010s,Jan,1,English,Action,3,Kim Jee-woon,Arnold Schwarzenegger,30000000,,,,No,107,5.7,1266,Yes,43.88,$10M-40M,90-109 min,"500-1,999",No
157058,30 Nights of Paranormal Activity With the Devil Inside the Girl With the Dragon Tattoo,30 Nights of Paranormal Activity With the Devil Inside the Girl With the Dragon Tattoo (2013),2013-01-14,2013,2010s,Jan,1,English,Comedy,1,Craig Moss,Kathryn Fiore,,,,,No,80,2.9,28,No,1.74,Unknown,Under 90 min,Under 50,No
153795,Straight A's,Straight A's (2013),2013-01-16,2013,2010s,Jan,1,English,Comedy,2,James Cox,Anna Paquin,7000000,,,,No,88,5.2,46,No,4.51,Under $10M,Under 90 min,Under 50,No
60304,Hansel & Gretel: Witch Hunters,Hansel & Gretel: Witch Hunters (2013),2013-01-17,2013,2010s,Jan,1,English,Fantasy,3,Tommy Wirkola,Jeremy Renner,50000000,224803475,174803475,4.496,Yes,88,5.7,3239,Yes,53.03,$40M-100M,Under 90 min,"2,000-4,999",No
132232,Mama,Mama (2013),2013-01-17,2013,2010s,Jan,1,English,Horror,1,Andy Muschietti,Jessica Chastain,15000000,146497771,131497771,9.767,Yes,100,6.0,1401,Yes,47.46,$10M-40M,90-109 min,"500-1,999",No
98357,Broken City,Broken City (2013),2013-01-18,2013,2010s,Jan,1,English,Thriller,3,Allen Hughes,Mark Wahlberg,56000000,19701164,-36298836,0.352,Yes,109,5.7,593,Yes,29.49,$40M-100M,90-109 min,"500-1,999",No
142061,"Batman: The Dark Knight Returns, Part 2","Batman: The Dark Knight Returns, Part 2 (2013)",2013-01-18,2013,2010s,Jan,1,English,Action,2,Jay Oliva,Peter Weller,3500000,,,,No,78,7.9,419,Yes,25.89,Under $10M,Under 90 min,50-499,No
119283,Parker,Parker (2013),2013-01-23,2013,2010s,Jan,1,English,Action,2,Taylor Hackford,Jason Statham,35000000,46216641,11216641,1.32,Yes,118,5.7,1455,Yes,28.67,$10M-40M,110-129 min,"500-1,999",No
122081,Spring Breakers,Spring Breakers (2013),2013-01-24,2013,2010s,Jan,1,English,Drama,2,Harmony Korine,James Franco,5000000,31724284,26724284,6.345,Yes,94,5.0,1551,Yes,62.55,Under $10M,90-109 min,"500-1,999",No
70074,Bullet to the Head,Bullet to the Head (2013),2013-01-31,2013,2010s,Jan,1,English,Action,3,Walter Hill,Sylvester Stallone,55000000,9489829,-45510171,0.173,Yes,92,5.2,481,Yes,22.5,$40M-100M,90-109 min,50-499,No
82654,Warm Bodies,Warm Bodies (2013),2013-01-31,2013,2010s,Jan,1,English,Horror,3,Jonathan Levine,Nicholas Hoult,35000000,116980662,81980662,3.342,Yes,97,6.4,2652,Yes,43.74,$10M-40M,90-109 min,"2,000-4,999",No
150202,The Haunting in Connecticut 2: Ghosts of Georgia,The Haunting in Connecticut 2: Ghosts of Georgia (2013),2013-02-01,2013,2010s,Feb,2,English,Horror,3,Tom Elkins,Chad Michael Murray,,,,,No,101,5.6,175,Yes,11.71,Unknown,90-109 min,50-499,No
320435,UnDivided,UnDivided (2013),2013-02-01,2013,2010s,Feb,2,English,No genre,0,Unknown,Unknown,,,,,No,,,0,No,0.01,Unknown,Unknown,Under 50,No
47964,A Good Day to Die Hard,A Good Day to Die Hard (2013),2013-02-06,2013,2010s,Feb,2,English,Action,2,John Moore,Bruce Willis,92000000,304654182,212654182,3.311,Yes,98,5.2,3493,Yes,65.4,$40M-100M,90-109 min,"2,000-4,999",No
109431,Identity Thief,Identity Thief (2013),2013-02-07,2013,2010s,Feb,2,English,Comedy,2,Seth Gordon,Jason Bateman,35000000,173965010,138965010,4.97,Yes,111,5.6,1645,Yes,34.01,$10M-40M,110-129 min,"500-1,999",No
109421,Side Effects,Side Effects (2013),2013-02-07,2013,2010s,Feb,2,English,Thriller,3,Steven Soderbergh,Jude Law,30000000,63372757,33372757,2.112,Yes,106,6.4,1323,Yes,48.24,$10M-40M,90-109 min,"500-1,999",No
112949,Safe Haven,Safe Haven (2013),2013-02-07,2013,2010s,Feb,2,English,Romance,1,Lasse Hallström,Julianne Hough,28000000,97594140,69594140,3.486,Yes,115,6.9,823,Yes,37.73,$10M-40M,110-129 min,"500-1,999",No
157293,ABCD (Any Body Can Dance),ABCD (Any Body Can Dance) (2013),2013-02-07,2013,2010s,Feb,2,Other languages,Drama,2,Remo D'Souza,Prabhu Deva,,222000,,,No,160,5.6,10,No,1.29,Unknown,150+ min,Under 50,No
109491,Beautiful Creatures,Beautiful Creatures (2013),2013-02-13,2013,2010s,Feb,2,English,Fantasy,3,Richard LaGravenese,Alden Ehrenreich,60000000,60052138,52138,1.001,Yes,124,5.6,984,Yes,40.72,$40M-100M,110-129 min,"500-1,999",No
68179,Escape from Planet Earth,Escape from Planet Earth (2013),2013-02-14,2013,2010s,Feb,2,English,Animation,5,Callan Brunker,Brendan Fraser,40000000,74597643,34597643,1.865,Yes,89,5.7,332,Yes,18.14,$40M-100M,Under 90 min,50-499,No
255266,Dry Spell,Dry Spell (2013),2013-02-14,2013,2010s,Feb,2,English,Comedy,2,Travis Legge,Suzi Lorraine,22000,,,,No,90,6.0,1,No,0.05,Under $10M,90-109 min,Under 50,No
165864,Hansel and Gretel Get Baked,Hansel and Gretel Get Baked (2013),2013-02-19,2013,2010s,Feb,2,English,Horror,2,Duane Journey,Molly C. Quinn,4500000,,,,No,86,4.8,67,Yes,2.5,Under $10M,Under 90 min,50-499,No
178862,Aroused,Aroused (2013),2013-02-20,2013,2010s,Feb,2,English,Documentary,1,Deborah Anderson,Lisa Ann,,,,,No,73,7.2,11,No,2.56,Unknown,Under 90 min,Under 50,No
134411,Snitch,Snitch (2013),2013-02-21,2013,2010s,Feb,2,English,Thriller,2,Ric Roman Waugh,Dwayne Johnson,35000000,42930462,7930462,1.227,Yes,112,5.8,1138,Yes,30.56,$10M-40M,110-129 min,"500-1,999",No
81005,Jack the Giant Slayer,Jack the Giant Slayer (2013),2013-02-27,2013,2010s,Feb,2,English,Action,3,Bryan Singer,Nicholas Hoult,195000000,197687603,2687603,1.014,Yes,114,5.5,2598,Yes,43.35,$100M+,110-129 min,"2,000-4,999",No
110402,Hard to Be a God,Hard to Be a God (2013),2013-02-27,2013,2010s,Feb,2,Other languages,Drama,2,Aleksey German,Leonid Yarmolnik,7000000,1310673,-5689327,0.187,Yes,170,6.7,41,No,3.12,Under $10M,150+ min,Under 50,No
86825,Stoker,Stoker (2013),2013-02-28,2013,2010s,Feb,2,English,Drama,3,Park Chan-wook,Mia Wasikowska,12000000,12077441,77441,1.006,Yes,99,6.5,882,Yes,27.32,$10M-40M,90-109 min,"500-1,999",No
146203,The Last Exorcism Part II,The Last Exorcism Part II (2013),2013-02-28,2013,2010s,Feb,2,English,Horror,2,Ed Gass-Donnelly,Ashley Bell,5000000,15179302,10179302,3.036,Yes,88,4.4,203,Yes,10.61,Under $10M,Under 90 min,50-499,No
173224,Along the Roadside,Along the Roadside (2013),2013-02-28,2013,2010s,Feb,2,English,Romance,3,Zoran Lisinac,Michael Madsen,,,,,No,118,7.7,3,No,0.17,Unknown,110-129 min,Under 50,No
107811,21 & Over,21 & Over (2013),2013-03-01,2013,2010s,Mar,3,English,Comedy,1,Jon Lucas,Miles Teller,13000000,48065672,35065672,3.697,Yes,93,5.7,737,Yes,35.52,$10M-40M,90-109 min,"500-1,999",No
171759,The Lost Medallion: The Adventures of Billy Stone,The Lost Medallion: The Adventures of Billy Stone (2013),2013-03-01,2013,2010s,Mar,3,English,Adventure,2,Bill Muir,William Brent,,,,,No,97,5.6,13,No,2.95,Unknown,90-109 min,Under 50,No
308467,Roadside,Roadside (2013),2013-03-01,2013,2010s,Mar,3,English,Horror,2,Eric England,Ace Marrero,,,,,No,90,4.2,5,No,0.16,Unknown,90-109 min,Under 50,No
68728,Oz: The Great and Powerful,Oz: The Great and Powerful (2013),2013-03-07,2013,2010s,Mar,3,English,Fantasy,3,Sam Raimi,James Franco,200000000,491868548,291868548,2.459,Yes,130,5.7,3530,Yes,46.99,$100M+,130-149 min,"2,000-4,999",No
102362,Dead Man Down,Dead Man Down (2013),2013-03-08,2013,2010s,Mar,3,English,Thriller,4,Niels Arden Oplev,Colin Farrell,,18074539,,,No,118,5.9,638,Yes,29.65,Unknown,110-129 min,"500-1,999",No
175291,Cheap Thrills,Cheap Thrills (2013),2013-03-08,2013,2010s,Mar,3,English,Drama,3,E.L. Katz,Pat Healy,,,,,No,85,6.3,155,Yes,10.83,Unknown,Under 90 min,50-499,No
244339,Out of Inferno,Out of Inferno (2013),2013-03-10,2013,2010s,Mar,3,Other languages,Action,1,Danny Pang,Lau Ching-Wan,,,,,No,107,5.8,11,No,1.58,Unknown,90-109 min,Under 50,No
176077,Enter the Dangerous Mind,Enter the Dangerous Mind (2013),2013-03-11,2013,2010s,Mar,3,English,Thriller,1,Youssef Delara,Jake Hoffman,,,,,No,88,4.8,14,No,2.0,Unknown,Under 90 min,Under 50,No
124459,The Incredible Burt Wonderstone,The Incredible Burt Wonderstone (2013),2013-03-14,2013,2010s,Mar,3,English,Comedy,1,Don Scardino,Steve Carell,30000000,27437881,-2562119,0.915,Yes,100,5.3,724,Yes,26.94,$10M-40M,90-109 min,"500-1,999",No
158011,The Call,The Call (2013),2013-03-14,2013,2010s,Mar,3,English,Crime,2,Brad Anderson,Halle Berry,13000000,68572378,55572378,5.275,Yes,94,6.6,1257,Yes,34.53,$10M-40M,90-109 min,"500-1,999",No
49519,The Croods,The Croods (2013),2013-03-20,2013,2010s,Mar,3,English,Adventure,5,Chris Sanders,Nicolas Cage,135000000,585178928,450178928,4.335,Yes,98,6.8,2399,Yes,64.18,$100M+,90-109 min,"2,000-4,999",No
117263,Olympus Has Fallen,Olympus Has Fallen (2013),2013-03-20,2013,2010s,Mar,3,English,Action,2,Antoine Fuqua,Gerard Butler,70000000,161025640,91025640,2.3,Yes,120,6.2,2981,Yes,59.43,$40M-100M,110-129 min,"2,000-4,999",No
97367,The Place Beyond the Pines,The Place Beyond the Pines (2013),2013-03-20,2013,2010s,Mar,3,English,Drama,2,Derek Cianfrance,Ryan Gosling,15000000,35485608,20485608,2.366,Yes,140,6.8,1653,Yes,35.4,$10M-40M,130-149 min,"500-1,999",No
144340,Admission,Admission (2013),2013-03-21,2013,2010s,Mar,3,English,Comedy,3,Paul Weitz,Tina Fey,13000000,18000000,5000000,1.385,Yes,107,5.4,304,Yes,17.63,$10M-40M,90-109 min,50-499,No
72710,The Host,The Host (2013),2013-03-22,2013,2010s,Mar,3,English,Action,5,Andrew Niccol,Saoirse Ronan,44000000,63327201,19327201,1.439,Yes,125,6.0,1817,Yes,42.93,$40M-100M,110-129 min,"500-1,999",No
72559,G.I. Joe: Retaliation,G.I. Joe: Retaliation (2013),2013-03-26,2013,2010s,Mar,3,English,Adventure,4,Jon M. Chu,Dwayne Johnson,130000000,371876278,241876278,2.861,Yes,110,5.4,3025,Yes,59.33,$100M+,110-129 min,"2,000-4,999",No
68727,Trance,Trance (2013),2013-03-27,2013,2010s,Mar,3,English,Thriller,4,Danny Boyle,James McAvoy,20000000,24261569,4261569,1.213,Yes,101,6.5,956,Yes,38.8,$10M-40M,90-109 min,"500-1,999",No
111190,Adore,Adore (2013),2013-04-03,2013,2010s,Apr,4,English,Drama,1,Anne Fontaine,Naomi Watts,16000000,318982,-15681018,0.02,Yes,100,6.1,291,Yes,18.79,$10M-40M,90-109 min,50-499,No
109428,Evil Dead,Evil Dead (2013),2013-04-05,2013,2010s,Apr,4,English,Horror,1,Fede Alvarez,Jane Levy,17000000,97542952,80542952,5.738,Yes,91,6.4,1723,Yes,33.91,$10M-40M,90-109 min,"500-1,999",No
132344,Before Midnight,Before Midnight (2013),2013-04-05,2013,2010s,Apr,4,English,Romance,2,Richard Linklater,Ethan Hawke,3000000,11176469,8176469,3.725,Yes,108,7.4,568,Yes,23.3,Under $10M,90-109 min,"500-1,999",No
75612,Oblivion,Oblivion (2013),2013-04-10,2013,2010s,Apr,4,English,Action,4,Joseph Kosinski,Tom Cruise,120000000,286168572,166168572,2.385,Yes,124,6.4,4800,Yes,67.7,$100M+,110-129 min,"2,000-4,999",No
4258,Scary Movie 5,Scary Movie 5 (2013),2013-04-11,2013,2010s,Apr,4,English,Comedy,1,Malcolm D. Lee,Simon Rex,20000000,78378744,58378744,3.919,Yes,86,4.6,793,Yes,36.82,$10M-40M,Under 90 min,"500-1,999",No
109410,42,42 (2013),2013-04-12,2013,2010s,Apr,4,English,Drama,1,Brian Helgeland,Chadwick Boseman,40000000,95020213,55020213,2.376,Yes,128,6.8,787,Yes,31.88,$40M-100M,110-129 min,"500-1,999",No
192210,Open Road,Open Road (2013),2013-04-12,2013,2010s,Apr,4,English,Action,3,Márcio Garcia,Camilla Belle,3000000,,,,No,85,5.2,18,No,2.68,Under $10M,Under 90 min,Under 50,No
68721,Iron Man 3,Iron Man 3 (2013),2013-04-18,2013,2010s,Apr,4,English,Action,3,Shane Black,Robert Downey Jr.,200000000,1215439994,1015439994,6.077,Yes,130,6.8,8806,Yes,77.68,$100M+,130-149 min,"5,000+",No
134374,Pain & Gain,Pain & Gain (2013),2013-04-18,2013,2010s,Apr,4,English,Thriller,3,Michael Bay,Mark Wahlberg,25000000,86175291,61175291,3.447,Yes,130,6.1,1573,Yes,31.89,$10M-40M,130-149 min,"500-1,999",No
84197,Filly Brown,Filly Brown (2013),2013-04-19,2013,2010s,Apr,4,English,Drama,1,Michael D. Olmos,Resmine Atis,,,,,No,100,5.9,10,No,0.11,Unknown,90-109 min,Under 50,No
176124,Home Run,Home Run (2013),2013-04-19,2013,2010s,Apr,4,English,Drama,1,David Boyd,Scott Elrod,1200000,2861020,1661020,2.384,Yes,114,6.3,24,No,3.09,Under $10M,110-129 min,Under 50,No
220490,Her Cry: La Llorona Investigation,Her Cry: La Llorona Investigation (2013),2013-04-19,2013,2010s,Apr,4,English,Horror,1,Damir Catic,Nichole Ceballos,,,,,No,89,,0,No,0.06,Unknown,Under 90 min,Under 50,No
174362,Bending Steel,Bending Steel (2013),2013-04-20,2013,2010s,Apr,4,English,Documentary,1,Dave Carroll,Unknown,,,,,No,93,5.0,1,No,0.05,Unknown,90-109 min,Under 50,No
87567,The Big Wedding,The Big Wedding (2013),2013-04-25,2013,2010s,Apr,4,English,Comedy,1,Justin Zackham,Robert De Niro,35000000,21819348,-13180652,0.623,Yes,90,5.7,414,Yes,18.84,$10M-40M,90-109 min,50-499,No
188652,The Ghastly Love of Johnny X,The Ghastly Love of Johnny X (2013),2013-04-26,2013,2010s,Apr,4,English,Comedy,3,Paul Bunnell,Will Keenan,,,,,No,106,6.6,8,No,0.21,Unknown,90-109 min,Under 50,No
103731,Mud,Mud (2013),2013-05-01,2013,2010s,May,5,English,Drama,1,Jeff Nichols,Matthew McConaughey,10000000,21587700,11587700,2.159,Yes,130,7.0,1068,Yes,17.66,$10M-40M,130-149 min,"500-1,999",No
184374,Cinco de Mayo: La Batalla,Cinco de Mayo: La Batalla (2013),2013-05-03,2013,2010s,May,5,Other languages,War,3,Rafa Lara,Christian Vazquez,10000000,,,,No,125,5.8,14,No,0.07,$10M-40M,110-129 min,Under 50,No
54138,Star Trek Into Darkness,Star Trek Into Darkness (2013),2013-05-05,2013,2010s,May,5,English,Action,3,J.J. Abrams,Chris Pine,190000000,467365246,277365246,2.46,Yes,132,7.4,4418,Yes,78.29,$100M+,130-149 min,"2,000-4,999",No
72359,Peeples,Peeples (2013),2013-05-09,2013,2010s,May,5,English,Comedy,1,Tina Gordon Chism,Craig Robinson,,,,,No,95,5.6,26,No,5.11,Unknown,90-109 min,Under 50,No
64682,The Great Gatsby,The Great Gatsby (2013),2013-05-10,2013,2010s,May,5,English,Drama,2,Baz Luhrmann,Leonardo DiCaprio,105000000,351040419,246040419,3.343,Yes,143,7.3,3769,Yes,61.2,$100M+,130-149 min,"2,000-4,999",No
116711,Epic,Epic (2013),2013-05-15,2013,2010s,May,5,English,Animation,4,Chris Wedge,Josh Hutcherson,100000000,268426634,168426634,2.684,Yes,102,6.4,1121,Yes,36.71,$100M+,90-109 min,"500-1,999",No
138976,Treachery,Treachery (2013),2013-05-16,2013,2010s,May,5,English,Drama,1,Travis Romero,Matthew Ziff,625000,,,,No,68,4.8,5,No,0.28,Under $10M,Under 90 min,Under 50,No
121986,Frances Ha,Frances Ha (2013),2013-05-17,2013,2010s,May,5,English,Comedy,2,Noah Baumbach,Greta Gerwig,,4069826,,,No,86,7.2,345,Yes,15.49,Unknown,Under 90 min,50-499,No
179144,The Great Beauty,The Great Beauty (2013),2013-05-21,2013,2010s,May,5,Other languages,Comedy,2,Paolo Sorrentino,Toni Servillo,12400000,8371085,-4028915,0.675,Yes,142,7.3,720,Yes,32.52,$10M-40M,130-149 min,"500-1,999",No
75656,Now You See Me,Now You See Me (2013),2013-05-29,2013,2010s,May,5,English,Thriller,2,Louis Leterrier,Jesse Eisenberg,75000000,117698894,42698894,1.569,Yes,115,7.3,5487,Yes,71.12,$40M-100M,110-129 min,"5,000+",No
202604,The Vatican Exorcisms,The Vatican Exorcisms (2013),2013-05-29,2013,2010s,May,5,English,Horror,3,Joe Marino,Joe Marino,,,,,No,,4.4,11,No,0.45,Unknown,Unknown,Under 50,No
82700,After Earth,After Earth (2013),2013-05-30,2013,2010s,May,5,English,Science Fiction,3,M. Night Shyamalan,Jaden Smith,130000000,243843127,113843127,1.876,Yes,100,5.0,2532,Yes,42.84,$100M+,90-109 min,"2,000-4,999",No
77987,Only God Forgives,Only God Forgives (2013),2013-05-30,2013,2010s,May,5,English,Drama,3,Nicolas Winding Refn,Ryan Gosling,4800000,10337387,5537387,2.154,Yes,90,5.6,862,Yes,35.75,Under $10M,90-109 min,"500-1,999",No
185008,Yeh Jawaani Hai Deewani,Yeh Jawaani Hai Deewani (2013),2013-05-31,2013,2010s,May,5,Other languages,Romance,1,Ayan Mukherjee,Ranbir Kapoor,7700000,46000000,38300000,5.974,Yes,159,7.2,79,Yes,3.35,Under $10M,150+ min,50-499,No
87499,The East,The East (2013),2013-05-31,2013,2010s,May,5,English,Drama,2,Zal Batmanglij,Brit Marling,6500000,2401510,-4098490,0.369,Yes,116,6.5,305,Yes,16.57,Under $10M,110-129 min,50-499,No
158015,The Purge,The Purge (2013),2013-05-31,2013,2010s,May,5,English,Science Fiction,3,James DeMonaco,Lena Headey,3000000,89328627,86328627,29.776,Yes,86,6.0,2428,Yes,54.4,Under $10M,Under 90 min,"2,000-4,999",No
310933,Bleeding Hearts,Bleeding Hearts (2013),2013-06-01,2013,2010s,Jun,6,English,Horror,1,Dylan Bank,Robert Loggia,,,,,No,,2.0,1,No,0.1,Unknown,Unknown,Under 50,No
147773,The Way Way Back,The Way Way Back (2013),2013-06-06,2013,2010s,Jun,6,English,Comedy,2,Nat Faxon,Liam James,4600000,23198652,18598652,5.043,Yes,103,7.1,688,Yes,32.14,Under $10M,90-109 min,"500-1,999",No
116741,The Internship,The Internship (2013),2013-06-07,2013,2010s,Jun,6,English,Comedy,1,Shawn Levy,Owen Wilson,58000000,44000000,-14000000,0.759,Yes,119,6.1,1658,Yes,1.55,$40M-100M,110-129 min,"500-1,999",No
159037,The Square,The Square (2013),2013-06-07,2013,2010s,Jun,6,Other languages,Documentary,3,Jehane Noujaim,Khalid Abdalla,,,,,No,88,7.8,55,Yes,4.89,Unknown,Under 90 min,50-499,No
49521,Man of Steel,Man of Steel (2013),2013-06-12,2013,2010s,Jun,6,English,Action,4,Zack Snyder,Henry Cavill,225000000,662845518,437845518,2.946,Yes,143,6.5,6359,Yes,99.4,$100M+,130-149 min,"5,000+",No
109414,This Is the End,This Is the End (2013),2013-06-12,2013,2010s,Jun,6,English,Action,2,Seth Rogen,James Franco,32000000,126041322,94041322,3.939,Yes,107,6.3,2359,Yes,38.22,$10M-40M,90-109 min,"2,000-4,999",No
59981,Legends of Oz: Dorothy's Return,Legends of Oz: Dorothy's Return (2013),2013-06-13,2013,2010s,Jun,6,English,Animation,3,Dan St. Pierre,Lea Michele,70000000,18662027,-51337973,0.267,Yes,88,5.9,43,No,6.68,$40M-100M,Under 90 min,Under 50,No
159014,20 Feet from Stardom,20 Feet from Stardom (2013),2013-06-14,2013,2010s,Jun,6,English,Documentary,2,Morgan Neville,Bette Midler,1000000,,,,No,89,7.4,85,Yes,5.25,Under $10M,Under 90 min,50-499,No
62211,Monsters University,Monsters University (2013),2013-06-20,2013,2010s,Jun,6,English,Animation,2,Dan Scanlon,Billy Crystal,200000000,743559607,543559607,3.718,Yes,104,7.0,3528,Yes,89.19,$100M+,90-109 min,"2,000-4,999",No
72190,World War Z,World War Z (2013),2013-06-20,2013,2010s,Jun,6,English,Action,5,Marc Forster,Brad Pitt,200000000,531865000,331865000,2.659,Yes,116,6.7,5560,Yes,81.83,$100M+,110-129 min,"5,000+",No
93456,Despicable Me 2,Despicable Me 2 (2013),2013-06-25,2013,2010s,Jun,6,English,Animation,3,Pierre Coffin,Steve Carell,76000000,970761885,894761885,12.773,Yes,98,7.0,4637,Yes,136.89,$40M-100M,90-109 min,"2,000-4,999",No
117251,White House Down,White House Down (2013),2013-06-27,2013,2010s,Jun,6,English,Action,3,Roland Emmerich,Channing Tatum,150000000,205366737,55366737,1.369,Yes,131,6.4,1891,Yes,39.0,$100M+,130-149 min,"500-1,999",No
136795,The Heat,The Heat (2013),2013-06-27,2013,2010s,Jun,6,English,Action,3,Paul Feig,Sandra Bullock,43000000,158674180,115674180,3.69,Yes,117,6.5,1575,Yes,37.65,$40M-100M,110-129 min,"500-1,999",No
205126,Independence Daysaster,Independence Daysaster (2013),2013-06-27,2013,2010s,Jun,6,English,Action,2,W.D. Hogan,Casey Dubois,1800000,,,,No,86,4.2,22,No,1.96,Under $10M,Under 90 min,Under 50,No
158895,This Is Martin Bonner,This Is Martin Bonner (2013),2013-06-28,2013,2010s,Jun,6,English,Drama,1,Chad Hartigan,Paul Eenhoorn,,,,,No,83,6.6,4,No,0.76,Unknown,Under 90 min,Under 50,No
57201,The Lone Ranger,The Lone Ranger (2013),2013-07-03,2013,2010s,Jul,7,English,Action,3,Gore Verbinski,Johnny Depp,255000000,89289910,-165710090,0.35,Yes,149,5.9,2311,Yes,49.05,$100M+,130-149 min,"2,000-4,999",No
152599,The Immigrant,The Immigrant (2013),2013-07-03,2013,2010s,Jul,7,English,Drama,2,James Gray,Marion Cotillard,16000000,5867686,-10132314,0.367,Yes,117,6.2,250,Yes,13.83,$10M-40M,110-129 min,50-499,No
181330,Kevin Hart: Let Me Explain,Kevin Hart: Let Me Explain (2013),2013-07-03,2013,2010s,Jul,7,English,Comedy,2,Leslie Small,Kevin Hart,,32230907,,,No,74,7.1,95,Yes,9.8,Unknown,Under 90 min,50-499,No
198062,Coffee Town,Coffee Town (2013),2013-07-09,2013,2010s,Jul,7,English,Comedy,1,Brad Copeland,Glenn Howerton,,,,,No,87,6.7,45,No,2.25,Unknown,Under 90 min,Under 50,No
68726,Pacific Rim,Pacific Rim (2013),2013-07-11,2013,2010s,Jul,7,English,Action,3,Guillermo del Toro,Idris Elba,180000000,407602906,227602906,2.264,Yes,131,6.7,4794,Yes,56.52,$100M+,130-149 min,"2,000-4,999",No
77950,Turbo,Turbo (2013),2013-07-11,2013,2010s,Jul,7,English,Animation,2,David Soren,Ryan Reynolds,135000000,282570682,147570682,2.093,Yes,96,6.1,1074,Yes,44.77,$100M+,90-109 min,"500-1,999",No
109418,Grown Ups 2,Grown Ups 2 (2013),2013-07-11,2013,2010s,Jul,7,English,Comedy,1,Dennis Dugan,Adam Sandler,80000000,246984278,166984278,3.087,Yes,100,5.8,1155,Yes,45.59,$40M-100M,90-109 min,"500-1,999",No
205321,Sharknado,Sharknado (2013),2013-07-11,2013,2010s,Jul,7,English,TV Movie,2,Anthony C. Ferrante,Ian Ziering,1000000,,,,No,86,3.8,476,Yes,20.47,Under $10M,Under 90 min,50-499,No
59859,Kick-Ass 2,Kick-Ass 2 (2013),2013-07-17,2013,2010s,Jul,7,English,Action,3,Jeff Wadlow,Aaron Taylor-Johnson,28000000,60700000,32700000,2.168,Yes,103,6.3,2224,Yes,40.29,$10M-40M,90-109 min,"2,000-4,999",No
49524,R.I.P.D.,R.I.P.D. (2013),2013-07-18,2013,2010s,Jul,7,English,Fantasy,4,Robert Schwentke,Jeff Bridges,130000000,61648500,-68351500,0.474,Yes,96,5.4,1260,Yes,39.45,$100M+,90-109 min,"500-1,999",No
146216,RED 2,RED 2 (2013),2013-07-18,2013,2010s,Jul,7,English,Action,4,Dean Parisot,Bruce Willis,84000000,,,,No,116,6.4,1526,Yes,44.34,$40M-100M,110-129 min,"500-1,999",No
153158,Underdogs,Underdogs (2013),2013-07-18,2013,2010s,Jul,7,Other languages,Animation,3,Juan José Campanella,Juan José Campanella,22000000,24000000,2000000,1.091,Yes,106,6.0,122,Yes,14.87,$10M-40M,90-109 min,50-499,No
138843,The Conjuring,The Conjuring (2013),2013-07-18,2013,2010s,Jul,7,English,Horror,2,James Wan,Patrick Wilson,13000000,318000141,305000141,24.462,Yes,112,7.4,3092,Yes,49.98,$10M-40M,110-129 min,"2,000-4,999",No
107985,The World's End,The World's End (2013),2013-07-18,2013,2010s,Jul,7,English,Comedy,3,Edgar Wright,Simon Pegg,20000000,46089287,26089287,2.304,Yes,109,6.7,1778,Yes,55.96,$10M-40M,90-109 min,"500-1,999",No
199373,The Frozen Ground,The Frozen Ground (2013),2013-07-18,2013,2010s,Jul,7,English,Thriller,2,Scott Walker,Nicolas Cage,27220000,5496951,-21723049,0.202,Yes,105,6.1,465,Yes,28.06,$10M-40M,90-109 min,50-499,No
172391,Khumba,Khumba (2013),2013-07-18,2013,2010s,Jul,7,English,Animation,3,Anthony Silverston,Jake T. Austin,20000000,27187375,7187375,1.359,Yes,85,5.8,72,Yes,6.46,$10M-40M,Under 90 min,50-499,No
211954,Instructions Not Included,Instructions Not Included (2013),2013-07-20,2013,2010s,Jul,7,Other languages,Comedy,2,Eugenio Derbez,Loreto Peralta,5500000,99067206,93567206,18.012,Yes,115,7.5,205,Yes,9.6,Under $10M,110-129 min,50-499,No
76170,The Wolverine,The Wolverine (2013),2013-07-23,2013,2010s,Jul,7,English,Action,4,James Mangold,Hugh Jackman,120000000,415440673,295440673,3.462,Yes,126,6.3,4053,Yes,15.95,$100M+,110-129 min,"2,000-4,999",No
129139,The To Do List,The To Do List (2013),2013-07-24,2013,2010s,Jul,7,English,Comedy,2,Maggie Carey,Aubrey Plaza,1500000,3566225,2066225,2.377,Yes,104,5.5,342,Yes,15.02,Under $10M,90-109 min,50-499,No
160588,Blue Jasmine,Blue Jasmine (2013),2013-07-25,2013,2010s,Jul,7,English,Comedy,2,Woody Allen,Cate Blanchett,18000000,99206215,81206215,5.511,Yes,98,7.0,1098,Yes,34.69,$10M-40M,90-109 min,"500-1,999",No
206213,Zombie Hunter,Zombie Hunter (2013),2013-07-25,2013,2010s,Jul,7,English,Comedy,4,Kevin King,Martin Copping,,,,,No,93,3.5,34,No,3.42,Unknown,90-109 min,Under 50,No
157354,Fruitvale Station,Fruitvale Station (2013),2013-07-25,2013,2010s,Jul,7,English,Drama,1,Ryan Coogler,Michael B. Jordan,,17385830,,,No,85,7.3,390,Yes,20.97,Unknown,Under 90 min,50-499,No
138697,Don Jon,Don Jon (2013),2013-07-26,2013,2010s,Jul,7,English,Romance,3,Joseph Gordon-Levitt,Joseph Gordon-Levitt,6000000,,,,No,90,5.9,1671,Yes,33.3,Under $10M,90-109 min,"500-1,999",No
225235,The Geographer Drank His Globe Away,The Geographer Drank His Globe Away (2013),2013-07-26,2013,2010s,Jul,7,Other languages,Drama,1,Aleksandr Veledinskiy,Konstantin Khabenskiy,,4037782,,,No,120,7.3,23,No,1.88,Unknown,110-129 min,Under 50,No
109729,The Canyons,The Canyons (2013),2013-07-29,2013,2010s,Jul,7,English,Thriller,2,Paul Schrader,Lindsay Lohan,250000,56825,-193175,0.227,Yes,99,4.1,75,Yes,6.98,Under $10M,90-109 min,50-499,No
77931,The Smurfs 2,The Smurfs 2 (2013),2013-07-30,2013,2010s,Jul,7,English,Fantasy,4,Raja Gosnell,Hank Azaria,105000000,347434178,242434178,3.309,Yes,105,5.5,695,Yes,32.47,$100M+,90-109 min,"500-1,999",No
110415,Snowpiercer,Snowpiercer (2013),2013-08-01,2013,2010s,Aug,8,Other languages,Action,3,Bong Joon-ho,Chris Evans,39200000,86758912,47558912,2.213,Yes,126,6.7,2854,Yes,64.24,$10M-40M,110-129 min,"2,000-4,999",No
136400,2 Guns,2 Guns (2013),2013-08-02,2013,2010s,Aug,8,English,Action,3,Baltasar Kormákur,Denzel Washington,61000000,131940411,70940411,2.163,Yes,109,6.6,1589,Yes,42.88,$40M-100M,90-109 min,"500-1,999",No
157386,The Spectacular Now,The Spectacular Now (2013),2013-08-02,2013,2010s,Aug,8,English,Comedy,3,James Ponsoldt,Miles Teller,2500000,6854611,4354611,2.742,Yes,95,6.8,1048,Yes,25.72,Under $10M,90-109 min,"500-1,999",No
68724,Elysium,Elysium (2013),2013-08-07,2013,2010s,Aug,8,English,Science Fiction,4,Neill Blomkamp,Matt Damon,115000000,286140700,171140700,2.488,Yes,109,6.4,3439,Yes,67.34,$100M+,90-109 min,"2,000-4,999",No
76285,Percy Jackson: Sea of Monsters,Percy Jackson: Sea of Monsters (2013),2013-08-07,2013,2010s,Aug,8,English,Adventure,3,Thor Freudenthal,Logan Lerman,90000000,174578751,84578751,1.94,Yes,106,5.9,1648,Yes,40.26,$40M-100M,90-109 min,"500-1,999",No
138832,We're the Millers,We're the Millers (2013),2013-08-07,2013,2010s,Aug,8,English,Comedy,2,Rawson Marshall Thurber,Jason Sudeikis,37000000,269994119,232994119,7.297,Yes,110,6.8,2972,Yes,100.35,$10M-40M,110-129 min,"2,000-4,999",No
186935,Heli,Heli (2013),2013-08-09,2013,2010s,Aug,8,Other languages,Crime,2,Amat Escalante,Armando Espitia,1000000,,,,No,105,6.2,32,No,3.63,Under $10M,90-109 min,Under 50,No
215924,The Amazing Catfish,The Amazing Catfish (2013),2013-08-10,2013,2010s,Aug,8,Other languages,Comedy,2,Claudia Sainte-Luce,Lisa Owen,1300000,,,,No,87,5.7,17,No,1.47,Under $10M,Under 90 min,Under 50,No
190847,The Last Days on Mars,The Last Days on Mars (2013),2013-08-11,2013,2010s,Aug,8,English,Science Fiction,3,Ruairi Robinson,Liev Schreiber,,,,,No,98,5.2,302,Yes,18.76,Unknown,90-109 min,50-499,No
132363,The Butler,The Butler (2013),2013-08-16,2013,2010s,Aug,8,English,Drama,1,Lee Daniels,Forest Whitaker,25000000,115922175,90922175,4.637,Yes,132,7.2,1101,Yes,32.11,$10M-40M,130-149 min,"500-1,999",No
122906,About Time,About Time (2013),2013-08-16,2013,2010s,Aug,8,English,Comedy,3,Richard Curtis,Domhnall Gleeson,,87100449,,,No,123,7.8,2067,Yes,74.82,Unknown,110-129 min,"2,000-4,999",No
123553,The Mortal Instruments: City of Bones,The Mortal Instruments: City of Bones (2013),2013-08-21,2013,2010s,Aug,8,English,Action,6,Harald Zwart,Lily Collins,60000000,90565421,30565421,1.509,Yes,130,6.2,1602,Yes,45.51,$40M-100M,130-149 min,"500-1,999",No
190955,Blood Ties,Blood Ties (2013),2013-08-22,2013,2010s,Aug,8,English,Thriller,3,Guillaume Canet,Clive Owen,25500000,2415472,-23084528,0.095,Yes,128,6.0,171,Yes,12.76,$10M-40M,110-129 min,50-499,No
172533,Drinking Buddies,Drinking Buddies (2013),2013-08-23,2013,2010s,Aug,8,English,Romance,2,Joe Swanberg,Olivia Wilde,,343341,,,No,90,6.0,356,Yes,17.38,Unknown,90-109 min,50-499,No
207769,Banshee Chapter,Banshee Chapter (2013),2013-08-26,2013,2010s,Aug,8,English,Horror,2,Blair Erickson,Ted Levine,950000,,,,No,87,5.7,92,Yes,7.31,Under $10M,Under 90 min,50-499,No
164558,One Direction: This Is Us,One Direction: This Is Us (2013),2013-08-28,2013,2010s,Aug,8,English,Documentary,2,Morgan Spurlock,Harry Styles,10000000,,,,No,92,8.0,201,Yes,7.94,$10M-40M,90-109 min,50-499,No
146227,Getaway,Getaway (2013),2013-08-29,2013,2010s,Aug,8,English,Action,2,Courtney Solomon,Ethan Hawke,18000000,10501938,-7498062,0.583,Yes,90,4.9,246,Yes,16.52,$10M-40M,90-109 min,50-499,No
217708,Of Horses and Men,Of Horses and Men (2013),2013-08-30,2013,2010s,Aug,8,Other languages,Drama,3,Benedikt Erlingsson,Ingvar Eggert Sigurðsson,,,,,No,85,6.9,26,No,1.62,Unknown,Under 90 min,Under 50,No
87421,Riddick,Riddick (2013),2013-09-02,2013,2010s,Sep,9,English,Science Fiction,3,David Twohy,Vin Diesel,38000000,98337295,60337295,2.588,Yes,119,6.2,2035,Yes,46.63,$10M-40M,110-129 min,"2,000-4,999",No
96721,Rush,Rush (2013),2013-09-02,2013,2010s,Sep,9,English,Drama,2,Ron Howard,Daniel Brühl,38000000,90247624,52247624,2.375,Yes,123,7.7,2277,Yes,33.0,$10M-40M,110-129 min,"2,000-4,999",No
201132,Antarctica: A Year on Ice,Antarctica: A Year on Ice (2013),2013-09-05,2013,2010s,Sep,9,English,Drama,3,Anthony Powell,Genevieve Bachman,1000000,,,,No,92,7.2,29,No,1.88,Under $10M,90-109 min,Under 50,No
209403,Bad Words,Bad Words (2013),2013-09-06,2013,2010s,Sep,9,English,Comedy,1,Jason Bateman,Jason Bateman,9500000,7800000,-1700000,0.821,Yes,88,6.4,334,Yes,14.11,Under $10M,Under 90 min,50-499,No
192577,Space Pirate Captain Harlock,Space Pirate Captain Harlock (2013),2013-09-07,2013,2010s,Sep,9,Other languages,Animation,2,Shinji Aramaki,Shun Oguri,30000000,17137302,-12862698,0.571,Yes,115,6.5,356,Yes,14.73,$10M-40M,110-129 min,50-499,No
198277,Begin Again,Begin Again (2013),2013-09-07,2013,2010s,Sep,9,English,Comedy,4,John Carney,Mark Ruffalo,8000000,63464861,55464861,7.933,Yes,104,7.3,1254,Yes,35.74,Under $10M,90-109 min,"500-1,999",No
152532,Dallas Buyers Club,Dallas Buyers Club (2013),2013-09-07,2013,2010s,Sep,9,English,Drama,2,Jean-Marc Vallée,Matthew McConaughey,5000000,55198285,50198285,11.04,Yes,117,7.9,2886,Yes,59.45,Under $10M,110-129 min,"2,000-4,999",No
157547,Oculus,Oculus (2013),2013-09-08,2013,2010s,Sep,9,English,Horror,1,Mike Flanagan,Karen Gillan,5000000,44030246,39030246,8.806,Yes,104,6.3,1050,Yes,35.87,Under $10M,90-109 min,"500-1,999",No
174311,All Is Bright,All Is Bright (2013),2013-09-10,2013,2010s,Sep,9,English,Comedy,2,Phil Morrison,Paul Rudd,,,,,No,107,5.3,36,No,3.61,Unknown,90-109 min,Under 50,No
106747,Machete Kills,Machete Kills (2013),2013-09-12,2013,2010s,Sep,9,English,Action,3,Robert Rodriguez,Danny Trejo,12000000,15008161,3008161,1.251,Yes,107,5.3,631,Yes,29.07,$10M-40M,90-109 min,"500-1,999",No
91586,Insidious: Chapter 2,Insidious: Chapter 2 (2013),2013-09-12,2013,2010s,Sep,9,English,Horror,2,James Wan,Patrick Wilson,5000000,,,,No,106,6.5,1211,Yes,48.38,Under $10M,90-109 min,"500-1,999",No
166624,Treading Water,Treading Water (2013),2013-09-13,2013,2010s,Sep,9,English,Drama,2,Analeine Cal y Mayor,Douglas Smith,4700000,,,,No,92,5.6,6,No,0.22,Under $10M,90-109 min,Under 50,No
215881,Plush,Plush (2013),2013-09-13,2013,2010s,Sep,9,English,Thriller,1,Catherine Hardwicke,Emily Browning,,,,,No,98,5.4,40,No,5.1,Unknown,90-109 min,Under 50,No
220488,My Lucky Star,My Lucky Star (2013),2013-09-17,2013,2010s,Sep,9,Other languages,Comedy,2,Dennie Gordon,Zhang Ziyi,,,,,No,114,4.3,8,No,1.86,Unknown,110-129 min,Under 50,No
146233,Prisoners,Prisoners (2013),2013-09-18,2013,2010s,Sep,9,English,Drama,3,Denis Villeneuve,Hugh Jackman,46000000,122126687,76126687,2.655,Yes,153,7.9,3085,Yes,88.5,$40M-100M,150+ min,"2,000-4,999",No
209263,Enough Said,Enough Said (2013),2013-09-18,2013,2010s,Sep,9,English,Comedy,3,Nicole Holofcener,Julia Louis-Dreyfus,,25288872,,,No,93,6.6,348,Yes,14.97,Unknown,90-109 min,50-499,No
191714,The Lunchbox,The Lunchbox (2013),2013-09-19,2013,2010s,Sep,9,Other languages,Drama,2,Ritesh Batra,Irrfan Khan,1000000,4235151,3235151,4.235,Yes,104,7.3,221,Yes,14.02,Under $10M,90-109 min,50-499,No
222250,A True Story,A True Story (2013),2013-09-20,2013,2010s,Sep,9,English,Comedy,1,Malcolm Goodwin,Katrina Bowden,,,,,No,96,6.8,2,No,0.97,Unknown,90-109 min,Under 50,No
109417,Battle of the Year,Battle of the Year (2013),2013-09-21,2013,2010s,Sep,9,English,Music,2,Benson Lee,Josh Holloway,20000000,16549477,-3450523,0.827,Yes,110,5.9,88,Yes,8.24,$10M-40M,110-129 min,50-499,No
129670,Nebraska,Nebraska (2013),2013-09-21,2013,2010s,Sep,9,English,Drama,2,Alexander Payne,Bruce Dern,12000000,17654912,5654912,1.471,Yes,115,7.4,636,Yes,29.22,$10M-40M,110-129 min,"500-1,999",No
146238,Runner Runner,Runner Runner (2013),2013-09-24,2013,2010s,Sep,9,English,Crime,3,Brad Furman,Ben Affleck,30000000,62616646,32616646,2.087,Yes,91,5.5,543,Yes,22.98,$10M-40M,90-109 min,"500-1,999",No
193613,Metallica: Through the Never,Metallica: Through the Never (2013),2013-09-25,2013,2010s,Sep,9,English,Music,1,Nimród Antal,Dane DeHaan,18000000,7972967,-10027033,0.443,Yes,93,6.7,83,Yes,7.87,$10M-40M,90-109 min,50-499,No
109451,Cloudy with a Chance of Meatballs 2,Cloudy with a Chance of Meatballs 2 (2013),2013-09-26,2013,2010s,Sep,9,English,Animation,3,Cody Cameron,Bill Hader,78000000,248384621,170384621,3.184,Yes,95,6.4,915,Yes,41.25,$40M-100M,90-109 min,"500-1,999",No
49047,Gravity,Gravity (2013),2013-09-27,2013,2010s,Sep,9,English,Science Fiction,3,Alfonso Cuarón,Sandra Bullock,105000000,716392705,611392705,6.823,Yes,91,7.3,5751,Yes,110.15,$100M+,90-109 min,"5,000+",No
175528,Baggage Claim,Baggage Claim (2013),2013-09-27,2013,2010s,Sep,9,English,Comedy,1,David E. Talbert,Paula Patton,8500000,22456509,13956509,2.642,Yes,96,5.6,85,Yes,11.44,Under $10M,90-109 min,50-499,No
78383,Nurse 3-D,Nurse 3-D (2013),2013-09-28,2013,2010s,Sep,9,English,Horror,2,Douglas Aarniokoski,Paz de la Huerta,,10000000,,,No,99,4.9,119,Yes,10.01,Unknown,90-109 min,50-499,No
206284,Grace Unplugged,Grace Unplugged (2013),2013-10-04,2013,2010s,Oct,10,English,Drama,2,Brad J. Silverman,AJ Michalka,,,,,No,102,6.0,24,No,2.16,Unknown,90-109 min,Under 50,No
159770,The Dirties,The Dirties (2013),2013-10-04,2013,2010s,Oct,10,English,Drama,1,Matt Johnson,Matt Johnson,,,,,No,83,6.0,42,No,0.83,Unknown,Under 90 min,Under 50,No
193722,R100,R100 (2013),2013-10-05,2013,2010s,Oct,10,Other languages,Comedy,2,Hitoshi Matsumoto,Nao Omori,5500000,,,,No,100,5.4,31,No,3.21,Under $10M,90-109 min,Under 50,No
86829,Inside Llewyn Davis,Inside Llewyn Davis (2013),2013-10-06,2013,2010s,Oct,10,English,Drama,2,Joel Coen,Oscar Isaac,11000000,32935319,21935319,2.994,Yes,105,7.2,834,Yes,36.32,$10M-40M,90-109 min,"500-1,999",No
107846,Escape Plan,Escape Plan (2013),2013-10-09,2013,2010s,Oct,10,English,Action,2,Mikael Håfström,Sylvester Stallone,50000000,122915111,72915111,2.458,Yes,115,6.7,1659,Yes,44.48,$40M-100M,110-129 min,"500-1,999",No
109424,Captain Phillips,Captain Phillips (2013),2013-10-10,2013,2010s,Oct,10,English,Action,3,Paul Greengrass,Tom Hanks,55000000,95000000,40000000,1.727,Yes,134,7.6,2454,Yes,52.79,$40M-100M,130-149 min,"2,000-4,999",No
146239,Delivery Man,Delivery Man (2013),2013-10-10,2013,2010s,Oct,10,English,Comedy,1,Ken Scott,Vince Vaughn,26000000,51164106,25164106,1.968,Yes,105,6.2,551,Yes,30.11,$10M-40M,90-109 min,"500-1,999",No
162903,The Fifth Estate,The Fifth Estate (2013),2013-10-11,2013,2010s,Oct,10,English,Drama,2,Bill Condon,Benedict Cumberbatch,28000000,8555008,-19444992,0.306,Yes,128,5.7,364,Yes,20.27,$10M-40M,110-129 min,50-499,No
158752,Escape from Tomorrow,Escape from Tomorrow (2013),2013-10-11,2013,2010s,Oct,10,English,Horror,2,Randy Moore,Roy Abramsohn,,,,,No,90,4.8,87,Yes,1.35,Unknown,90-109 min,50-499,No
231617,"Signed, Sealed, Delivered","Signed, Sealed, Delivered (2013)",2013-10-13,2013,2010s,Oct,10,English,Comedy,4,Scott Smith,Eric Mabius,,,,,No,120,7.0,6,No,1.44,Unknown,110-129 min,Under 50,No
157841,The Young and Prodigious T.S. Spivet,The Young and Prodigious T.S. Spivet (2013),2013-10-16,2013,2010s,Oct,10,English,Adventure,3,Jean-Pierre Jeunet,Kyle Catlett,33000000,9494789,-23505211,0.288,Yes,105,6.7,232,Yes,10.65,$10M-40M,90-109 min,50-499,No
133805,Carrie,Carrie (2013),2013-10-16,2013,2010s,Oct,10,English,Drama,2,Kimberly Peirce,Chloë Grace Moretz,30000000,82394288,52394288,2.746,Yes,100,5.8,1463,Yes,63.85,$10M-40M,90-109 min,"500-1,999",No
76203,12 Years a Slave,12 Years a Slave (2013),2013-10-18,2013,2010s,Oct,10,English,Drama,2,Steve McQueen,Chiwetel Ejiofor,20000000,187000000,167000000,9.35,Yes,134,7.9,3674,Yes,95.92,$10M-40M,130-149 min,"2,000-4,999",No
152747,All Is Lost,All Is Lost (2013),2013-10-18,2013,2010s,Oct,10,English,Action,3,J.C. Chandor,Robert Redford,9000000,6108720,-2891280,0.679,Yes,106,6.6,671,Yes,28.54,Under $10M,90-109 min,"500-1,999",No
242575,"Guten Tag, Ramón","Guten Tag, Ramón (2013)",2013-10-18,2013,2010s,Oct,10,English,Drama,1,Jorge Ramírez Suárez,Adriana Barraza,4000000,,,,No,119,8.1,18,No,1.77,Under $10M,110-129 min,Under 50,No
208134,Bad Grandpa,Bad Grandpa (2013),2013-10-22,2013,2010s,Oct,10,English,Comedy,1,Jeff Tremaine,Johnny Knoxville,15000000,151831537,136831537,10.122,Yes,92,6.0,680,Yes,27.17,$10M-40M,90-109 min,"500-1,999",No
80274,Ender's Game,Ender's Game (2013),2013-10-23,2013,2010s,Oct,10,English,Science Fiction,3,Gavin Hood,Asa Butterfield,110000000,125537191,15537191,1.141,Yes,114,6.6,2303,Yes,45.95,$100M+,110-129 min,"2,000-4,999",No
109091,The Counselor,The Counselor (2013),2013-10-25,2013,2010s,Oct,10,English,Thriller,3,Ridley Scott,Michael Fassbender,25000000,71009334,46009334,2.84,Yes,117,5.0,712,Yes,35.02,$10M-40M,110-129 min,"500-1,999",No
209274,Ida,Ida (2013),2013-10-25,2013,2010s,Oct,10,Other languages,Drama,1,Paweł Pawlikowski,Agata Trzebuchowska,2159280,10700000,8540720,4.955,Yes,80,7.1,260,Yes,13.27,Under $10M,Under 90 min,50-499,No
355629,The Blade of Don Juan,The Blade of Don Juan (2013),2013-10-27,2013,2010s,Oct,10,English,Drama,2,Tom Sanchez,Juan Carlos Montoya,,,,,No,98,,0,No,0.02,Unknown,90-109 min,Under 50,No
76338,Thor: The Dark World,Thor: The Dark World (2013),2013-10-29,2013,2010s,Oct,10,English,Action,3,Alan Taylor,Chris Hemsworth,170000000,644571402,474571402,3.792,Yes,112,6.8,4755,Yes,99.5,$100M+,110-129 min,"2,000-4,999",No
175574,Free Birds,Free Birds (2013),2013-10-30,2013,2010s,Oct,10,English,Animation,3,Jimmy Hayward,Owen Wilson,55000000,110000000,55000000,2.0,Yes,91,5.7,254,Yes,14.41,$40M-100M,90-109 min,50-499,No
137093,Last Vegas,Last Vegas (2013),2013-10-31,2013,2010s,Oct,10,English,Comedy,1,Jon Turteltaub,Robert De Niro,28000000,134402450,106402450,4.8,Yes,105,6.4,799,Yes,28.04,$10M-40M,90-109 min,"500-1,999",No
205220,Philomena,Philomena (2013),2013-11-01,2013,2010s,Nov,11,English,Drama,1,Stephen Frears,Judi Dench,12000000,100129872,88129872,8.344,Yes,98,7.4,579,Yes,29.02,$10M-40M,90-109 min,"500-1,999",No
203833,The Book Thief,The Book Thief (2013),2013-11-08,2013,2010s,Nov,11,English,Drama,1,Brian Percival,Geoffrey Rush,,76586316,,,No,131,7.4,1486,Yes,57.84,Unknown,130-149 min,"500-1,999",No
270554,Echo Dr.,Echo Dr. (2013),2013-11-08,2013,2010s,Nov,11,English,Thriller,4,Patrick Ryan Sims,Johnathan Hurley,,,,,No,85,5.0,1,No,0.05,Unknown,Under 90 min,Under 50,No
101299,The Hunger Games: Catching Fire,The Hunger Games: Catching Fire (2013),2013-11-15,2013,2010s,Nov,11,English,Adventure,3,Francis Lawrence,Jennifer Lawrence,130000000,847423452,717423452,6.519,Yes,146,7.4,6495,Yes,76.31,$100M+,130-149 min,"5,000+",No
146304,The Best Man Holiday,The Best Man Holiday (2013),2013-11-15,2013,2010s,Nov,11,English,Comedy,1,Malcolm D. Lee,Terrence Howard,17000000,71625195,54625195,4.213,Yes,123,6.7,110,Yes,7.21,$10M-40M,110-129 min,50-499,No
192134,Dom Hemingway,Dom Hemingway (2013),2013-11-15,2013,2010s,Nov,11,English,Comedy,3,Richard Shepard,Jude Law,,523511,,,No,93,5.8,212,Yes,10.42,Unknown,90-109 min,50-499,No
140823,Saving Mr. Banks,Saving Mr. Banks (2013),2013-11-16,2013,2010s,Nov,11,English,Comedy,3,John Lee Hancock,Emma Thompson,35000000,112544580,77544580,3.216,Yes,125,7.3,1226,Yes,31.96,$10M-40M,110-129 min,"500-1,999",No
211086,Faith Connections,Faith Connections (2013),2013-11-21,2013,2010s,Nov,11,Other languages,Documentary,2,Pan Nalin,Bhole Baba,550000,,,,No,115,4.2,3,No,0.48,Under $10M,110-129 min,Under 50,No
250902,The Image Revolution,The Image Revolution (2013),2013-11-21,2013,2010s,Nov,11,English,Documentary,1,Patrick Meaney,Todd McFarlane,50000,,,,No,81,5.7,3,No,0.55,Under $10M,Under 90 min,Under 50,No
226354,The Christmas Candle,The Christmas Candle (2013),2013-11-22,2013,2010s,Nov,11,English,Drama,2,John Stephenson,Hans Matheson,,,,,No,100,5.8,8,No,1.8,Unknown,90-109 min,Under 50,No
109445,Frozen,Frozen (2013),2013-11-27,2013,2010s,Nov,11,English,Animation,3,Chris Buck,Kristen Bell,150000000,1274219009,1124219009,8.495,Yes,102,7.3,5295,Yes,165.13,$100M+,90-109 min,"5,000+",No
204082,Homefront,Homefront (2013),2013-11-27,2013,2010s,Nov,11,English,Action,2,Gary Fleder,Jason Statham,22000000,43058898,21058898,1.957,Yes,100,6.4,875,Yes,35.74,$10M-40M,90-109 min,"500-1,999",No
175541,Black Nativity,Black Nativity (2013),2013-11-27,2013,2010s,Nov,11,English,Drama,2,Kasi Lemmons,Forest Whitaker,17500000,7018189,-10481811,0.401,Yes,93,5.8,16,No,7.18,$10M-40M,90-109 min,Under 50,No
137347,Closer to the Moon,Closer to the Moon (2013),2013-11-29,2013,2010s,Nov,11,English,Comedy,2,Nae Caranfil,Vera Farmiga,9000000,,,,No,112,6.4,13,No,9.16,Under $10M,110-129 min,Under 50,No
185567,Zulu,Zulu (2013),2013-12-04,2013,2010s,Dec,12,English,Crime,3,Jérôme Salle,Orlando Bloom,16000000,,,,No,110,6.7,172,Yes,14.53,$10M-40M,110-129 min,50-499,No
227707,The Adventurer: The Curse of the Midas Box,The Adventurer: The Curse of the Midas Box (2013),2013-12-05,2013,2010s,Dec,12,English,Fantasy,3,Jonathan Newman,Aneurin Barnard,25000000,6399,-24993601,0.0,Yes,99,5.1,73,Yes,8.84,$10M-40M,90-109 min,50-499,No
299552,Born Of War,Born Of War (2013),2013-12-05,2013,2010s,Dec,12,English,Action,3,Vicky Jewson,James Frain,,,,,No,109,4.1,7,No,1.14,Unknown,90-109 min,Under 50,No
64686,47 Ronin,47 Ronin (2013),2013-12-06,2013,2010s,Dec,12,English,Drama,4,Carl Rinsch,Keanu Reeves,175000000,150962475,-24037525,0.863,Yes,119,5.9,1326,Yes,41.8,$100M+,110-129 min,"500-1,999",No
192136,Mandela: Long Walk to Freedom,Mandela: Long Walk to Freedom (2013),2013-12-06,2013,2010s,Dec,12,English,Drama,2,Justin Chadwick,Idris Elba,35000000,27330000,-7670000,0.781,Yes,141,6.5,224,Yes,15.51,$10M-40M,130-149 min,50-499,No
164457,Out of the Furnace,Out of the Furnace (2013),2013-12-06,2013,2010s,Dec,12,English,Thriller,3,Scott Cooper,Christian Bale,22000000,15400000,-6600000,0.7,Yes,116,6.5,720,Yes,29.23,$10M-40M,110-129 min,"500-1,999",No
57158,The Hobbit: The Desolation of Smaug,The Hobbit: The Desolation of Smaug (2013),2013-12-11,2013,2010s,Dec,12,English,Adventure,2,Peter Jackson,Martin Freeman,250000000,958400000,708400000,3.834,Yes,161,7.6,4524,Yes,94.37,$100M+,150+ min,"2,000-4,999",No
168672,American Hustle,American Hustle (2013),2013-12-12,2013,2010s,Dec,12,English,Drama,2,David O. Russell,Christian Bale,40000000,251171807,211171807,6.279,Yes,138,6.8,2807,Yes,49.66,$40M-100M,130-149 min,"2,000-4,999",No
244114,Firestorm,Firestorm (2013),2013-12-12,2013,2010s,Dec,12,Other languages,Action,2,Alan Yuen,Andy Lau,,,,,No,110,5.9,43,No,3.38,Unknown,110-129 min,Under 50,No
175555,A Madea Christmas,A Madea Christmas (2013),2013-12-13,2013,2010s,Dec,12,English,Comedy,2,Tyler Perry,Tyler Perry,,,,,No,100,7.0,35,No,5.38,Unknown,90-109 min,Under 50,No
116745,The Secret Life of Walter Mitty,The Secret Life of Walter Mitty (2013),2013-12-18,2013,2010s,Dec,12,English,Adventure,4,Ben Stiller,Ben Stiller,90000000,188133322,98133322,2.09,Yes,114,7.0,3144,Yes,43.35,$40M-100M,110-129 min,"2,000-4,999",No
77951,Walking With Dinosaurs,Walking With Dinosaurs (2013),2013-12-18,2013,2010s,Dec,12,English,Animation,3,Barry Cook,Charlie Rowe,80000000,126546518,46546518,1.582,Yes,87,5.2,133,Yes,10.09,$40M-100M,Under 90 min,50-499,No
109443,Anchorman 2: The Legend Continues,Anchorman 2: The Legend Continues (2013),2013-12-18,2013,2010s,Dec,12,English,Comedy,1,Adam McKay,Will Ferrell,50000000,173649015,123649015,3.473,Yes,119,6.0,923,Yes,38.13,$40M-100M,110-129 min,"500-1,999",No
152601,Her,Her (2013),2013-12-18,2013,2010s,Dec,12,English,Romance,3,Spike Jonze,Joaquin Phoenix,23000000,47351251,24351251,2.059,Yes,126,7.9,4097,Yes,53.68,$10M-40M,110-129 min,"2,000-4,999",No
193756,Lone Survivor,Lone Survivor (2013),2013-12-24,2013,2010s,Dec,12,English,Action,4,Peter Berg,Mark Wahlberg,40000000,149295601,109295601,3.732,Yes,121,7.4,1526,Yes,37.08,$40M-100M,110-129 min,"500-1,999",No
202575,Thunder and the House of Magic,Thunder and the House of Magic (2013),2013-12-24,2013,2010s,Dec,12,English,Family,4,Ben Stassen,Brianne Siddall,34000000,,,,No,85,6.3,121,Yes,12.87,$10M-40M,Under 90 min,50-499,No
106646,The Wolf of Wall Street,The Wolf of Wall Street (2013),2013-12-25,2013,2010s,Dec,12,English,Crime,3,Martin Scorsese,Leonardo DiCaprio,100000000,392000694,292000694,3.92,Yes,180,7.9,6571,Yes,95.01,$100M+,150+ min,"5,000+",No
64807,Grudge Match,Grudge Match (2013),2013-12-25,2013,2010s,Dec,12,English,Comedy,1,Peter Segal,Robert De Niro,40000000,44907260,4907260,1.123,Yes,113,6.0,433,Yes,21.36,$40M-100M,110-129 min,50-499,No
152737,August: Osage County,August: Osage County (2013),2013-12-26,2013,2010s,Dec,12,English,Comedy,2,John Wells,Meryl Streep,25000000,74188937,49188937,2.968,Yes,121,6.9,483,Yes,20.56,$10M-40M,110-129 min,50-499,No
127560,The Railway Man,The Railway Man (2013),2013-12-26,2013,2010s,Dec,12,English,Drama,2,Jonathan Teplitzky,Jeremy Irvine,18000000,22309223,4309223,1.239,Yes,116,6.7,273,Yes,13.92,$10M-40M,110-129 min,50-499,No
130150,Labor Day,Labor Day (2013),2013-12-27,2013,2010s,Dec,12,English,Drama,1,Jason Reitman,Josh Brolin,18000000,20275812,2275812,1.126,Yes,111,6.7,299,Yes,17.68,$10M-40M,110-129 min,50-499,No
252360,In the Name of the King III,In the Name of the King III (2013),2013-12-27,2013,2010s,Dec,12,English,Action,4,Uwe Boll,Dominic Purcell,3500000,,,,No,85,3.3,19,No,4.3,Under $10M,Under 90 min,Under 50,No
246449,Against the Wild,Against the Wild (2013),2013-12-29,2013,2010s,Dec,12,English,Adventure,2,Richard Boddington,Natasha Henstridge,1493619,,,,No,90,4.9,19,No,2.49,Under $10M,90-109 min,Under 50,No
215918,1982,1982 (2013),2013-12-31,2013,2010s,Dec,12,English,Drama,1,Tommy Oliver,Bokeem Woodbine,1000000,,,,No,90,5.0,1,No,0.18,Under $10M,90-109 min,Under 50,No
227348,Paranormal Activity: The Marked Ones,Paranormal Activity: The Marked Ones (2014),2014-01-01,2014,2010s,Jan,1,English,Horror,2,Christopher B. Landon,Andrew Jacobs,5000000,86362372,81362372,17.272,Yes,84,5.2,449,Yes,19.98,Under $10M,Under 90 min,50-499,No
281230,Fort McCoy,Fort McCoy (2014),2014-01-01,2014,2010s,Jan,1,English,War,3,Michael Worth,Eric Stoltz,,,,,No,,6.3,2,No,0.38,Unknown,Unknown,Under 50,No
331493,Light from the Darkroom,Light from the Darkroom (2014),2014-01-01,2014,2010s,Jan,1,English,No genre,0,Unknown,Unknown,,,,,No,,,0,No,0.01,Unknown,Unknown,Under 50,No
241766,Lords of London,Lords of London (2014),2014-01-06,2014,2010s,Jan,1,English,Crime,3,Antonio Simoncini,Glen Murphy,3440000,,,,No,90,3.6,6,No,1.91,Under $10M,90-109 min,Under 50,No
168530,Ride Along,Ride Along (2014),2014-01-07,2014,2010s,Jan,1,English,Action,2,Tim Story,Ice Cube,25000000,153997819,128997819,6.16,Yes,99,6.1,853,Yes,28.47,$10M-40M,90-109 min,"500-1,999",No
79316,Devil's Due,Devil's Due (2014),2014-01-08,2014,2010s,Jan,1,English,Horror,1,Matt Bettinelli-Olpin,Allison Miller,7000000,36433975,29433975,5.205,Yes,89,4.4,216,Yes,14.74,Under $10M,Under 90 min,50-499,No
188207,The Legend of Hercules,The Legend of Hercules (2014),2014-01-10,2014,2010s,Jan,1,English,Action,2,Renny Harlin,Kellan Lutz,70000000,61279452,-8720548,0.875,Yes,99,4.4,533,Yes,25.02,$40M-100M,90-109 min,"500-1,999",No
280381,House at the End of the Drive,House at the End of the Drive (2014),2014-01-11,2014,2010s,Jan,1,English,Thriller,2,David Worth,James Oliver,,,,,No,91,,0,No,0.43,Unknown,90-109 min,Under 50,No
137094,Jack Ryan: Shadow Recruit,Jack Ryan: Shadow Recruit (2014),2014-01-15,2014,2010s,Jan,1,English,Action,3,Kenneth Branagh,Chris Pine,60000000,50549107,-9450893,0.842,Yes,105,5.9,1173,Yes,42.54,$40M-100M,90-109 min,"500-1,999",No
227783,The Nut Job,The Nut Job (2014),2014-01-17,2014,2010s,Jan,1,English,Animation,4,Peter Lepeniotis,Will Arnett,,,,,No,85,5.5,319,Yes,18.57,Unknown,Under 90 min,50-499,No
231576,Wish I Was Here,Wish I Was Here (2014),2014-01-18,2014,2010s,Jan,1,English,Drama,2,Zach Braff,Zach Braff,5500000,5483299,-16701,0.997,Yes,120,6.4,300,Yes,15.02,Under $10M,110-129 min,50-499,No
244772,The Skeleton Twins,The Skeleton Twins (2014),2014-01-18,2014,2010s,Jan,1,English,Drama,1,Craig Johnson,Kristen Wiig,,5284309,,,No,90,6.7,292,Yes,15.7,Unknown,90-109 min,50-499,No
244783,Song One,Song One (2014),2014-01-20,2014,2010s,Jan,1,English,Drama,1,Kate Barker-Froyland,Anne Hathaway,6000000,32251,-5967749,0.005,Yes,86,5.5,87,Yes,6.35,Under $10M,Under 90 min,50-499,No
244776,The Sleepwalker,The Sleepwalker (2014),2014-01-20,2014,2010s,Jan,1,English,Drama,1,Mona Lerche,Christopher Abbott,,,,,No,92,4.1,7,No,0.93,Unknown,90-109 min,Under 50,No
242083,Hits,Hits (2014),2014-01-21,2014,2010s,Jan,1,English,Drama,2,David Cross,Meredith Hagner,1000000,,,,No,96,4.9,23,No,3.64,Under $10M,90-109 min,Under 50,No
100241,"I, Frankenstein","I, Frankenstein (2014)",2014-01-22,2014,2010s,Jan,1,English,Horror,2,Stuart Beattie,Aaron Eckhart,65000000,71154592,6154592,1.095,Yes,92,5.0,687,Yes,31.32,$40M-100M,90-109 min,"500-1,999",No
152760,The Monuments Men,The Monuments Men (2014),2014-01-24,2014,2010s,Jan,1,English,War,4,George Clooney,Matt Damon,70000000,154984035,84984035,2.214,Yes,118,5.8,1523,Yes,43.87,$40M-100M,110-129 min,"500-1,999",No
239897,Dwegons,Dwegons (2014),2014-01-24,2014,2010s,Jan,1,English,Animation,1,Tom Walsh,Melissa Leo,,,,,No,98,0.5,1,No,0.49,Unknown,90-109 min,Under 50,No
225574,Non-Stop,Non-Stop (2014),2014-01-26,2014,2010s,Jan,1,English,Action,3,Jaume Collet-Serra,Liam Neeson,50000000,222809600,172809600,4.456,Yes,106,6.8,2268,Yes,83.3,$40M-100M,90-109 min,"2,000-4,999",No
225565,That Awkward Moment,That Awkward Moment (2014),2014-01-29,2014,2010s,Jan,1,English,Comedy,2,Tom Gormican,Zac Efron,8000000,26049082,18049082,3.256,Yes,94,6.1,1004,Yes,37.82,Under $10M,90-109 min,"500-1,999",No
97020,RoboCop,RoboCop (2014),2014-01-30,2014,2010s,Jan,1,English,Action,2,José Padilha,Joel Kinnaman,120000000,242688965,122688965,2.022,Yes,102,5.7,2342,Yes,66.76,$100M+,90-109 min,"2,000-4,999",No
208763,Forbidden Kingdom,Forbidden Kingdom (2014),2014-01-30,2014,2010s,Jan,1,Other languages,Thriller,4,Oleg Stepchenko,Jason Flemyng,26000000,,,,No,127,4.9,71,Yes,7.18,$10M-40M,110-129 min,50-499,No
137106,The Lego Movie,The Lego Movie (2014),2014-02-06,2014,2010s,Feb,2,English,Adventure,5,Phil Lord,Chris Pratt,60000000,469160692,409160692,7.819,Yes,100,7.5,3070,Yes,59.55,$40M-100M,90-109 min,"2,000-4,999",No
82703,Mr. Peabody & Sherman,Mr. Peabody & Sherman (2014),2014-02-07,2014,2010s,Feb,2,English,Animation,3,Rob Minkoff,Ty Burrell,145000000,272912430,127912430,1.882,Yes,92,6.7,843,Yes,38.73,$100M+,90-109 min,"500-1,999",No
226857,Endless Love,Endless Love (2014),2014-02-12,2014,2010s,Feb,2,English,Drama,2,Shana Feste,Alex Pettyfer,20000000,34077920,14077920,1.704,Yes,103,6.7,542,Yes,27.26,$10M-40M,90-109 min,"500-1,999",No
251321,Aloft,Aloft (2014),2014-02-12,2014,2010s,Feb,2,English,Drama,1,Claudia Llosa,Jennifer Connelly,8000000,53086,-7946914,0.007,Yes,112,5.1,41,No,6.5,Under $10M,110-129 min,Under 50,No
137321,Winter's Tale,Winter's Tale (2014),2014-02-13,2014,2010s,Feb,2,English,Drama,4,Akiva Goldsman,Colin Farrell,60000000,30800231,-29199769,0.513,Yes,118,6.0,487,Yes,22.74,$40M-100M,110-129 min,50-499,No
192102,3 Days to Kill,3 Days to Kill (2014),2014-02-14,2014,2010s,Feb,2,English,Action,4,McG,Kevin Costner,28000000,52597999,24597999,1.878,Yes,113,6.0,883,Yes,41.64,$10M-40M,110-129 min,"500-1,999",No
222899,About Last Night,About Last Night (2014),2014-02-14,2014,2010s,Feb,2,English,Comedy,2,Steve Pink,Kevin Hart,12500000,49002684,36502684,3.92,Yes,100,6.0,210,Yes,11.83,$10M-40M,90-109 min,50-499,No
76649,Pompeii,Pompeii (2014),2014-02-18,2014,2010s,Feb,2,English,Action,5,Paul W.S. Anderson,Kit Harington,130000000,117831631,-12168369,0.906,Yes,105,5.2,1267,Yes,50.56,$100M+,90-109 min,"500-1,999",No
120467,The Grand Budapest Hotel,The Grand Budapest Hotel (2014),2014-02-26,2014,2010s,Feb,2,English,Comedy,2,Wes Anderson,Ralph Fiennes,30000000,174600318,144600318,5.82,Yes,99,8.0,4519,Yes,74.42,$10M-40M,90-109 min,"2,000-4,999",No
235260,Son of God,Son of God (2014),2014-02-28,2014,2010s,Feb,2,English,Drama,1,Christopher Spencer,Roma Downey,22000000,67800064,45800064,3.082,Yes,138,5.9,83,Yes,9.18,$10M-40M,130-149 min,50-499,No
251979,The Perfect Wave,The Perfect Wave (2014),2014-02-28,2014,2010s,Feb,2,English,Romance,3,Bruce MacDonald,Scott Eastwood,,,,,No,113,4.4,21,No,4.12,Unknown,110-129 min,Under 50,No
256740,Wicked Blood,Wicked Blood (2014),2014-03-04,2014,2010s,Mar,3,English,Action,3,Mark Young,Abigail Breslin,3500000,,,,No,92,5.3,37,No,3.16,Under $10M,90-109 min,Under 50,No
53182,300: Rise of an Empire,300: Rise of an Empire (2014),2014-03-05,2014,2010s,Mar,3,English,Action,2,Noam Murro,Sullivan Stapleton,110000000,337580051,227580051,3.069,Yes,102,6.1,2397,Yes,71.51,$100M+,90-109 min,"2,000-4,999",No
268171,Elsa & Fred,Elsa & Fred (2014),2014-03-07,2014,2010s,Mar,3,English,Comedy,3,Michael Radford,Shirley MacLaine,10000000,,,,No,104,6.2,31,No,2.85,$10M-40M,90-109 min,Under 50,No
253261,Born to Fly: Elizabeth Streb vs. Gravity,Born to Fly: Elizabeth Streb vs. Gravity (2014),2014-03-08,2014,2010s,Mar,3,English,Documentary,1,Catherine Gund,Elizabeth Streb,,,,,No,82,5.0,1,No,0.07,Unknown,Under 90 min,Under 50,No
189711,Love in the Time of Monsters,Love in the Time of Monsters (2014),2014-03-08,2014,2010s,Mar,3,English,Horror,2,Matt Jackson,Kane Hodder,,,,,No,,5.0,2,No,0.13,Unknown,Unknown,Under 50,No
253290,Butterfly Girl,Butterfly Girl (2014),2014-03-10,2014,2010s,Mar,3,English,Documentary,1,Cary Bell,Unknown,,,,,No,77,,0,No,0.02,Unknown,Under 90 min,Under 50,No
242166,Red Sky,Red Sky (2014),2014-03-12,2014,2010s,Mar,3,English,Action,2,Mario Van Peebles,Cam Gigandet,25000000,,,,No,100,4.1,26,No,3.34,$10M-40M,90-109 min,Under 50,No
136797,Need for Speed,Need for Speed (2014),2014-03-13,2014,2010s,Mar,3,English,Action,4,Scott Waugh,Aaron Paul,66000000,203277636,137277636,3.08,Yes,130,6.1,1520,Yes,54.81,$40M-100M,130-149 min,"500-1,999",No
157350,Divergent,Divergent (2014),2014-03-14,2014,2010s,Mar,3,English,Adventure,3,Neil Burger,Shailene Woodley,85000000,288747895,203747895,3.397,Yes,139,6.9,4663,Yes,80.32,$40M-100M,130-149 min,"2,000-4,999",No
97370,Under the Skin,Under the Skin (2014),2014-03-14,2014,2010s,Mar,3,English,Thriller,3,Jonathan Glazer,Scarlett Johansson,13300000,5380251,-7919749,0.405,Yes,108,6.0,1102,Yes,29.78,$10M-40M,90-109 min,"500-1,999",No
242095,The Signal,The Signal (2014),2014-03-15,2014,2010s,Mar,3,English,Thriller,2,William Eubank,Brenton Thwaites,4000000,600896,-3399104,0.15,Yes,95,5.8,631,Yes,27.66,Under $10M,90-109 min,"500-1,999",No
172385,Rio 2,Rio 2 (2014),2014-03-19,2014,2010s,Mar,3,English,Animation,4,Carlos Saldanha,Jesse Eisenberg,103000000,500188435,397188435,4.856,Yes,102,6.3,978,Yes,42.4,$100M+,90-109 min,"500-1,999",No
100402,Captain America: The Winter Soldier,Captain America: The Winter Soldier (2014),2014-03-20,2014,2010s,Mar,3,English,Action,3,Anthony Russo,Chris Evans,170000000,714766572,544766572,4.205,Yes,136,7.6,5764,Yes,72.23,$100M+,130-149 min,"5,000+",No
86834,Noah,Noah (2014),2014-03-20,2014,2010s,Mar,3,English,Drama,2,Darren Aronofsky,Russell Crowe,125000000,362637473,237637473,2.901,Yes,139,5.6,2350,Yes,46.12,$100M+,130-149 min,"2,000-4,999",No
145220,Muppets Most Wanted,Muppets Most Wanted (2014),2014-03-20,2014,2010s,Mar,3,English,Comedy,4,James Bobin,Ricky Gervais,50000000,80383290,30383290,1.608,Yes,112,6.2,316,Yes,14.81,$40M-100M,110-129 min,50-499,No
252680,Moms' Night Out,Moms' Night Out (2014),2014-03-25,2014,2010s,Mar,3,English,Comedy,1,Jon Erwin,Sarah Drew,5000000,10429707,5429707,2.086,Yes,98,5.5,121,Yes,10.27,Under $10M,90-109 min,50-499,No
144336,Sabotage,Sabotage (2014),2014-03-28,2014,2010s,Mar,3,English,Action,4,David Ayer,Arnold Schwarzenegger,35000000,17508518,-17491482,0.5,Yes,110,5.5,555,Yes,27.9,$10M-40M,110-129 min,"500-1,999",No
250184,Locker 13,Locker 13 (2014),2014-03-29,2014,2010s,Mar,3,English,Horror,3,Jason Marsden,Ricky Schroder,,,,,No,90,6.8,3,No,1.91,Unknown,90-109 min,Under 50,No
260947,Something Wicked,Something Wicked (2014),2014-04-04,2014,2010s,Apr,4,English,Mystery,2,Darin Scott,Shantel VanSanten,3000000,,,,No,95,4.6,16,No,1.97,Under $10M,90-109 min,Under 50,No
326576,Dawn of the Crescent Moon,Dawn of the Crescent Moon (2014),2014-04-05,2014,2010s,Apr,4,English,Thriller,3,Kirk Loudon,Barry Corbin,,,,,No,95,2.0,1,No,0.05,Unknown,90-109 min,Under 50,No
200505,Draft Day,Draft Day (2014),2014-04-11,2014,2010s,Apr,4,English,Drama,1,Ivan Reitman,Kevin Costner,25000000,28831145,3831145,1.153,Yes,109,6.5,304,Yes,14.17,$10M-40M,90-109 min,50-499,No
157847,Joe,Joe (2014),2014-04-11,2014,2010s,Apr,4,English,Drama,1,David Gordon Green,Nicolas Cage,4000000,2365467,-1634533,0.591,Yes,118,6.5,338,Yes,22.99,Under $10M,110-129 min,50-499,No
198370,Mutual Friends,Mutual Friends (2014),2014-04-15,2014,2010s,Apr,4,English,No genre,0,Matthew Watts,Caitlin Fitzgerald,,,,,No,,,0,No,0.14,Unknown,Unknown,Under 50,No
102382,The Amazing Spider-Man 2,The Amazing Spider-Man 2 (2014),2014-04-16,2014,2010s,Apr,4,English,Action,3,Marc Webb,Andrew Garfield,200000000,705717432,505717432,3.529,Yes,142,6.5,4179,Yes,89.27,$100M+,130-149 min,"2,000-4,999",No
157353,Transcendence,Transcendence (2014),2014-04-16,2014,2010s,Apr,4,English,Thriller,4,Wally Pfister,Johnny Depp,100000000,103039258,3039258,1.03,Yes,119,5.9,2295,Yes,58.99,$100M+,110-129 min,"2,000-4,999",No
193610,The Other Woman,The Other Woman (2014),2014-04-16,2014,2010s,Apr,4,English,Comedy,2,Nick Cassavetes,Cameron Diaz,40000000,196781193,156781193,4.92,Yes,109,6.2,1437,Yes,34.52,$40M-100M,90-109 min,"500-1,999",No
236751,Heaven is for Real,Heaven is for Real (2014),2014-04-16,2014,2010s,Apr,4,English,Drama,1,Randall Wallace,Greg Kinnear,12000000,101332962,89332962,8.444,Yes,99,6.0,229,Yes,11.15,$10M-40M,90-109 min,50-499,No
248402,A Fine Step,A Fine Step (2014),2014-04-16,2014,2010s,Apr,4,English,Drama,1,Jonathan Meyers,Luke Perry,,,,,No,90,4.1,7,No,0.65,Unknown,90-109 min,Under 50,No
184345,A Haunted House 2,A Haunted House 2 (2014),2014-04-17,2014,2010s,Apr,4,English,Comedy,2,Michael Tiddes,Marlon Wayans,,,,,No,87,5.4,346,Yes,18.43,Unknown,Under 90 min,50-499,No
271185,Ask Me Anything,Ask Me Anything (2014),2014-04-19,2014,2010s,Apr,4,English,Drama,3,Allison Burnett,Britt Robertson,950000,,,,No,100,5.5,155,Yes,8.98,Under $10M,90-109 min,50-499,No
256687,Swelter,Swelter (2014),2014-04-20,2014,2010s,Apr,4,English,Action,3,Keith Parmer,Jean-Claude Van Damme,,,,,No,96,4.6,21,No,2.21,Unknown,90-109 min,Under 50,No
254473,Brick Mansions,Brick Mansions (2014),2014-04-22,2014,2010s,Apr,4,English,Action,3,Camille Delamarre,Paul Walker,28000000,68896829,40896829,2.461,Yes,90,5.7,615,Yes,25.52,$10M-40M,90-109 min,"500-1,999",No
188166,Blue Ruin,Blue Ruin (2014),2014-04-25,2014,2010s,Apr,4,English,Crime,2,Jeremy Saulnier,Macon Blair,,258384,,,No,90,6.9,462,Yes,25.35,Unknown,90-109 min,50-499,No
292539,Food Chains,Food Chains (2014),2014-04-26,2014,2010s,Apr,4,Other languages,Documentary,1,Sanjay Rawal,Unknown,913000,,,,No,83,7.4,8,No,0.8,Under $10M,Under 90 min,Under 50,No
208869,Plastic,Plastic (2014),2014-04-30,2014,2010s,Apr,4,English,Drama,4,Julian Gilbey,Ed Speleers,,,,,No,102,6.1,86,Yes,9.7,Unknown,90-109 min,50-499,No
250349,Barbecue,Barbecue (2014),2014-04-30,2014,2010s,Apr,4,Other languages,Comedy,1,Eric Lavaine,Lambert Wilson,6000000,14348529,8348529,2.391,Yes,98,5.8,214,Yes,5.12,Under $10M,90-109 min,50-499,No
227975,Futuro Beach,Futuro Beach (2014),2014-05-01,2014,2010s,May,5,Other languages,Drama,1,Karim Aïnouz,Wagner Moura,,,,,No,106,6.4,31,No,2.61,Unknown,90-109 min,Under 50,No
263503,Water & Power,Water & Power (2014),2014-05-02,2014,2010s,May,5,English,Crime,2,Richard Montoya,Enrique Murciano,,,,,No,,3.0,1,No,0.35,Unknown,Unknown,Under 50,No
294550,The Outrageous Sophie Tucker,The Outrageous Sophie Tucker (2014),2014-05-02,2014,2010s,May,5,English,No genre,0,William Gazecki,Unknown,,,,,No,96,,0,No,0.02,Unknown,90-109 min,Under 50,No
195589,Neighbors,Neighbors (2014),2014-05-08,2014,2010s,May,5,English,Comedy,1,Nicholas Stoller,Seth Rogen,18000000,268157400,250157400,14.898,Yes,96,6.2,2713,Yes,36.47,$10M-40M,90-109 min,"2,000-4,999",No
198185,Million Dollar Arm,Million Dollar Arm (2014),2014-05-09,2014,2010s,May,5,English,Drama,1,Craig Gillespie,Jon Hamm,25000000,38307627,13307627,1.532,Yes,124,6.6,259,Yes,17.31,$10M-40M,110-129 min,50-499,No
192132,Palo Alto,Palo Alto (2014),2014-05-09,2014,2010s,May,5,English,Drama,1,Gia Coppola,Emma Roberts,,,,,No,100,6.4,348,Yes,16.57,Unknown,90-109 min,50-499,No
215211,Grace of Monaco,Grace of Monaco (2014),2014-05-14,2014,2010s,May,5,English,Romance,2,Olivier Dahan,Nicole Kidman,30000000,,,,No,103,5.8,195,Yes,10.96,$10M-40M,90-109 min,50-499,No
127585,X-Men: Days of Future Past,X-Men: Days of Future Past (2014),2014-05-15,2014,2010s,May,5,English,Action,4,Bryan Singer,Hugh Jackman,250000000,747862775,497862775,2.991,Yes,131,7.5,6032,Yes,118.08,$100M+,130-149 min,"5,000+",No
253253,Animals,Animals (2014),2014-05-15,2014,2010s,May,5,English,Drama,1,Collin Schiffli,David Dastmalchian,,,,,No,90,6.2,9,No,1.58,Unknown,90-109 min,Under 50,No
222935,The Fault in Our Stars,The Fault in Our Stars (2014),2014-05-16,2014,2010s,May,5,English,Romance,2,Josh Boone,Shailene Woodley,12000000,307166834,295166834,25.597,Yes,125,7.6,3759,Yes,74.36,$10M-40M,110-129 min,"2,000-4,999",No
259943,Coming Home,Coming Home (2014),2014-05-16,2014,2010s,May,5,Other languages,Drama,1,Zhang Yimou,Gong Li,,,,,No,111,6.9,49,No,6.02,Unknown,110-129 min,Under 50,No
266034,The Blue Room,The Blue Room (2014),2014-05-16,2014,2010s,May,5,Other languages,Drama,3,Mathieu Amalric,Mathieu Amalric,,,,,No,75,6.2,32,No,2.49,Unknown,Under 90 min,Under 50,No
264656,The Homesman,The Homesman (2014),2014-05-18,2014,2010s,May,5,English,Western,2,Tommy Lee Jones,Hilary Swank,16000000,3442853,-12557147,0.215,Yes,122,6.4,258,Yes,20.59,$10M-40M,110-129 min,50-499,No
257932,Dragon Nest: Warriors' Dawn,Dragon Nest: Warriors' Dawn (2014),2014-05-20,2014,2010s,May,5,Other languages,Adventure,4,Yuefeng Song,Carrie-Anne Moss,40000000,,,,No,88,6.8,19,No,5.06,$40M-100M,Under 90 min,Under 50,No
232672,Blended,Blended (2014),2014-05-21,2014,2010s,May,5,English,Comedy,1,Frank Coraci,Drew Barrymore,40000000,123494610,83494610,3.087,Yes,117,6.6,1006,Yes,44.12,$40M-100M,110-129 min,"500-1,999",No
188161,A Million Ways to Die in the West,A Million Ways to Die in the West (2014),2014-05-22,2014,2010s,May,5,English,Comedy,2,Seth MacFarlane,Seth MacFarlane,,,,,No,116,5.8,1468,Yes,32.81,Unknown,110-129 min,"500-1,999",No
256092,Drive Hard,Drive Hard (2014),2014-05-26,2014,2010s,May,5,English,Action,3,Brian Trenchard-Smith,Thomas Jane,12000000,,,,No,96,3.9,74,Yes,3.94,$10M-40M,90-109 min,50-499,No
137113,Edge of Tomorrow,Edge of Tomorrow (2014),2014-05-27,2014,2010s,May,5,English,Action,2,Doug Liman,Tom Cruise,178000000,370541256,192541256,2.082,Yes,113,7.6,4858,Yes,79.46,$100M+,110-129 min,"2,000-4,999",No
102651,Maleficent,Maleficent (2014),2014-05-28,2014,2010s,May,5,English,Fantasy,5,Robert Stromberg,Angelina Jolie,180000000,758539785,578539785,4.214,Yes,97,7.0,4496,Yes,110.62,$100M+,90-109 min,"2,000-4,999",No
272724,Doc Holliday's Revenge,Doc Holliday's Revenge (2014),2014-06-01,2014,2010s,Jun,6,English,Western,1,David DeCoteau,Tom Berenger,1000000,,,,No,84,3.2,3,No,0.46,Under $10M,Under 90 min,Under 50,No
187017,22 Jump Street,22 Jump Street (2014),2014-06-05,2014,2010s,Jun,6,English,Crime,3,Phil Lord,Jonah Hill,50000000,188441614,138441614,3.769,Yes,112,7.0,3319,Yes,52.38,$40M-100M,110-129 min,"2,000-4,999",No
209451,Jersey Boys,Jersey Boys (2014),2014-06-05,2014,2010s,Jun,6,English,Music,2,Clint Eastwood,Christopher Walken,40000000,67347013,27347013,1.684,Yes,134,6.8,255,Yes,14.2,$40M-100M,130-149 min,50-499,No
85350,Boyhood,Boyhood (2014),2014-06-05,2014,2010s,Jun,6,English,Drama,1,Richard Linklater,Ellar Coltrane,4000000,44349000,40349000,11.087,Yes,164,7.5,1971,Yes,43.4,Under $10M,150+ min,"500-1,999",No
248774,Obvious Child,Obvious Child (2014),2014-06-06,2014,2010s,Jun,6,English,Comedy,2,Gillian Robespierre,Jenny Slate,,3123963,,,No,83,6.7,187,Yes,10.13,Unknown,Under 90 min,50-499,No
82702,How to Train Your Dragon 2,How to Train Your Dragon 2 (2014),2014-06-12,2014,2010s,Jun,6,English,Fantasy,6,Dean DeBlois,Jay Baruchel,145000000,609123048,464123048,4.201,Yes,102,7.6,3106,Yes,100.21,$100M+,90-109 min,"2,000-4,999",No
272726,Dude Where's My Dog?,Dude Where's My Dog? (2014),2014-06-12,2014,2010s,Jun,6,English,Family,1,Stephen Langford,Gabriela Castillo,,,,,No,,,0,No,0.28,Unknown,Unknown,Under 50,No
281730,Fugly,Fugly (2014),2014-06-13,2014,2010s,Jun,6,English,Comedy,3,Kabir Sadanand,Jimmy Shergill,,,,,No,134,5.3,2,No,0.37,Unknown,130-149 min,Under 50,No
238603,Earth to Echo,Earth to Echo (2014),2014-06-14,2014,2010s,Jun,6,English,Family,3,Dave Green,Teo Halm,13000000,45300000,32300000,3.485,Yes,89,5.7,290,Yes,17.37,$10M-40M,Under 90 min,50-499,No
433715,8 Days,8 Days (2014),2014-06-15,2014,2010s,Jun,6,English,Thriller,2,Jaco Booyens,Nicole Smolen,,,,,No,90,,0,No,0.02,Unknown,90-109 min,Under 50,No
268917,The Past Is a Grotesque Animal,The Past Is a Grotesque Animal (2014),2014-06-15,2014,2010s,Jun,6,English,Documentary,2,Jason Miller,Dottie Alexander,,,,,No,77,5.5,2,No,0.39,Unknown,Under 90 min,Under 50,No
271331,United Passions,United Passions (2014),2014-06-19,2014,2010s,Jun,6,English,Drama,1,Frédéric Auburtin,Tim Roth,27000000,,,,No,110,3.0,16,No,6.04,$10M-40M,110-129 min,Under 50,No
277519,Z Storm,Z Storm (2014),2014-06-19,2014,2010s,Jun,6,Other languages,Crime,2,David Lam,Louis Koo,,,,,No,92,5.8,5,No,0.54,Unknown,90-109 min,Under 50,No
184098,Think Like a Man Too,Think Like a Man Too (2014),2014-06-20,2014,2010s,Jun,6,English,Comedy,2,Tim Story,Adam Brody,24000000,70181428,46181428,2.924,Yes,105,6.4,225,Yes,15.24,$10M-40M,90-109 min,50-499,No
278316,Da Sweet Blood of Jesus,Da Sweet Blood of Jesus (2014),2014-06-22,2014,2010s,Jun,6,English,Thriller,3,Spike Lee,Felicia Pearson,,,,,No,123,4.1,13,No,4.48,Unknown,110-129 min,Under 50,No
274758,Give Me Shelter,Give Me Shelter (2014),2014-06-24,2014,2010s,Jun,6,English,Documentary,1,Kristin Rizzo,Katie Cleary,,,,,No,90,,0,No,0.28,Unknown,90-109 min,Under 50,No
91314,Transformers: Age of Extinction,Transformers: Age of Extinction (2014),2014-06-25,2014,2010s,Jun,6,English,Science Fiction,3,Michael Bay,Mark Wahlberg,210000000,1091405097,881405097,5.197,Yes,165,5.8,3095,Yes,116.84,$100M+,150+ min,"2,000-4,999",No
119450,Dawn of the Planet of the Apes,Dawn of the Planet of the Apes (2014),2014-06-26,2014,2010s,Jun,6,English,Science Fiction,4,Matt Reeves,Andy Serkis,170000000,710644566,540644566,4.18,Yes,130,7.3,4410,Yes,243.79,$100M+,130-149 min,"2,000-4,999",No
244534,Happy Christmas,Happy Christmas (2014),2014-06-26,2014,2010s,Jun,6,English,Comedy,2,Joe Swanberg,Anna Kendrick,,,,,No,82,5.2,58,Yes,7.05,Unknown,Under 90 min,50-499,No
180296,They Came Together,They Came Together (2014),2014-06-27,2014,2010s,Jun,6,English,Comedy,1,David Wain,Paul Rudd,,,,,No,84,5.3,171,Yes,12.04,Unknown,Under 90 min,50-499,No
184346,Deliver Us from Evil,Deliver Us from Evil (2014),2014-07-01,2014,2010s,Jul,7,English,Thriller,3,Scott Derrickson,Eric Bana,30000000,,,,No,118,5.9,690,Yes,29.36,$10M-40M,110-129 min,"500-1,999",No
226486,Tammy,Tammy (2014),2014-07-02,2014,2010s,Jul,7,English,Comedy,1,Ben Falcone,Melissa McCarthy,20000000,100525432,80525432,5.026,Yes,97,5.0,500,Yes,21.66,$10M-40M,90-109 min,"500-1,999",No
266102,Desert Dancer,Desert Dancer (2014),2014-07-03,2014,2010s,Jul,7,English,Drama,1,Richard Raymond,Freida Pinto,,,,,No,98,6.5,18,No,1.97,Unknown,90-109 min,Under 50,No
280871,Ramanujan,Ramanujan (2014),2014-07-11,2014,2010s,Jul,7,Other languages,Drama,2,Gnana Rajasekaran,Abhinay Vaddi,,,,,No,170,5.0,3,No,0.42,Unknown,150+ min,Under 50,No
408429,Perfect Cowboy,Perfect Cowboy (2014),2014-07-13,2014,2010s,Jul,7,English,Drama,1,Ken Roht,Ken Roht,,,,,No,109,5.0,1,No,0.05,Unknown,90-109 min,Under 50,No
240832,Lucy,Lucy (2014),2014-07-14,2014,2010s,Jul,7,English,Action,2,Luc Besson,Scarlett Johansson,40000000,126546825,86546825,3.164,Yes,89,6.3,5878,Yes,115.24,$40M-100M,Under 90 min,"5,000+",No
225886,Sex Tape,Sex Tape (2014),2014-07-17,2014,2010s,Jul,7,English,Comedy,1,Jake Kasdan,Cameron Diaz,40000000,126069509,86069509,3.152,Yes,97,5.3,1695,Yes,72.64,$40M-100M,90-109 min,"500-1,999",No
238636,The Purge: Anarchy,The Purge: Anarchy (2014),2014-07-17,2014,2010s,Jul,7,English,Horror,2,James DeMonaco,Frank Grillo,9000000,108782847,99782847,12.087,Yes,104,6.6,1954,Yes,82.98,Under $10M,90-109 min,"500-1,999",No
244267,I Origins,I Origins (2014),2014-07-18,2014,2010s,Jul,7,English,Science Fiction,2,Mike Cahill,Michael Pitt,,336472,,,No,106,7.5,1063,Yes,37.56,Unknown,90-109 min,"500-1,999",No
282128,An American in Hollywood,An American in Hollywood (2014),2014-07-18,2014,2010s,Jul,7,English,No genre,0,Sai Varadan,J.D. Williams,,,,,No,89,,0,No,0.02,Unknown,Under 90 min,Under 50,No
253235,And So It Goes,And So It Goes (2014),2014-07-20,2014,2010s,Jul,7,English,Comedy,3,Rob Reiner,Michael Douglas,18000000,25312387,7312387,1.406,Yes,94,5.7,164,Yes,9.63,$10M-40M,90-109 min,50-499,No
294512,Alpha and Omega: The Legend of the Saw Tooth Cave,Alpha and Omega: The Legend of the Saw Tooth Cave (2014),2014-07-21,2014,2010s,Jul,7,English,Family,4,Richard Rich,Dee Dee Greene,,,,,No,53,6.5,4,No,1.87,Unknown,Under 90 min,Under 50,No
184315,Hercules,Hercules (2014),2014-07-23,2014,2010s,Jul,7,English,Action,2,Brett Ratner,Dwayne Johnson,100000000,243400000,143400000,2.434,Yes,99,5.6,1680,Yes,76.84,$100M+,90-109 min,"500-1,999",No
157849,A Most Wanted Man,A Most Wanted Man (2014),2014-07-25,2014,2010s,Jul,7,English,Thriller,1,Anton Corbijn,Philip Seymour Hoffman,15000000,31554855,16554855,2.104,Yes,121,6.5,541,Yes,26.71,$10M-40M,110-129 min,"500-1,999",No
294086,Tiger Orange,Tiger Orange (2014),2014-07-26,2014,2010s,Jul,7,English,Drama,1,Wade Gasque,Mark Strano,,,,,No,75,6.4,4,No,0.18,Unknown,Under 90 min,Under 50,No
118340,Guardians of the Galaxy,Guardians of the Galaxy (2014),2014-07-30,2014,2010s,Jul,7,English,Action,3,James Gunn,Chris Pratt,170000000,773328629,603328629,4.549,Yes,121,7.9,9742,Yes,481.1,$100M+,110-129 min,"5,000+",No
239566,Get on Up,Get on Up (2014),2014-08-01,2014,2010s,Aug,8,English,Drama,2,Tate Taylor,Chadwick Boseman,,31911598,,,No,139,6.4,158,Yes,13.06,Unknown,130-149 min,50-499,No
138103,The Expendables 3,The Expendables 3 (2014),2014-08-04,2014,2010s,Aug,8,English,Action,3,Patrick Hughes,Sylvester Stallone,90000000,206172544,116172544,2.291,Yes,127,6.1,1795,Yes,61.03,$40M-100M,110-129 min,"500-1,999",No
283384,The Calling,The Calling (2014),2014-08-05,2014,2010s,Aug,8,English,Thriller,1,Jason Stone,Susan Sarandon,,,,,No,108,5.6,88,Yes,5.76,Unknown,90-109 min,50-499,No
216282,Into the Storm,Into the Storm (2014),2014-08-06,2014,2010s,Aug,8,English,Action,2,Steven Quale,Richard Armitage,50000000,160602194,110602194,3.212,Yes,89,5.8,817,Yes,20.57,$40M-100M,Under 90 min,"500-1,999",No
228194,The Hundred-Foot Journey,The Hundred-Foot Journey (2014),2014-08-06,2014,2010s,Aug,8,English,Drama,1,Lasse Hallström,Helen Mirren,22000000,88880821,66880821,4.04,Yes,122,7.3,508,Yes,27.9,$10M-40M,110-129 min,"500-1,999",No
98566,Teenage Mutant Ninja Turtles,Teenage Mutant Ninja Turtles (2014),2014-08-07,2014,2010s,Aug,8,English,Science Fiction,5,Jonathan Liebesman,Megan Fox,125000000,477200000,352200000,3.818,Yes,101,5.8,2636,Yes,143.35,$100M+,90-109 min,"2,000-4,999",No
283671,Jungle Shuffle,Jungle Shuffle (2014),2014-08-07,2014,2010s,Aug,8,English,Family,3,Taedong Park,Drake Bell,,,,,No,85,6.5,1,No,1.41,Unknown,Under 90 min,Under 50,No
278348,The Maid's Room,The Maid's Room (2014),2014-08-08,2014,2010s,Aug,8,English,Thriller,1,Michael Walker,Paula Garcés,,,,,No,98,4.8,4,No,1.5,Unknown,90-109 min,Under 50,No
227156,The Giver,The Giver (2014),2014-08-11,2014,2010s,Aug,8,English,Drama,2,Phillip Noyce,Jeff Bridges,25000000,66980456,41980456,2.679,Yes,94,6.4,1798,Yes,53.81,$10M-40M,90-109 min,"500-1,999",No
193893,Let's Be Cops,Let's Be Cops (2014),2014-08-13,2014,2010s,Aug,8,English,Comedy,1,Luke Greenfield,Jake Johnson,17000000,136621271,119621271,8.037,Yes,104,6.4,1219,Yes,70.67,$10M-40M,90-109 min,"500-1,999",No
256274,"As Above, So Below","As Above, So Below (2014)",2014-08-14,2014,2010s,Aug,8,English,Horror,2,John Erick Dowdle,Perdita Weeks,5000000,40100000,35100000,8.02,Yes,93,6.1,766,Yes,26.51,Under $10M,90-109 min,"500-1,999",No
292481,Henry & Me,Henry & Me (2014),2014-08-18,2014,2010s,Aug,8,English,Family,2,Barrett Esposito,Richard Gere,5000000,,,,No,67,3.0,3,No,1.0,Under $10M,Under 90 min,Under 50,No
189,Sin City: A Dame to Kill For,Sin City: A Dame to Kill For (2014),2014-08-20,2014,2010s,Aug,8,English,Crime,2,Robert Rodriguez,Mickey Rourke,65000000,39407616,-25592384,0.606,Yes,102,6.3,1286,Yes,85.43,$40M-100M,90-109 min,"500-1,999",No
288980,Freedom,Freedom (2014),2014-08-21,2014,2010s,Aug,8,English,Drama,1,Peter Cousens,Cuba Gooding Jr.,14500000,,,,No,98,5.8,9,No,4.39,$10M-40M,90-109 min,Under 50,No
249164,If I Stay,If I Stay (2014),2014-08-21,2014,2010s,Aug,8,English,Drama,1,R.J. Cutler,Chloë Grace Moretz,11000000,78874843,67874843,7.17,Yes,106,7.3,1368,Yes,31.16,$10M-40M,90-109 min,"500-1,999",No
241254,The Prince,The Prince (2014),2014-08-22,2014,2010s,Aug,8,English,Thriller,2,Brian A Miller,Bruce Willis,18000000,266586800,248586800,14.81,Yes,93,4.6,218,Yes,21.64,$10M-40M,90-109 min,50-499,No
232679,When the Game Stands Tall,When the Game Stands Tall (2014),2014-08-22,2014,2010s,Aug,8,English,Drama,1,Thomas Carter,Jim Caviezel,15000000,30127963,15127963,2.009,Yes,115,6.3,130,Yes,7.3,$10M-40M,110-129 min,50-499,No
295914,Queen of the Mountains,Queen of the Mountains (2014),2014-08-22,2014,2010s,Aug,8,Other languages,Drama,2,Sadyk Sher-Niyaz,Elina Abai Kyzy,,,,,No,135,,0,No,0.08,Unknown,130-149 min,Under 50,No
194662,Birdman,Birdman (2014),2014-08-27,2014,2010s,Aug,8,English,Drama,2,Alejandro González Iñárritu,Michael Keaton,18000000,103215094,85215094,5.734,Yes,119,7.4,4535,Yes,89.81,$10M-40M,110-129 min,"2,000-4,999",No
254904,The November Man,The November Man (2014),2014-08-27,2014,2010s,Aug,8,English,Crime,3,Roger Donaldson,Pierce Brosnan,15000000,32556119,17556119,2.17,Yes,108,6.0,639,Yes,45.32,$10M-40M,90-109 min,"500-1,999",No
283686,Out of the Dark,Out of the Dark (2014),2014-08-27,2014,2010s,Aug,8,English,Thriller,2,Lluís Quílez,Julia Stiles,,,,,No,92,4.6,55,Yes,3.22,Unknown,90-109 min,50-499,No
290555,Wolves,Wolves (2014),2014-08-28,2014,2010s,Aug,8,English,Horror,2,David Hayter,Jason Momoa,18000000,,,,No,90,5.7,82,Yes,7.92,$10M-40M,90-109 min,50-499,No
289180,H.,H. (2014),2014-08-28,2014,2010s,Aug,8,English,Thriller,3,Rania Attieh,Robin Bartlett,,,,,No,93,6.5,4,No,1.05,Unknown,90-109 min,Under 50,No
283708,Far from Men,Far from Men (2014),2014-08-30,2014,2010s,Aug,8,Other languages,Drama,2,David Oelhoffen,Viggo Mortensen,7700000,,,,No,110,6.6,43,No,3.36,Under $10M,110-129 min,Under 50,No
204922,Before I Go to Sleep,Before I Go to Sleep (2014),2014-09-03,2014,2010s,Sep,9,English,Mystery,2,Rowan Joffe,Nicole Kidman,22000000,15447154,-6552846,0.702,Yes,92,6.2,659,Yes,48.78,$10M-40M,90-109 min,"500-1,999",No
253306,Housebound,Housebound (2014),2014-09-04,2014,2010s,Sep,9,English,Horror,3,Gerard Johnstone,Morgana O'Reilly,,,,,No,109,6.5,358,Yes,10.32,Unknown,90-109 min,50-499,No
171424,The Green Inferno,The Green Inferno (2014),2014-09-04,2014,2010s,Sep,9,English,Action,4,Eli Roth,Lorenza Izzo,5000000,6833445,1833445,1.367,Yes,100,5.0,349,Yes,17.85,Under $10M,90-109 min,50-499,No
270938,Falcon Rising,Falcon Rising (2014),2014-09-05,2014,2010s,Sep,9,English,Adventure,2,Ernie Barbarash,Michael Jai White,,,,,No,103,5.5,71,Yes,6.99,Unknown,90-109 min,50-499,No
287625,Stories of Our Lives,Stories of Our Lives (2014),2014-09-05,2014,2010s,Sep,9,English,Drama,1,Jim Chuchu,Louis Brooke,,,,,No,60,,0,No,0.33,Unknown,Under 90 min,Under 50,No
254024,The Face of an Angel,The Face of an Angel (2014),2014-09-06,2014,2010s,Sep,9,English,Thriller,2,Michael Winterbottom,Kate Beckinsale,,,,,No,100,4.7,64,Yes,7.34,Unknown,90-109 min,50-499,No
253331,Black or White,Black or White (2014),2014-09-06,2014,2010s,Sep,9,English,Drama,1,Mike Binder,Kevin Costner,9000000,21571189,12571189,2.397,Yes,121,6.5,115,Yes,12.17,Under $10M,110-129 min,50-499,No
230266,Miss Julie,Miss Julie (2014),2014-09-07,2014,2010s,Sep,9,English,Drama,1,Liv Ullmann,Jessica Chastain,5500000,5000000,-500000,0.909,Yes,120,5.9,45,No,5.03,Under $10M,110-129 min,Under 50,No
269057,Bang Bang Baby,Bang Bang Baby (2014),2014-09-08,2014,2010s,Sep,9,English,Science Fiction,3,Jeffrey St. Jules,Jane Levy,1000000,,,,No,90,6.6,8,No,0.97,Under $10M,90-109 min,Under 50,No
170687,The Boxtrolls,The Boxtrolls (2014),2014-09-10,2014,2010s,Sep,9,English,Animation,4,Anthony Stacchi,Ben Kingsley,60000000,108255770,48255770,1.804,Yes,97,6.6,668,Yes,30.66,$40M-100M,90-109 min,"500-1,999",No
198663,The Maze Runner,The Maze Runner (2014),2014-09-10,2014,2010s,Sep,9,English,Action,4,Wes Ball,Dylan O'Brien,34000000,348319861,314319861,10.245,Yes,113,7.0,5371,Yes,131.82,$10M-40M,110-129 min,"5,000+",No
239678,This Is Where I Leave You,This Is Where I Leave You (2014),2014-09-10,2014,2010s,Sep,9,English,Drama,2,Shawn Levy,Jason Bateman,19800000,41296320,21496320,2.086,Yes,103,6.5,505,Yes,20.31,$10M-40M,90-109 min,"500-1,999",No
136835,No Good Deed,No Good Deed (2014),2014-09-10,2014,2010s,Sep,9,English,Crime,2,Sam Miller,Idris Elba,13200000,53830415,40630415,4.078,Yes,83,5.6,181,Yes,24.66,$10M-40M,Under 90 min,50-499,No
241771,Beyond the Lights,Beyond the Lights (2014),2014-09-10,2014,2010s,Sep,9,English,Romance,2,Gina Prince-Bythewood,Gugu Mbatha-Raw,7000000,14618727,7618727,2.088,Yes,116,7.0,139,Yes,8.08,Under $10M,110-129 min,50-499,No
250066,American Heist,American Heist (2014),2014-09-11,2014,2010s,Sep,9,English,Action,1,Sarik Andreasyan,Hayden Christensen,10000000,,,,No,94,4.3,158,Yes,11.43,$10M-40M,90-109 min,50-499,No
297100,The Little Ponderosa Zoo,The Little Ponderosa Zoo (2014),2014-09-11,2014,2010s,Sep,9,English,No genre,0,Unknown,Unknown,500000,,,,No,84,2.0,1,No,0.07,Under $10M,Under 90 min,Under 50,No
227735,Dolphin Tale 2,Dolphin Tale 2 (2014),2014-09-12,2014,2010s,Sep,9,English,Family,2,Charles Martin Smith,Morgan Freeman,36000000,52424533,16424533,1.456,Yes,107,6.7,96,Yes,6.97,$10M-40M,90-109 min,50-499,No
199933,Atlas Shrugged Part III: Who is John Galt?,Atlas Shrugged Part III: Who is John Galt? (2014),2014-09-12,2014,2010s,Sep,9,English,Drama,3,James Manera,Eric Allan Kramer,5000000,846704,-4153296,0.169,Yes,99,3.9,15,No,1.73,Under $10M,90-109 min,Under 50,No
288927,Archaeology of a Woman,Archaeology of a Woman (2014),2014-09-12,2014,2010s,Sep,9,English,Drama,1,Sharon Greytak,Sally Kirkland,,,,,No,94,,0,No,0.25,Unknown,90-109 min,Under 50,No
169917,A Walk Among the Tombstones,A Walk Among the Tombstones (2014),2014-09-18,2014,2010s,Sep,9,English,Crime,4,Scott Frank,Liam Neeson,28000000,53181600,25181600,1.899,Yes,113,6.2,1131,Yes,61.31,$10M-40M,110-129 min,"500-1,999",No
246403,Tusk,Tusk (2014),2014-09-19,2014,2010s,Sep,9,English,Comedy,2,Kevin Smith,Michael Parks,2800000,1826705,-973295,0.652,Yes,102,5.1,366,Yes,15.75,Under $10M,90-109 min,50-499,No
292483,Not Cool,Not Cool (2014),2014-09-23,2014,2010s,Sep,9,English,Comedy,1,Shane Dawson,Shane Dawson,,,,,No,90,3.7,25,No,1.19,Unknown,90-109 min,Under 50,No
156022,The Equalizer,The Equalizer (2014),2014-09-24,2014,2010s,Sep,9,English,Thriller,3,Antoine Fuqua,Denzel Washington,55000000,192330738,137330738,3.497,Yes,132,7.1,2954,Yes,79.92,$40M-100M,130-149 min,"2,000-4,999",No
290370,Mutant World,Mutant World (2014),2014-09-27,2014,2010s,Sep,9,English,Science Fiction,1,David Winning,Kim Coates,,1500000,,,No,85,2.6,9,No,1.89,Unknown,Under 90 min,Under 50,No
49017,Dracula Untold,Dracula Untold (2014),2014-10-01,2014,2010s,Oct,10,English,Horror,5,Gary Shore,Luke Evans,70000000,215529201,145529201,3.079,Yes,92,6.2,2389,Yes,64.46,$40M-100M,90-109 min,"2,000-4,999",No
210577,Gone Girl,Gone Girl (2014),2014-10-01,2014,2010s,Oct,10,English,Mystery,3,David Fincher,Ben Affleck,61000000,369330363,308330363,6.055,Yes,145,7.9,5862,Yes,143.04,$40M-100M,130-149 min,"5,000+",No
228326,The Book of Life,The Book of Life (2014),2014-10-01,2014,2010s,Oct,10,English,Romance,6,Jorge R. Gutierrez,Diego Luna,50000000,97437106,47437106,1.949,Yes,95,7.3,755,Yes,34.89,$40M-100M,90-109 min,"500-1,999",No
250546,Annabelle,Annabelle (2014),2014-10-02,2014,2010s,Oct,10,English,Horror,1,John R. Leonetti,Annabelle Wallis,6500000,255273813,248773813,39.273,Yes,99,5.6,1517,Yes,60.23,Under $10M,90-109 min,"500-1,999",No
218043,Left Behind,Left Behind (2014),2014-10-03,2014,2010s,Oct,10,English,Thriller,3,Vic Armstrong,Nicolas Cage,16000000,19682924,3682924,1.23,Yes,110,3.7,392,Yes,33.45,$10M-40M,110-129 min,50-499,No
258755,Hidden Away,Hidden Away (2014),2014-10-03,2014,2010s,Oct,10,Other languages,Romance,2,Mikel Rueda,Germán Alcarazu,,,,,No,96,7.6,26,No,1.23,Unknown,90-109 min,Under 50,No
205587,The Judge,The Judge (2014),2014-10-08,2014,2010s,Oct,10,English,Drama,1,David Dobkin,Robert Duvall,50000000,83719388,33719388,1.674,Yes,141,7.2,1417,Yes,42.47,$40M-100M,130-149 min,"500-1,999",No
218778,"Alexander and the Terrible, Horrible, No Good, Very Bad Day","Alexander and the Terrible, Horrible, No Good, Very Bad Day (2014)",2014-10-08,2014,2010s,Oct,10,English,Family,2,Miguel Arteta,Steve Carell,28000000,100654149,72654149,3.595,Yes,81,6.1,493,Yes,22.15,$10M-40M,Under 90 min,50-499,No
262543,Automata,Automata (2014),2014-10-09,2014,2010s,Oct,10,English,Thriller,2,Gabe Ibáñez,Antonio Banderas,7000000,,,,No,110,5.6,670,Yes,49.81,Under $10M,110-129 min,"500-1,999",No
239563,St. Vincent,St. Vincent (2014),2014-10-09,2014,2010s,Oct,10,English,Comedy,1,Theodore Melfi,Bill Murray,13000000,54837234,41837234,4.218,Yes,102,7.1,763,Yes,43.79,$10M-40M,90-109 min,"500-1,999",No
206563,Trash,Trash (2014),2014-10-09,2014,2010s,Oct,10,Other languages,Adventure,4,Stephen Daldry,Rickson Tevez,,,,,No,112,7.1,242,Yes,14.64,Unknown,110-129 min,50-499,No
245916,Kill the Messenger,Kill the Messenger (2014),2014-10-09,2014,2010s,Oct,10,English,Thriller,4,Michael Cuesta,Jeremy Renner,5000000,2450846,-2549154,0.49,Yes,112,6.6,355,Yes,21.34,Under $10M,110-129 min,50-499,No
235271,Addicted,Addicted (2014),2014-10-10,2014,2010s,Oct,10,English,Drama,2,Bille Woodruff,Boris Kodjoe,,,,,No,105,5.4,63,Yes,7.54,Unknown,90-109 min,50-499,No
244786,Whiplash,Whiplash (2014),2014-10-10,2014,2010s,Oct,10,English,Drama,1,Damien Chazelle,Miles Teller,3300000,13092000,9792000,3.967,Yes,105,8.3,4254,Yes,192.53,Under $10M,90-109 min,"2,000-4,999",No
255343,Escobar: Paradise Lost,Escobar: Paradise Lost (2014),2014-10-11,2014,2010s,Oct,10,English,Thriller,2,Andrea Di Stefano,Benicio del Toro,17000000,3758328,-13241672,0.221,Yes,120,6.1,271,Yes,25.11,$10M-40M,110-129 min,50-499,No
228150,Fury,Fury (2014),2014-10-15,2014,2010s,Oct,10,English,War,3,David Ayer,Brad Pitt,68000000,211817906,143817906,3.115,Yes,135,7.4,3946,Yes,139.58,$40M-100M,130-149 min,"2,000-4,999",No
239571,The Best of Me,The Best of Me (2014),2014-10-16,2014,2010s,Oct,10,English,Drama,2,Michael Hoffman,Michelle Monaghan,26000000,35926213,9926213,1.382,Yes,117,7.2,765,Yes,33.94,$10M-40M,110-129 min,"500-1,999",No
312791,GirlHouse,GirlHouse (2014),2014-10-16,2014,2010s,Oct,10,English,Horror,2,Jon Knautz,Ali Cobrin,3150000,,,,No,100,5.2,97,Yes,8.04,Under $10M,90-109 min,50-499,No
244403,Rudderless,Rudderless (2014),2014-10-17,2014,2010s,Oct,10,English,Music,3,William H. Macy,Billy Crudup,5000000,,,,No,105,7.4,105,Yes,10.62,Under $10M,90-109 min,50-499,No
362765,The Sound and the Shadow,The Sound and the Shadow (2014),2014-10-19,2014,2010s,Oct,10,English,Thriller,3,Justin Paul Miller,Joseph E. Murray,,,,,No,90,,0,No,0.07,Unknown,90-109 min,Under 50,No
402515,American Beast,American Beast (2014),2014-10-21,2014,2010s,Oct,10,Other languages,Horror,1,Livingston Oden,Armin Habibovich,,,,,No,89,,0,No,0.02,Unknown,Under 90 min,Under 50,No
242582,Nightcrawler,Nightcrawler (2014),2014-10-23,2014,2010s,Oct,10,English,Crime,3,Dan Gilroy,Jake Gyllenhaal,8500000,38697217,30197217,4.553,Yes,117,7.6,3395,Yes,89.1,Under $10M,110-129 min,"2,000-4,999",No
177572,Big Hero 6,Big Hero 6 (2014),2014-10-24,2014,2010s,Oct,10,English,Adventure,5,Chris Williams,Scott Adsit,165000000,652105443,487105443,3.952,Yes,102,7.8,6135,Yes,203.73,$100M+,90-109 min,"5,000+",No
242512,Ouija,Ouija (2014),2014-10-24,2014,2010s,Oct,10,English,Horror,1,Stiles White,Olivia Cooke,5000000,103590271,98590271,20.718,Yes,89,4.9,983,Yes,56.3,Under $10M,Under 90 min,"500-1,999",No
290864,Kung Fu Jungle,Kung Fu Jungle (2014),2014-10-31,2014,2010s,Oct,10,Other languages,Crime,3,Teddy Chan,Donnie Yen,25000000,,,,No,100,6.5,114,Yes,6.9,$10M-40M,90-109 min,50-499,No
245700,Mr. Turner,Mr. Turner (2014),2014-10-31,2014,2010s,Oct,10,English,History,2,Mike Leigh,Timothy Spall,,5405500,,,No,150,6.3,204,Yes,9.24,Unknown,150+ min,50-499,No
287524,Fear Clinic,Fear Clinic (2014),2014-10-31,2014,2010s,Oct,10,English,Horror,1,Robert Hall,Thomas Dekker,,,,,No,95,4.0,42,No,1.86,Unknown,90-109 min,Under 50,No
296943,The Hadza:  Last of the First,The Hadza:  Last of the First (2014),2014-10-31,2014,2010s,Oct,10,English,Documentary,1,Bill Benenson,Unknown,,,,,No,70,,0,No,0.05,Unknown,Under 90 min,Under 50,No
206296,The Last Five Years,The Last Five Years (2014),2014-11-03,2014,2010s,Nov,11,English,Comedy,4,Richard LaGravenese,Anna Kendrick,,,,,No,94,5.5,143,Yes,5.56,Unknown,90-109 min,50-499,No
157336,Interstellar,Interstellar (2014),2014-11-05,2014,2010s,Nov,11,English,Adventure,3,Christopher Nolan,Matthew McConaughey,165000000,675120017,510120017,4.092,Yes,169,8.1,10867,Yes,724.25,$100M+,150+ min,"5,000+",No
222649,Rosewater,Rosewater (2014),2014-11-07,2014,2010s,Nov,11,English,Drama,1,Jon Stewart,Gael García Bernal,,,,,No,103,6.5,98,Yes,5.76,Unknown,90-109 min,50-499,No
327833,Skin Trade,Skin Trade (2014),2014-11-07,2014,2010s,Nov,11,English,Thriller,3,Ekachai Uekrongtham,Dolph Lundgren,9000000,,,,No,96,5.6,61,Yes,6.68,Under $10M,90-109 min,50-499,No
301748,The Opposite Sex,The Opposite Sex (2014),2014-11-08,2014,2010s,Nov,11,English,Comedy,1,Jonathan Silverman,Mena Suvari,3300000,45000,-3255000,0.014,Yes,96,4.1,9,No,2.96,Under $10M,90-109 min,Under 50,No
100042,Dumb and Dumber To,Dumb and Dumber To (2014),2014-11-12,2014,2010s,Nov,11,English,Comedy,1,Bobby Farrelly,Jim Carrey,40000000,169837010,129837010,4.246,Yes,110,5.4,1127,Yes,67.77,$40M-100M,110-129 min,"500-1,999",No
205596,The Imitation Game,The Imitation Game (2014),2014-11-14,2014,2010s,Nov,11,English,History,4,Morten Tyldum,Benedict Cumberbatch,14000000,233555708,219555708,16.683,Yes,113,8.0,5723,Yes,145.36,$10M-40M,110-129 min,"5,000+",No
297621,There's Always Woodstock,There's Always Woodstock (2014),2014-11-14,2014,2010s,Nov,11,English,Romance,3,Rita Merson,Allison Miller,,,,,No,90,5.4,12,No,2.03,Unknown,90-109 min,Under 50,No
331745,Top Spin,Top Spin (2014),2014-11-15,2014,2010s,Nov,11,English,Documentary,1,Sara Newens,Unknown,,,,,No,80,6.8,6,No,0.52,Unknown,Under 90 min,Under 50,No
131631,The Hunger Games: Mockingjay - Part 1,The Hunger Games: Mockingjay - Part 1 (2014),2014-11-18,2014,2010s,Nov,11,English,Science Fiction,3,Francis Lawrence,Jennifer Lawrence,125000000,752100229,627100229,6.017,Yes,123,6.6,5584,Yes,206.23,$100M+,110-129 min,"5,000+",No
328307,Rise of the Entrepreneur: The Search for a Better Way,Rise of the Entrepreneur: The Search for a Better Way (2014),2014-11-20,2014,2010s,Nov,11,English,No genre,0,Unknown,Unknown,,,,,No,,8.0,1,No,0.05,Unknown,Unknown,Under 50,No
270946,Penguins of Madagascar,Penguins of Madagascar (2014),2014-11-22,2014,2010s,Nov,11,English,Family,4,Eric Darnell,Tom McGrath,132000000,373552094,241552094,2.83,Yes,92,6.5,1346,Yes,84.37,$100M+,90-109 min,"500-1,999",No
227159,Horrible Bosses 2,Horrible Bosses 2 (2014),2014-11-26,2014,2010s,Nov,11,English,Comedy,1,Sean Anders,Jason Bateman,42000000,107670357,65670357,2.564,Yes,108,6.1,1536,Yes,82.19,$40M-100M,90-109 min,"500-1,999",No
266856,The Theory of Everything,The Theory of Everything (2014),2014-11-26,2014,2010s,Nov,11,English,Drama,2,James Marsh,Eddie Redmayne,15000000,123726688,108726688,8.248,Yes,123,7.8,3311,Yes,61.18,$10M-40M,110-129 min,"2,000-4,999",No
116149,Paddington,Paddington (2014),2014-11-27,2014,2010s,Nov,11,English,Family,2,Paul King,Nicole Kidman,55000000,259207227,204207227,4.713,Yes,95,7.0,883,Yes,39.88,$40M-100M,90-109 min,"500-1,999",No
378237,Amidst the Devil's Wings,Amidst the Devil's Wings (2014),2014-12-01,2014,2010s,Dec,12,English,Drama,3,Unknown,Unknown,300000,,,,No,90,,0,No,0.02,Under $10M,90-109 min,Under 50,No
147441,Exodus: Gods and Kings,Exodus: Gods and Kings (2014),2014-12-03,2014,2010s,Dec,12,English,Adventure,3,Ridley Scott,Christian Bale,140000000,268031828,128031828,1.915,Yes,150,5.6,1921,Yes,101.6,$100M+,150+ min,"500-1,999",No
297596,Dying of the Light,Dying of the Light (2014),2014-12-04,2014,2010s,Dec,12,English,Thriller,2,Paul Schrader,Nicolas Cage,15000000,,,,No,94,4.5,118,Yes,10.48,$10M-40M,90-109 min,50-499,No
228970,Wild,Wild (2014),2014-12-05,2014,2010s,Dec,12,English,Drama,1,Jean-Marc Vallée,Reese Witherspoon,15000000,52501541,37501541,3.5,Yes,115,7.0,951,Yes,42.95,$10M-40M,110-129 min,"500-1,999",No
284293,Still Alice,Still Alice (2014),2014-12-05,2014,2010s,Dec,12,English,Drama,1,Richard Glatzer,Julianne Moore,5000000,43884652,38884652,8.777,Yes,99,7.5,1104,Yes,35.31,Under $10M,90-109 min,"500-1,999",No
122917,The Hobbit: The Battle of the Five Armies,The Hobbit: The Battle of the Five Armies (2014),2014-12-10,2014,2010s,Dec,12,English,Action,3,Peter Jackson,Martin Freeman,250000000,956019788,706019788,3.824,Yes,144,7.1,4760,Yes,120.97,$100M+,130-149 min,"2,000-4,999",No
190859,American Sniper,American Sniper (2014),2014-12-11,2014,2010s,Dec,12,English,War,2,Clint Eastwood,Bradley Cooper,58800000,542307423,483507423,9.223,Yes,133,7.4,4469,Yes,87.53,$40M-100M,130-149 min,"2,000-4,999",No
68737,Seventh Son,Seventh Son (2014),2014-12-12,2014,2010s,Dec,12,English,Adventure,2,Sergei Bodrov,Jeff Bridges,95000000,114178613,19178613,1.202,Yes,102,5.2,957,Yes,63.63,$40M-100M,90-109 min,"500-1,999",No
284296,Top Five,Top Five (2014),2014-12-12,2014,2010s,Dec,12,English,Drama,2,Chris Rock,Chris Rock,,25434291,,,No,102,6.3,210,Yes,15.9,Unknown,90-109 min,50-499,No
260346,Taken 3,Taken 3 (2014),2014-12-16,2014,2010s,Dec,12,English,Thriller,2,Olivier Megaton,Liam Neeson,48000000,325771424,277771424,6.787,Yes,109,6.1,2200,Yes,88.84,$40M-100M,90-109 min,"2,000-4,999",No
181533,Night at the Museum: Secret of the Tomb,Night at the Museum: Secret of the Tomb (2014),2014-12-17,2014,2010s,Dec,12,English,Adventure,4,Shawn Levy,Ben Stiller,127000000,349424282,222424282,2.751,Yes,97,6.1,1851,Yes,115.6,$100M+,90-109 min,"500-1,999",No
304410,The Bélier Family,The Bélier Family (2014),2014-12-17,2014,2010s,Dec,12,Other languages,Comedy,3,Eric Lartigau,Louane Emera,11000000,,,,No,105,7.0,766,Yes,25.3,$10M-40M,90-109 min,"500-1,999",No
196867,Annie,Annie (2014),2014-12-19,2014,2010s,Dec,12,English,Comedy,3,Will Gluck,Quvenzhané Wallis,65000000,133821816,68821816,2.059,Yes,119,6.0,466,Yes,33.44,$40M-100M,110-129 min,50-499,No
300706,Let's Kill Ward's Wife,Let's Kill Ward's Wife (2014),2014-12-23,2014,2010s,Dec,12,English,Comedy,1,Scott Foley,Patrick Wilson,5000000,,,,No,81,5.5,76,Yes,8.5,Under $10M,Under 90 min,50-499,No
87093,Big Eyes,Big Eyes (2014),2014-12-24,2014,2010s,Dec,12,English,Drama,1,Tim Burton,Amy Adams,10000000,28883511,18883511,2.888,Yes,105,6.8,1196,Yes,28.57,$10M-40M,90-109 min,"500-1,999",No
227306,Unbroken,Unbroken (2014),2014-12-25,2014,2010s,Dec,12,English,Drama,2,Angelina Jolie,Jack O'Connell,65000000,163442937,98442937,2.515,Yes,137,7.3,1400,Yes,43.06,$40M-100M,130-149 min,"500-1,999",No
224141,Into the Woods,Into the Woods (2014),2014-12-25,2014,2010s,Dec,12,English,Fantasy,3,Rob Marshall,Meryl Streep,50000000,212902372,162902372,4.258,Yes,125,5.6,1652,Yes,65.9,$40M-100M,110-129 min,"500-1,999",No
228967,The Interview,The Interview (2014),2014-12-25,2014,2010s,Dec,12,English,Action,2,Seth Rogen,James Franco,44000000,12342632,-31657368,0.281,Yes,112,6.1,2304,Yes,74.17,$40M-100M,110-129 min,"2,000-4,999",No
284536,The Gambler,The Gambler (2014),2014-12-25,2014,2010s,Dec,12,English,Thriller,3,Rupert Wyatt,Mark Wahlberg,25000000,39171130,14171130,1.567,Yes,111,5.7,543,Yes,22.62,$10M-40M,110-129 min,"500-1,999",No
256917,The Water Diviner,The Water Diviner (2014),2014-12-25,2014,2010s,Dec,12,English,War,2,Russell Crowe,Russell Crowe,22500000,15520023,-6979977,0.69,Yes,112,6.8,431,Yes,22.1,$10M-40M,110-129 min,50-499,No
273895,Selma,Selma (2014),2014-12-25,2014,2010s,Dec,12,English,History,2,Ava DuVernay,David Oyelowo,20000000,66787908,46787908,3.339,Yes,127,7.4,817,Yes,29.02,$10M-40M,110-129 min,"500-1,999",No
171274,Inherent Vice,Inherent Vice (2014),2014-12-25,2014,2010s,Dec,12,English,Comedy,5,Paul Thomas Anderson,Joaquin Phoenix,20000000,11110975,-8889025,0.556,Yes,148,6.5,833,Yes,45.74,$10M-40M,130-149 min,"500-1,999",No
241239,A Most Violent Year,A Most Violent Year (2014),2014-12-30,2014,2010s,Dec,12,English,Crime,3,J.C. Chandor,Oscar Isaac,20000000,12007070,-7992930,0.6,Yes,125,6.5,546,Yes,37.63,$10M-40M,110-129 min,"500-1,999",No
371085,Sharkskin,Sharkskin (2015),2015-01-01,2015,2010s,Jan,1,English,No genre,0,Unknown,Unknown,,,,,No,,,0,No,0.03,Unknown,Unknown,Under 50,No
325579,Diamond Ruff,Diamond Ruff (2015),2015-01-01,2015,2010s,Jan,1,English,No genre,0,Unknown,Unknown,,,,,No,,2.4,4,No,0.17,Unknown,Unknown,Under 50,No
176074,Reality Show,Reality Show (2015),2015-01-01,2015,2010s,Jan,1,English,No genre,0,Adam Rifkin,Adam Rifkin,,,,,No,92,5.5,2,No,0.47,Unknown,90-109 min,Under 50,No
306667,Horse Camp,Horse Camp (2015),2015-01-10,2015,2010s,Jan,1,English,Family,2,Joel Paul Reisig,Jordan Trovillion,,,,,No,108,5.5,2,No,0.17,Unknown,90-109 min,Under 50,No
201088,Blackhat,Blackhat (2015),2015-01-13,2015,2010s,Jan,1,English,Crime,3,Michael Mann,Chris Hemsworth,70000000,17752940,-52247060,0.254,Yes,133,5.1,826,Yes,46.83,$40M-100M,130-149 min,"500-1,999",No
265208,Wild Card,Wild Card (2015),2015-01-14,2015,2010s,Jan,1,English,Thriller,3,Simon West,Jason Statham,30000000,,,,No,92,5.4,656,Yes,48.03,$10M-40M,90-109 min,"500-1,999",No
226458,Backmask,Backmask (2015),2015-01-16,2015,2010s,Jan,1,English,Thriller,2,Marcus Nispel,Stephen Lang,,,,,No,91,4.7,79,Yes,3.62,Unknown,90-109 min,50-499,No
210860,Mortdecai,Mortdecai (2015),2015-01-21,2015,2010s,Jan,1,English,Comedy,2,David Koepp,Johnny Depp,60000000,30418560,-29581440,0.507,Yes,106,5.4,1055,Yes,52.42,$40M-100M,90-109 min,"500-1,999",No
264660,Ex Machina,Ex Machina (2015),2015-01-21,2015,2010s,Jan,1,English,Drama,2,Alex Garland,Domhnall Gleeson,15000000,36869414,21869414,2.458,Yes,108,7.6,4737,Yes,95.13,$10M-40M,90-109 min,"2,000-4,999",No
241251,The Boy Next Door,The Boy Next Door (2015),2015-01-23,2015,2010s,Jan,1,English,Thriller,1,Rob Cohen,Jennifer Lopez,4000000,52425855,48425855,13.106,Yes,91,4.1,1022,Yes,24.16,Under $10M,90-109 min,"500-1,999",No
319069,Censored Voices,Censored Voices (2015),2015-01-24,2015,2010s,Jan,1,English,History,2,Mor Loushy,Amos Oz,,,,,No,84,5.1,8,No,0.59,Unknown,Under 90 min,Under 50,No
243940,The Lazarus Effect,The Lazarus Effect (2015),2015-01-29,2015,2010s,Jan,1,English,Thriller,2,David Gelb,Olivia Wilde,3300000,64110728,60810728,19.427,Yes,83,5.1,505,Yes,20.3,Under $10M,Under 90 min,"500-1,999",No
227719,Project Almanac,Project Almanac (2015),2015-01-30,2015,2010s,Jan,1,English,Science Fiction,2,Dean Israelite,Jonny Weston,12000000,32248241,20248241,2.687,Yes,106,6.4,933,Yes,32.94,$10M-40M,90-109 min,"500-1,999",No
76757,Jupiter Ascending,Jupiter Ascending (2015),2015-02-04,2015,2010s,Feb,2,English,Science Fiction,4,Lilly Wachowski,Mila Kunis,176000003,183987723,7987720,1.045,Yes,124,5.2,2768,Yes,85.37,$100M+,110-129 min,"2,000-4,999",No
270303,It Follows,It Follows (2015),2015-02-04,2015,2010s,Feb,2,English,Horror,2,David Robert Mitchell,Maika Monroe,2000000,14674076,12674076,7.337,Yes,100,6.6,1832,Yes,100.88,Under $10M,90-109 min,"500-1,999",No
228165,The SpongeBob Movie: Sponge Out of Water,The SpongeBob Movie: Sponge Out of Water (2015),2015-02-05,2015,2010s,Feb,2,English,Animation,4,Paul Tibbitt,Tom Kenny,74000000,311594032,237594032,4.211,Yes,93,5.8,719,Yes,36.95,$40M-100M,90-109 min,"500-1,999",No
318040,Bizarre,Bizarre (2015),2015-02-07,2015,2010s,Feb,2,English,Drama,2,Étienne Faure,Pierre Prieur,,,,,No,99,6.2,11,No,0.58,Unknown,90-109 min,Under 50,No
310569,The Second Mother,The Second Mother (2015),2015-02-08,2015,2010s,Feb,2,Other languages,Drama,1,Anna Muylaert,Regina Casé,,,,,No,110,7.8,165,Yes,9.68,Unknown,110-129 min,50-499,No
322745,Counting,Counting (2015),2015-02-09,2015,2010s,Feb,2,English,Documentary,1,Jem Cohen,Unknown,50000,,,,No,111,8.3,3,No,0.29,Under $10M,110-129 min,Under 50,No
316002,Accidental Love,Accidental Love (2015),2015-02-10,2015,2010s,Feb,2,English,Romance,2,David O. Russell,Jake Gyllenhaal,26000000,,,,No,100,3.9,95,Yes,5.64,$10M-40M,90-109 min,50-499,No
216015,Fifty Shades of Grey,Fifty Shades of Grey (2015),2015-02-11,2015,2010s,Feb,2,English,Drama,3,Sam Taylor-Johnson,Dakota Johnson,40000000,571006128,531006128,14.275,Yes,125,5.2,3254,Yes,98.76,$40M-100M,110-129 min,"2,000-4,999",No
234212,Demonic,Demonic (2015),2015-02-12,2015,2010s,Feb,2,English,Thriller,2,Will Canon,Maria Bello,3000000,3387000,387000,1.129,Yes,83,4.9,148,Yes,12.56,Under $10M,Under 90 min,50-499,No
79698,The Lovers,The Lovers (2015),2015-02-13,2015,2010s,Feb,2,English,Action,4,Roland Joffé,Josh Hartnett,27000000,,,,No,109,4.8,34,No,2.42,$10M-40M,90-109 min,Under 50,No
266396,The Gunman,The Gunman (2015),2015-02-16,2015,2010s,Feb,2,English,Action,3,Pierre Morel,Sean Penn,40000000,13644292,-26355708,0.341,Yes,115,5.5,392,Yes,26.94,$40M-100M,110-129 min,50-499,No
300168,Dragon Blade,Dragon Blade (2015),2015-02-19,2015,2010s,Feb,2,Other languages,Action,3,Daniel Lee,Jackie Chan,65000000,121545703,56545703,1.87,Yes,127,5.9,145,Yes,9.57,$40M-100M,110-129 min,50-499,No
228203,"McFarland, USA","McFarland, USA (2015)",2015-02-20,2015,2010s,Feb,2,English,Drama,1,Niki Caro,Kevin Costner,,45710059,,,No,128,7.4,213,Yes,14.02,Unknown,110-129 min,50-499,No
243938,Hot Tub Time Machine 2,Hot Tub Time Machine 2 (2015),2015-02-20,2015,2010s,Feb,2,English,Comedy,1,Steve Pink,Rob Corddry,14000000,12314651,-1685349,0.88,Yes,93,5.0,354,Yes,16.62,$10M-40M,90-109 min,50-499,No
272693,The DUFF,The DUFF (2015),2015-02-20,2015,2010s,Feb,2,English,Romance,2,Ari Sandel,Mae Whitman,8500000,43528634,35028634,5.121,Yes,100,6.8,1322,Yes,40.29,Under $10M,90-109 min,"500-1,999",No
256591,Focus,Focus (2015),2015-02-25,2015,2010s,Feb,2,English,Romance,4,Glenn Ficarra,Will Smith,50100000,153962963,103862963,3.073,Yes,105,6.7,2542,Yes,59.63,$40M-100M,90-109 min,"2,000-4,999",No
268238,The Second Best Exotic Marigold Hotel,The Second Best Exotic Marigold Hotel (2015),2015-02-26,2015,2010s,Feb,2,English,Drama,2,John Madden,Dev Patel,10000000,85978266,75978266,8.598,Yes,122,6.3,272,Yes,17.59,$10M-40M,110-129 min,50-499,No
244316,Into the Grizzly Maze,Into the Grizzly Maze (2015),2015-02-27,2015,2010s,Feb,2,English,Action,3,David Hackl,James Marsden,10000000,,,,No,94,5.1,74,Yes,10.07,$10M-40M,90-109 min,50-499,No
322443,The Timber,The Timber (2015),2015-02-27,2015,2010s,Feb,2,Other languages,Adventure,3,Anthony O'Brien,James Ransone,,,,,No,81,4.1,15,No,0.8,Unknown,Under 90 min,Under 50,No
198184,Chappie,Chappie (2015),2015-03-04,2015,2010s,Mar,3,English,Crime,3,Neill Blomkamp,Sharlto Copley,49000000,104399548,55399548,2.131,Yes,120,6.6,3062,Yes,116.7,$40M-100M,110-129 min,"2,000-4,999",No
239573,Unfinished Business,Unfinished Business (2015),2015-03-05,2015,2010s,Mar,3,English,Comedy,1,Ken Scott,Vince Vaughn,35000000,14431253,-20568747,0.412,Yes,91,5.0,320,Yes,16.83,$10M-40M,90-109 min,50-499,No
291362,Road Hard,Road Hard (2015),2015-03-06,2015,2010s,Mar,3,English,Comedy,1,Adam Carolla,Adam Carolla,1500000,,,,No,97,6.6,8,No,0.86,Under $10M,90-109 min,Under 50,No
322194,Subconscious,Subconscious (2015),2015-03-10,2015,2010s,Mar,3,English,Action,3,Georgia Hilton,Tim Abell,,,,,No,110,3.4,4,No,0.4,Unknown,110-129 min,Under 50,No
325123,Teeth and Blood,Teeth and Blood (2015),2015-03-10,2015,2010s,Mar,3,English,Horror,1,Unknown,Glenn Plummer,,,,,No,96,3.0,1,No,0.06,Unknown,90-109 min,Under 50,No
241554,Run All Night,Run All Night (2015),2015-03-11,2015,2010s,Mar,3,English,Action,5,Jaume Collet-Serra,Liam Neeson,50000000,71561644,21561644,1.431,Yes,114,6.3,1148,Yes,74.65,$40M-100M,110-129 min,"500-1,999",No
150689,Cinderella,Cinderella (2015),2015-03-12,2015,2010s,Mar,3,English,Romance,4,Kenneth Branagh,Lily James,95000000,543514353,448514353,5.721,Yes,105,6.7,2374,Yes,101.19,$40M-100M,90-109 min,"2,000-4,999",No
75861,To Write Love on Her Arms,To Write Love on Her Arms (2015),2015-03-13,2015,2010s,Mar,3,English,Drama,2,Nathan Frankowski,Kat Dennings,3400000,,,,No,118,6.8,47,No,6.72,Under $10M,110-129 min,Under 50,No
323967,Walter,Walter (2015),2015-03-13,2015,2010s,Mar,3,English,Drama,2,Anna Mastro,Andrew J. West,700000,,,,No,87,5.3,26,No,2.66,Under $10M,Under 90 min,Under 50,No
181283,Child 44,Child 44 (2015),2015-03-15,2015,2010s,Mar,3,English,Crime,2,Daniel Espinosa,Tom Hardy,50000000,3324330,-46675670,0.066,Yes,137,6.1,547,Yes,40.37,$40M-100M,130-149 min,"500-1,999",No
319910,Broken Horses,Broken Horses (2015),2015-03-15,2015,2010s,Mar,3,English,Thriller,4,Vidhu Vinod Chopra,María Valverde,,,,,No,101,5.0,10,No,4.29,Unknown,90-109 min,Under 50,No
228161,Home,Home (2015),2015-03-18,2015,2010s,Mar,3,English,Fantasy,5,Tim Johnson,Jim Parsons,135000000,368871007,233871007,2.732,Yes,94,6.8,1519,Yes,63.47,$100M+,90-109 min,"500-1,999",No
262500,Insurgent,Insurgent (2015),2015-03-18,2015,2010s,Mar,3,English,Adventure,3,Robert Schwentke,Shailene Woodley,110000000,295238201,185238201,2.684,Yes,119,6.2,3829,Yes,103.72,$100M+,110-129 min,"2,000-4,999",No
256924,Danny Collins,Danny Collins (2015),2015-03-19,2015,2010s,Mar,3,English,Comedy,3,Dan Fogelman,Al Pacino,10000000,10835752,835752,1.084,Yes,107,6.6,183,Yes,16.32,$10M-40M,90-109 min,50-499,No
309425,Do You Believe?,Do You Believe? (2015),2015-03-20,2015,2010s,Mar,3,English,Fantasy,2,Jon Gunn,Mira Sorvino,,,,,No,115,6.6,48,No,2.47,Unknown,110-129 min,Under 50,No
312793,The Walking Deceased,The Walking Deceased (2015),2015-03-20,2015,2010s,Mar,3,English,Science Fiction,2,Scott Dow,Tim Ogletree,,,,,No,90,4.2,35,No,1.33,Unknown,90-109 min,Under 50,No
257091,Get Hard,Get Hard (2015),2015-03-26,2015,2010s,Mar,3,English,Comedy,1,Etan Cohen,Will Ferrell,40000000,111811453,71811453,2.795,Yes,100,5.9,944,Yes,36.3,$40M-100M,90-109 min,"500-1,999",No
168259,Furious 7,Furious 7 (2015),2015-04-01,2015,2010s,Apr,4,English,Action,1,James Wan,Vin Diesel,190000000,1506249360,1316249360,7.928,Yes,137,7.3,4176,Yes,102.32,$100M+,130-149 min,"2,000-4,999",No
252512,While We're Young,While We're Young (2015),2015-04-03,2015,2010s,Apr,4,English,Comedy,3,Noah Baumbach,Ben Stiller,10000000,7587485,-2412515,0.759,Yes,97,5.8,383,Yes,19.26,$10M-40M,90-109 min,50-499,No
335874,Childless,Childless (2015),2015-04-03,2015,2010s,Apr,4,English,No genre,0,Charlie Levi,Barbara Hershey,,,,,No,90,4.5,2,No,0.24,Unknown,90-109 min,Under 50,No
280391,Why I Did (Not) Eat My Father,Why I Did (Not) Eat My Father (2015),2015-04-08,2015,2010s,Apr,4,Other languages,Adventure,3,Jamel Debbouze,Jamel Debbouze,,,,,No,100,5.3,125,Yes,5.79,Unknown,90-109 min,50-499,No
228205,The Longest Ride,The Longest Ride (2015),2015-04-09,2015,2010s,Apr,4,English,Drama,2,"George Tillman, Jr.",Scott Eastwood,34000000,63013281,29013281,1.853,Yes,128,7.3,1064,Yes,41.95,$10M-40M,110-129 min,"500-1,999",No
253626,Good Kill,Good Kill (2015),2015-04-09,2015,2010s,Apr,4,English,Action,3,Andrew Niccol,Ethan Hawke,,316472,,,No,104,5.9,208,Yes,10.92,Unknown,90-109 min,50-499,No
304357,Woman in Gold,Woman in Gold (2015),2015-04-10,2015,2010s,Apr,4,English,Drama,1,Simon Curtis,Helen Mirren,11000000,61619773,50619773,5.602,Yes,120,7.3,440,Yes,21.2,$10M-40M,110-129 min,50-499,No
329540,The Marine 4: Moving Target,The Marine 4: Moving Target (2015),2015-04-10,2015,2010s,Apr,4,English,Thriller,2,William Kaufman,Mike Mizanin,1950000,,,,No,90,5.8,49,No,3.7,Under $10M,90-109 min,Under 50,No
206197,The Sisterhood of Night,The Sisterhood of Night (2015),2015-04-10,2015,2010s,Apr,4,English,Mystery,3,Caryn Waechter,Kara Hayward,,,,,No,104,6.5,31,No,2.87,Unknown,90-109 min,Under 50,No
256961,Paul Blart: Mall Cop 2,Paul Blart: Mall Cop 2 (2015),2015-04-16,2015,2010s,Apr,4,English,Action,3,Andy Fickman,Kevin James,38000000,107597242,69597242,2.832,Yes,94,5.0,567,Yes,41.26,$10M-40M,90-109 min,"500-1,999",No
293863,The Age of Adaline,The Age of Adaline (2015),2015-04-16,2015,2010s,Apr,4,English,Fantasy,3,Lee Toland Krieger,Blake Lively,25000000,65663276,40663276,2.627,Yes,112,7.4,1990,Yes,82.05,$10M-40M,110-129 min,"500-1,999",No
223485,Slow West,Slow West (2015),2015-04-16,2015,2010s,Apr,4,English,Romance,3,John Maclean,Michael Fassbender,,229094,,,No,84,6.6,367,Yes,14.94,Unknown,Under 90 min,50-499,No
277685,Unfriended,Unfriended (2015),2015-04-17,2015,2010s,Apr,4,English,Horror,2,Levan Gabriadze,Shelley Hennig,1000000,62882090,61882090,62.882,Yes,82,5.5,1047,Yes,41.97,Under $10M,Under 90 min,"500-1,999",No
335244,Antarctic Edge: 70° South,Antarctic Edge: 70° South (2015),2015-04-17,2015,2010s,Apr,4,English,Documentary,1,Dena Seidel,Unknown,,,,,No,72,,0,No,0.02,Unknown,Under 90 min,Under 50,No
99861,Avengers: Age of Ultron,Avengers: Age of Ultron (2015),2015-04-22,2015,2010s,Apr,4,English,Action,3,Joss Whedon,Robert Downey Jr.,280000000,1405403694,1125403694,5.019,Yes,141,7.3,6767,Yes,134.28,$100M+,130-149 min,"5,000+",No
256962,Little Boy,Little Boy (2015),2015-04-23,2015,2010s,Apr,4,English,Comedy,3,Alejandro Monteverde,Jakob Salvati,20000000,6420319,-13579681,0.321,Yes,106,7.0,185,Yes,12.23,$10M-40M,90-109 min,50-499,No
254470,Pitch Perfect 2,Pitch Perfect 2 (2015),2015-05-07,2015,2010s,May,5,English,Comedy,2,Elizabeth Banks,Anna Kendrick,29000000,287506194,258506194,9.914,Yes,115,6.8,1940,Yes,71.5,$10M-40M,110-129 min,"500-1,999",No
326284,Pound of Flesh,Pound of Flesh (2015),2015-05-07,2015,2010s,May,5,English,Action,1,Ernie Barbarash,Jean-Claude Van Damme,7500000,,,,No,104,5.5,63,Yes,4.94,Under $10M,90-109 min,50-499,No
268920,Hot Pursuit,Hot Pursuit (2015),2015-05-08,2015,2010s,May,5,English,Action,3,Anne Fletcher,Reese Witherspoon,35000000,51680201,16680201,1.477,Yes,87,5.4,647,Yes,18.26,$10M-40M,Under 90 min,"500-1,999",No
287424,Maggie,Maggie (2015),2015-05-08,2015,2010s,May,5,English,Horror,1,Henry Hobson,Arnold Schwarzenegger,4000000,187112,-3812888,0.047,Yes,95,5.2,593,Yes,40.02,Under $10M,90-109 min,"500-1,999",No
76341,Mad Max: Fury Road,Mad Max: Fury Road (2015),2015-05-13,2015,2010s,May,5,English,Action,4,George Miller,Tom Hardy,150000000,378858340,228858340,2.526,Yes,120,7.2,9427,Yes,434.28,$100M+,110-129 min,"5,000+",No
57876,Area 51,Area 51 (2015),2015-05-15,2015,2010s,May,5,English,Horror,3,Oren Peli,Reid Warner,5000000,,,,No,91,4.2,151,Yes,7.79,Under $10M,90-109 min,50-499,No
158852,Tomorrowland,Tomorrowland (2015),2015-05-19,2015,2010s,May,5,English,Adventure,4,Brad Bird,Britt Robertson,190000000,209154322,19154322,1.101,Yes,130,6.2,2846,Yes,130.31,$100M+,130-149 min,"2,000-4,999",No
334074,Survivor,Survivor (2015),2015-05-21,2015,2010s,May,5,English,Thriller,1,James McTeigue,Pierce Brosnan,20000000,,,,No,96,5.4,404,Yes,33.63,$10M-40M,90-109 min,50-499,No
254128,San Andreas,San Andreas (2015),2015-05-27,2015,2010s,May,5,English,Action,3,Brad Peyton,Dwayne Johnson,110000000,470490832,360490832,4.277,Yes,114,6.0,2968,Yes,100.41,$100M+,110-129 min,"2,000-4,999",No
222936,Aloha,Aloha (2015),2015-05-27,2015,2010s,May,5,English,Drama,3,Cameron Crowe,Bradley Cooper,37000000,26250020,-10749980,0.709,Yes,105,5.2,692,Yes,29.65,$10M-40M,90-109 min,"500-1,999",No
280092,Insidious: Chapter 3,Insidious: Chapter 3 (2015),2015-06-04,2015,2010s,Jun,6,English,Drama,3,Leigh Whannell,Dermot Mulroney,10000000,104303851,94303851,10.43,Yes,97,6.2,983,Yes,45.95,$10M-40M,90-109 min,"500-1,999",No
299145,Stranded,Stranded (2015),2015-06-05,2015,2010s,Jun,6,English,Drama,1,"Daniel Petrie, Jr.",Scott Eastwood,,,,,No,86,5.0,11,No,3.23,Unknown,Under 90 min,Under 50,No
344466,The World Is Mine,The World Is Mine (2015),2015-06-05,2015,2010s,Jun,6,Other languages,Drama,1,Nicolae Constantin Tanase,Ana Maria Guran,,,,,No,104,,0,No,0.33,Unknown,90-109 min,Under 50,No
135397,Jurassic World,Jurassic World (2015),2015-06-09,2015,2010s,Jun,6,English,Action,4,Colin Trevorrow,Chris Pratt,150000000,1513528810,1363528810,10.09,Yes,124,6.5,8662,Yes,418.71,$100M+,110-129 min,"5,000+",No
150540,Inside Out,Inside Out (2015),2015-06-09,2015,2010s,Jun,6,English,Drama,4,Pete Docter,Amy Poehler,175000000,857611174,682611174,4.901,Yes,94,8.0,6560,Yes,128.66,$100M+,90-109 min,"5,000+",No
307081,Southpaw,Southpaw (2015),2015-06-15,2015,2010s,Jun,6,English,Action,2,Antoine Fuqua,Jake Gyllenhaal,30000000,91709827,61709827,3.057,Yes,123,7.3,2067,Yes,65.36,$10M-40M,110-129 min,"2,000-4,999",No
211672,Minions,Minions (2015),2015-06-17,2015,2010s,Jun,6,English,Family,4,Kyle Balda,Sandra Bullock,74000000,1156730962,1082730962,15.631,Yes,91,6.4,4571,Yes,875.58,$40M-100M,90-109 min,"2,000-4,999",No
286565,Paper Towns,Paper Towns (2015),2015-06-18,2015,2010s,Jun,6,English,Drama,3,Jake Schreier,Nat Wolff,12000000,85512300,73512300,7.126,Yes,109,6.1,1937,Yes,64.61,$10M-40M,90-109 min,"500-1,999",No
308639,Dope,Dope (2015),2015-06-19,2015,2010s,Jun,6,English,Crime,3,Rick Famuyiwa,Shameik Moore,700000,17986781,17286781,25.695,Yes,103,7.2,691,Yes,29.76,Under $10M,90-109 min,"500-1,999",No
87101,Terminator Genisys,Terminator Genisys (2015),2015-06-23,2015,2010s,Jun,6,English,Science Fiction,4,Alan Taylor,Arnold Schwarzenegger,155000000,440603537,285603537,2.843,Yes,126,5.8,3631,Yes,202.04,$100M+,110-129 min,"2,000-4,999",No
214756,Ted 2,Ted 2 (2015),2015-06-25,2015,2010s,Jun,6,English,Comedy,1,Seth MacFarlane,Mark Wahlberg,68000000,217022588,149022588,3.192,Yes,115,6.2,2463,Yes,68.73,$40M-100M,110-129 min,"2,000-4,999",No
272878,Max,Max (2015),2015-06-26,2015,2010s,Jun,6,English,Adventure,3,Boaz Yakin,Thomas Haden Church,20000000,43967255,23967255,2.198,Yes,111,6.8,276,Yes,14.14,$10M-40M,110-129 min,50-499,No
346081,Sardaarji,Sardaarji (2015),2015-06-26,2015,2010s,Jun,6,English,No genre,0,Rohit Jugraj,Unknown,,,,,No,,9.5,2,No,0.3,Unknown,Unknown,Under 50,No
343409,Windsor Drive,Windsor Drive (2015),2015-06-26,2015,2010s,Jun,6,English,Thriller,2,Natalie Bible',Samaire Armstrong,,,,,No,90,2.0,1,No,0.5,Unknown,90-109 min,Under 50,No
264999,Magic Mike XXL,Magic Mike XXL (2015),2015-07-01,2015,2010s,Jul,7,English,Comedy,3,Gregory Jacobs,Channing Tatum,14800000,122513057,107713057,8.278,Yes,115,6.3,706,Yes,29.66,$10M-40M,110-129 min,"500-1,999",No
245846,Strangerland,Strangerland (2015),2015-07-01,2015,2010s,Jul,7,English,Drama,2,Kim Farrant,Nicole Kidman,10000000,17472,-9982528,0.002,Yes,111,5.1,83,Yes,5.15,$10M-40M,110-129 min,50-499,No
254472,Stung,Stung (2015),2015-07-03,2015,2010s,Jul,7,Other languages,Comedy,2,Benni Diez,Matt O'Leary,2500000,,,,No,87,4.9,63,Yes,4.27,Under $10M,Under 90 min,50-499,No
356841,Checkmate,Checkmate (2015),2015-07-03,2015,2010s,Jul,7,English,Thriller,3,Timothy Woodward Jr.,Danny Glover,,,,,No,102,4.2,13,No,1.11,Unknown,90-109 min,Under 50,No
361505,Me You and Five Bucks,Me You and Five Bucks (2015),2015-07-07,2015,2010s,Jul,7,English,Romance,3,Unknown,Unknown,,,,,No,90,10.0,2,No,0.09,Unknown,90-109 min,Under 50,No
347548,Containment,Containment (2015),2015-07-09,2015,2010s,Jul,7,English,Thriller,3,Neil Mcenery-West,Louise Brealey,,,,,No,77,5.1,36,No,2.12,Unknown,Under 90 min,Under 50,No
256040,Baahubali: The Beginning,Baahubali: The Beginning (2015),2015-07-10,2015,2010s,Jul,7,Other languages,Action,4,S.S. Rajamouli,Prabhas,40000000,100000000,60000000,2.5,Yes,159,7.5,135,Yes,16.25,$40M-100M,150+ min,50-499,No
238615,Self/less,Self/less (2015),2015-07-10,2015,2010s,Jul,7,English,Science Fiction,3,Tarsem Singh,Ryan Reynolds,26000000,30523226,4523226,1.174,Yes,116,6.3,1091,Yes,66.1,$10M-40M,110-129 min,"500-1,999",No
299245,The Gallows,The Gallows (2015),2015-07-10,2015,2010s,Jul,7,English,Horror,2,Travis Cluff,Cassidy Gifford,100000,42664410,42564410,426.644,Yes,87,4.9,361,Yes,18.05,Under $10M,Under 90 min,50-499,No
102899,Ant-Man,Ant-Man (2015),2015-07-14,2015,2010s,Jul,7,English,Science Fiction,3,Peyton Reed,Paul Rudd,130000000,519311965,389311965,3.995,Yes,117,7.0,5880,Yes,120.09,$100M+,110-129 min,"5,000+",No
257344,Pixels,Pixels (2015),2015-07-16,2015,2010s,Jul,7,English,Action,3,Chris Columbus,Adam Sandler,88000000,243637091,155637091,2.769,Yes,105,5.6,2513,Yes,140.85,$40M-100M,90-109 min,"2,000-4,999",No
271718,Trainwreck,Trainwreck (2015),2015-07-17,2015,2010s,Jul,7,English,Comedy,1,Judd Apatow,Amy Schumer,35000000,140795793,105795793,4.023,Yes,125,5.9,1181,Yes,72.77,$10M-40M,110-129 min,"500-1,999",No
177677,Mission: Impossible - Rogue Nation,Mission: Impossible - Rogue Nation (2015),2015-07-23,2015,2010s,Jul,7,English,Action,3,Christopher McQuarrie,Tom Cruise,150000000,682330139,532330139,4.549,Yes,131,7.1,3224,Yes,114.52,$100M+,130-149 min,"2,000-4,999",No
157544,The Vatican Tapes,The Vatican Tapes (2015),2015-07-24,2015,2010s,Jul,7,English,Thriller,2,Mark Neveldine,Olivia Taylor Dudley,13000000,1784763,-11215237,0.137,Yes,91,4.6,243,Yes,10.48,$10M-40M,90-109 min,50-499,No
296099,Vacation,Vacation (2015),2015-07-28,2015,2010s,Jul,7,English,Comedy,1,John Francis Daley,Ed Helms,31000000,104384188,73384188,3.367,Yes,99,6.2,1195,Yes,47.75,$10M-40M,90-109 min,"500-1,999",No
309809,The Little Prince,The Little Prince (2015),2015-07-29,2015,2010s,Jul,7,English,Adventure,3,Mark Osborne,Jeff Bridges,64000000,97571250,33571250,1.525,Yes,92,7.6,756,Yes,35.38,$40M-100M,90-109 min,"500-1,999",No
328425,The Gift,The Gift (2015),2015-07-30,2015,2010s,Jul,7,English,Thriller,2,Joel Edgerton,Jason Bateman,5000000,58978653,53978653,11.796,Yes,108,6.7,1049,Yes,27.25,Under $10M,90-109 min,"500-1,999",No
251471,A LEGO Brickumentary,A LEGO Brickumentary (2015),2015-07-31,2015,2010s,Jul,7,English,Documentary,1,Kief Davidson,Jason Bateman,650000,,,,No,93,6.4,55,Yes,1.63,Under $10M,90-109 min,50-499,No
357441,Karachi se Lahore,Karachi se Lahore (2015),2015-07-31,2015,2010s,Jul,7,English,Family,2,Unknown,Shehzad Sheikh,,,,,No,,8.0,1,No,0.06,Unknown,Unknown,Under 50,No
166424,Fantastic Four,Fantastic Four (2015),2015-08-05,2015,2010s,Aug,8,English,Action,3,Josh Trank,Miles Teller,120000000,167977596,47977596,1.4,Yes,100,4.4,2278,Yes,38.13,$100M+,90-109 min,"2,000-4,999",No
257445,Goosebumps,Goosebumps (2015),2015-08-05,2015,2010s,Aug,8,English,Adventure,3,Rob Letterman,Jack Black,58000000,158162788,100162788,2.727,Yes,103,6.2,995,Yes,45.35,$40M-100M,90-109 min,"500-1,999",No
293646,The 33,The 33 (2015),2015-08-06,2015,2010s,Aug,8,English,Drama,2,Patricia Riggen,Antonio Banderas,25000000,24902723,-97277,0.996,Yes,120,6.0,378,Yes,10.7,$10M-40M,110-129 min,50-499,No
342502,AWOL-72,AWOL-72 (2015),2015-08-07,2015,2010s,Aug,8,English,Thriller,1,Christian Sesma,Luke Goss,3000000,,,,No,79,2.8,10,No,1.14,Under $10M,Under 90 min,Under 50,No
250124,The Diary of a Teenage Girl,The Diary of a Teenage Girl (2015),2015-08-07,2015,2010s,Aug,8,English,Drama,2,Marielle Heller,Bel Powley,2000000,1477002,-522998,0.739,Yes,98,6.8,279,Yes,18.22,Under $10M,90-109 min,50-499,No
357834,The Algerian,The Algerian (2015),2015-08-07,2015,2010s,Aug,8,English,No genre,0,Giovanni Zelko,Ben Youcef,,,,,No,99,,0,No,0.03,Unknown,90-109 min,Under 50,No
203801,The Man from U.N.C.L.E.,The Man from U.N.C.L.E. (2015),2015-08-13,2015,2010s,Aug,8,English,Comedy,3,Guy Ritchie,Henry Cavill,75000000,108145109,33145109,1.442,Yes,116,7.1,2265,Yes,48.74,$40M-100M,110-129 min,"2,000-4,999",No
277216,Straight Outta Compton,Straight Outta Compton (2015),2015-08-13,2015,2010s,Aug,8,English,Drama,2,F. Gary Gray,O'Shea Jackson Jr.,28000000,201634991,173634991,7.201,Yes,147,7.7,1355,Yes,61.76,$10M-40M,130-149 min,"500-1,999",No
351043,Amnesiac,Amnesiac (2015),2015-08-14,2015,2010s,Aug,8,English,Thriller,4,Michael Polish,Kate Bosworth,3000000,,,,No,90,4.1,52,Yes,3.08,Under $10M,90-109 min,50-499,No
260778,Vaalu,Vaalu (2015),2015-08-14,2015,2010s,Aug,8,Other languages,Comedy,2,Vijay Chandar,Silambarasan,,,,,No,155,6.7,5,No,0.32,Unknown,150+ min,Under 50,No
283445,Sinister 2,Sinister 2 (2015),2015-08-19,2015,2010s,Aug,8,English,Horror,1,Ciaran Foy,Shannyn Sossamon,10000000,52882018,42882018,5.288,Yes,97,5.4,581,Yes,26.09,$10M-40M,90-109 min,"500-1,999",No
309919,The Curse of Downers Grove,The Curse of Downers Grove (2015),2015-08-21,2015,2010s,Aug,8,English,Thriller,4,Derick Martini,Bella Heathcote,2000000,,,,No,89,4.4,24,No,2.0,Under $10M,Under 90 min,Under 50,No
192141,No Escape,No Escape (2015),2015-08-26,2015,2010s,Aug,8,English,Action,2,John Erick Dowdle,Owen Wilson,5000000,54418872,49418872,10.884,Yes,103,6.7,777,Yes,38.01,Under $10M,90-109 min,"500-1,999",No
301351,We Are Your Friends,We Are Your Friends (2015),2015-08-26,2015,2010s,Aug,8,English,Drama,3,Max Joseph,Zac Efron,6000000,11122090,5122090,1.854,Yes,96,6.3,658,Yes,28.82,Under $10M,90-109 min,"500-1,999",No
253450,The Assassin,The Assassin (2015),2015-08-27,2015,2010s,Aug,8,Other languages,Action,3,Hou Hsiao-hsien,Shu Qi,15000000,632542,-14367458,0.042,Yes,105,6.6,157,Yes,8.14,$10M-40M,90-109 min,50-499,No
358451,A Tale of Three Cities,A Tale of Three Cities (2015),2015-08-28,2015,2010s,Aug,8,Other languages,Drama,3,Mabel Cheung,Lau Ching-Wan,,,,,No,130,6.3,5,No,0.75,Unknown,130-149 min,Under 50,No
309503,Zipper,Zipper (2015),2015-08-28,2015,2010s,Aug,8,English,Thriller,2,Mora Stephens,Patrick Wilson,,,,,No,103,5.5,58,Yes,8.52,Unknown,90-109 min,50-499,No
323271,Unsullied,Unsullied (2015),2015-08-28,2015,2010s,Aug,8,English,Thriller,3,Simeon Rice,Rusty Joiner,,,,,No,93,3.0,1,No,0.06,Unknown,90-109 min,Under 50,No
356216,The Rise of the Krays,The Rise of the Krays (2015),2015-08-29,2015,2010s,Aug,8,English,Crime,1,Zackary Adler,Kevin Leslie,2500000,,,,No,110,4.5,19,No,1.76,Under $10M,110-129 min,Under 50,No
352978,Chain of Command,Chain of Command (2015),2015-08-30,2015,2010s,Aug,8,English,Thriller,3,Kevin Carraway,Michael Jai White,5000000,,,,No,88,5.3,11,No,1.4,Under $10M,Under 90 min,Under 50,No
356987,Abandoned,Abandoned (2015),2015-08-30,2015,2010s,Aug,8,English,Drama,2,John Laing,Dominic Purcell,,,,,No,82,5.8,27,No,3.07,Unknown,Under 90 min,Under 50,No
347764,Goddess of Love,Goddess of Love (2015),2015-08-31,2015,2010s,Aug,8,English,Mystery,4,Jon Knautz,Alexis Kendra,,,,,No,96,6.2,9,No,1.27,Unknown,90-109 min,Under 50,No
290391,"Run, Hide, Die","Run, Hide, Die (2015)",2015-09-01,2015,2010s,Sep,9,English,Thriller,2,Collin Joseph Neal,Alison Monda,50000,,,,No,75,3.5,2,No,0.6,Under $10M,Under 90 min,Under 50,No
287948,The Transporter Refueled,The Transporter Refueled (2015),2015-09-03,2015,2010s,Sep,9,English,Thriller,3,Camille Delamarre,Ed Skrein,25000000,72629670,47629670,2.905,Yes,96,5.2,559,Yes,25.0,$10M-40M,90-109 min,"500-1,999",No
261023,Black Mass,Black Mass (2015),2015-09-04,2015,2010s,Sep,9,English,Crime,2,Scott Cooper,Johnny Depp,53000000,98837872,45837872,1.865,Yes,122,6.3,1242,Yes,46.05,$40M-100M,110-129 min,"500-1,999",No
370662,Time to Choose,Time to Choose (2015),2015-09-04,2015,2010s,Sep,9,English,Documentary,1,Charles Ferguson,Oscar Isaac,3500000,,,,No,100,,0,No,1.62,Under $10M,90-109 min,Under 50,No
354624,Heroes of Dirt,Heroes of Dirt (2015),2015-09-04,2015,2010s,Sep,9,English,Action,2,Eric Bugbee,Joel Moody,,,,,No,98,,0,No,0.08,Unknown,90-109 min,Under 50,No
294254,Maze Runner: The Scorch Trials,Maze Runner: The Scorch Trials (2015),2015-09-09,2015,2010s,Sep,9,English,Action,1,Wes Ball,Dylan O'Brien,61000000,311256926,250256926,5.103,Yes,132,6.4,3040,Yes,113.16,$40M-100M,130-149 min,"2,000-4,999",No
276907,Legend,Legend (2015),2015-09-09,2015,2010s,Sep,9,English,Crime,2,Brian Helgeland,Tom Hardy,25000000,42972994,17972994,1.719,Yes,131,6.7,973,Yes,32.85,$10M-40M,130-149 min,"500-1,999",No
253412,Everest,Everest (2015),2015-09-10,2015,2010s,Sep,9,English,Adventure,2,Baltasar Kormákur,Jason Clarke,55000000,203427584,148427584,3.699,Yes,121,6.7,1772,Yes,60.25,$40M-100M,110-129 min,"500-1,999",No
298312,The Visit,The Visit (2015),2015-09-10,2015,2010s,Sep,9,English,Horror,2,M. Night Shyamalan,Olivia DeJonge,5000000,98450062,93450062,19.69,Yes,94,6.0,1360,Yes,38.95,Under $10M,90-109 min,"500-1,999",No
10317,Our Brand Is Crisis,Our Brand Is Crisis (2015),2015-09-11,2015,2010s,Sep,9,English,Comedy,2,David Gordon Green,Sandra Bullock,28000000,7002261,-20997739,0.25,Yes,108,5.8,195,Yes,12.92,$10M-40M,90-109 min,50-499,No
331592,Listening,Listening (2015),2015-09-11,2015,2010s,Sep,9,English,Drama,3,Khalil Sullins,Thomas Stroppel,,,,,No,100,5.5,31,No,2.41,Unknown,90-109 min,Under 50,No
343795,90 Minutes in Heaven,90 Minutes in Heaven (2015),2015-09-11,2015,2010s,Sep,9,English,Drama,1,Michael Polish,Kate Bosworth,5000000,4842699,-157301,0.969,Yes,121,5.4,40,No,3.94,Under $10M,110-129 min,Under 50,No
330770,Evolution,Evolution (2015),2015-09-14,2015,2010s,Sep,9,Other languages,Mystery,3,Lucile Hadzihalilovic,Max Brebant,,,,,No,81,6.4,47,No,3.3,Unknown,Under 90 min,Under 50,No
354110,Forsaken,Forsaken (2015),2015-09-16,2015,2010s,Sep,9,English,Western,2,Jon Cassar,Demi Moore,11000000,,,,No,90,5.8,101,Yes,11.07,$10M-40M,90-109 min,50-499,No
273481,Sicario,Sicario (2015),2015-09-17,2015,2010s,Sep,9,English,Action,5,Denis Villeneuve,Emily Blunt,30000000,84025816,54025816,2.801,Yes,121,7.2,2416,Yes,55.42,$10M-40M,110-129 min,"2,000-4,999",No
331190,Captive,Captive (2015),2015-09-17,2015,2010s,Sep,9,English,Crime,3,Jerry Jameson,Kate Mara,2000000,2801508,801508,1.401,Yes,97,5.6,92,Yes,6.73,Under $10M,90-109 min,50-499,No
385636,Juliet and Alfa Romeo,Juliet and Alfa Romeo (2015),2015-09-17,2015,2010s,Sep,9,Other languages,Comedy,2,Blaž Završnik,Dario Nožić Serini,,,,,No,83,6.0,1,No,0.06,Unknown,Under 90 min,Under 50,No
273899,Stonewall,Stonewall (2015),2015-09-18,2015,2010s,Sep,9,English,Drama,1,Roland Emmerich,Jeremy Irvine,13500000,187674,-13312326,0.014,Yes,129,5.2,32,No,5.16,$10M-40M,110-129 min,Under 50,No
159824,Hotel Transylvania 2,Hotel Transylvania 2 (2015),2015-09-21,2015,2010s,Sep,9,English,Animation,3,Genndy Tartakovsky,Adam Sandler,80000000,473226958,393226958,5.915,Yes,89,6.7,1497,Yes,61.69,$40M-100M,Under 90 min,"500-1,999",No
266647,Pan,Pan (2015),2015-09-24,2015,2010s,Sep,9,English,Adventure,3,Joe Wright,Levi Miller,150000000,128388320,-21611680,0.856,Yes,111,5.9,954,Yes,48.04,$100M+,110-129 min,"500-1,999",No
257211,The Intern,The Intern (2015),2015-09-24,2015,2010s,Sep,9,English,Comedy,1,Nancy Meyers,Robert De Niro,35000000,194564672,159564672,5.559,Yes,121,7.1,1881,Yes,53.11,$10M-40M,110-129 min,"500-1,999",No
361398,Theresa Is a Mother,Theresa Is a Mother (2015),2015-09-25,2015,2010s,Sep,9,English,Music,3,Darren Press,Edie McClurg,,,,,No,105,,0,No,0.04,Unknown,90-109 min,Under 50,No
362105,R.L. Stine's Monsterville: The Cabinet of Souls,R.L. Stine's Monsterville: The Cabinet of Souls (2015),2015-09-29,2015,2010s,Sep,9,English,Comedy,2,Peter DeLuise,Dove Cameron,4400000,,,,No,85,6.9,35,No,3.9,Under $10M,Under 90 min,Under 50,No
360188,Queen Crab,Queen Crab (2015),2015-09-29,2015,2010s,Sep,9,English,Science Fiction,1,Brett Piper,Michelle Simone Miller,75000,,,,No,90,3.3,3,No,0.14,Under $10M,90-109 min,Under 50,No
286217,The Martian,The Martian (2015),2015-09-30,2015,2010s,Sep,9,English,Drama,3,Ridley Scott,Matt Damon,108000000,630161890,522161890,5.835,Yes,141,7.6,7268,Yes,167.93,$100M+,130-149 min,"5,000+",No
285783,The Walk,The Walk (2015),2015-09-30,2015,2010s,Sep,9,English,Adventure,3,Robert Zemeckis,Joseph Gordon-Levitt,35000000,61181942,26181942,1.748,Yes,123,6.9,1121,Yes,37.34,$10M-40M,110-129 min,"500-1,999",No
241257,Regression,Regression (2015),2015-10-01,2015,2010s,Oct,10,English,Horror,3,Alejandro Amenábar,Ethan Hawke,,17671101,,,No,106,5.3,585,Yes,27.22,Unknown,90-109 min,"500-1,999",No
295964,Burnt,Burnt (2015),2015-10-02,2015,2010s,Oct,10,English,Drama,1,John Wells,Bradley Cooper,20000000,36606743,16606743,1.83,Yes,100,6.3,950,Yes,30.48,$10M-40M,90-109 min,"500-1,999",No
306745,Freeheld,Freeheld (2015),2015-10-02,2015,2010s,Oct,10,English,Romance,2,Peter Sollett,Julianne Moore,7000000,573335,-6426665,0.082,Yes,103,7.1,164,Yes,8.18,Under $10M,90-109 min,50-499,No
335866,Circle,Circle (2015),2015-10-02,2015,2010s,Oct,10,English,Horror,2,Aaron Hann,Julie Benz,,,,,No,87,6.0,333,Yes,6.75,Unknown,Under 90 min,50-499,No
299553,Shark Lake,Shark Lake (2015),2015-10-02,2015,2010s,Oct,10,English,Thriller,1,Jerry Dugan,Dolph Lundgren,2000000,,,,No,92,4.4,19,No,1.19,Under $10M,90-109 min,Under 50,No
366967,Dutch Kills,Dutch Kills (2015),2015-10-02,2015,2010s,Oct,10,English,Thriller,3,Joseph Mazzella,R.L. Mann,,,,,No,90,,0,No,0.04,Unknown,90-109 min,Under 50,No
361159,Navy Seals vs. Zombies,Navy Seals vs. Zombies (2015),2015-10-08,2015,2010s,Oct,10,English,Horror,2,Stanton Barrett,Ed Quinn,,,,,No,97,3.5,36,No,2.39,Unknown,90-109 min,Under 50,No
321697,Steve Jobs,Steve Jobs (2015),2015-10-09,2015,2010s,Oct,10,English,Drama,2,Danny Boyle,Michael Fassbender,30000000,34441873,4441873,1.148,Yes,122,6.8,1573,Yes,53.67,$10M-40M,110-129 min,"500-1,999",No
376010,Western Religion,Western Religion (2015),2015-10-09,2015,2010s,Oct,10,English,Western,1,James O'Brien,Peter Shinkoda,,,,,No,106,,0,No,0.59,Unknown,90-109 min,Under 50,No
324322,They Will Have to Kill Us First,They Will Have to Kill Us First (2015),2015-10-13,2015,2010s,Oct,10,Other languages,Music,2,Johanna Schwartz,Aliou Touré,522360,,,,No,105,5.0,1,No,0.07,Under $10M,90-109 min,Under 50,No
290751,Secret in Their Eyes,Secret in Their Eyes (2015),2015-10-14,2015,2010s,Oct,10,English,Crime,3,Billy Ray,Chiwetel Ejiofor,19500000,34854990,15354990,1.787,Yes,111,6.2,336,Yes,15.01,$10M-40M,110-129 min,50-499,No
296098,Bridge of Spies,Bridge of Spies (2015),2015-10-15,2015,2010s,Oct,10,English,Thriller,2,Steven Spielberg,Tom Hanks,40000000,165478348,125478348,4.137,Yes,141,7.2,2583,Yes,48.45,$40M-100M,130-149 min,"2,000-4,999",No
264644,Room,Room (2015),2015-10-16,2015,2010s,Oct,10,English,Drama,2,Lenny Abrahamson,Brie Larson,6000000,35401758,29401758,5.9,Yes,117,8.1,2757,Yes,66.11,Under $10M,110-129 min,"2,000-4,999",No
106845,Re-Kill,Re-Kill (2015),2015-10-16,2015,2010s,Oct,10,English,Horror,2,Valeri Milev,Roger Cross,9500000,,,,No,87,4.9,34,No,5.35,Under $10M,Under 90 min,Under 50,No
356483,Unnatural,Unnatural (2015),2015-10-16,2015,2010s,Oct,10,English,Thriller,3,Hank Braxtan,James Remar,,,,,No,89,4.3,12,No,0.69,Unknown,Under 90 min,Under 50,No
364083,Mi America,Mi America (2015),2015-10-16,2015,2010s,Oct,10,English,Drama,2,Robert Fontaine,Robert Fontaine,2100000,3330,-2096670,0.002,Yes,126,,0,No,0.04,Under $10M,110-129 min,Under 50,No
157422,The Wicked Within,The Wicked Within (2015),2015-10-16,2015,2010s,Oct,10,English,Horror,1,Jay Alaimo,Sienna Guillory,,,,,No,91,4.2,26,No,1.91,Unknown,90-109 min,Under 50,No
167073,Brooklyn,Brooklyn (2015),2015-10-20,2015,2010s,Oct,10,English,Drama,2,John Crowley,Saoirse Ronan,11000000,62076141,51076141,5.643,Yes,111,7.2,1213,Yes,39.34,$10M-40M,110-129 min,"500-1,999",No
371690,Rotor DR1,Rotor DR1 (2015),2015-10-20,2015,2010s,Oct,10,English,Science Fiction,2,Chad Kapper,Christian Kapper,350000,,,,No,98,4.7,3,No,0.25,Under $10M,90-109 min,Under 50,No
274854,The Last Witch Hunter,The Last Witch Hunter (2015),2015-10-21,2015,2010s,Oct,10,English,Fantasy,3,Breck Eisner,Vin Diesel,90000000,146936910,56936910,1.633,Yes,106,5.7,1316,Yes,52.61,$40M-100M,90-109 min,"500-1,999",No
360339,Eden,Eden (2015),2015-10-22,2015,2010s,Oct,10,English,Thriller,2,Shyam Madiraju,Jessica Lowndes,2300000,,,,No,97,5.6,19,No,2.71,Under $10M,90-109 min,Under 50,No
365052,The Looking Glass,The Looking Glass (2015),2015-10-23,2015,2010s,Oct,10,English,No genre,0,John D. Hancock,Dorothy Tristan,,,,,No,110,7.0,1,No,0.06,Unknown,110-129 min,Under 50,No
206647,Spectre,Spectre (2015),2015-10-26,2015,2010s,Oct,10,English,Action,3,Sam Mendes,Daniel Craig,245000000,880674609,635674609,3.595,Yes,148,6.3,4466,Yes,107.38,$100M+,130-149 min,"2,000-4,999",No
447027,Running Forever,Running Forever (2015),2015-10-27,2015,2010s,Oct,10,English,Family,1,Unknown,Unknown,,,,,No,88,,0,No,0.03,Unknown,Under 90 min,Under 50,No
323270,The Horror Network Vol. 1,The Horror Network Vol. 1 (2015),2015-10-27,2015,2010s,Oct,10,English,Horror,1,Joseph Graham,Nick Frangione,,,,,No,,5.0,2,No,0.39,Unknown,Unknown,Under 50,No
293644,Top Cat Begins,Top Cat Begins (2015),2015-10-30,2015,2010s,Oct,10,Other languages,Comedy,2,Andrés Couturier,Jason Harris,8000000,,,,No,89,5.3,9,No,0.72,Under $10M,Under 90 min,Under 50,No
227973,The Peanuts Movie,The Peanuts Movie (2015),2015-11-05,2015,2010s,Nov,11,English,Animation,1,Steve Martino,Noah Schnapp,99000000,246233113,147233113,2.487,Yes,88,6.5,604,Yes,34.31,$40M-100M,Under 90 min,"500-1,999",No
314365,Spotlight,Spotlight (2015),2015-11-06,2015,2010s,Nov,11,English,Drama,3,Tom McCarthy,Mark Ruffalo,20000000,88346473,68346473,4.417,Yes,128,7.8,2686,Yes,41.5,$10M-40M,110-129 min,"2,000-4,999",No
228066,Victor Frankenstein,Victor Frankenstein (2015),2015-11-10,2015,2010s,Nov,11,English,Drama,3,Paul McGuigan,James McAvoy,40000000,34227298,-5772702,0.856,Yes,109,5.6,685,Yes,24.82,$40M-100M,90-109 min,"500-1,999",No
321741,Concussion,Concussion (2015),2015-11-12,2015,2010s,Nov,11,English,Drama,1,Peter Landesman,Will Smith,35000000,50363790,15363790,1.439,Yes,123,7.0,823,Yes,35.12,$10M-40M,110-129 min,"500-1,999",No
367961,Savva. Heart of the Warrior,Savva. Heart of the Warrior (2015),2015-11-12,2015,2010s,Nov,11,Other languages,Fantasy,3,Maksim Fadeev,Maksim Chukharyov,30000000,,,,No,85,6.4,7,No,2.63,$10M-40M,Under 90 min,Under 50,No
314385,By the Sea,By the Sea (2015),2015-11-12,2015,2010s,Nov,11,English,Drama,2,Angelina Jolie,Angelina Jolie,10000000,3727746,-6272254,0.373,Yes,122,5.4,156,Yes,11.27,$10M-40M,110-129 min,50-499,No
333348,Love the Coopers,Love the Coopers (2015),2015-11-12,2015,2010s,Nov,11,English,Comedy,2,Jessie Nelson,Steve Martin,17000000,24000000,7000000,1.412,Yes,107,5.4,167,Yes,9.19,$10M-40M,90-109 min,50-499,No
336004,Heist,Heist (2015),2015-11-13,2015,2010s,Nov,11,English,Crime,3,Scott Mann,Jeffrey Dean Morgan,8900000,4100000,-4800000,0.461,Yes,93,5.6,318,Yes,15.08,Under $10M,90-109 min,50-499,No
334531,My All American,My All American (2015),2015-11-13,2015,2010s,Nov,11,English,Drama,1,Angelo Pizzo,Aaron Eckhart,20000000,,,,No,118,6.8,36,No,3.1,$10M-40M,110-129 min,Under 50,No
105864,The Good Dinosaur,The Good Dinosaur (2015),2015-11-14,2015,2010s,Nov,11,English,Adventure,3,Peter Sohn,Raymond Ochoa,175000000,331926147,156926147,1.897,Yes,93,6.6,1736,Yes,51.69,$100M+,90-109 min,"500-1,999",No
131634,The Hunger Games: Mockingjay - Part 2,The Hunger Games: Mockingjay - Part 2 (2015),2015-11-18,2015,2010s,Nov,11,English,Action,3,Francis Lawrence,Jennifer Lawrence,160000000,653428261,493428261,4.084,Yes,137,6.6,3984,Yes,127.28,$100M+,130-149 min,"2,000-4,999",No
205775,In the Heart of the Sea,In the Heart of the Sea (2015),2015-11-20,2015,2010s,Nov,11,English,Thriller,5,Ron Howard,Chris Hemsworth,100000000,93820758,-6179242,0.938,Yes,122,6.5,1276,Yes,50.77,$100M+,110-129 min,"500-1,999",No
345003,10 Days in a Madhouse,10 Days in a Madhouse (2015),2015-11-20,2015,2010s,Nov,11,English,Drama,1,Timothy Hines,Caroline Barry,1200000,,,,No,111,4.3,5,No,0.49,Under $10M,110-129 min,Under 50,No
334527,Criminal Activities,Criminal Activities (2015),2015-11-20,2015,2010s,Nov,11,English,Thriller,3,Jackie Earle Haley,Dan Stevens,7000000,,,,No,94,5.8,110,Yes,6.67,Under $10M,90-109 min,50-499,No
301325,#Horror,#Horror (2015),2015-11-20,2015,2010s,Nov,11,Other languages,Drama,4,Tara Subkoff,Taryn Manning,1500000,,,,No,90,3.3,52,Yes,2.82,Under $10M,90-109 min,50-499,No
312221,Creed,Creed (2015),2015-11-25,2015,2010s,Nov,11,English,Drama,1,Ryan Coogler,Michael B. Jordan,37000000,173567581,136567581,4.691,Yes,133,7.3,1915,Yes,57.77,$10M-40M,130-149 min,"500-1,999",No
287903,Krampus,Krampus (2015),2015-11-26,2015,2010s,Nov,11,English,Horror,3,Michael Dougherty,Adam Scott,15000000,61548707,46548707,4.103,Yes,98,5.9,584,Yes,31.57,$10M-40M,90-109 min,"500-1,999",No
257088,Point Break,Point Break (2015),2015-12-03,2015,2010s,Dec,12,English,Action,3,Ericson Core,Edgar Ramírez,105000000,133718711,28718711,1.274,Yes,114,5.5,783,Yes,33.51,$100M+,110-129 min,"500-1,999",No
370980,Chiamatemi Francesco - Il Papa della gente,Chiamatemi Francesco - Il Papa della gente (2015),2015-12-03,2015,2010s,Dec,12,Other languages,Drama,1,Daniele Luchetti,Rodrigo de la Serna,15000000,,,,No,,7.3,12,No,0.74,$10M-40M,Unknown,Under 50,No
340816,Christmas Eve,Christmas Eve (2015),2015-12-04,2015,2010s,Dec,12,English,Romance,2,Mitch Davis,Patrick Stewart,,,,,No,95,6.1,24,No,1.99,Unknown,90-109 min,Under 50,No
347969,The Ridiculous 6,The Ridiculous 6 (2015),2015-12-11,2015,2010s,Dec,12,English,Comedy,2,Frank Coraci,Adam Sandler,60000000,,,,No,119,4.9,388,Yes,19.69,$40M-100M,110-129 min,50-499,No
318846,The Big Short,The Big Short (2015),2015-12-11,2015,2010s,Dec,12,English,Comedy,2,Adam McKay,Christian Bale,28000000,133346506,105346506,4.762,Yes,130,7.3,2607,Yes,57.52,$10M-40M,130-149 min,"2,000-4,999",No
325173,Close Range,Close Range (2015),2015-12-11,2015,2010s,Dec,12,English,Crime,2,Isaac Florentine,Scott Adkins,,,,,No,80,4.9,54,Yes,5.49,Unknown,Under 90 min,50-499,No
367551,American Hero,American Hero (2015),2015-12-11,2015,2010s,Dec,12,English,Action,3,Nick Love,Stephen Dorff,,,,,No,86,5.0,62,Yes,5.02,Unknown,Under 90 min,50-499,No
459488,"To Be Frank, Sinatra at 100","To Be Frank, Sinatra at 100 (2015)",2015-12-12,2015,2010s,Dec,12,English,Documentary,1,Simon Napier-Bell,Tony Oppedisano,,,,,No,,,0,No,0.05,Unknown,Unknown,Under 50,No
258509,Alvin and the Chipmunks: The Road Chip,Alvin and the Chipmunks: The Road Chip (2015),2015-12-17,2015,2010s,Dec,12,English,Adventure,4,Walt Becker,Jason Lee,,233755553,,,No,92,5.8,428,Yes,27.87,Unknown,90-109 min,50-499,No
365222,Ip Man 3,Ip Man 3 (2015),2015-12-19,2015,2010s,Dec,12,Other languages,Action,3,Wilson Yip,Donnie Yen,36000000,156844753,120844753,4.357,Yes,105,6.5,379,Yes,19.17,$10M-40M,90-109 min,50-499,No
274479,Joy,Joy (2015),2015-12-24,2015,2010s,Dec,12,English,Drama,2,David O. Russell,Jennifer Lawrence,60000000,101134059,41134059,1.686,Yes,124,6.4,1581,Yes,29.88,$40M-100M,110-129 min,"500-1,999",No
281957,The Revenant,The Revenant (2015),2015-12-25,2015,2010s,Dec,12,English,Western,4,Alejandro González Iñárritu,Leonardo DiCaprio,135000000,532950503,397950503,3.948,Yes,156,7.3,6396,Yes,100.64,$100M+,150+ min,"5,000+",No
273248,The Hateful Eight,The Hateful Eight (2015),2015-12-25,2015,2010s,Dec,12,English,Crime,4,Quentin Tarantino,Samuel L. Jackson,44000000,155760117,111760117,3.54,Yes,167,7.6,4274,Yes,68.72,$40M-100M,150+ min,"2,000-4,999",No
274167,Daddy's Home,Daddy's Home (2015),2015-12-25,2015,2010s,Dec,12,English,Comedy,1,Sean Anders,Will Ferrell,50000000,242786137,192786137,4.856,Yes,96,5.8,854,Yes,38.62,$40M-100M,90-109 min,"500-1,999",No
291270,Anomalisa,Anomalisa (2015),2015-12-30,2015,2010s,Dec,12,English,Animation,4,Charlie Kaufman,David Thewlis,8000000,5659286,-2340714,0.707,Yes,90,7.0,459,Yes,21.02,Under $10M,90-109 min,50-499,No
174751,Jane Got a Gun,Jane Got a Gun (2016),2016-01-01,2016,2010s,Jan,1,English,Action,3,Gavin O'Connor,Natalie Portman,25000000,1397284,-23602716,0.056,Yes,98,5.4,285,Yes,15.33,$10M-40M,90-109 min,50-499,Yes
376004,Adulterers,Adulterers (2016),2016-01-05,2016,2010s,Jan,1,English,Thriller,3,H.M. Coakley,Sean Faris,750000,,,,No,80,5.2,16,No,1.47,Under $10M,Under 90 min,Under 50,Yes
379532,Rodeo Girl,Rodeo Girl (2016),2016-01-05,2016,2010s,Jan,1,English,Family,1,Joel Paul Reisig,Kevin Sorbo,,,,,No,108,5.5,1,No,0.09,Unknown,90-109 min,Under 50,Yes
329440,The Forest,The Forest (2016),2016-01-07,2016,2010s,Jan,1,English,Horror,2,Jason Zada,Natalie Dormer,10000000,40055439,30055439,4.006,Yes,95,4.8,448,Yes,19.87,$10M-40M,90-109 min,50-499,Yes
370464,The Masked Saint,The Masked Saint (2016),2016-01-08,2016,2010s,Jan,1,English,Crime,2,Warren P. Sonoda,Brett Granstaff,,,,,No,111,2.9,7,No,0.91,Unknown,110-129 min,Under 50,Yes
300671,13 Hours: The Secret Soldiers of Benghazi,13 Hours: The Secret Soldiers of Benghazi (2016),2016-01-13,2016,2010s,Jan,1,English,Action,5,Michael Bay,James Badge Dale,50000000,69411370,19411370,1.388,Yes,144,7.0,938,Yes,42.53,$40M-100M,130-149 min,"500-1,999",Yes
323675,Ride Along 2,Ride Along 2 (2016),2016-01-14,2016,2010s,Jan,1,English,Action,2,Tim Story,Kevin Hart,40000000,124827316,84827316,3.121,Yes,102,6.1,555,Yes,25.14,$40M-100M,90-109 min,"500-1,999",Yes
299687,The 5th Wave,The 5th Wave (2016),2016-01-14,2016,2010s,Jan,1,English,Adventure,2,J Blakeson,Chloë Grace Moretz,38000000,109906372,71906372,2.892,Yes,112,5.6,1945,Yes,57.89,$10M-40M,110-129 min,"500-1,999",Yes
259694,How to Be Single,How to Be Single (2016),2016-01-21,2016,2010s,Jan,1,English,Comedy,2,Christian Ditter,Dakota Johnson,38000000,112343513,74343513,2.956,Yes,110,5.9,1201,Yes,46.08,$10M-40M,110-129 min,"500-1,999",Yes
291870,Dirty Grandpa,Dirty Grandpa (2016),2016-01-21,2016,2010s,Jan,1,English,Comedy,1,Dan Mazer,Zac Efron,11500000,94073028,82573028,8.18,Yes,102,5.7,1406,Yes,56.81,$10M-40M,90-109 min,"500-1,999",Yes
381902,The Monkey King 2,The Monkey King 2 (2016),2016-01-22,2016,2010s,Jan,1,Other languages,Action,3,Soi Cheang,Aaron Kwok,68490000,193677158,125187158,2.828,Yes,120,6.0,24,No,4.73,$40M-100M,110-129 min,Under 50,Yes
321258,The Boy,The Boy (2016),2016-01-22,2016,2010s,Jan,1,English,Horror,3,William Brent Bell,Lauren Cohan,10000000,64188367,54188367,6.419,Yes,97,5.8,1102,Yes,38.18,$10M-40M,90-109 min,"500-1,999",Yes
375290,Airlift,Airlift (2016),2016-01-22,2016,2010s,Jan,1,Other languages,Thriller,4,Raja Menon,Akshay Kumar,4500000,32000000,27500000,7.111,Yes,126,7.3,57,Yes,2.55,Under $10M,110-129 min,50-499,Yes
140300,Kung Fu Panda 3,Kung Fu Panda 3 (2016),2016-01-23,2016,2010s,Jan,1,English,Action,5,Jennifer Yuh Nelson,Jack Black,145000000,521170825,376170825,3.594,Yes,95,6.7,1603,Yes,56.75,$100M+,90-109 min,"500-1,999",Yes
300673,The Finest Hours,The Finest Hours (2016),2016-01-25,2016,2010s,Jan,1,English,Action,4,Craig Gillespie,Chris Pine,80000000,52099090,-27900910,0.651,Yes,114,6.3,588,Yes,28.22,$40M-100M,110-129 min,"500-1,999",Yes
351819,Fifty Shades of Black,Fifty Shades of Black (2016),2016-01-28,2016,2010s,Jan,1,English,Romance,2,Michael Tiddes,Marlon Wayans,20000000,21164799,1164799,1.058,Yes,92,4.3,331,Yes,14.95,$10M-40M,90-109 min,50-499,Yes
347755,Wind Walkers,Wind Walkers (2016),2016-01-28,2016,2010s,Jan,1,English,Action,3,Russell Friedenberg,Zane Holtz,,,,,No,93,7.5,6,No,0.45,Unknown,90-109 min,Under 50,Yes
380733,Fight to the Finish,Fight to the Finish (2016),2016-02-02,2016,2010s,Feb,2,English,Romance,2,Warren Sheppard,Jennifer Hale,,,,,No,94,5.2,3,No,0.25,Unknown,90-109 min,Under 50,Yes
58431,Pride and Prejudice and Zombies,Pride and Prejudice and Zombies (2016),2016-02-04,2016,2010s,Feb,2,English,Romance,4,Burr Steers,Lily James,28000000,16374328,-11625672,0.585,Yes,108,5.5,640,Yes,28.4,$10M-40M,90-109 min,"500-1,999",Yes
270487,"Hail, Caesar!","Hail, Caesar! (2016)",2016-02-05,2016,2010s,Feb,2,English,Comedy,3,Joel Coen,Josh Brolin,22000000,63647656,41647656,2.893,Yes,106,5.7,1309,Yes,39.01,$10M-40M,90-109 min,"500-1,999",Yes
373314,Misconduct,Misconduct (2016),2016-02-05,2016,2010s,Feb,2,English,Drama,2,Shintaro Shimosawa,Josh Duhamel,11000000,,,,No,106,5.3,149,Yes,10.02,$10M-40M,90-109 min,50-499,Yes
329833,Zoolander 2,Zoolander 2 (2016),2016-02-06,2016,2010s,Feb,2,English,Comedy,1,Ben Stiller,Ben Stiller,50000000,55969000,5969000,1.119,Yes,100,4.7,797,Yes,37.25,$40M-100M,90-109 min,"500-1,999",Yes
293660,Deadpool,Deadpool (2016),2016-02-09,2016,2010s,Feb,2,English,Action,3,Tim Miller,Ryan Reynolds,58000000,783112979,725112979,13.502,Yes,108,7.4,10995,Yes,514.57,$40M-100M,90-109 min,"5,000+",Yes
298584,Cabin Fever,Cabin Fever (2016),2016-02-12,2016,2010s,Feb,2,English,Horror,1,Travis Zariwny,Matthew Daddario,,,,,No,99,4.4,111,Yes,5.38,Unknown,90-109 min,50-499,Yes
245703,Midnight Special,Midnight Special (2016),2016-02-18,2016,2010s,Feb,2,English,Adventure,3,Jeff Nichols,Michael Shannon,18000000,6212282,-11787718,0.345,Yes,112,6.2,694,Yes,32.72,$10M-40M,110-129 min,"500-1,999",Yes
335778,Risen,Risen (2016),2016-02-19,2016,2010s,Feb,2,English,Action,1,Kevin Reynolds,Tom Felton,20000000,46069568,26069568,2.303,Yes,107,5.7,295,Yes,16.66,$10M-40M,90-109 min,50-499,Yes
146198,Triple 9,Triple 9 (2016),2016-02-19,2016,2010s,Feb,2,English,Action,2,John Hillcoat,Casey Affleck,20000000,12639297,-7360703,0.632,Yes,115,5.6,797,Yes,29.37,$10M-40M,110-129 min,"500-1,999",Yes
323677,Race,Race (2016),2016-02-19,2016,2010s,Feb,2,English,Action,2,Stephen Hopkins,Stephan James,5000000,24804129,19804129,4.961,Yes,134,7.1,478,Yes,23.0,Under $10M,130-149 min,50-499,Yes
310131,The Witch,The Witch (2016),2016-02-19,2016,2010s,Feb,2,English,Mystery,2,Robert Eggers,Anya Taylor-Joy,3500000,40423945,36923945,11.55,Yes,92,6.3,1434,Yes,50.32,Under $10M,90-109 min,"500-1,999",Yes
205584,Gods of Egypt,Gods of Egypt (2016),2016-02-25,2016,2010s,Feb,2,English,Fantasy,1,Alex Proyas,Brenton Thwaites,140000000,150680864,10680864,1.076,Yes,127,5.3,1277,Yes,56.26,$100M+,110-129 min,"500-1,999",Yes
319888,Eddie the Eagle,Eddie the Eagle (2016),2016-02-26,2016,2010s,Feb,2,English,Comedy,3,Dexter Fletcher,Taron Egerton,23000000,46152800,23152800,2.007,Yes,106,7.2,661,Yes,29.37,$10M-40M,90-109 min,"500-1,999",Yes
267860,London Has Fallen,London Has Fallen (2016),2016-03-02,2016,2010s,Mar,3,English,Action,3,Babak Najafi,Gerard Butler,60000000,205754447,145754447,3.429,Yes,99,5.8,1621,Yes,61.85,$40M-100M,90-109 min,"500-1,999",Yes
386826,A Beginner's Guide to Snuff,A Beginner's Guide to Snuff (2016),2016-03-04,2016,2010s,Mar,3,English,Thriller,3,Mitchell Altieri,Joey Kern,,,,,No,87,,0,No,0.06,Unknown,Under 90 min,Under 50,Yes
262504,Allegiant,Allegiant (2016),2016-03-09,2016,2010s,Mar,3,English,Adventure,2,Robert Schwentke,Shailene Woodley,110000000,179246868,69246868,1.63,Yes,121,5.9,1998,Yes,86.11,$100M+,110-129 min,"500-1,999",Yes
318850,The Young Messiah,The Young Messiah (2016),2016-03-10,2016,2010s,Mar,3,English,Drama,1,Cyrus Nowrasteh,Adam Greaves-Neal,18500000,6490401,-12009599,0.351,Yes,120,6.4,30,No,1.88,$10M-40M,110-129 min,Under 50,Yes
333371,10 Cloverfield Lane,10 Cloverfield Lane (2016),2016-03-10,2016,2010s,Mar,3,English,Thriller,3,Dan Trachtenberg,Mary Elizabeth Winstead,15000000,108286421,93286421,7.219,Yes,103,6.8,2468,Yes,53.7,$10M-40M,90-109 min,"2,000-4,999",Yes
378200,The Perfect Match,The Perfect Match (2016),2016-03-11,2016,2010s,Mar,3,English,Comedy,2,Bille Woodruff,Terrence Jenkins,,,,,No,96,5.2,42,No,3.81,Unknown,90-109 min,Under 50,Yes
320146,Creative Control,Creative Control (2016),2016-03-11,2016,2010s,Mar,3,English,Drama,2,Benjamin Dickinson,Benjamin Dickinson,1000000,,,,No,97,5.4,25,No,1.5,Under $10M,90-109 min,Under 50,Yes
339984,Miracles from Heaven,Miracles from Heaven (2016),2016-03-17,2016,2010s,Mar,3,English,Drama,1,Patricia Riggen,Jennifer Garner,16000000,77000000,61000000,4.812,Yes,117,6.7,186,Yes,10.25,$10M-40M,110-129 min,50-499,Yes
209112,Batman v Superman: Dawn of Justice,Batman v Superman: Dawn of Justice (2016),2016-03-23,2016,2010s,Mar,3,English,Action,3,Zack Snyder,Ben Affleck,250000000,873260194,623260194,3.493,Yes,151,5.7,7004,Yes,155.79,$100M+,150+ min,"5,000+",Yes
302688,My Big Fat Greek Wedding 2,My Big Fat Greek Wedding 2 (2016),2016-03-23,2016,2010s,Mar,3,English,Romance,3,Kirk Jones,John Corbett,18000000,88923251,70923251,4.94,Yes,94,5.5,322,Yes,16.03,$10M-40M,90-109 min,50-499,Yes
375950,The Country Doctor,The Country Doctor (2016),2016-03-23,2016,2010s,Mar,3,Other languages,Drama,2,Thomas Lilti,François Cluzet,,,,,No,102,6.0,63,Yes,2.65,Unknown,90-109 min,50-499,Yes
285743,Alleluia! The Devil's Carnival,Alleluia! The Devil's Carnival (2016),2016-03-29,2016,2010s,Mar,3,English,Music,2,Darren Lynn Bousman,Terrance Zdunich,,,,,No,,6.0,2,No,0.67,Unknown,Unknown,Under 50,Yes
317930,Compadres,Compadres (2016),2016-03-31,2016,2010s,Mar,3,Other languages,Action,2,Enrique Begné,Omar Chaparro,3000000,,,,No,101,5.2,17,No,1.57,Under $10M,90-109 min,Under 50,Yes
347126,God's Not Dead 2,God's Not Dead 2 (2016),2016-04-01,2016,2010s,Apr,4,English,Drama,1,Harold Cronk,Hayley Orrantia,5000000,23507567,18507567,4.702,Yes,121,5.7,72,Yes,6.97,Under $10M,110-129 min,50-499,Yes
290595,The Huntsman: Winter's War,The Huntsman: Winter's War (2016),2016-04-06,2016,2010s,Apr,4,English,Action,3,Cedric Nicolas-Troyan,Chris Hemsworth,115000000,164602163,49602163,1.431,Yes,114,6.0,1523,Yes,60.47,$100M+,110-129 min,"500-1,999",Yes
278927,The Jungle Book,The Jungle Book (2016),2016-04-07,2016,2010s,Apr,4,English,Family,4,Jon Favreau,Neel Sethi,175000000,966550600,791550600,5.523,Yes,106,6.7,2892,Yes,94.2,$100M+,90-109 min,"2,000-4,999",Yes
323676,The Boss,The Boss (2016),2016-04-07,2016,2010s,Apr,4,English,Comedy,1,Ben Falcone,Melissa McCarthy,29000000,78636257,49636257,2.712,Yes,91,5.5,431,Yes,20.56,$10M-40M,90-109 min,50-499,Yes
302156,Criminal,Criminal (2016),2016-04-14,2016,2010s,Apr,4,English,Action,1,Ariel Vromen,Kevin Costner,31500000,14708696,-16791304,0.467,Yes,113,5.7,557,Yes,27.89,$10M-40M,110-129 min,"500-1,999",Yes
332411,I Am Wrath,I Am Wrath (2016),2016-04-14,2016,2010s,Apr,4,English,Action,4,Chuck Russell,John Travolta,18000000,,,,No,92,4.5,179,Yes,10.14,$10M-40M,90-109 min,50-499,Yes
313922,Green Room,Green Room (2016),2016-04-15,2016,2010s,Apr,4,English,Horror,3,Jeremy Saulnier,Anton Yelchin,5000000,3220371,-1779629,0.644,Yes,95,6.7,683,Yes,30.0,Under $10M,90-109 min,"500-1,999",Yes
342521,Keanu,Keanu (2016),2016-04-21,2016,2010s,Apr,4,English,Action,2,Peter Atencio,Jordan Peele,15000000,20566327,5566327,1.371,Yes,94,6.0,421,Yes,18.27,$10M-40M,90-109 min,50-499,Yes
257087,The Veil,The Veil (2016),2016-04-21,2016,2010s,Apr,4,English,Horror,1,Phil Joanou,Jessica Alba,4000000,,,,No,93,4.5,118,Yes,12.82,Under $10M,90-109 min,50-499,Yes
271110,Captain America: Civil War,Captain America: Civil War (2016),2016-04-27,2016,2010s,Apr,4,English,Adventure,3,Anthony Russo,Chris Evans,250000000,1153304495,903304495,4.613,Yes,147,7.1,7241,Yes,198.37,$100M+,130-149 min,"5,000+",Yes
395766,The Secret,The Secret (2016),2016-04-29,2016,2010s,Apr,4,English,Drama,1,Nick Murphy ,James Nesbitt,,,,,No,200,,0,No,0.04,Unknown,150+ min,Under 50,Yes
396152,Restoration,Restoration (2016),2016-05-03,2016,2010s,May,5,English,Horror,1,Zack Ward,Emily Roya O'Brien,,,,,No,90,5.3,11,No,2.53,Unknown,90-109 min,Under 50,Yes
325133,Neighbors 2: Sorority Rising,Neighbors 2: Sorority Rising (2016),2016-05-04,2016,2010s,May,5,English,Comedy,1,Nicholas Stoller,Seth Rogen,35000000,108758521,73758521,3.107,Yes,91,5.6,1462,Yes,50.18,$10M-40M,90-109 min,"500-1,999",Yes
205588,Our Kind of Traitor,Our Kind of Traitor (2016),2016-05-05,2016,2010s,May,5,English,Thriller,1,Susanna White,Ewan McGregor,,9930095,,,No,108,6.0,160,Yes,10.55,Unknown,90-109 min,50-499,Yes
315664,Florence Foster Jenkins,Florence Foster Jenkins (2016),2016-05-06,2016,2010s,May,5,English,Comedy,2,Stephen Frears,Meryl Streep,29000000,48902953,19902953,1.686,Yes,110,6.6,392,Yes,19.24,$10M-40M,110-129 min,50-499,Yes
389425,Code of Honor,Code of Honor (2016),2016-05-06,2016,2010s,May,5,English,Action,3,Michael Winnick,Steven Seagal,8000000,,,,No,106,4.1,16,No,2.1,Under $10M,90-109 min,Under 50,Yes
153518,The Angry Birds Movie,The Angry Birds Movie (2016),2016-05-11,2016,2010s,May,5,English,Family,2,Fergal Reilly,Jason Sudeikis,73000000,349779543,276779543,4.792,Yes,97,5.9,1022,Yes,45.72,$40M-100M,90-109 min,"500-1,999",Yes
303858,Money Monster,Money Monster (2016),2016-05-12,2016,2010s,May,5,English,Thriller,1,Jodie Foster,George Clooney,27000000,93282604,66282604,3.455,Yes,98,6.5,1068,Yes,38.28,$10M-40M,90-109 min,"500-1,999",Yes
293670,The Wailing,The Wailing (2016),2016-05-12,2016,2010s,May,5,Other languages,Horror,2,Na Hong-jin,Kwak Do-won,,,,,No,156,7.2,250,Yes,9.05,Unknown,150+ min,50-499,Yes
259693,The Conjuring 2,The Conjuring 2 (2016),2016-05-13,2016,2010s,May,5,English,Horror,1,James Wan,Patrick Wilson,40000000,320170008,280170008,8.004,Yes,134,7.0,1949,Yes,68.79,$40M-100M,130-149 min,"500-1,999",Yes
246655,X-Men: Apocalypse,X-Men: Apocalypse (2016),2016-05-18,2016,2010s,May,5,English,Science Fiction,1,Bryan Singer,James McAvoy,178000000,543934787,365934787,3.056,Yes,144,6.4,4721,Yes,139.27,$100M+,130-149 min,"2,000-4,999",Yes
361475,Departure,Departure (2016),2016-05-20,2016,2010s,May,5,English,Drama,3,Andrew Steggall,Juliet Stevenson,,,,,No,109,7.5,12,No,0.43,Unknown,90-109 min,Under 50,Yes
241259,Alice Through the Looking Glass,Alice Through the Looking Glass (2016),2016-05-25,2016,2010s,May,5,English,Fantasy,1,James Bobin,Johnny Depp,170000000,299370084,129370084,1.761,Yes,113,6.5,1725,Yes,56.27,$100M+,110-129 min,"500-1,999",Yes
68735,Warcraft,Warcraft (2016),2016-05-25,2016,2010s,May,5,English,Action,3,Duncan Jones,Paula Patton,160000000,433677183,273677183,2.71,Yes,123,6.3,2268,Yes,63.15,$100M+,110-129 min,"2,000-4,999",Yes
267935,The BFG,The BFG (2016),2016-06-01,2016,2010s,Jun,6,English,Adventure,3,Steven Spielberg,Ruby Barnhill,140000000,183345589,43345589,1.31,Yes,120,6.0,1000,Yes,44.19,$100M+,110-129 min,"500-1,999",Yes
308531,Teenage Mutant Ninja Turtles: Out of the Shadows,Teenage Mutant Ninja Turtles: Out of the Shadows (2016),2016-06-01,2016,2010s,Jun,6,English,Fantasy,4,Dave Green,Megan Fox,135000000,245623848,110623848,1.819,Yes,112,5.8,963,Yes,39.87,$100M+,110-129 min,"500-1,999",Yes
291805,Now You See Me 2,Now You See Me 2 (2016),2016-06-02,2016,2010s,Jun,6,English,Action,6,Jon M. Chu,Jesse Eisenberg,90000000,334901337,244901337,3.721,Yes,129,6.7,3235,Yes,51.54,$40M-100M,110-129 min,"2,000-4,999",Yes
296096,Me Before You,Me Before You (2016),2016-06-02,2016,2010s,Jun,6,English,Drama,2,Thea Sharrock,Emilia Clarke,20000000,207945075,187945075,10.397,Yes,110,7.6,2562,Yes,53.16,$10M-40M,110-129 min,"2,000-4,999",Yes
301365,The Neon Demon,The Neon Demon (2016),2016-06-08,2016,2010s,Jun,6,English,Thriller,2,Nicolas Winding Refn,Elle Fanning,7000000,1333124,-5666876,0.19,Yes,117,6.4,887,Yes,38.15,Under $10M,110-129 min,"500-1,999",Yes
302699,Central Intelligence,Central Intelligence (2016),2016-06-15,2016,2010s,Jun,6,English,Action,2,Rawson Marshall Thurber,Dwayne Johnson,50000000,216972543,166972543,4.339,Yes,107,6.2,1650,Yes,45.32,$40M-100M,90-109 min,"500-1,999",Yes
328111,The Secret Life of Pets,The Secret Life of Pets (2016),2016-06-18,2016,2010s,Jun,6,English,Animation,2,Chris Renaud,Louis C.K.,75000000,875958308,800958308,11.679,Yes,87,5.9,3462,Yes,31.48,$40M-100M,Under 90 min,"2,000-4,999",Yes
47933,Independence Day: Resurgence,Independence Day: Resurgence (2016),2016-06-22,2016,2010s,Jun,6,English,Action,3,Roland Emmerich,Liam Hemsworth,165000000,389681935,224681935,2.362,Yes,120,4.9,2491,Yes,48.78,$100M+,110-129 min,"2,000-4,999",Yes
316152,Free State of Jones,Free State of Jones (2016),2016-06-24,2016,2010s,Jun,6,English,War,5,Gary Ross,Matthew McConaughey,50000000,25035950,-24964050,0.501,Yes,139,6.6,428,Yes,21.59,$40M-100M,130-149 min,50-499,Yes
332567,The Shallows,The Shallows (2016),2016-06-24,2016,2010s,Jun,6,English,Horror,3,Jaume Collet-Serra,Blake Lively,17000000,119100758,102100758,7.006,Yes,86,6.2,1567,Yes,60.83,$10M-40M,Under 90 min,"500-1,999",Yes
258489,The Legend of Tarzan,The Legend of Tarzan (2016),2016-06-29,2016,2010s,Jun,6,English,Action,2,David Yates,Alexander Skarsgård,180000000,356743061,176743061,1.982,Yes,109,5.5,2430,Yes,42.74,$100M+,90-109 min,"2,000-4,999",Yes
316727,The Purge: Election Year,The Purge: Election Year (2016),2016-06-29,2016,2010s,Jun,6,English,Action,3,James DeMonaco,Elizabeth Mitchell,10000000,118587880,108587880,11.859,Yes,105,6.1,1306,Yes,53.73,$10M-40M,90-109 min,"500-1,999",Yes
188927,Star Trek Beyond,Star Trek Beyond (2016),2016-07-07,2016,2010s,Jul,7,English,Action,3,Justin Lin,Chris Pine,185000000,343471816,158471816,1.857,Yes,122,6.6,2568,Yes,65.35,$100M+,110-129 min,"2,000-4,999",Yes
290825,Yoga Hosers,Yoga Hosers (2016),2016-07-08,2016,2010s,Jul,7,English,Comedy,4,Kevin Smith,Lily-Rose Depp,5000000,,,,No,88,4.7,102,Yes,8.62,Under $10M,Under 90 min,50-499,Yes
394047,The Dog Lover,The Dog Lover (2016),2016-07-08,2016,2010s,Jul,7,English,Drama,1,Alex Ranarivelo,Allison Paige,2000000,,,,No,101,5.3,6,No,1.19,Under $10M,90-109 min,Under 50,Yes
223702,Sausage Party,Sausage Party (2016),2016-07-11,2016,2010s,Jul,7,English,Adventure,4,Conrad Vernon,Seth Rogen,19000000,140752617,121752617,7.408,Yes,83,5.6,2238,Yes,66.24,$10M-40M,Under 90 min,"2,000-4,999",Yes
325789,The Infiltrator,The Infiltrator (2016),2016-07-13,2016,2010s,Jul,7,English,Crime,3,Brad Furman,Bryan Cranston,25000000,15436808,-9563192,0.617,Yes,127,6.6,573,Yes,24.67,$10M-40M,110-129 min,"500-1,999",Yes
43074,Ghostbusters,Ghostbusters (2016),2016-07-14,2016,2010s,Jul,7,English,Action,3,Paul Feig,Melissa McCarthy,144000000,229147509,85147509,1.591,Yes,116,5.3,2142,Yes,66.22,$100M+,110-129 min,"2,000-4,999",Yes
308529,Kickboxer: Vengeance,Kickboxer: Vengeance (2016),2016-07-14,2016,2010s,Jul,7,English,Action,2,John Stockwell,Alain Moussi,17000000,,,,No,90,4.5,99,Yes,6.53,$10M-40M,90-109 min,50-499,Yes
345911,Lights Out,Lights Out (2016),2016-07-21,2016,2010s,Jul,7,English,Horror,2,David F. Sandberg,Teresa Palmer,4900000,44107032,39207032,9.001,Yes,81,6.3,1129,Yes,48.17,Under $10M,Under 90 min,"500-1,999",Yes
385383,Fight Valley,Fight Valley (2016),2016-07-22,2016,2010s,Jul,7,English,Action,2,Rob Hawk,Erin O'Brien,27000000,,,,No,90,3.9,8,No,1.22,$10M-40M,90-109 min,Under 50,Yes
324668,Jason Bourne,Jason Bourne (2016),2016-07-27,2016,2010s,Jul,7,English,Action,2,Paul Greengrass,Matt Damon,120000000,415484914,295484914,3.462,Yes,123,5.9,2341,Yes,62.64,$100M+,110-129 min,"2,000-4,999",Yes
328387,Nerve,Nerve (2016),2016-07-27,2016,2010s,Jul,7,English,Mystery,3,Henry Joost,Emma Roberts,20000000,83707310,63707310,4.185,Yes,96,7.1,2181,Yes,62.93,$10M-40M,90-109 min,"2,000-4,999",Yes
407887,Operation Chromite,Operation Chromite (2016),2016-07-27,2016,2010s,Jul,7,Other languages,History,4,John H. Lee,Lee Jung-jae,,,,,No,110,5.8,29,No,6.12,Unknown,110-129 min,Under 50,Yes
376659,Bad Moms,Bad Moms (2016),2016-07-28,2016,2010s,Jul,7,English,Comedy,1,Jon Lucas,Mila Kunis,20000000,183936074,163936074,9.197,Yes,100,6.3,1252,Yes,42.51,$10M-40M,90-109 min,"500-1,999",Yes
315011,Shin Godzilla,Shin Godzilla (2016),2016-07-29,2016,2010s,Jul,7,Other languages,Action,5,Hideaki Anno,Hiroki Hasegawa,15000000,77000000,62000000,5.133,Yes,120,6.5,143,Yes,9.48,$10M-40M,110-129 min,50-499,Yes
340611,Indignation,Indignation (2016),2016-07-29,2016,2010s,Jul,7,English,Drama,1,James Schamus,Logan Lerman,,,,,No,110,6.8,69,Yes,5.63,Unknown,110-129 min,50-499,Yes
297761,Suicide Squad,Suicide Squad (2016),2016-08-02,2016,2010s,Aug,8,English,Action,5,David Ayer,Will Smith,175000000,745000000,570000000,4.257,Yes,123,5.9,7458,Yes,90.24,$100M+,110-129 min,"5,000+",Yes
294272,Pete's Dragon,Pete's Dragon (2016),2016-08-10,2016,2010s,Aug,8,English,Adventure,3,David Lowery,Bryce Dallas Howard,65000000,143695338,78695338,2.211,Yes,102,6.2,679,Yes,31.97,$40M-100M,90-109 min,"500-1,999",Yes
271969,Ben-Hur,Ben-Hur (2016),2016-08-17,2016,2010s,Aug,8,English,Drama,1,Timur Bekmambetov,Jack Huston,100000000,94061311,-5938689,0.941,Yes,125,5.3,621,Yes,29.61,$100M+,110-129 min,"500-1,999",Yes
184341,Hands of Stone,Hands of Stone (2016),2016-08-26,2016,2010s,Aug,8,English,Drama,1,Jonathan Jakubowicz,Robert De Niro,20000000,,,,No,105,6.1,109,Yes,7.44,$10M-40M,90-109 min,50-499,Yes
332285,Antibirth,Antibirth (2016),2016-09-02,2016,2010s,Sep,9,English,Horror,1,Danny Perez,Natasha Lyonne,35000000,,,,No,94,4.8,40,No,3.67,$10M-40M,90-109 min,Under 50,Yes
385736,Kicks,Kicks (2016),2016-09-09,2016,2010s,Sep,9,English,Adventure,1,Justin Tipping,Mahershala Ali,,,,,No,80,7.5,18,No,3.47,Unknown,Under 90 min,Under 50,Yes
339408,The Birth of a Nation,The Birth of a Nation (2016),2016-09-09,2016,2010s,Sep,9,English,Drama,1,Nate Parker,Nate Parker,8500000,15861566,7361566,1.866,Yes,120,6.5,178,Yes,9.45,Under $10M,110-129 min,50-499,Yes
374461,Mr. Church,Mr. Church (2016),2016-09-16,2016,2010s,Sep,9,English,Drama,1,Bruce Beresford,Eddie Murphy,8000000,,,,No,104,7.0,129,Yes,7.83,Under $10M,90-109 min,50-499,Yes
325373,Two Lovers and a Bear,Two Lovers and a Bear (2016),2016-10-02,2016,2010s,Oct,10,English,Drama,2,Kim Nguyen,Dane DeHaan,,,,,No,96,6.8,27,No,3.14,Unknown,90-109 min,Under 50,Yes
426469,Growing Up Smith,Growing Up Smith (2017),2017-02-03,2017,2010s,Feb,2,English,Comedy,3,Frank Lotito,Roni Akurati,,,,,No,102,7.4,7,No,0.71,Unknown,90-109 min,Under 50,Yes
