Date,Year,Month,MonthName,Quarter,Season,YearMonth,DayOfYear,MinTemp,MaxTemp,Rainfall,Evaporation,Sunshine,WindGustDir,WindGustSpeed,WindDir9am,WindDir3pm,WindSpeed9am,WindSpeed3pm,Humidity9am,Humidity3pm,Pressure9am,Pressure3pm,Cloud9am,Cloud3pm,Temp9am,Temp3pm,RainToday,RainTomorrow,RainToday_Flag,RainTomorrow_Flag,WindGust_Placeholder,Cloud_Placeholder,Temp3pm_BelowMin,IsRainDay,MeanTemp,TempRange,TempChange_9to3,HumidityDrop_9to3,PressureChange_9to3,AvgWindSpeed,RainCategory,HeatCategory,GustCategory,MaxTemp_Z,MinTemp_Z,Humidity3pm_Z,WindGustSpeed_Z,Pressure9am_Z,AnomalyType,IsAnomaly
2008-02-01,2008,2,Feb,1,Summer,2008-02,32,19.5,22.4,15.6,6.2,0.0,,,S,SSW,17,20,92,84,1017.6,1017.4,8.0,8.0,20.7,20.9,Yes,Yes,1,1,1,0,0,1,20.95,2.9,0.2,8,-0.2,18.5,Moderate (10-25),Warm (20-30),,-1.41,-0.33,1.83,,0.36,,0
2008-02-02,2008,2,Feb,1,Summer,2008-02,33,19.5,25.6,6.0,3.4,2.7,,,W,E,9,13,83,73,1017.9,1016.4,7.0,7.0,22.4,24.8,Yes,Yes,1,1,1,0,0,1,22.55,6.1,2.4,10,-1.5,11.0,Light (1-10),Warm (20-30),,-0.4,-0.33,0.96,,0.42,,0
2008-02-03,2008,2,Feb,1,Summer,2008-02,34,21.6,24.5,6.6,2.4,0.1,,,ESE,ESE,17,2,88,86,1016.7,1015.6,7.0,8.0,23.5,23.0,Yes,Yes,1,1,1,0,0,1,23.05,2.9,-0.5,2,-1.1,9.5,Light (1-10),Warm (20-30),,-0.75,0.67,1.99,,0.2,,0
2008-02-04,2008,2,Feb,1,Summer,2008-02,35,20.2,22.8,18.8,2.2,0.0,,,NNE,E,22,20,83,90,1014.2,1011.8,8.0,8.0,21.4,20.9,Yes,Yes,1,1,1,0,0,1,21.5,2.6,-0.5,-7,-2.4,21.0,Moderate (10-25),Warm (20-30),,-1.28,0.01,2.31,,-0.24,,0
2008-02-05,2008,2,Feb,1,Summer,2008-02,36,19.7,25.7,77.4,4.8,0.0,,,NNE,W,11,6,88,74,1008.3,1004.8,8.0,8.0,22.5,25.5,Yes,Yes,1,1,1,0,0,1,22.7,6.0,3.0,14,-3.5,8.5,Very heavy (>50),Warm (20-30),,-0.37,-0.23,1.04,,-1.29,Extreme rain,1
2008-02-06,2008,2,Feb,1,Summer,2008-02,37,20.2,27.2,1.6,2.6,8.6,,,W,ENE,9,22,69,62,1002.7,998.6,6.0,6.0,23.8,26.0,Yes,Yes,1,1,1,0,0,1,23.7,7.0,2.2,7,-4.1,15.5,Light (1-10),Warm (20-30),,0.1,0.01,0.09,,-2.28,,0
2008-02-07,2008,2,Feb,1,Summer,2008-02,38,18.6,26.3,6.2,5.2,5.2,,,W,S,15,15,75,80,999.0,1000.3,4.0,7.0,21.7,22.3,Yes,Yes,1,1,1,0,0,1,22.45,7.7,0.6,-5,1.3,15.0,Light (1-10),Warm (20-30),,-0.18,-0.76,1.52,,-2.94,,0
2008-02-08,2008,2,Feb,1,Summer,2008-02,39,17.2,22.3,27.6,5.8,2.1,,,S,SE,7,15,77,61,1008.3,1007.4,7.0,8.0,18.9,21.1,Yes,Yes,1,1,1,0,0,1,19.75,5.1,2.2,16,-0.9,11.0,Heavy (25-50),Warm (20-30),,-1.44,-1.42,0.01,,-1.29,,0
2008-02-09,2008,2,Feb,1,Summer,2008-02,40,16.4,20.8,12.6,4.8,3.0,,,SSW,W,19,9,92,91,1006.4,1007.6,7.0,7.0,17.1,16.5,Yes,Yes,1,1,1,0,0,1,18.6,4.4,-0.6,1,1.2,14.0,Moderate (10-25),Warm (20-30),,-1.91,-1.8,2.38,,-1.62,,0
2008-02-10,2008,2,Feb,1,Summer,2008-02,41,14.6,24.2,8.8,4.4,10.1,,,W,SSE,11,20,80,53,1014.0,1013.4,4.0,2.0,17.2,23.3,Yes,No,1,0,1,0,0,1,19.4,9.6,6.1,27,-0.6,15.5,Light (1-10),Warm (20-30),,-0.84,-2.66,-0.62,,-0.28,,0
2008-02-11,2008,2,Feb,1,Summer,2008-02,42,16.4,23.9,0.0,6.4,8.0,,,WNW,E,9,26,78,53,1017.6,1015.3,7.0,8.0,18.9,23.7,No,No,0,0,1,0,0,0,20.15,7.5,4.8,25,-2.3,17.5,Dry (<=1 mm),Warm (20-30),,-0.94,-1.8,-0.62,,0.36,,0
2008-02-12,2008,2,Feb,1,Summer,2008-02,43,18.9,27.3,0.0,6.8,6.7,,,N,NE,7,24,68,67,1010.7,1007.5,7.0,7.0,22.9,24.7,No,Yes,0,1,1,0,0,0,23.1,8.4,1.8,1,-3.2,15.5,Dry (<=1 mm),Warm (20-30),,0.13,-0.61,0.49,,-0.86,,0
2008-02-13,2008,2,Feb,1,Summer,2008-02,44,18.4,22.8,14.4,7.0,3.3,,,S,S,24,30,87,70,1009.2,1011.7,8.0,7.0,20.9,21.0,Yes,Yes,1,1,1,0,0,1,20.6,4.4,0.1,17,2.5,27.0,Moderate (10-25),Warm (20-30),,-1.28,-0.85,0.73,,-1.13,,0
2008-02-14,2008,2,Feb,1,Summer,2008-02,45,16.9,24.3,3.0,3.2,8.7,,,SSW,SSE,15,19,81,51,1017.2,1016.5,7.0,1.0,18.4,23.3,Yes,No,1,0,1,0,0,1,20.6,7.4,4.9,30,-0.7,17.0,Light (1-10),Warm (20-30),,-0.81,-1.57,-0.78,,0.29,,0
2008-02-15,2008,2,Feb,1,Summer,2008-02,46,18.3,24.4,0.0,6.2,8.5,,,SW,SSE,19,22,80,56,1020.2,1018.9,7.0,3.0,19.5,23.8,No,No,0,0,1,0,0,0,21.35,6.1,4.3,24,-1.3,20.5,Dry (<=1 mm),Warm (20-30),,-0.78,-0.9,-0.38,,0.82,,0
2008-02-16,2008,2,Feb,1,Summer,2008-02,47,16.7,24.1,0.0,6.2,8.8,,,WNW,SSE,11,26,77,52,1023.0,1022.6,7.0,6.0,19.8,23.3,No,No,0,0,1,0,0,0,20.4,7.4,3.5,25,-0.4,18.5,Dry (<=1 mm),Warm (20-30),,-0.87,-1.66,-0.7,,1.32,,0
2008-02-17,2008,2,Feb,1,Summer,2008-02,48,19.5,24.8,0.0,7.6,3.2,,,SE,ESE,13,24,63,62,1024.7,1023.1,7.0,7.0,21.8,23.4,No,No,0,0,1,0,0,0,22.15,5.3,1.6,1,-1.6,18.5,Dry (<=1 mm),Warm (20-30),,-0.65,-0.33,0.09,,1.62,,0
2008-02-18,2008,2,Feb,1,Summer,2008-02,49,18.6,25.3,0.0,4.2,4.5,,,SSE,ENE,13,24,70,59,1021.7,1019.4,7.0,6.0,21.2,23.8,No,No,0,0,1,0,0,0,21.95,6.7,2.6,11,-2.3,18.5,Dry (<=1 mm),Warm (20-30),,-0.5,-0.76,-0.14,,1.09,,0
2008-02-19,2008,2,Feb,1,Summer,2008-02,50,19.0,24.8,0.0,5.2,7.5,,,WNW,E,7,17,79,65,1018.0,1015.4,7.0,7.0,20.8,23.4,No,No,0,0,1,0,0,0,21.9,5.8,2.6,14,-2.6,12.0,Dry (<=1 mm),Warm (20-30),,-0.65,-0.57,0.33,,0.43,,0
2008-02-20,2008,2,Feb,1,Summer,2008-02,51,18.3,26.4,0.0,4.6,11.1,,,W,E,13,22,80,60,1013.4,1010.8,3.0,1.0,21.3,25.2,No,No,0,0,1,0,0,0,22.35,8.1,3.9,20,-2.6,17.5,Dry (<=1 mm),Warm (20-30),,-0.15,-0.9,-0.06,,-0.38,,0
2008-02-21,2008,2,Feb,1,Summer,2008-02,52,20.6,26.8,0.0,6.8,6.4,,,WNW,SE,4,15,86,62,1011.4,1009.7,7.0,7.0,22.1,24.9,No,No,0,0,1,0,0,0,23.7,6.2,2.8,24,-1.7,9.5,Dry (<=1 mm),Warm (20-30),,-0.03,0.2,0.09,,-0.74,,0
2008-02-22,2008,2,Feb,1,Summer,2008-02,53,19.1,25.4,0.4,4.4,9.4,,,WNW,E,11,28,77,66,1009.2,1003.1,4.0,1.0,22.3,24.9,No,No,0,0,1,0,0,0,22.25,6.3,2.6,11,-6.1,19.5,Dry (<=1 mm),Warm (20-30),,-0.46,-0.52,0.41,,-1.13,,0
2008-02-23,2008,2,Feb,1,Summer,2008-02,54,20.5,26.0,0.0,6.6,12.2,,,WSW,ESE,20,24,38,45,1007.4,1007.0,1.0,1.0,22.5,24.0,No,No,0,0,1,0,0,0,23.25,5.5,1.5,-7,-0.4,22.0,Dry (<=1 mm),Warm (20-30),,-0.28,0.15,-1.25,,-1.45,,0
2008-02-24,2008,2,Feb,1,Summer,2008-02,55,16.5,28.3,0.0,8.6,12.0,,,WNW,ESE,11,24,48,40,1007.9,1008.0,0.0,0.0,21.2,26.1,No,No,0,0,1,0,0,0,22.4,11.8,4.9,8,0.1,17.5,Dry (<=1 mm),Warm (20-30),,0.45,-1.76,-1.64,,-1.36,,0
2008-02-25,2008,2,Feb,1,Summer,2008-02,56,20.5,24.2,0.0,8.6,1.5,,,E,E,15,20,58,54,1017.5,1016.9,7.0,7.0,21.6,23.5,No,No,0,0,1,0,0,0,22.35,3.7,1.9,4,-0.6,17.5,Dry (<=1 mm),Warm (20-30),,-0.84,0.15,-0.54,,0.35,,0
2008-02-26,2008,2,Feb,1,Summer,2008-02,57,19.3,26.2,0.0,3.6,8.4,,,WSW,E,2,28,73,65,1018.3,1015.6,1.0,6.0,23.0,25.8,No,Yes,0,1,1,0,0,0,22.75,6.9,2.8,8,-2.7,15.0,Dry (<=1 mm),Warm (20-30),,-0.21,-0.42,0.33,,0.49,,0
2008-02-27,2008,2,Feb,1,Summer,2008-02,58,19.0,29.0,22.2,8.2,3.3,,,W,NNE,0,15,82,52,1014.1,1010.6,7.0,7.0,21.3,24.7,Yes,Yes,1,1,1,0,0,1,24.0,10.0,3.4,30,-3.5,7.5,Moderate (10-25),Warm (20-30),,0.67,-0.57,-0.7,,-0.26,,0
2008-02-28,2008,2,Feb,1,Summer,2008-02,59,17.9,21.4,4.2,4.2,0.0,,,S,ESE,20,9,77,88,1010.0,1010.1,8.0,8.0,20.4,19.2,Yes,Yes,1,1,1,0,0,1,19.65,3.5,-1.2,-11,0.1,14.5,Light (1-10),Warm (20-30),,-1.72,-1.09,2.15,,-0.98,,0
2008-02-29,2008,2,Feb,1,Summer,2008-02,60,14.7,20.6,33.0,7.0,8.9,,,SW,S,24,28,65,51,1015.3,1015.6,5.0,3.0,17.1,19.9,Yes,No,1,0,1,0,0,1,17.65,5.9,2.8,14,0.3,26.0,Heavy (25-50),Warm (20-30),,-1.97,-2.62,-0.78,,-0.04,,0
2008-03-01,2008,3,Mar,1,Autumn,2008-03,61,12.8,22.0,0.2,6.2,11.3,,,W,SSE,19,31,55,46,1020.9,1020.6,0.0,1.0,15.9,21.2,No,Yes,0,1,1,0,0,0,17.4,9.2,5.3,9,-0.3,25.0,Dry (<=1 mm),Warm (20-30),,-1.58,-2.82,-1.07,,0.52,,0
2008-03-02,2008,3,Mar,1,Autumn,2008-03,62,14.2,23.4,5.4,6.4,7.3,,,W,SE,13,17,93,54,1026.2,1025.2,7.0,2.0,15.1,22.4,Yes,No,1,0,1,0,0,1,18.8,9.2,7.3,39,-1.0,15.0,Light (1-10),Warm (20-30),,-1.01,-2.17,-0.45,,1.52,,0
2008-03-03,2008,3,Mar,1,Autumn,2008-03,63,15.0,23.1,0.2,2.6,11.2,,,W,ENE,15,19,78,57,1025.8,1022.5,1.0,1.0,18.2,22.5,No,No,0,0,1,0,0,0,19.05,8.1,4.3,21,-3.3,17.0,Dry (<=1 mm),Warm (20-30),,-1.14,-1.8,-0.22,,1.44,,0
2008-03-04,2008,3,Mar,1,Autumn,2008-03,64,15.5,25.4,0.0,6.8,11.3,,,WNW,E,9,19,77,57,1020.5,1018.6,0.0,2.0,18.7,23.8,No,No,0,0,1,0,0,0,20.45,9.9,5.1,20,-1.9,14.0,Dry (<=1 mm),Warm (20-30),,-0.2,-1.56,-0.22,,0.45,,0
2008-03-05,2008,3,Mar,1,Autumn,2008-03,65,18.7,25.8,0.0,6.0,8.7,,,S,ESE,19,22,72,64,1024.8,1024.2,6.0,3.0,22.6,24.1,No,No,0,0,1,0,0,0,22.25,7.1,1.5,8,-0.6,20.5,Dry (<=1 mm),Warm (20-30),,-0.03,-0.07,0.32,,1.25,,0
2008-03-06,2008,3,Mar,1,Autumn,2008-03,66,19.6,26.0,0.0,5.0,10.4,,,N,ENE,11,19,67,65,1024.2,1019.8,1.0,1.0,22.1,24.7,No,No,0,0,1,0,0,0,22.8,6.4,2.6,2,-4.4,15.0,Dry (<=1 mm),Warm (20-30),,0.05,0.35,0.4,,1.14,,0
2008-03-07,2008,3,Mar,1,Autumn,2008-03,67,19.9,24.9,0.0,7.6,4.5,,,SSW,SSE,13,24,83,75,1021.3,1020.7,5.0,7.0,22.9,23.3,No,Yes,0,1,1,0,0,0,22.4,5.0,0.4,8,-0.6,18.5,Dry (<=1 mm),Warm (20-30),,-0.4,0.49,1.17,,0.6,,0
2008-03-08,2008,3,Mar,1,Autumn,2008-03,68,16.5,24.8,17.4,6.0,9.6,,,WNW,E,9,22,88,71,1023.4,1022.3,1.0,2.0,18.8,21.5,Yes,No,1,0,1,0,0,1,20.65,8.3,2.7,17,-1.1,15.5,Moderate (10-25),Warm (20-30),,-0.44,-1.1,0.87,,0.99,,0
2008-03-09,2008,3,Mar,1,Autumn,2008-03,69,16.4,24.3,0.0,4.6,10.2,,,W,E,9,19,82,64,1025.5,1025.2,1.0,2.0,19.7,23.8,No,No,0,0,1,0,0,0,20.35,7.9,4.1,18,-0.3,14.0,Dry (<=1 mm),Warm (20-30),,-0.65,-1.15,0.32,,1.39,,0
2008-03-10,2008,3,Mar,1,Autumn,2008-03,70,19.3,26.3,0.0,4.6,10.8,,,WNW,NE,9,24,76,50,1025.1,1022.5,1.0,0.0,22.9,25.5,No,No,0,0,1,0,0,0,22.8,7.0,2.6,26,-2.6,16.5,Dry (<=1 mm),Warm (20-30),,0.17,0.21,-0.76,,1.31,,0
2008-03-11,2008,3,Mar,1,Autumn,2008-03,71,18.6,26.1,0.0,7.6,11.3,,,ENE,E,2,20,72,58,1022.0,1021.4,0.0,0.0,21.9,26.0,No,No,0,0,1,0,0,0,22.35,7.5,4.1,14,-0.6,11.0,Dry (<=1 mm),Warm (20-30),,0.09,-0.12,-0.14,,0.73,,0
2008-03-12,2008,3,Mar,1,Autumn,2008-03,72,19.3,26.4,0.0,7.0,11.1,,,W,NE,7,22,77,60,1021.9,1018.8,1.0,1.0,22.2,25.0,No,No,0,0,1,0,0,0,22.85,7.1,2.8,17,-3.1,14.5,Dry (<=1 mm),Warm (20-30),,0.21,0.21,0.02,,0.71,,0
2008-03-13,2008,3,Mar,1,Autumn,2008-03,73,19.2,26.1,0.0,6.0,10.6,,,WNW,ESE,6,20,84,69,1019.7,1019.0,1.0,4.0,22.4,25.3,No,No,0,0,1,0,0,0,22.65,6.9,2.9,15,-0.7,13.0,Dry (<=1 mm),Warm (20-30),,0.09,0.16,0.71,,0.3,,0
2008-03-14,2008,3,Mar,1,Autumn,2008-03,74,18.8,26.0,0.0,5.4,11.0,,,W,ENE,9,24,84,62,1022.8,1020.0,3.0,1.0,21.8,25.7,No,No,0,0,1,0,0,0,22.4,7.2,3.9,22,-2.8,16.5,Dry (<=1 mm),Warm (20-30),,0.05,-0.03,0.17,,0.88,,0
2008-03-15,2008,3,Mar,1,Autumn,2008-03,75,19.3,26.1,0.0,7.0,11.3,,,NW,ENE,2,20,80,64,1022.1,1020.9,1.0,1.0,22.5,25.6,No,No,0,0,1,0,0,0,22.7,6.8,3.1,16,-1.2,11.0,Dry (<=1 mm),Warm (20-30),,0.09,0.21,0.32,,0.75,,0
2008-03-16,2008,3,Mar,1,Autumn,2008-03,76,19.7,25.8,0.0,5.6,10.1,,,W,E,7,24,81,69,1024.6,1022.6,2.0,2.0,22.8,24.7,No,No,0,0,1,0,0,0,22.75,6.1,1.9,12,-2.0,15.5,Dry (<=1 mm),Warm (20-30),,-0.03,0.39,0.71,,1.22,,0
2008-03-17,2008,3,Mar,1,Autumn,2008-03,77,19.5,25.7,0.0,6.4,10.0,,,WNW,E,4,19,82,60,1024.8,1022.8,4.0,1.0,22.0,25.4,No,No,0,0,1,0,0,0,22.6,6.2,3.4,22,-2.0,11.5,Dry (<=1 mm),Warm (20-30),,-0.07,0.3,0.02,,1.25,,0
2008-03-18,2008,3,Mar,1,Autumn,2008-03,78,19.0,26.7,0.0,8.0,9.7,,,N,ENE,11,20,73,58,1023.3,1020.0,0.0,2.0,22.2,25.6,No,No,0,0,1,0,0,0,22.85,7.7,3.4,15,-3.3,15.5,Dry (<=1 mm),Warm (20-30),,0.33,0.07,-0.14,,0.97,,0
2008-03-19,2008,3,Mar,1,Autumn,2008-03,79,19.9,26.9,0.0,6.6,6.3,,,SSE,E,7,13,70,60,1021.2,1019.4,5.0,7.0,23.9,24.9,No,No,0,0,1,0,0,0,23.4,7.0,1.0,10,-1.8,10.0,Dry (<=1 mm),Warm (20-30),,0.42,0.49,0.02,,0.58,,0
2008-03-20,2008,3,Mar,1,Autumn,2008-03,80,19.7,28.1,0.0,6.0,10.4,,,NNE,NE,6,17,70,58,1014.3,1009.6,2.0,2.0,23.5,27.6,No,No,0,0,1,0,0,0,23.9,8.4,4.1,12,-4.7,11.5,Dry (<=1 mm),Warm (20-30),,0.91,0.39,-0.14,,-0.72,,0
2008-03-21,2008,3,Mar,1,Autumn,2008-03,81,17.7,19.6,1.0,7.0,0.0,,,S,SSW,26,22,87,80,1017.3,1018.9,8.0,8.0,17.8,18.4,No,Yes,0,1,1,0,0,0,18.65,1.9,0.6,7,1.6,24.0,Dry (<=1 mm),Mild (<20),,-2.56,-0.54,1.56,,-0.15,,0
2008-03-22,2008,3,Mar,1,Autumn,2008-03,82,16.9,23.2,2.2,2.2,0.6,,,ESE,E,24,30,81,60,1022.8,1022.2,7.0,7.0,19.6,21.7,Yes,No,1,0,1,0,0,1,20.05,6.3,2.1,21,-0.6,27.0,Light (1-10),Warm (20-30),,-1.09,-0.91,0.02,,0.88,,0
2008-03-23,2008,3,Mar,1,Autumn,2008-03,83,16.3,24.8,0.4,4.0,6.1,,,WNW,ESE,9,13,82,57,1023.1,1020.6,5.0,6.0,18.5,24.8,No,Yes,0,1,1,0,0,0,20.55,8.5,6.3,25,-2.5,11.0,Dry (<=1 mm),Warm (20-30),,-0.44,-1.19,-0.22,,0.93,,0
2008-03-24,2008,3,Mar,1,Autumn,2008-03,84,18.5,24.3,17.0,2.6,8.0,,,NNW,ENE,7,26,95,72,1018.7,1015.3,6.0,2.0,19.9,23.3,Yes,No,1,0,1,0,0,1,21.4,5.8,3.4,23,-3.4,16.5,Moderate (10-25),Warm (20-30),,-0.65,-0.17,0.94,,0.11,,0
2008-03-25,2008,3,Mar,1,Autumn,2008-03,85,19.8,27.5,0.4,6.4,2.5,,,NE,NNW,4,17,81,58,1011.1,1006.9,5.0,7.0,21.4,27.0,No,Yes,0,1,1,0,0,0,23.65,7.7,5.6,23,-4.2,10.5,Dry (<=1 mm),Warm (20-30),,0.66,0.44,-0.14,,-1.32,,0
2008-03-26,2008,3,Mar,1,Autumn,2008-03,86,17.0,27.2,19.0,2.4,10.5,,,W,NW,0,6,76,38,1008.9,1007.9,1.0,5.0,20.5,27.1,Yes,No,1,0,1,0,0,1,22.1,10.2,6.6,38,-1.0,3.0,Moderate (10-25),Warm (20-30),,0.54,-0.87,-1.68,,-1.73,,0
2008-03-27,2008,3,Mar,1,Autumn,2008-03,87,15.0,23.6,0.0,5.8,11.0,,,W,ESE,20,19,52,42,1014.7,1013.4,1.0,1.0,17.5,21.8,No,No,0,0,1,0,0,0,19.3,8.6,4.3,10,-1.3,19.5,Dry (<=1 mm),Warm (20-30),,-0.93,-1.8,-1.38,,-0.64,,0
2008-03-28,2008,3,Mar,1,Autumn,2008-03,88,15.2,21.7,0.0,2.6,8.3,,,SSW,SE,13,17,71,51,1017.1,1016.2,4.0,3.0,18.3,21.2,No,No,0,0,1,0,0,0,18.45,6.5,2.9,20,-0.9,15.0,Dry (<=1 mm),Warm (20-30),,-1.71,-1.7,-0.68,,-0.19,,0
2008-03-29,2008,3,Mar,1,Autumn,2008-03,89,14.4,22.9,0.2,4.8,9.3,,,W,E,15,15,85,65,1015.4,1011.2,3.0,2.0,16.7,21.7,No,No,0,0,1,0,0,0,18.65,8.5,5.0,20,-4.2,15.0,Dry (<=1 mm),Warm (20-30),,-1.22,-2.08,0.4,,-0.51,,0
2008-03-30,2008,3,Mar,1,Autumn,2008-03,90,13.1,26.8,0.0,4.6,10.9,,,W,WNW,22,15,61,22,1013.0,1009.0,0.0,1.0,16.9,25.9,No,No,0,0,1,0,0,0,19.95,13.7,9.0,39,-4.0,18.5,Dry (<=1 mm),Warm (20-30),,0.37,-2.68,-2.92,,-0.96,,0
2008-03-31,2008,3,Mar,1,Autumn,2008-03,91,13.5,25.6,0.0,5.8,10.4,,,WNW,WNW,9,17,57,31,1015.0,1012.5,4.0,1.0,16.3,24.9,No,No,0,0,1,0,0,0,19.55,12.1,8.6,26,-2.5,13.0,Dry (<=1 mm),Warm (20-30),,-0.11,-2.5,-2.23,,-0.58,,0
2008-04-01,2008,4,Apr,2,Autumn,2008-04,92,13.7,23.9,0.0,6.6,11.0,,,W,ESE,20,15,55,54,1023.0,1021.5,1.0,1.0,16.7,23.3,No,No,0,0,1,0,0,0,18.8,10.2,6.6,1,-1.5,17.5,Dry (<=1 mm),Warm (20-30),,0.15,-0.72,-0.23,,0.44,,0
2008-04-02,2008,4,Apr,2,Autumn,2008-04,93,14.1,28.7,0.0,3.8,10.5,,,W,N,6,22,75,34,1019.0,1012.4,1.0,7.0,17.8,28.0,No,No,0,0,1,0,0,0,21.4,14.6,10.2,41,-6.6,14.0,Dry (<=1 mm),Warm (20-30),,1.87,-0.55,-1.53,,-0.28,,0
2008-04-03,2008,4,Apr,2,Autumn,2008-04,94,16.4,22.2,0.0,10.6,9.7,,,SW,WSW,26,20,42,21,1009.9,1010.8,6.0,1.0,16.6,21.2,No,No,0,0,1,0,0,0,19.3,5.8,4.6,21,0.9,23.0,Dry (<=1 mm),Warm (20-30),,-0.46,0.45,-2.38,,-1.89,,0
2008-04-04,2008,4,Apr,2,Autumn,2008-04,95,11.2,22.2,0.0,7.6,10.6,,,W,E,24,15,47,37,1020.8,1019.2,1.0,0.0,13.9,21.0,No,No,0,0,1,0,0,0,16.7,11.0,7.1,10,-1.6,19.5,Dry (<=1 mm),Warm (20-30),,-0.46,-1.81,-1.34,,0.04,,0
2008-04-05,2008,4,Apr,2,Autumn,2008-04,96,11.6,22.7,0.0,4.2,10.7,,,WNW,E,13,17,71,50,1024.5,1023.4,0.0,1.0,15.2,21.0,No,No,0,0,1,0,0,0,17.15,11.1,5.8,21,-1.1,15.0,Dry (<=1 mm),Warm (20-30),,-0.28,-1.64,-0.49,,0.7,,0
2008-04-06,2008,4,Apr,2,Autumn,2008-04,97,13.1,22.7,0.0,3.6,6.4,,,W,ESE,13,20,71,55,1027.2,1024.6,5.0,6.0,17.7,22.1,No,Yes,0,1,1,0,0,0,17.9,9.6,4.4,16,-2.6,16.5,Dry (<=1 mm),Warm (20-30),,-0.28,-0.99,-0.17,,1.18,,0
2008-04-07,2008,4,Apr,2,Autumn,2008-04,98,15.3,22.0,12.0,3.2,4.7,,,SSW,SSE,11,15,83,70,1026.3,1024.2,5.0,6.0,18.2,19.8,Yes,Yes,1,1,1,0,0,1,18.65,6.7,1.6,13,-2.1,13.0,Moderate (10-25),Warm (20-30),,-0.54,-0.03,0.81,,1.02,,0
2008-04-08,2008,4,Apr,2,Autumn,2008-04,99,14.6,22.1,9.6,5.4,5.1,,,SE,SE,20,17,86,75,1026.5,1024.1,6.0,6.0,17.0,18.9,Yes,Yes,1,1,1,0,0,1,18.35,7.5,1.9,11,-2.4,18.5,Light (1-10),Warm (20-30),,-0.5,-0.33,1.13,,1.06,,0
2008-04-09,2008,4,Apr,2,Autumn,2008-04,100,15.6,22.2,22.8,5.4,5.8,,,W,E,13,20,96,62,1024.6,1021.4,7.0,5.0,16.3,21.1,Yes,Yes,1,1,1,0,0,1,18.9,6.6,4.8,34,-3.2,16.5,Moderate (10-25),Warm (20-30),,-0.46,0.11,0.29,,0.72,,0
2008-04-10,2008,4,Apr,2,Autumn,2008-04,101,13.8,22.7,2.2,3.6,10.6,,,W,E,15,15,77,60,1022.1,1019.7,5.0,1.0,18.7,21.9,Yes,No,1,0,1,0,0,1,18.25,8.9,3.2,17,-2.4,15.0,Light (1-10),Warm (20-30),,-0.28,-0.68,0.16,,0.28,,0
2008-04-11,2008,4,Apr,2,Autumn,2008-04,102,14.1,23.5,0.0,3.2,8.9,,,W,E,15,15,83,61,1020.1,1017.5,4.0,2.0,17.1,22.1,No,No,0,0,1,0,0,0,18.8,9.4,5.0,22,-2.6,15.0,Dry (<=1 mm),Warm (20-30),,0.0,-0.55,0.22,,-0.08,,0
2008-04-12,2008,4,Apr,2,Autumn,2008-04,103,14.0,23.8,0.0,4.0,7.8,,,W,E,11,9,79,59,1018.6,1016.0,7.0,4.0,17.6,22.2,No,No,0,0,1,0,0,0,18.9,9.8,4.6,20,-2.6,10.0,Dry (<=1 mm),Warm (20-30),,0.11,-0.59,0.09,,-0.35,,0
2008-04-13,2008,4,Apr,2,Autumn,2008-04,104,15.1,22.7,0.0,1.8,6.6,,,W,ESE,11,4,81,75,1016.4,1013.4,5.0,6.0,17.4,19.7,No,Yes,0,1,1,0,0,0,18.9,7.6,2.3,6,-3.0,7.5,Dry (<=1 mm),Warm (20-30),,-0.28,-0.11,1.13,,-0.74,,0
2008-04-14,2008,4,Apr,2,Autumn,2008-04,105,13.2,18.9,11.0,3.2,5.2,,,SSW,S,19,30,82,64,1019.6,1019.2,7.0,3.0,15.9,18.8,Yes,Yes,1,1,1,0,0,1,16.05,5.7,2.9,18,-0.4,24.5,Moderate (10-25),Mild (<20),,-1.65,-0.94,0.42,,-0.17,,0
2008-04-15,2008,4,Apr,2,Autumn,2008-04,106,13.8,19.7,2.8,2.8,1.7,,,SW,S,20,22,85,71,1025.4,1023.9,7.0,7.0,15.9,19.0,Yes,Yes,1,1,1,0,0,1,16.75,5.9,3.1,14,-1.5,21.0,Light (1-10),Mild (<20),,-1.36,-0.68,0.87,,0.86,,0
2008-04-16,2008,4,Apr,2,Autumn,2008-04,107,13.8,20.9,1.4,4.6,2.2,,,SSW,SSW,15,20,78,85,1026.4,1024.6,7.0,8.0,17.2,16.2,Yes,Yes,1,1,1,0,0,1,17.35,7.1,-1.0,-7,-1.8,17.5,Light (1-10),Warm (20-30),,-0.93,-0.68,1.78,,1.04,,0
2008-04-17,2008,4,Apr,2,Autumn,2008-04,108,14.9,19.7,4.6,1.4,0.8,,,SSW,S,17,13,91,72,1025.1,1023.4,7.0,7.0,16.4,19.4,Yes,Yes,1,1,1,0,0,1,17.3,4.8,3.0,19,-1.7,15.0,Light (1-10),Mild (<20),,-1.36,-0.2,0.94,,0.81,,0
2008-04-18,2008,4,Apr,2,Autumn,2008-04,109,15.3,20.0,6.4,3.2,0.3,,,W,SSE,4,15,94,75,1025.4,1023.7,8.0,7.0,16.4,19.6,Yes,Yes,1,1,1,0,0,1,17.65,4.7,3.2,19,-1.7,9.5,Light (1-10),Warm (20-30),,-1.25,-0.03,1.13,,0.86,,0
2008-04-19,2008,4,Apr,2,Autumn,2008-04,110,15.9,21.4,5.0,4.8,5.0,,,SE,SE,22,24,51,61,1027.2,1026.1,6.0,7.0,19.3,19.5,Yes,Yes,1,1,1,0,0,1,18.65,5.5,0.2,-10,-1.1,23.0,Light (1-10),Warm (20-30),,-0.75,0.24,0.22,,1.18,,0
2008-04-20,2008,4,Apr,2,Autumn,2008-04,111,15.2,19.1,2.8,4.0,1.3,,,ESE,S,15,6,79,75,1026.6,1023.7,7.0,6.0,17.3,18.4,Yes,Yes,1,1,1,0,0,1,17.15,3.9,1.1,4,-2.9,10.5,Light (1-10),Mild (<20),,-1.58,-0.07,1.13,,1.08,,0
2008-04-21,2008,4,Apr,2,Autumn,2008-04,112,14.7,19.3,21.8,7.5,4.6,,,SSW,S,9,19,91,70,1023.2,1021.4,8.0,7.0,16.6,19.0,Yes,Yes,1,1,1,0,0,1,17.0,4.6,2.4,21,-1.8,14.0,Moderate (10-25),Mild (<20),,-1.5,-0.29,0.81,,0.47,,0
2008-04-22,2008,4,Apr,2,Autumn,2008-04,113,14.4,20.3,10.2,3.6,2.0,,,SSE,SE,9,20,90,55,1023.6,1022.3,7.0,5.0,16.1,20.1,Yes,Yes,1,1,1,0,0,1,17.35,5.9,4.0,35,-1.3,14.5,Moderate (10-25),Warm (20-30),,-1.14,-0.42,-0.17,,0.54,,0
2008-04-23,2008,4,Apr,2,Autumn,2008-04,114,14.7,17.9,12.6,4.0,0.7,,,SW,SSE,6,22,90,89,1024.0,1022.1,7.0,7.0,16.2,17.2,Yes,Yes,1,1,1,0,0,1,16.3,3.2,1.0,1,-1.9,14.0,Moderate (10-25),Mild (<20),,-2.01,-0.29,2.04,,0.61,,0
2008-04-24,2008,4,Apr,2,Autumn,2008-04,115,14.7,20.0,15.6,1.6,2.5,,,S,S,19,20,93,80,1021.3,1018.6,7.0,7.0,16.8,19.3,Yes,Yes,1,1,1,0,0,1,17.35,5.3,2.5,13,-2.7,19.5,Moderate (10-25),Warm (20-30),,-1.25,-0.29,1.46,,0.13,,0
2008-04-26,2008,4,Apr,2,Autumn,2008-04,117,12.7,24.8,0.4,2.6,10.2,,,W,E,15,6,81,38,1011.2,1007.0,2.0,7.0,15.6,24.6,No,No,0,0,1,0,0,0,18.75,12.1,9.0,43,-4.2,10.5,Dry (<=1 mm),Warm (20-30),,0.47,-1.16,-1.27,,-1.66,,0
2008-04-27,2008,4,Apr,2,Autumn,2008-04,118,15.6,26.1,0.0,5.2,7.6,,,NNW,N,20,22,51,28,1005.2,999.1,6.0,2.0,20.3,25.7,No,No,0,0,1,0,0,0,20.85,10.5,5.4,23,-6.1,21.0,Dry (<=1 mm),Warm (20-30),,0.94,0.11,-1.92,,-2.73,,0
2008-04-28,2008,4,Apr,2,Autumn,2008-04,119,11.9,16.8,0.0,7.6,8.5,,,W,WSW,20,24,46,33,1007.4,1008.6,2.0,6.0,13.7,15.6,No,No,0,0,1,0,0,0,14.35,4.9,1.9,13,1.2,22.0,Dry (<=1 mm),Mild (<20),,-2.4,-1.51,-1.6,,-2.34,,0
2008-04-29,2008,4,Apr,2,Autumn,2008-04,120,8.6,18.4,0.0,3.8,10.5,,,W,SSE,24,9,54,41,1020.4,1019.8,1.0,1.0,11.7,17.8,No,No,0,0,1,0,0,0,13.5,9.8,6.1,13,-0.6,16.5,Dry (<=1 mm),Mild (<20),,-1.83,-2.95,-1.08,,-0.03,,0
2008-04-30,2008,4,Apr,2,Autumn,2008-04,121,8.4,19.6,0.0,3.6,9.8,,,W,E,15,17,68,50,1024.2,1021.3,1.0,3.0,11.6,18.1,No,No,0,0,1,0,0,0,14.0,11.2,6.5,18,-2.9,16.0,Dry (<=1 mm),Mild (<20),,-1.4,-3.04,-0.49,,0.65,Cold night,1
2008-05-01,2008,5,May,2,Autumn,2008-05,122,11.6,18.2,0.0,4.0,2.7,,,WNW,W,11,7,74,56,1019.7,1016.7,7.0,7.0,13.4,18.1,No,No,0,0,1,0,0,0,14.9,6.6,4.7,18,-3.0,9.0,Dry (<=1 mm),Mild (<20),,-1.15,-0.24,0.25,,-0.21,,0
2008-05-02,2008,5,May,2,Autumn,2008-05,123,10.8,22.2,0.0,2.4,9.1,,,W,WSW,19,17,65,44,1018.7,1015.3,1.0,3.0,14.5,21.7,No,No,0,0,1,0,0,0,16.5,11.4,7.2,21,-3.4,18.0,Dry (<=1 mm),Warm (20-30),,0.41,-0.63,-0.52,,-0.36,,0
2008-05-03,2008,5,May,2,Autumn,2008-05,124,10.9,19.6,0.0,3.4,10.5,,,W,SSE,19,11,62,52,1019.3,1016.9,1.0,1.0,14.1,18.6,No,No,0,0,1,0,0,0,15.25,8.7,4.5,10,-2.4,15.0,Dry (<=1 mm),Mild (<20),,-0.61,-0.58,-0.0,,-0.27,,0
2008-05-04,2008,5,May,2,Autumn,2008-05,125,9.4,20.3,0.0,3.6,10.3,,,W,SE,22,11,64,47,1021.1,1018.3,1.0,1.0,12.4,19.4,No,No,0,0,1,0,0,0,14.85,10.9,7.0,17,-2.8,16.5,Dry (<=1 mm),Warm (20-30),,-0.33,-1.3,-0.32,,-0.0,,0
2008-05-05,2008,5,May,2,Autumn,2008-05,126,9.4,22.3,0.0,2.0,10.0,,,W,NW,15,7,71,34,1018.7,1015.2,1.0,2.0,12.4,22.2,No,No,0,0,1,0,0,0,15.85,12.9,9.8,37,-3.5,11.0,Dry (<=1 mm),Warm (20-30),,0.45,-1.3,-1.16,,-0.36,,0
2008-05-06,2008,5,May,2,Autumn,2008-05,127,11.8,23.6,0.0,3.4,3.1,,,W,WNW,9,9,74,48,1017.1,1013.3,6.0,7.0,13.7,21.1,No,No,0,0,1,0,0,0,17.7,11.8,7.4,26,-3.8,9.0,Dry (<=1 mm),Warm (20-30),,0.95,-0.15,-0.26,,-0.61,,0
2008-05-07,2008,5,May,2,Autumn,2008-05,128,13.0,23.0,0.0,3.6,9.4,,,W,SSE,22,13,57,44,1014.3,1011.8,1.0,3.0,16.5,22.0,No,No,0,0,1,0,0,0,18.0,10.0,5.5,13,-2.5,17.5,Dry (<=1 mm),Warm (20-30),,0.72,0.43,-0.52,,-1.03,,0
2008-05-08,2008,5,May,2,Autumn,2008-05,129,11.0,21.8,0.0,3.2,10.2,,,W,S,24,15,63,45,1019.2,1017.5,1.0,1.0,14.0,20.8,No,No,0,0,1,0,0,0,16.4,10.8,6.8,18,-1.7,19.5,Dry (<=1 mm),Warm (20-30),,0.25,-0.53,-0.45,,-0.29,,0
2008-05-09,2008,5,May,2,Autumn,2008-05,130,11.0,21.9,0.0,3.2,10.1,,,W,SE,17,11,75,60,1021.4,1020.2,0.0,1.0,14.3,20.6,No,No,0,0,1,0,0,0,16.45,10.9,6.3,15,-1.2,14.0,Dry (<=1 mm),Warm (20-30),,0.29,-0.53,0.51,,0.04,,0
2008-05-10,2008,5,May,2,Autumn,2008-05,131,12.6,21.3,0.0,3.0,9.6,,,WNW,E,11,11,86,67,1022.2,1019.6,1.0,1.0,15.2,19.3,No,No,0,0,1,0,0,0,16.95,8.7,4.1,19,-2.6,11.0,Dry (<=1 mm),Warm (20-30),,0.06,0.23,0.96,,0.16,,0
2008-05-11,2008,5,May,2,Autumn,2008-05,132,14.0,19.4,0.0,1.2,2.1,,,WNW,SSE,13,15,84,67,1023.1,1021.2,7.0,7.0,16.8,18.7,No,No,0,0,1,0,0,0,16.7,5.4,1.9,17,-1.9,14.0,Dry (<=1 mm),Mild (<20),,-0.68,0.9,0.96,,0.3,,0
2008-05-12,2008,5,May,2,Autumn,2008-05,133,12.4,19.5,0.0,1.6,7.3,,,W,E,11,15,88,63,1023.5,1020.5,1.0,1.0,14.9,19.2,No,No,0,0,1,0,0,0,15.95,7.1,4.3,25,-3.0,13.0,Dry (<=1 mm),Mild (<20),,-0.64,0.14,0.7,,0.36,,0
2008-05-13,2008,5,May,2,Autumn,2008-05,134,13.2,19.7,0.0,1.8,4.2,,,W,E,11,9,88,67,1023.4,1021.7,6.0,7.0,15.0,18.1,No,No,0,0,1,0,0,0,16.45,6.5,3.1,21,-1.7,10.0,Dry (<=1 mm),Mild (<20),,-0.57,0.52,0.96,,0.35,,0
2008-05-14,2008,5,May,2,Autumn,2008-05,135,11.2,20.6,0.0,2.0,9.7,,,W,ENE,20,19,82,64,1023.8,1020.5,1.0,1.0,13.8,20.0,No,No,0,0,1,0,0,0,15.9,9.4,6.2,18,-3.3,19.5,Dry (<=1 mm),Warm (20-30),,-0.22,-0.44,0.76,,0.41,,0
2008-05-15,2008,5,May,2,Autumn,2008-05,136,12.0,21.4,0.2,3.2,8.7,,,W,E,13,9,90,60,1022.2,1017.8,1.0,1.0,13.9,21.3,No,Yes,0,1,1,0,0,0,16.7,9.4,7.4,30,-4.4,11.0,Dry (<=1 mm),Warm (20-30),,0.1,-0.05,0.51,,0.16,,0
2008-05-16,2008,5,May,2,Autumn,2008-05,137,13.8,23.2,1.2,2.2,6.4,,,WNW,NE,15,15,78,66,1017.1,1013.0,6.0,2.0,15.9,20.9,Yes,No,1,0,1,0,0,1,18.5,9.4,5.0,12,-4.1,15.0,Light (1-10),Warm (20-30),,0.8,0.81,0.89,,-0.61,,0
2008-05-17,2008,5,May,2,Autumn,2008-05,138,15.2,21.8,0.0,4.2,6.9,,,NNW,NNW,20,17,52,41,1008.4,1003.6,3.0,7.0,19.2,20.9,No,No,0,0,1,0,0,0,18.5,6.6,1.7,11,-4.8,18.5,Dry (<=1 mm),Warm (20-30),,0.25,1.48,-0.71,,-1.92,,0
2008-05-18,2008,5,May,2,Autumn,2008-05,139,8.8,17.8,0.0,4.2,9.4,,,W,W,19,31,57,36,1007.0,1006.3,1.0,1.0,11.6,17.0,No,No,0,0,1,0,0,0,13.3,9.0,5.4,21,-0.7,25.0,Dry (<=1 mm),Mild (<20),,-1.31,-1.58,-1.03,,-2.13,,0
2008-05-19,2008,5,May,2,Autumn,2008-05,140,10.7,20.5,0.0,4.4,9.9,,,W,WNW,22,7,58,36,1015.7,1013.3,1.0,0.0,12.5,20.3,No,No,0,0,1,0,0,0,15.6,9.8,7.8,22,-2.4,14.5,Dry (<=1 mm),Warm (20-30),,-0.25,-0.67,-1.03,,-0.82,,0
2008-05-20,2008,5,May,2,Autumn,2008-05,141,10.3,21.7,0.0,3.0,10.0,,,W,W,24,7,64,38,1020.1,1017.5,1.0,1.0,13.0,21.3,No,No,0,0,1,0,0,0,16.0,11.4,8.3,26,-2.6,15.5,Dry (<=1 mm),Warm (20-30),,0.21,-0.87,-0.9,,-0.15,,0
2008-05-21,2008,5,May,2,Autumn,2008-05,142,11.1,18.9,0.0,2.4,6.1,,,WNW,S,19,22,74,64,1022.4,1022.8,4.0,7.0,13.5,17.3,No,No,0,0,1,0,0,0,15.0,7.8,3.8,10,0.4,20.5,Dry (<=1 mm),Mild (<20),,-0.88,-0.48,0.76,,0.19,,0
2008-05-22,2008,5,May,2,Autumn,2008-05,143,11.9,18.7,0.0,4.0,7.5,,,SSW,SSE,20,19,63,52,1028.2,1026.2,1.0,2.0,15.1,17.4,No,No,0,0,1,0,0,0,15.3,6.8,2.3,11,-2.0,19.5,Dry (<=1 mm),Mild (<20),,-0.96,-0.1,-0.0,,1.07,,0
2008-05-23,2008,5,May,2,Autumn,2008-05,144,11.0,18.4,0.0,3.4,5.4,,,WNW,SSE,17,13,76,53,1026.9,1024.6,1.0,5.0,12.7,17.1,No,No,0,0,1,0,0,0,14.7,7.4,4.4,23,-2.3,15.0,Dry (<=1 mm),Mild (<20),,-1.07,-0.53,0.06,,0.87,,0
2008-05-24,2008,5,May,2,Autumn,2008-05,145,11.4,20.1,0.0,2.4,9.1,,,W,NW,13,2,71,39,1025.4,1022.7,1.0,1.0,13.3,19.3,No,No,0,0,1,0,0,0,15.75,8.7,6.0,32,-2.7,7.5,Dry (<=1 mm),Warm (20-30),,-0.41,-0.34,-0.84,,0.65,,0
2008-05-25,2008,5,May,2,Autumn,2008-05,146,8.8,18.3,0.0,3.6,6.5,,,W,ENE,17,11,78,58,1025.1,1022.2,4.0,3.0,11.1,16.9,No,No,0,0,1,0,0,0,13.55,9.5,5.8,20,-2.9,14.0,Dry (<=1 mm),Mild (<20),,-1.11,-1.58,0.38,,0.6,,0
2008-05-26,2008,5,May,2,Autumn,2008-05,147,10.9,21.1,0.4,0.4,9.1,,,W,ENE,20,13,81,58,1025.9,1022.6,6.0,2.0,12.9,19.5,No,No,0,0,1,0,0,0,16.0,10.2,6.6,23,-3.3,16.5,Dry (<=1 mm),Warm (20-30),,-0.02,-0.58,0.38,,0.72,,0
2008-05-27,2008,5,May,2,Autumn,2008-05,148,11.5,22.4,0.0,3.2,8.7,,,W,E,15,13,82,71,1024.6,1021.8,3.0,1.0,13.6,19.1,No,No,0,0,1,0,0,0,16.95,10.9,5.5,11,-2.8,14.0,Dry (<=1 mm),Warm (20-30),,0.49,-0.29,1.21,,0.53,,0
2008-05-28,2008,5,May,2,Autumn,2008-05,149,11.0,19.2,0.0,1.6,3.9,,,W,NE,26,2,80,74,1025.6,1023.9,3.0,6.0,12.8,18.6,No,No,0,0,1,0,0,0,15.1,8.2,5.8,6,-1.7,14.0,Dry (<=1 mm),Mild (<20),,-0.76,-0.53,1.4,,0.68,,0
2008-05-29,2008,5,May,2,Autumn,2008-05,150,11.0,18.6,1.0,1.0,4.6,,,W,S,19,4,86,76,1030.2,1029.1,3.0,2.0,12.7,17.6,No,No,0,0,1,0,0,0,14.8,7.6,4.9,10,-1.1,11.5,Dry (<=1 mm),Mild (<20),,-0.99,-0.53,1.53,,1.37,,0
2008-05-30,2008,5,May,2,Autumn,2008-05,151,10.9,21.0,0.2,1.4,5.6,,,W,E,19,7,87,58,1032.0,1028.7,1.0,2.0,12.7,19.6,No,No,0,0,1,0,0,0,15.95,10.1,6.9,29,-3.3,13.0,Dry (<=1 mm),Warm (20-30),,-0.06,-0.58,0.38,,1.64,,0
2008-05-31,2008,5,May,2,Autumn,2008-05,152,10.8,20.1,0.0,1.0,9.4,,,WNW,SSE,17,17,90,61,1028.6,1026.66,1.0,1.0,11.7,19.4,No,No,0,0,1,0,0,0,15.45,9.3,7.7,29,-1.94,17.0,Dry (<=1 mm),Warm (20-30),,-0.41,-0.63,0.57,,1.13,,0
2008-06-01,2008,6,Jun,2,Winter,2008-06,153,11.6,20.5,0.2,2.2,0.3,,,W,SE,19,17,91,74,1029.3,1027.0,7.0,7.0,14.3,18.7,No,Yes,0,1,1,0,0,0,16.05,8.9,4.4,17,-2.3,18.0,Dry (<=1 mm),Warm (20-30),,1.05,0.47,0.92,,1.0,,0
2008-06-02,2008,6,Jun,2,Winter,2008-06,154,14.3,17.6,22.0,1.8,0.1,,,W,W,9,7,97,90,1027.3,1024.8,8.0,7.0,15.3,17.1,Yes,Yes,1,1,1,0,0,1,15.95,3.3,1.8,7,-2.5,8.0,Moderate (10-25),Mild (<20),,-0.38,1.66,1.81,,0.74,,0
2008-06-03,2008,6,Jun,2,Winter,2008-06,155,15.2,19.1,4.0,0.4,0.0,,,W,E,17,22,98,90,1026.4,1024.1,8.0,8.0,15.6,16.7,Yes,Yes,1,1,1,0,0,1,17.15,3.9,1.1,8,-2.3,19.5,Light (1-10),Mild (<20),,0.36,2.06,1.81,,0.63,,0
2008-06-04,2008,6,Jun,2,Winter,2008-06,156,15.5,18.3,9.2,2.4,0.0,,,SE,ESE,19,26,87,88,1023.1,1020.5,8.0,8.0,17.5,17.2,Yes,Yes,1,1,1,0,0,1,16.9,2.8,-0.3,-1,-2.6,22.5,Light (1-10),Mild (<20),,-0.04,2.2,1.7,,0.2,,0
2008-06-05,2008,6,Jun,2,Winter,2008-06,157,15.2,16.9,46.4,2.4,0.0,,,SSW,S,24,24,82,84,1020.1,1018.6,7.0,8.0,16.0,16.6,Yes,Yes,1,1,1,0,0,1,16.05,1.7,0.6,-2,-1.5,24.0,Heavy (25-50),Mild (<20),,-0.73,2.06,1.48,,-0.19,,0
2008-06-06,2008,6,Jun,2,Winter,2008-06,158,14.7,17.4,12.4,0.4,1.8,,,WSW,SSW,15,24,81,70,1021.2,1020.3,7.0,6.0,15.1,16.6,Yes,No,1,0,1,0,0,1,16.05,2.7,1.5,11,-0.9,19.5,Moderate (10-25),Mild (<20),,-0.48,1.84,0.7,,-0.04,,0
2008-06-07,2008,6,Jun,2,Winter,2008-06,159,11.7,18.2,0.0,2.2,8.8,,,W,S,19,24,76,49,1025.0,1025.7,1.0,1.0,13.3,17.9,No,Yes,0,1,1,0,0,0,14.95,6.5,4.6,27,0.7,21.5,Dry (<=1 mm),Mild (<20),,-0.09,0.51,-0.47,,0.45,,0
2008-06-08,2008,6,Jun,2,Winter,2008-06,160,12.7,17.7,6.0,1.4,0.5,,,WNW,ESE,17,17,97,71,1032.1,1029.8,8.0,7.0,14.1,17.2,Yes,Yes,1,1,1,0,0,1,15.2,5.0,3.1,26,-2.3,17.0,Light (1-10),Mild (<20),,-0.33,0.96,0.75,,1.36,,0
2008-06-09,2008,6,Jun,2,Winter,2008-06,161,13.0,16.9,3.6,1.2,1.2,,,W,ESE,13,2,96,89,1030.9,1028.0,7.0,8.0,13.9,16.2,Yes,Yes,1,1,1,0,0,1,14.95,3.9,2.3,7,-2.9,7.5,Light (1-10),Mild (<20),,-0.73,1.09,1.76,,1.21,,0
2008-06-10,2008,6,Jun,2,Winter,2008-06,162,12.4,19.9,1.6,1.6,3.9,,,W,N,13,9,98,68,1027.5,1023.9,7.0,1.0,13.2,19.1,Yes,No,1,0,1,0,0,1,16.15,7.5,5.9,30,-3.6,11.0,Light (1-10),Mild (<20),,0.75,0.82,0.59,,0.77,,0
2008-06-11,2008,6,Jun,2,Winter,2008-06,163,13.2,19.9,0.0,1.8,0.0,,,NNW,N,6,4,74,70,1022.9,1020.6,7.0,8.0,17.3,19.6,No,Yes,0,1,1,0,0,0,16.55,6.7,2.3,4,-2.3,5.0,Dry (<=1 mm),Mild (<20),,0.75,1.18,0.7,,0.18,,0
2008-06-12,2008,6,Jun,2,Winter,2008-06,164,13.7,22.1,5.4,1.8,6.9,,,W,ENE,11,7,97,64,1022.4,1018.1,8.0,1.0,14.1,20.1,Yes,No,1,0,1,0,0,1,17.9,8.4,6.0,33,-4.3,9.0,Light (1-10),Warm (20-30),,1.83,1.4,0.36,,0.11,,0
2008-06-13,2008,6,Jun,2,Winter,2008-06,165,14.0,18.8,0.0,3.4,8.6,,,NW,WSW,20,26,67,42,1012.2,1011.5,1.0,2.0,16.6,16.7,No,No,0,0,1,0,0,0,16.4,4.8,0.1,25,-0.7,23.0,Dry (<=1 mm),Mild (<20),,0.21,1.53,-0.87,,-1.21,,0
2008-06-14,2008,6,Jun,2,Winter,2008-06,166,9.6,14.6,0.0,3.8,3.4,,,W,SW,30,24,49,52,1022.0,1022.5,5.0,7.0,11.2,14.1,No,No,0,0,1,0,0,0,12.1,5.0,2.9,-3,0.5,27.0,Dry (<=1 mm),Mild (<20),,-1.86,-0.42,-0.31,,0.06,,0
2008-06-15,2008,6,Jun,2,Winter,2008-06,167,10.6,15.3,0.0,2.8,0.1,,,SSW,SSW,24,26,75,87,1024.4,1022.8,7.0,8.0,13.7,14.5,No,Yes,0,1,1,0,0,0,12.95,4.7,0.8,-12,-1.6,25.0,Dry (<=1 mm),Mild (<20),,-1.51,0.03,1.65,,0.37,,0
2008-06-16,2008,6,Jun,2,Winter,2008-06,168,13.3,16.8,7.2,5.0,2.4,,,SSW,SSW,19,20,86,83,1024.2,1023.0,6.0,7.0,15.0,15.8,Yes,Yes,1,1,1,0,0,1,15.05,3.5,0.8,3,-1.2,19.5,Light (1-10),Mild (<20),,-0.78,1.22,1.42,,0.34,,0
2008-06-17,2008,6,Jun,2,Winter,2008-06,169,13.1,17.5,3.4,0.8,1.3,,,W,SSW,11,13,88,73,1026.7,1024.8,7.0,7.0,14.2,17.3,Yes,No,1,0,1,0,0,1,15.3,4.4,3.1,15,-1.9,12.0,Light (1-10),Mild (<20),,-0.43,1.13,0.86,,0.67,,0
2008-06-18,2008,6,Jun,2,Winter,2008-06,170,13.6,19.4,0.0,1.6,4.1,,,W,NE,13,2,90,69,1025.5,1022.1,7.0,8.0,14.8,19.2,No,No,0,0,1,0,0,0,16.5,5.8,4.4,21,-3.4,7.5,Dry (<=1 mm),Mild (<20),,0.5,1.35,0.64,,0.51,,0
2008-06-19,2008,6,Jun,2,Winter,2008-06,171,12.8,20.3,0.0,2.0,5.0,,,WNW,ESE,13,13,91,69,1020.3,1017.4,6.0,7.0,13.9,18.6,No,Yes,0,1,1,0,0,0,16.55,7.5,4.7,22,-2.9,13.0,Dry (<=1 mm),Warm (20-30),,0.95,1.0,0.64,,-0.16,,0
2008-06-20,2008,6,Jun,2,Winter,2008-06,172,13.8,17.9,3.6,0.6,0.6,,,W,W,19,19,81,60,1018.3,1016.2,7.0,7.0,14.3,17.2,Yes,Yes,1,1,1,0,0,1,15.85,4.1,2.9,21,-2.1,19.0,Light (1-10),Mild (<20),,-0.23,1.44,0.14,,-0.42,,0
2008-06-21,2008,6,Jun,2,Winter,2008-06,173,11.6,18.5,2.2,1.8,9.4,,,W,WSW,15,17,66,40,1020.7,1018.9,1.0,1.0,13.2,18.0,Yes,No,1,0,1,0,0,1,15.05,6.9,4.8,26,-1.8,16.0,Light (1-10),Mild (<20),,0.06,0.47,-0.98,,-0.11,,0
2008-06-22,2008,6,Jun,2,Winter,2008-06,174,9.7,17.3,0.0,3.4,9.3,,,W,SSW,22,22,61,54,1023.2,1024.0,1.0,3.0,11.4,16.3,No,No,0,0,1,0,0,0,13.5,7.6,4.9,7,0.8,22.0,Dry (<=1 mm),Mild (<20),,-0.53,-0.37,-0.2,,0.21,,0
2008-06-23,2008,6,Jun,2,Winter,2008-06,175,8.2,17.1,0.0,3.4,7.0,,,WNW,WSW,13,13,74,43,1023.7,1020.4,1.0,7.0,9.9,17.0,No,No,0,0,1,0,0,0,12.65,8.9,7.1,31,-3.3,13.0,Dry (<=1 mm),Mild (<20),,-0.63,-1.03,-0.81,,0.28,,0
2008-06-24,2008,6,Jun,2,Winter,2008-06,176,9.2,19.2,0.0,1.8,9.2,,,W,WNW,19,9,72,45,1027.0,1023.1,1.0,1.0,10.7,18.8,No,No,0,0,1,0,0,0,14.2,10.0,8.1,27,-3.9,14.0,Dry (<=1 mm),Mild (<20),,0.41,-0.59,-0.7,,0.71,,0
2008-06-25,2008,6,Jun,2,Winter,2008-06,177,9.9,19.6,0.0,2.8,9.8,,,W,WNW,17,6,69,43,1024.6,1020.6,1.0,0.0,11.8,19.4,No,No,0,0,1,0,0,0,14.75,9.7,7.6,26,-4.0,11.5,Dry (<=1 mm),Mild (<20),,0.6,-0.28,-0.81,,0.4,,0
2008-06-26,2008,6,Jun,2,Winter,2008-06,178,10.2,20.2,0.0,3.2,9.7,,,WNW,W,28,28,47,38,1017.0,1016.8,0.0,1.0,14.6,19.3,No,No,0,0,1,0,0,0,15.2,10.0,4.7,9,-0.2,28.0,Dry (<=1 mm),Warm (20-30),,0.9,-0.15,-1.09,,-0.59,,0
2008-06-27,2008,6,Jun,2,Winter,2008-06,179,9.5,19.4,0.0,4.4,9.3,,,W,WSW,24,15,57,32,1025.9,1023.6,0.0,0.0,10.8,18.9,No,No,0,0,1,0,0,0,14.45,9.9,8.1,25,-2.3,19.5,Dry (<=1 mm),Mild (<20),,0.5,-0.46,-1.42,,0.56,,0
2008-06-28,2008,6,Jun,2,Winter,2008-06,180,7.9,18.7,0.0,3.0,8.8,,,W,SSE,20,9,68,43,1027.6,1024.7,1.0,1.0,10.1,18.1,No,No,0,0,1,0,0,0,13.3,10.8,8.0,25,-2.9,14.5,Dry (<=1 mm),Mild (<20),,0.16,-1.17,-0.81,,0.78,,0
2008-06-29,2008,6,Jun,2,Winter,2008-06,181,7.9,21.0,0.0,0.8,9.8,,,WNW,NNW,13,6,84,42,1024.1,1018.8,2.0,1.0,9.2,20.8,No,No,0,0,1,0,0,0,14.45,13.1,11.6,42,-5.3,9.5,Dry (<=1 mm),Warm (20-30),,1.29,-1.17,-0.87,,0.33,,0
2008-06-30,2008,6,Jun,2,Winter,2008-06,182,9.2,22.1,0.0,3.2,9.8,,,NNW,NW,19,28,47,35,1017.1,1010.3,1.0,1.0,13.8,21.6,No,No,0,0,1,0,0,0,15.65,12.9,7.8,12,-6.8,23.5,Dry (<=1 mm),Warm (20-30),,1.83,-0.59,-1.26,,-0.57,,0
2008-07-01,2008,7,Jul,3,Winter,2008-07,183,10.3,19.6,0.2,3.8,9.5,,,W,W,0,41,45,34,1011.0,1008.5,0.0,1.0,13.1,19.2,No,No,0,0,1,0,0,0,14.95,9.3,6.1,11,-2.5,20.5,Dry (<=1 mm),Mild (<20),,0.67,0.64,-0.93,,-1.44,,0
2008-07-02,2008,7,Jul,3,Winter,2008-07,184,10.8,19.2,0.0,4.0,9.7,,,WNW,W,26,31,55,35,1012.5,1011.2,1.0,1.0,14.6,18.8,No,No,0,0,1,0,0,0,15.0,8.4,4.2,20,-1.3,28.5,Dry (<=1 mm),Mild (<20),,0.5,0.88,-0.87,,-1.23,,0
2008-07-03,2008,7,Jul,3,Winter,2008-07,185,9.2,17.9,0.0,3.2,9.6,,,W,WNW,17,7,63,42,1022.7,1020.8,1.0,1.0,10.7,17.4,No,Yes,0,1,1,0,0,0,13.55,8.7,6.7,21,-1.9,12.0,Dry (<=1 mm),Mild (<20),,-0.04,0.1,-0.44,,0.18,,0
2008-07-04,2008,7,Jul,3,Winter,2008-07,186,8.2,15.0,1.2,2.4,0.4,,,W,S,20,9,84,88,1029.0,1028.2,7.0,7.0,9.1,12.9,Yes,Yes,1,1,1,0,0,1,11.6,6.8,3.8,-4,-0.8,14.5,Light (1-10),Mild (<20),,-1.27,-0.39,2.36,,1.05,,0
2008-07-05,2008,7,Jul,3,Winter,2008-07,187,9.1,17.4,14.2,1.6,2.5,,,WNW,NE,11,15,78,48,1031.9,1028.9,6.0,6.0,11.3,16.8,Yes,No,1,0,1,0,0,1,13.25,8.3,5.5,30,-3.0,13.0,Moderate (10-25),Mild (<20),,-0.26,0.05,-0.08,,1.46,,0
2008-07-06,2008,7,Jul,3,Winter,2008-07,188,8.3,18.4,0.0,2.2,7.8,,,W,SSE,15,4,84,59,1029.2,1025.7,1.0,3.0,9.8,17.7,No,No,0,0,1,0,0,0,13.35,10.1,7.9,25,-3.5,9.5,Dry (<=1 mm),Mild (<20),,0.17,-0.34,0.59,,1.08,,0
2008-07-07,2008,7,Jul,3,Winter,2008-07,189,9.7,19.8,0.0,2.2,4.3,,,W,N,9,11,87,55,1024.4,1019.7,7.0,5.0,11.3,19.3,No,No,0,0,1,0,0,0,14.75,10.1,8.0,32,-4.7,10.0,Dry (<=1 mm),Mild (<20),,0.76,0.34,0.35,,0.42,,0
2008-07-08,2008,7,Jul,3,Winter,2008-07,190,10.5,17.2,0.2,1.6,5.5,,,W,SE,11,7,80,49,1020.9,1017.4,1.0,4.0,12.1,16.4,No,No,0,0,1,0,0,0,13.85,6.7,4.3,31,-3.5,9.0,Dry (<=1 mm),Mild (<20),,-0.34,0.73,-0.02,,-0.07,,0
2008-07-09,2008,7,Jul,3,Winter,2008-07,191,6.9,13.3,0.0,2.8,4.6,,,W,WSW,15,20,57,43,1018.0,1015.7,2.0,7.0,9.6,13.2,No,Yes,0,1,1,0,0,0,10.1,6.4,3.6,14,-2.3,17.5,Dry (<=1 mm),Mild (<20),,-1.99,-1.02,-0.38,,-0.47,,0
2008-07-10,2008,7,Jul,3,Winter,2008-07,192,7.2,15.8,1.8,2.4,4.9,,,WNW,NW,11,26,58,38,1014.6,1010.0,7.0,3.0,10.2,15.8,Yes,No,1,0,1,0,0,1,11.5,8.6,5.6,20,-4.6,18.5,Light (1-10),Mild (<20),,-0.93,-0.87,-0.69,,-0.94,,0
2008-07-11,2008,7,Jul,3,Winter,2008-07,193,10.0,16.5,0.0,4.8,9.8,,,W,WSW,24,20,46,27,1016.5,1017.0,1.0,1.0,11.3,16.1,No,No,0,0,1,0,0,0,13.25,6.5,4.8,19,0.5,22.0,Dry (<=1 mm),Mild (<20),,-0.64,0.49,-1.36,,-0.68,,0
2008-07-12,2008,7,Jul,3,Winter,2008-07,194,5.7,15.9,0.0,3.4,8.3,,,W,NE,17,13,67,45,1027.5,1023.5,4.0,7.0,7.8,15.0,No,No,0,0,1,0,0,0,10.8,10.2,7.2,22,-4.0,15.0,Dry (<=1 mm),Mild (<20),,-0.89,-1.61,-0.26,,0.85,,0
2008-07-13,2008,7,Jul,3,Winter,2008-07,195,7.8,17.3,0.0,2.6,0.0,,,W,N,4,17,67,58,1024.2,1021.2,8.0,8.0,11.5,17.1,No,No,0,0,1,0,0,0,12.55,9.5,5.6,9,-3.0,10.5,Dry (<=1 mm),Mild (<20),,-0.3,-0.58,0.53,,0.39,,0
2008-07-14,2008,7,Jul,3,Winter,2008-07,196,10.1,23.1,0.0,1.8,6.1,,,W,E,0,7,80,54,1021.5,1017.3,7.0,1.0,12.0,22.9,No,No,0,0,1,0,0,0,16.6,13.0,10.9,26,-4.2,3.5,Dry (<=1 mm),Warm (20-30),,2.15,0.54,0.29,,0.02,,0
2008-07-15,2008,7,Jul,3,Winter,2008-07,197,9.7,19.8,0.0,1.8,9.7,,,W,ESE,20,11,81,70,1020.8,1018.4,1.0,1.0,11.1,17.4,No,No,0,0,1,0,0,0,14.75,10.1,6.3,11,-2.4,15.5,Dry (<=1 mm),Mild (<20),,0.76,0.34,1.26,,-0.08,,0
2008-07-16,2008,7,Jul,3,Winter,2008-07,198,8.9,18.0,0.0,2.0,9.6,,,WNW,SSE,13,11,81,50,1022.2,1019.1,1.0,1.0,10.8,17.4,No,No,0,0,1,0,0,0,13.45,9.1,6.6,31,-3.1,12.0,Dry (<=1 mm),Mild (<20),,-0.0,-0.05,0.04,,0.11,,0
2008-07-17,2008,7,Jul,3,Winter,2008-07,199,8.2,18.5,0.0,1.4,9.0,,,W,N,15,17,84,38,1019.2,1013.3,4.0,5.0,10.1,17.3,No,No,0,0,1,0,0,0,13.35,10.3,7.2,46,-5.9,16.0,Dry (<=1 mm),Mild (<20),,0.21,-0.39,-0.69,,-0.3,,0
2008-07-18,2008,7,Jul,3,Winter,2008-07,200,8.2,18.7,0.0,4.0,8.7,,,W,W,13,39,73,21,1010.1,1007.3,1.0,1.0,10.1,17.9,No,No,0,0,1,0,0,0,13.45,10.5,7.8,52,-2.8,26.0,Dry (<=1 mm),Mild (<20),,0.29,-0.39,-1.72,,-1.56,,0
2008-07-19,2008,7,Jul,3,Winter,2008-07,201,8.1,18.2,0.0,3.4,9.5,,,W,W,4,6,53,32,1016.2,1014.1,1.0,2.0,10.9,18.2,No,No,0,0,1,0,0,0,13.15,10.1,7.3,21,-2.1,5.0,Dry (<=1 mm),Mild (<20),,0.08,-0.44,-1.05,,-0.72,,0
2008-07-20,2008,7,Jul,3,Winter,2008-07,202,10.8,17.6,0.0,3.2,0.0,,,N,NE,6,4,41,55,1015.4,1008.6,8.0,8.0,14.6,16.8,No,Yes,0,1,1,0,0,0,14.2,6.8,2.2,-14,-6.8,5.0,Dry (<=1 mm),Mild (<20),,-0.17,0.88,0.35,,-0.83,,0
2008-07-21,2008,7,Jul,3,Winter,2008-07,203,10.4,17.5,2.8,1.6,9.7,,,NW,W,26,31,56,31,1006.2,1008.1,1.0,1.0,13.1,16.7,Yes,No,1,0,1,0,0,1,13.95,7.1,3.6,25,1.9,28.5,Light (1-10),Mild (<20),,-0.21,0.69,-1.11,,-2.1,,0
2008-07-22,2008,7,Jul,3,Winter,2008-07,204,7.2,15.1,0.0,3.8,10.0,,,W,SSW,19,22,52,31,1024.8,1025.2,0.0,1.0,8.8,13.9,No,No,0,0,1,0,0,0,11.15,7.9,5.1,21,0.4,20.5,Dry (<=1 mm),Mild (<20),,-1.23,-0.87,-1.11,,0.47,,0
2008-07-23,2008,7,Jul,3,Winter,2008-07,205,5.5,14.7,0.0,4.0,4.0,,,W,SSW,22,19,67,61,1031.5,1029.6,6.0,6.0,7.0,14.1,No,Yes,0,1,1,0,0,0,10.1,9.2,7.1,6,-1.9,20.5,Dry (<=1 mm),Mild (<20),,-1.4,-1.7,0.71,,1.4,,0
2008-07-24,2008,7,Jul,3,Winter,2008-07,206,6.9,15.9,7.0,0.2,1.7,,,W,ESE,19,22,95,70,1029.3,1025.4,8.0,7.0,10.9,14.7,Yes,Yes,1,1,1,0,0,1,11.4,9.0,3.8,25,-3.9,20.5,Light (1-10),Mild (<20),,-0.89,-1.02,1.26,,1.1,,0
2008-07-25,2008,7,Jul,3,Winter,2008-07,207,9.8,12.7,8.8,2.4,0.1,,,WSW,S,15,17,93,81,1022.6,1020.1,8.0,7.0,10.5,12.6,Yes,Yes,1,1,1,0,0,1,11.25,2.9,2.1,12,-2.5,16.0,Light (1-10),Mild (<20),,-2.24,0.39,1.93,,0.17,,0
2008-07-26,2008,7,Jul,3,Winter,2008-07,208,6.2,17.0,16.2,1.4,8.6,,,W,SSE,24,13,79,47,1018.3,1014.3,1.0,5.0,8.4,15.5,Yes,No,1,0,1,0,0,1,11.6,10.8,7.1,32,-4.0,18.5,Moderate (10-25),Mild (<20),,-0.42,-1.36,-0.14,,-0.43,,0
2008-07-27,2008,7,Jul,3,Winter,2008-07,209,6.3,17.6,0.0,2.0,7.6,,,W,ESE,11,6,71,41,1013.1,1008.6,2.0,7.0,9.1,16.4,No,Yes,0,1,1,0,0,0,11.95,11.3,7.3,30,-4.5,8.5,Dry (<=1 mm),Mild (<20),,-0.17,-1.31,-0.51,,-1.15,,0
2008-07-28,2008,7,Jul,3,Winter,2008-07,210,7.0,13.6,3.8,3.0,3.6,,,W,SW,20,31,79,79,1011.3,1011.3,6.0,8.0,8.4,10.2,Yes,Yes,1,1,1,0,0,1,10.3,6.6,1.8,0,0.0,25.5,Light (1-10),Mild (<20),,-1.86,-0.97,1.81,,-1.4,,0
2008-07-29,2008,7,Jul,3,Winter,2008-07,211,8.0,15.0,33.2,1.4,6.9,,,W,SSW,22,20,86,59,1017.2,1015.1,6.0,6.0,9.1,13.5,Yes,No,1,0,1,0,0,1,11.5,7.0,4.4,27,-2.1,21.0,Heavy (25-50),Mild (<20),,-1.27,-0.48,0.59,,-0.58,,0
2008-07-30,2008,7,Jul,3,Winter,2008-07,212,6.0,17.0,0.2,2.6,9.7,,,W,ESE,19,11,65,43,1016.7,1013.7,2.0,1.0,9.4,16.2,No,No,0,0,1,0,0,0,11.5,11.0,6.8,22,-3.0,15.0,Dry (<=1 mm),Mild (<20),,-0.42,-1.46,-0.38,,-0.65,,0
2008-07-31,2008,7,Jul,3,Winter,2008-07,213,6.0,20.3,0.0,3.4,10.2,,,W,E,19,11,71,42,1016.6,1011.6,1.0,2.0,7.9,18.5,No,No,0,0,1,0,0,0,13.15,14.3,10.6,29,-5.0,15.0,Dry (<=1 mm),Warm (20-30),,0.97,-1.46,-0.44,,-0.66,,0
2008-08-01,2008,8,Aug,3,Winter,2008-08,214,7.9,20.8,0.0,4.6,1.8,,,WNW,WNW,17,26,40,46,1004.8,1003.3,6.0,7.0,17.2,16.8,No,No,0,0,1,0,0,0,14.35,12.9,-0.4,-6,-1.5,21.5,Dry (<=1 mm),Warm (20-30),,0.51,-0.84,0.01,,-2.14,,0
2008-08-02,2008,8,Aug,3,Winter,2008-08,215,9.7,16.8,0.0,4.6,10.1,,,W,W,28,24,48,32,1013.2,1013.3,1.0,1.0,11.9,16.6,No,No,0,0,1,0,0,0,13.25,7.1,4.7,16,0.1,26.0,Dry (<=1 mm),Mild (<20),,-0.93,-0.02,-0.84,,-0.94,,0
2008-08-03,2008,8,Aug,3,Winter,2008-08,216,9.4,18.8,0.0,3.6,10.0,,,W,W,20,7,52,34,1020.4,1017.7,0.0,1.0,11.6,18.7,No,No,0,0,1,0,0,0,14.1,9.4,7.1,18,-2.7,13.5,Dry (<=1 mm),Mild (<20),,-0.21,-0.16,-0.72,,0.09,,0
2008-08-04,2008,8,Aug,3,Winter,2008-08,217,8.1,17.2,0.0,3.0,5.9,,,W,E,13,13,62,45,1020.4,1017.1,6.0,6.0,10.6,15.0,No,No,0,0,1,0,0,0,12.65,9.1,4.4,17,-3.3,13.0,Dry (<=1 mm),Mild (<20),,-0.79,-0.75,-0.05,,0.09,,0
2008-08-05,2008,8,Aug,3,Winter,2008-08,218,6.6,16.3,0.0,3.4,8.5,,,W,SSE,22,13,67,52,1019.1,1016.1,1.0,5.0,9.2,16.3,No,No,0,0,1,0,0,0,11.45,9.7,7.1,15,-3.0,17.5,Dry (<=1 mm),Mild (<20),,-1.12,-1.43,0.37,,-0.09,,0
2008-08-06,2008,8,Aug,3,Winter,2008-08,219,8.8,15.5,0.0,3.4,3.4,,,W,SSW,15,13,89,70,1014.9,1015.6,7.0,7.0,9.5,14.3,No,No,0,0,1,0,0,0,12.15,6.7,4.8,19,0.7,14.0,Dry (<=1 mm),Mild (<20),,-1.4,-0.43,1.45,,-0.69,,0
2008-08-07,2008,8,Aug,3,Winter,2008-08,220,8.3,16.5,0.8,0.4,6.0,,,W,NW,20,19,74,75,1017.9,1014.6,1.0,7.0,10.9,11.4,No,Yes,0,1,1,0,0,0,12.4,8.2,0.5,-1,-3.3,19.5,Dry (<=1 mm),Mild (<20),,-1.04,-0.66,1.76,,-0.26,,0
2008-08-08,2008,8,Aug,3,Winter,2008-08,221,8.2,18.6,4.6,1.4,5.7,,,W,SW,17,19,58,38,1016.4,1016.9,7.0,5.0,11.7,18.4,Yes,No,1,0,1,0,0,1,13.4,10.4,6.7,20,0.5,18.0,Light (1-10),Mild (<20),,-0.28,-0.7,-0.48,,-0.48,,0
2008-08-09,2008,8,Aug,3,Winter,2008-08,222,6.9,17.3,0.0,4.0,9.6,,,W,WNW,19,15,56,37,1021.9,1018.1,1.0,4.0,9.9,16.4,No,No,0,0,1,0,0,0,12.1,10.4,6.5,19,-3.8,17.0,Dry (<=1 mm),Mild (<20),,-0.75,-1.29,-0.54,,0.31,,0
2008-08-10,2008,8,Aug,3,Winter,2008-08,223,6.7,15.6,0.0,3.0,5.9,,,NW,WNW,19,24,62,38,1016.2,1011.8,2.0,2.0,10.5,13.5,No,No,0,0,1,0,0,0,11.15,8.9,3.0,24,-4.4,21.5,Dry (<=1 mm),Mild (<20),,-1.37,-1.38,-0.48,,-0.51,,0
2008-08-11,2008,8,Aug,3,Winter,2008-08,224,7.0,15.9,0.4,3.6,10.7,,,W,W,33,20,46,35,1016.0,1015.4,1.0,4.0,9.4,15.4,No,No,0,0,1,0,0,0,11.45,8.9,6.0,11,-0.6,26.5,Dry (<=1 mm),Mild (<20),,-1.26,-1.25,-0.66,,-0.54,,0
2008-08-12,2008,8,Aug,3,Winter,2008-08,225,6.8,16.3,0.0,3.0,10.0,,,W,W,19,30,50,28,1021.7,1018.8,1.0,1.0,10.7,15.8,No,No,0,0,1,0,0,0,11.55,9.5,5.1,22,-2.9,24.5,Dry (<=1 mm),Mild (<20),,-1.12,-1.34,-1.08,,0.28,,0
2008-08-13,2008,8,Aug,3,Winter,2008-08,226,8.4,17.4,0.0,4.0,10.5,,,WSW,ESE,22,15,49,34,1023.0,1021.9,1.0,2.0,12.2,16.0,No,No,0,0,1,0,0,0,12.9,9.0,3.8,15,-1.1,18.5,Dry (<=1 mm),Mild (<20),,-0.72,-0.61,-0.72,,0.47,,0
2008-08-14,2008,8,Aug,3,Winter,2008-08,227,7.2,18.5,0.0,4.0,10.4,,,W,WSW,22,26,51,28,1021.1,1015.6,0.0,1.0,10.2,18.0,No,No,0,0,1,0,0,0,12.85,11.3,7.8,23,-5.5,24.0,Dry (<=1 mm),Mild (<20),,-0.32,-1.15,-1.08,,0.2,,0
2008-08-15,2008,8,Aug,3,Winter,2008-08,228,9.4,18.8,0.0,4.6,10.7,,,W,W,22,31,49,33,1013.4,1010.2,1.0,1.0,12.4,18.1,No,No,0,0,1,0,0,0,14.1,9.4,5.7,16,-3.2,26.5,Dry (<=1 mm),Mild (<20),,-0.21,-0.16,-0.78,,-0.91,,0
2008-08-16,2008,8,Aug,3,Winter,2008-08,229,10.5,18.0,0.0,4.0,9.2,,,W,SE,22,15,48,42,1011.8,1010.5,1.0,4.0,13.2,16.6,No,No,0,0,1,0,0,0,14.25,7.5,3.4,6,-1.3,18.5,Dry (<=1 mm),Mild (<20),,-0.5,0.34,-0.24,,-1.14,,0
2008-08-17,2008,8,Aug,3,Winter,2008-08,230,6.9,16.4,0.0,4.6,10.4,,,W,SSE,17,15,45,35,1021.9,1021.8,1.0,1.0,10.4,15.5,No,No,0,0,1,0,0,0,11.65,9.5,5.1,10,-0.1,16.0,Dry (<=1 mm),Mild (<20),,-1.08,-1.29,-0.66,,0.31,,0
2008-08-18,2008,8,Aug,3,Winter,2008-08,231,5.6,15.8,0.0,3.4,7.6,,,W,SSW,20,19,59,33,1024.9,1021.2,6.0,7.0,9.2,15.3,No,No,0,0,1,0,0,0,10.7,10.2,6.1,26,-3.7,19.5,Dry (<=1 mm),Mild (<20),,-1.3,-1.88,-0.78,,0.74,,0
2008-08-19,2008,8,Aug,3,Winter,2008-08,232,5.3,17.6,0.6,1.8,10.8,,,W,ENE,22,15,65,32,1028.8,1025.4,1.0,5.0,9.5,17.5,No,No,0,0,1,0,0,0,11.45,12.3,8.0,33,-3.4,18.5,Dry (<=1 mm),Mild (<20),,-0.64,-2.02,-0.84,,1.3,,0
2008-08-20,2008,8,Aug,3,Winter,2008-08,233,8.2,19.5,0.0,3.8,7.4,,,E,W,2,4,58,35,1026.6,1023.2,7.0,7.0,12.6,19.2,No,No,0,0,1,0,0,0,13.85,11.3,6.6,23,-3.4,3.0,Dry (<=1 mm),Mild (<20),,0.04,-0.7,-0.66,,0.98,,0
2008-08-21,2008,8,Aug,3,Winter,2008-08,234,9.4,20.2,0.0,3.2,1.1,,,W,ENE,7,11,58,44,1022.5,1017.1,8.0,7.0,12.0,18.2,No,Yes,0,1,1,0,0,0,14.8,10.8,6.2,14,-5.4,9.0,Dry (<=1 mm),Warm (20-30),,0.3,-0.16,-0.11,,0.4,,0
2008-08-22,2008,8,Aug,3,Winter,2008-08,235,10.2,11.9,2.6,3.4,0.0,,,W,SSW,15,17,90,87,1016.1,1015.5,8.0,8.0,10.5,10.5,Yes,Yes,1,1,1,0,0,1,11.05,1.7,0.0,3,-0.6,16.0,Light (1-10),Mild (<20),,-2.71,0.2,2.48,,-0.52,,0
2008-08-23,2008,8,Aug,3,Winter,2008-08,236,7.3,14.8,20.8,1.6,5.9,,,SSW,S,24,28,65,53,1022.8,1024.1,7.0,7.0,11.2,13.4,Yes,No,1,0,1,0,0,1,11.05,7.5,2.2,12,1.3,26.0,Moderate (10-25),Mild (<20),,-1.66,-1.11,0.43,,0.44,,0
2008-08-24,2008,8,Aug,3,Winter,2008-08,237,5.5,17.3,0.0,3.0,10.4,,,W,SSE,24,22,63,47,1029.6,1027.9,1.0,2.0,9.8,16.6,No,No,0,0,1,0,0,0,11.4,11.8,6.8,16,-1.7,23.0,Dry (<=1 mm),Mild (<20),,-0.75,-1.93,0.07,,1.42,,0
2008-08-25,2008,8,Aug,3,Winter,2008-08,238,8.2,16.4,0.0,3.6,7.1,,,W,NE,15,19,76,48,1029.9,1024.8,7.0,5.0,11.1,16.0,No,No,0,0,1,0,0,0,12.3,8.2,4.9,28,-5.1,17.0,Dry (<=1 mm),Mild (<20),,-1.08,-0.7,0.13,,1.46,,0
2008-08-26,2008,8,Aug,3,Winter,2008-08,239,8.5,21.5,0.0,2.6,9.3,,,WNW,E,19,15,78,51,1023.4,1019.3,2.0,3.0,11.1,18.7,No,No,0,0,1,0,0,0,15.0,13.0,7.6,27,-4.1,17.0,Dry (<=1 mm),Warm (20-30),,0.77,-0.57,0.31,,0.53,,0
2008-08-28,2008,8,Aug,3,Winter,2008-08,241,8.8,16.9,2.4,3.2,8.5,,,W,S,13,20,85,59,1028.0,1025.3,3.0,5.0,12.0,15.8,Yes,No,1,0,1,0,0,1,12.85,8.1,3.8,26,-2.7,16.5,Light (1-10),Mild (<20),,-0.9,-0.43,0.79,,1.19,,0
2008-08-29,2008,8,Aug,3,Winter,2008-08,242,8.7,18.2,0.0,4.2,10.1,,,WNW,SSE,19,20,70,62,1025.7,1022.3,2.0,4.0,12.5,16.1,No,No,0,0,1,0,0,0,13.45,9.5,3.6,8,-3.4,19.5,Dry (<=1 mm),Mild (<20),,-0.43,-0.48,0.97,,0.86,,0
2008-08-30,2008,8,Aug,3,Winter,2008-08,243,8.1,16.0,0.0,4.8,6.3,,,W,ENE,13,17,82,65,1023.4,1019.1,5.0,7.0,12.1,15.7,No,Yes,0,1,1,0,0,0,12.05,7.9,3.6,17,-4.3,15.0,Dry (<=1 mm),Mild (<20),,-1.22,-0.75,1.15,,0.53,,0
2008-08-31,2008,8,Aug,3,Winter,2008-08,244,12.1,19.2,12.0,4.8,0.3,,,NNE,N,15,22,91,71,1011.2,1009.555,7.0,7.0,15.3,19.1,Yes,No,1,0,1,0,0,1,15.65,7.1,3.8,20,-1.65,18.5,Moderate (10-25),Mild (<20),,-0.07,1.06,1.51,,-1.23,,0
2008-09-01,2008,9,Sep,3,Spring,2008-09,245,10.4,21.0,0.2,4.0,11.3,,,W,E,7,19,54,41,1022.9,1020.8,0.0,0.0,15.0,19.0,No,No,0,0,1,0,0,0,15.7,10.6,4.0,13,-2.1,13.0,Dry (<=1 mm),Warm (20-30),,-0.26,-0.85,-0.45,,0.6,,0
2008-09-02,2008,9,Sep,3,Spring,2008-09,246,8.7,20.6,0.0,3.0,11.1,,,W,ESE,19,17,56,39,1026.1,1024.4,0.0,1.0,14.1,18.9,No,No,0,0,1,0,0,0,14.65,11.9,4.8,17,-1.7,18.0,Dry (<=1 mm),Warm (20-30),,-0.37,-1.51,-0.57,,1.03,,0
2008-09-03,2008,9,Sep,3,Spring,2008-09,247,9.7,17.9,0.0,3.4,6.2,,,SSE,SSE,22,30,67,64,1032.6,1032.4,7.0,7.0,15.8,16.0,No,No,0,0,1,0,0,0,13.8,8.2,0.2,3,-0.2,26.0,Dry (<=1 mm),Mild (<20),,-1.09,-1.12,0.88,,1.89,,0
2008-09-04,2008,9,Sep,3,Spring,2008-09,248,13.5,17.1,0.4,4.6,0.7,,,SE,ESE,20,26,55,64,1034.2,1031.0,7.0,8.0,15.4,15.8,No,Yes,0,1,1,0,0,0,15.3,3.6,0.4,-9,-3.2,23.0,Dry (<=1 mm),Mild (<20),,-1.3,0.34,0.88,,2.1,,0
2008-09-05,2008,9,Sep,3,Spring,2008-09,249,13.1,15.7,1.6,4.4,0.0,,,ESE,ESE,28,20,76,88,1024.9,1020.8,8.0,8.0,15.6,14.2,Yes,Yes,1,1,1,0,0,1,14.4,2.6,-1.4,-12,-4.1,24.0,Light (1-10),Mild (<20),,-1.67,0.19,2.27,,0.87,,0
2008-09-06,2008,9,Sep,3,Spring,2008-09,250,11.8,14.2,62.2,4.8,0.0,,,S,S,22,30,92,88,1014.8,1013.1,8.0,8.0,13.0,12.3,Yes,Yes,1,1,1,0,0,1,13.0,2.4,-0.7,4,-1.7,26.0,Very heavy (>50),Mild (<20),,-2.07,-0.31,2.27,,-0.47,Extreme rain,1
2008-09-07,2008,9,Sep,3,Spring,2008-09,251,9.5,19.0,21.6,0.0,9.4,,,W,ESE,15,15,69,51,1016.4,1014.1,2.0,6.0,14.1,18.3,Yes,No,1,0,1,0,0,1,14.25,9.5,4.2,18,-2.3,15.0,Moderate (10-25),Mild (<20),,-0.79,-1.2,0.12,,-0.26,,0
2008-09-08,2008,9,Sep,3,Spring,2008-09,252,9.4,17.5,0.0,3.4,9.9,,,W,SSE,15,24,68,51,1019.5,1018.2,1.0,2.0,13.9,16.4,No,No,0,0,1,0,0,0,13.45,8.1,2.5,17,-1.3,19.5,Dry (<=1 mm),Mild (<20),,-1.19,-1.24,0.12,,0.15,,0
2008-09-09,2008,9,Sep,3,Spring,2008-09,253,8.4,16.4,0.0,6.2,10.9,,,WSW,SE,13,20,49,43,1025.0,1021.9,1.0,1.0,12.6,15.4,No,No,0,0,1,0,0,0,12.4,8.0,2.8,6,-3.1,16.5,Dry (<=1 mm),Mild (<20),,-1.49,-1.63,-0.34,,0.88,,0
2008-09-10,2008,9,Sep,3,Spring,2008-09,254,7.0,16.8,0.0,4.0,10.7,,,W,ESE,17,19,66,44,1022.7,1019.1,1.0,1.0,12.4,16.6,No,No,0,0,1,0,0,0,11.9,9.8,4.2,22,-3.6,18.0,Dry (<=1 mm),Mild (<20),,-1.38,-2.17,-0.28,,0.58,,0
2008-09-11,2008,9,Sep,3,Spring,2008-09,255,7.1,17.7,0.0,3.0,10.3,,,WNW,ENE,15,20,72,60,1019.2,1014.2,1.0,2.0,12.3,16.8,No,No,0,0,1,0,0,0,12.4,10.6,4.5,12,-5.0,17.5,Dry (<=1 mm),Mild (<20),,-1.14,-2.13,0.65,,0.11,,0
2008-09-12,2008,9,Sep,3,Spring,2008-09,256,8.7,24.3,0.0,3.6,10.8,,,W,NE,11,20,53,35,1014.9,1010.8,1.0,1.0,14.8,21.9,No,No,0,0,1,0,0,0,16.5,15.6,7.1,18,-4.1,15.5,Dry (<=1 mm),Warm (20-30),,0.61,-1.51,-0.8,,-0.46,,0
2008-09-13,2008,9,Sep,3,Spring,2008-09,257,14.8,30.6,0.0,7.4,10.6,,,E,NE,4,7,40,47,1014.1,1010.4,3.0,1.0,24.3,25.0,No,Yes,0,1,1,0,0,0,22.7,15.8,0.7,-7,-3.7,5.5,Dry (<=1 mm),Hot (30-35),,2.29,0.84,-0.11,,-0.57,,0
2008-09-14,2008,9,Sep,3,Spring,2008-09,258,17.2,23.5,3.6,9.6,2.8,,,N,NW,15,7,82,79,1011.8,1007.4,8.0,6.0,18.0,19.3,Yes,Yes,1,1,1,0,0,1,20.35,6.3,1.3,3,-4.4,11.0,Light (1-10),Warm (20-30),,0.4,1.77,1.75,,-0.87,,0
2008-09-15,2008,9,Sep,3,Spring,2008-09,259,16.9,27.9,4.0,3.0,11.0,,,N,NW,28,39,58,23,1009.7,1003.4,1.0,1.0,22.5,27.8,Yes,No,1,0,1,0,0,1,22.4,11.0,5.3,35,-6.3,33.5,Light (1-10),Warm (20-30),,1.57,1.66,-1.5,,-1.15,,0
2008-09-16,2008,9,Sep,3,Spring,2008-09,260,12.3,19.8,0.0,10.6,11.3,,,W,WSW,39,19,30,25,1015.8,1016.5,1.0,1.0,14.3,19.5,No,No,0,0,1,0,0,0,16.05,7.5,5.2,5,0.7,29.0,Dry (<=1 mm),Mild (<20),,-0.58,-0.12,-1.38,,-0.34,,0
2008-09-17,2008,9,Sep,3,Spring,2008-09,261,10.7,16.3,0.0,7.2,4.6,,,S,SE,15,11,60,58,1026.4,1023.4,6.0,6.0,14.8,15.0,No,No,0,0,1,0,0,0,13.5,5.6,0.2,2,-3.0,13.0,Dry (<=1 mm),Mild (<20),,-1.51,-0.74,0.53,,1.07,,0
2008-09-18,2008,9,Sep,3,Spring,2008-09,262,9.4,19.4,0.0,3.6,10.1,,,W,NE,6,22,63,61,1021.4,1016.2,1.0,4.0,15.7,18.3,No,No,0,0,1,0,0,0,14.4,10.0,2.6,2,-5.2,14.0,Dry (<=1 mm),Mild (<20),,-0.69,-1.24,0.7,,0.4,,0
2008-09-19,2008,9,Sep,3,Spring,2008-09,263,14.6,25.8,0.0,4.2,10.4,,,W,NE,0,20,67,47,1015.8,1011.0,1.0,0.0,19.4,24.0,No,No,0,0,1,0,0,0,20.2,11.2,4.6,20,-4.8,10.0,Dry (<=1 mm),Warm (20-30),,1.01,0.77,-0.11,,-0.34,,0
2008-09-20,2008,9,Sep,3,Spring,2008-09,264,18.8,32.8,0.0,7.6,10.9,,,N,W,6,26,46,17,1010.1,1005.9,0.0,6.0,25.8,31.6,No,No,0,0,1,0,0,0,25.8,14.0,5.8,29,-4.2,16.0,Dry (<=1 mm),Hot (30-35),,2.88,2.39,-1.84,,-1.1,,0
2008-09-21,2008,9,Sep,3,Spring,2008-09,265,15.8,21.6,0.0,9.0,10.9,,,E,NE,9,19,73,61,1019.8,1014.4,4.0,0.0,18.0,20.7,No,No,0,0,1,0,0,0,18.7,5.8,2.7,12,-5.4,14.0,Dry (<=1 mm),Warm (20-30),,-0.1,1.23,0.7,,0.19,,0
2008-09-22,2008,9,Sep,3,Spring,2008-09,266,13.2,29.8,0.0,4.4,7.5,,,W,NW,6,37,64,33,1011.6,1007.0,0.0,7.0,19.1,27.6,No,Yes,0,1,1,0,0,0,21.5,16.6,8.5,31,-4.6,21.5,Dry (<=1 mm),Warm (20-30),,2.08,0.23,-0.92,,-0.9,,0
2008-09-23,2008,9,Sep,3,Spring,2008-09,267,15.6,17.0,2.6,10.4,3.0,,,SSW,SSE,17,24,88,60,1015.5,1018.0,8.0,5.0,15.6,16.9,Yes,Yes,1,1,1,0,0,1,16.3,1.4,1.3,28,2.5,20.5,Light (1-10),Mild (<20),,-1.33,1.15,0.65,,-0.38,,0
2008-09-24,2008,9,Sep,3,Spring,2008-09,268,9.7,18.6,2.2,2.4,11.1,,,WNW,E,11,19,60,50,1030.3,1028.6,3.0,1.0,16.2,17.5,Yes,No,1,0,1,0,0,1,14.15,8.9,1.3,10,-1.7,15.0,Light (1-10),Mild (<20),,-0.9,-1.12,0.07,,1.58,,0
2008-09-25,2008,9,Sep,3,Spring,2008-09,269,10.3,18.6,0.0,4.0,10.9,,,W,E,6,19,67,54,1031.6,1027.8,1.0,1.0,16.0,18.2,No,No,0,0,1,0,0,0,14.45,8.3,2.2,13,-3.8,12.5,Dry (<=1 mm),Mild (<20),,-0.9,-0.89,0.3,,1.76,,0
2008-09-26,2008,9,Sep,3,Spring,2008-09,270,11.3,22.2,0.0,6.2,11.4,,,ESE,NE,4,11,56,53,1024.3,1018.4,1.0,5.0,17.9,21.6,No,No,0,0,1,0,0,0,16.75,10.9,3.7,3,-5.9,7.5,Dry (<=1 mm),Warm (20-30),,0.06,-0.51,0.24,,0.79,,0
2008-09-27,2008,9,Sep,3,Spring,2008-09,271,14.0,25.4,0.0,5.6,11.4,,,S,E,7,9,67,62,1021.6,1015.7,4.0,1.0,20.4,21.4,No,No,0,0,1,0,0,0,19.7,11.4,1.0,5,-5.9,8.0,Dry (<=1 mm),Warm (20-30),,0.91,0.54,0.76,,0.43,,0
2008-09-28,2008,9,Sep,3,Spring,2008-09,272,19.8,32.9,0.0,6.6,8.4,,,WNW,SSE,17,28,35,62,1009.8,1007.1,2.0,2.0,25.4,21.5,No,No,0,0,1,0,0,0,26.35,13.1,-3.9,-27,-2.7,22.5,Dry (<=1 mm),Hot (30-35),,2.9,2.78,0.76,,-1.14,,0
2008-09-29,2008,9,Sep,3,Spring,2008-09,273,13.5,21.8,0.0,6.6,7.1,,,SW,SE,19,24,42,63,1013.8,1015.6,1.0,7.0,19.4,16.1,No,No,0,0,1,0,0,0,17.65,8.3,-3.3,-21,1.8,21.5,Dry (<=1 mm),Warm (20-30),,-0.05,0.34,0.82,,-0.61,,0
2008-09-30,2008,9,Sep,3,Spring,2008-09,274,11.9,19.2,0.8,6.4,11.1,,,W,NE,6,15,61,48,1020.3,1016.777,2.0,1.0,16.5,19.0,No,No,0,0,1,0,0,0,15.55,7.3,2.5,13,-3.52,10.5,Dry (<=1 mm),Mild (<20),,-0.74,-0.27,-0.05,,0.26,,0
2008-10-01,2008,10,Oct,4,Spring,2008-10,275,12.6,24.7,0.0,5.2,10.6,,,WNW,NE,9,22,70,69,1020.9,1015.7,6.0,1.0,19.0,20.5,No,No,0,0,1,0,0,0,18.65,12.1,1.5,1,-5.2,15.5,Dry (<=1 mm),Warm (20-30),,0.26,-0.76,1.04,,0.29,,0
2008-10-02,2008,10,Oct,4,Spring,2008-10,276,18.9,31.1,0.0,6.6,10.0,,,NE,NE,4,19,44,39,1016.9,1013.5,3.0,1.0,24.7,29.7,No,No,0,0,1,0,0,0,25.0,12.2,5.0,5,-3.4,11.5,Dry (<=1 mm),Hot (30-35),,1.69,1.44,-0.65,,-0.27,,0
2008-10-03,2008,10,Oct,4,Spring,2008-10,277,22.5,34.8,0.0,8.6,9.8,,,WNW,W,15,11,41,20,1014.8,1010.3,1.0,7.0,29.6,33.9,No,Yes,0,1,1,0,0,0,28.65,12.3,4.3,21,-4.5,13.0,Dry (<=1 mm),Hot (30-35),,2.52,2.7,-1.73,,-0.57,,0
2008-10-04,2008,10,Oct,4,Spring,2008-10,278,17.5,19.4,9.6,10.4,0.0,,,ESE,NE,13,9,89,88,1015.2,1012.9,7.0,8.0,18.9,19.0,Yes,Yes,1,1,1,0,0,1,18.45,1.9,0.1,1,-2.3,11.0,Light (1-10),Mild (<20),,-0.93,0.95,2.11,,-0.51,,0
2008-10-05,2008,10,Oct,4,Spring,2008-10,279,14.6,19.1,3.4,1.0,0.0,,,SSW,S,11,11,93,86,1018.4,1015.3,8.0,8.0,14.9,16.0,Yes,Yes,1,1,1,0,0,1,16.85,4.5,1.1,7,-3.1,11.0,Light (1-10),Mild (<20),,-1.0,-0.06,2.0,,-0.06,,0
2008-10-06,2008,10,Oct,4,Spring,2008-10,280,14.9,22.8,1.8,2.0,3.3,,,SSW,ENE,15,22,85,71,1009.2,1003.9,8.0,7.0,18.5,20.2,Yes,No,1,0,1,0,0,1,18.85,7.9,1.7,14,-5.3,18.5,Light (1-10),Warm (20-30),,-0.17,0.04,1.15,,-1.36,,0
2008-10-07,2008,10,Oct,4,Spring,2008-10,281,9.7,20.6,0.4,3.4,11.7,,,W,E,22,24,51,42,1017.7,1014.4,1.0,1.0,12.8,17.2,No,No,0,0,1,0,0,0,15.15,10.9,4.4,9,-3.3,23.0,Dry (<=1 mm),Warm (20-30),,-0.66,-1.77,-0.49,,-0.16,,0
2008-10-08,2008,10,Oct,4,Spring,2008-10,282,10.9,19.7,0.0,4.8,10.0,,,W,E,19,15,53,47,1018.8,1018.6,4.0,1.0,14.0,18.4,No,No,0,0,1,0,0,0,15.3,8.8,4.4,6,-0.2,17.0,Dry (<=1 mm),Mild (<20),,-0.86,-1.35,-0.2,,-0.0,,0
2008-10-09,2008,10,Oct,4,Spring,2008-10,283,10.5,19.9,0.0,5.4,11.7,,,W,ESE,17,22,56,58,1026.2,1025.7,1.0,1.0,15.8,19.2,No,No,0,0,1,0,0,0,15.2,9.4,3.4,-2,-0.5,19.5,Dry (<=1 mm),Mild (<20),,-0.82,-1.49,0.42,,1.04,,0
2008-10-10,2008,10,Oct,4,Spring,2008-10,284,12.6,21.5,0.0,6.0,10.7,,,WNW,E,11,20,76,57,1029.0,1025.4,3.0,3.0,16.9,20.5,No,No,0,0,1,0,0,0,17.05,8.9,3.6,19,-3.6,15.5,Dry (<=1 mm),Warm (20-30),,-0.46,-0.76,0.36,,1.44,,0
2008-10-11,2008,10,Oct,4,Spring,2008-10,285,14.6,22.3,0.0,6.6,7.2,,,W,E,6,22,82,65,1027.4,1024.3,5.0,3.0,16.0,20.0,No,No,0,0,1,0,0,0,18.45,7.7,4.0,17,-3.1,14.0,Dry (<=1 mm),Warm (20-30),,-0.28,-0.06,0.81,,1.21,,0
2008-10-12,2008,10,Oct,4,Spring,2008-10,286,14.2,22.5,0.0,3.6,10.6,,,W,E,11,28,76,69,1025.0,1021.8,1.0,1.0,18.6,20.8,No,No,0,0,1,0,0,0,18.35,8.3,2.2,7,-3.2,19.5,Dry (<=1 mm),Warm (20-30),,-0.24,-0.2,1.04,,0.87,,0
2008-10-13,2008,10,Oct,4,Spring,2008-10,287,16.1,29.2,0.0,7.0,9.2,,,W,NE,6,24,72,43,1021.4,1016.6,2.0,2.0,20.2,27.7,No,No,0,0,1,0,0,0,22.65,13.1,7.5,29,-4.8,15.0,Dry (<=1 mm),Warm (20-30),,1.27,0.46,-0.43,,0.36,,0
2008-10-14,2008,10,Oct,4,Spring,2008-10,288,16.6,21.0,0.6,9.2,2.3,,,SSW,E,20,20,89,84,1021.7,1016.0,8.0,7.0,16.8,17.6,No,Yes,0,1,1,0,0,0,18.8,4.4,0.8,5,-5.7,20.0,Dry (<=1 mm),Warm (20-30),,-0.57,0.64,1.89,,0.41,,0
2008-10-15,2008,10,Oct,4,Spring,2008-10,289,15.1,18.9,9.0,3.2,5.0,,,SSE,SE,20,17,63,55,1022.4,1021.2,7.0,8.0,15.9,18.1,Yes,No,1,0,1,0,0,1,17.0,3.8,2.2,8,-1.2,18.5,Light (1-10),Mild (<20),,-1.04,0.11,0.25,,0.5,,0
2008-10-16,2008,10,Oct,4,Spring,2008-10,290,11.8,22.1,0.0,4.2,11.4,,,W,E,7,19,64,42,1025.5,1023.4,1.0,1.0,16.6,20.3,No,No,0,0,1,0,0,0,16.95,10.3,3.7,22,-2.1,13.0,Dry (<=1 mm),Warm (20-30),,-0.33,-1.04,-0.49,,0.94,,0
2008-10-17,2008,10,Oct,4,Spring,2008-10,291,12.9,24.9,0.0,5.8,11.7,,,W,ENE,7,20,71,49,1024.2,1021.0,1.0,2.0,17.6,22.4,No,No,0,0,1,0,0,0,18.9,12.0,4.8,22,-3.2,13.5,Dry (<=1 mm),Warm (20-30),,0.3,-0.65,-0.09,,0.76,,0
2008-10-18,2008,10,Oct,4,Spring,2008-10,292,16.7,23.2,0.0,7.4,10.3,,,S,E,4,24,77,82,1025.4,1022.0,5.0,2.0,18.6,19.7,No,No,0,0,1,0,0,0,19.95,6.5,1.1,-5,-3.4,14.0,Dry (<=1 mm),Warm (20-30),,-0.08,0.67,1.77,,0.93,,0
2008-10-19,2008,10,Oct,4,Spring,2008-10,293,16.5,26.8,0.0,7.8,10.8,,,W,NE,6,9,64,48,1022.3,1018.5,1.0,2.0,21.3,26.6,No,No,0,0,1,0,0,0,21.65,10.3,5.3,16,-3.8,7.5,Dry (<=1 mm),Warm (20-30),,0.73,0.6,-0.15,,0.49,,0
2008-10-20,2008,10,Oct,4,Spring,2008-10,294,17.1,22.2,0.0,8.0,5.7,,,SSW,SE,20,20,76,55,1022.3,1019.3,7.0,1.0,18.1,21.8,No,Yes,0,1,1,0,0,0,19.65,5.1,3.7,21,-3.0,20.0,Dry (<=1 mm),Warm (20-30),,-0.3,0.81,0.25,,0.49,,0
2008-10-21,2008,10,Oct,4,Spring,2008-10,295,14.5,19.2,1.8,5.2,8.4,,,SSW,SSE,26,35,68,59,1020.9,1019.6,6.0,7.0,16.8,18.8,Yes,Yes,1,1,1,0,0,1,16.85,4.7,2.0,9,-1.3,30.5,Light (1-10),Mild (<20),,-0.98,-0.1,0.47,,0.29,,0
2008-10-22,2008,10,Oct,4,Spring,2008-10,296,9.9,14.3,12.6,6.0,2.3,,,WSW,S,19,24,87,74,1022.1,1021.9,7.0,7.0,10.3,12.4,Yes,Yes,1,1,1,0,0,1,12.1,4.4,2.1,13,-0.2,21.5,Moderate (10-25),Mild (<20),,-2.07,-1.7,1.32,,0.46,,0
2008-10-23,2008,10,Oct,4,Spring,2008-10,297,7.9,15.7,11.4,4.2,5.0,,,SW,S,24,26,71,75,1023.2,1022.5,6.0,7.0,11.9,14.1,Yes,Yes,1,1,1,0,0,1,11.8,7.8,2.2,-4,-0.7,25.0,Moderate (10-25),Mild (<20),,-1.76,-2.4,1.38,,0.62,,0
2008-10-24,2008,10,Oct,4,Spring,2008-10,298,9.0,20.2,2.0,2.4,10.2,,,WNW,E,15,17,66,51,1023.2,1019.0,6.0,6.0,14.4,18.2,Yes,No,1,0,1,0,0,1,14.6,11.2,3.8,15,-4.2,16.0,Light (1-10),Warm (20-30),,-0.75,-2.02,0.02,,0.62,,0
2008-10-25,2008,10,Oct,4,Spring,2008-10,299,12.3,24.0,0.0,4.8,11.5,,,W,E,17,19,66,47,1018.3,1015.1,1.0,1.0,17.3,22.2,No,No,0,0,1,0,0,0,18.15,11.7,4.9,19,-3.2,18.0,Dry (<=1 mm),Warm (20-30),,0.1,-0.86,-0.2,,-0.07,,0
2008-10-26,2008,10,Oct,4,Spring,2008-10,300,14.4,24.4,0.0,8.0,8.7,,,ESE,NNE,6,19,58,57,1016.8,1013.4,6.0,7.0,20.2,23.6,No,No,0,0,1,0,0,0,19.4,10.0,3.4,1,-3.4,12.5,Dry (<=1 mm),Warm (20-30),,0.19,-0.13,0.36,,-0.29,,0
2008-10-27,2008,10,Oct,4,Spring,2008-10,301,19.8,33.6,0.0,7.6,11.8,,,E,NE,6,20,55,38,1015.2,1010.8,2.0,1.0,23.7,29.8,No,No,0,0,1,0,0,0,26.7,13.8,6.1,17,-4.4,13.0,Dry (<=1 mm),Hot (30-35),,2.25,1.76,-0.71,,-0.51,,0
2008-10-28,2008,10,Oct,4,Spring,2008-10,302,17.6,21.9,0.0,11.4,5.7,,,S,SSE,11,22,67,70,1020.8,1019.9,5.0,8.0,20.8,20.5,No,Yes,0,1,1,0,0,0,19.75,4.3,-0.3,-3,-0.9,16.5,Dry (<=1 mm),Warm (20-30),,-0.37,0.99,1.1,,0.28,,0
2008-10-29,2008,10,Oct,4,Spring,2008-10,303,16.8,17.3,6.2,4.6,0.0,,,ESE,SE,11,13,93,91,1024.3,1023.8,8.0,8.0,17.2,16.7,Yes,Yes,1,1,1,0,1,1,17.05,0.5,-0.5,2,-0.5,12.0,Light (1-10),Mild (<20),,-1.4,0.71,2.28,,0.77,,0
2008-10-30,2008,10,Oct,4,Spring,2008-10,304,15.1,25.8,7.6,1.2,3.7,,,W,NE,9,20,92,70,1022.6,1016.7,8.0,6.0,17.0,23.5,Yes,No,1,0,1,0,0,1,20.45,10.7,6.5,22,-5.9,14.5,Light (1-10),Warm (20-30),,0.5,0.11,1.1,,0.53,,0
2008-10-31,2008,10,Oct,4,Spring,2008-10,305,16.9,35.0,0.2,3.2,5.0,,,N,WNW,17,26,53,24,1010.0,1005.3,6.0,7.0,25.6,34.6,No,No,0,0,1,0,0,0,25.95,18.1,9.0,29,-4.7,21.5,Dry (<=1 mm),Extreme heat (>=35),,2.57,0.74,-1.5,,-1.25,,0
2008-11-01,2008,11,Nov,4,Spring,2008-11,306,18.0,21.2,0.4,10.2,2.4,,,S,SSE,19,24,73,64,1021.9,1022.9,7.0,7.0,18.9,20.4,No,No,0,0,1,0,0,0,19.6,3.2,1.5,9,1.0,21.5,Dry (<=1 mm),Warm (20-30),,-0.93,0.3,0.42,,1.02,,0
2008-11-02,2008,11,Nov,4,Spring,2008-11,307,17.5,23.1,0.8,4.6,0.2,,,W,NE,11,17,72,60,1024.9,1021.0,7.0,7.0,18.3,20.0,No,Yes,0,1,1,0,0,0,20.3,5.6,1.7,12,-3.9,14.0,Dry (<=1 mm),Warm (20-30),,-0.44,0.08,0.15,,1.5,,0
2008-11-03,2008,11,Nov,4,Spring,2008-11,308,17.2,30.3,2.8,3.4,10.3,,,WNW,W,22,24,62,35,1009.7,1006.0,2.0,4.0,23.1,28.6,Yes,No,1,0,1,0,0,1,23.75,13.1,5.5,27,-3.7,23.0,Light (1-10),Hot (30-35),,1.41,-0.05,-1.55,,-0.91,,0
2008-11-04,2008,11,Nov,4,Spring,2008-11,309,15.5,19.0,0.2,7.8,6.2,,,S,SSE,22,31,59,62,1015.0,1015.9,7.0,6.0,17.5,17.8,No,No,0,0,1,0,0,0,17.25,3.5,0.3,-3,0.9,26.5,Dry (<=1 mm),Mild (<20),,-1.5,-0.79,0.28,,-0.07,,0
2008-11-05,2008,11,Nov,4,Spring,2008-11,310,14.5,21.0,0.0,7.8,5.0,,,W,NE,4,20,59,60,1015.5,1010.6,6.0,8.0,18.2,20.1,No,No,0,0,1,0,0,0,17.75,6.5,1.9,-1,-4.9,12.0,Dry (<=1 mm),Warm (20-30),,-0.98,-1.23,0.15,,0.01,,0
2008-11-06,2008,11,Nov,4,Spring,2008-11,311,15.2,30.3,0.0,6.0,10.3,,,W,ENE,9,17,58,45,1009.6,1006.7,5.0,7.0,21.0,25.0,No,No,0,0,1,0,0,0,22.75,15.1,4.0,13,-2.9,13.0,Dry (<=1 mm),Hot (30-35),,1.41,-0.92,-0.87,,-0.93,,0
2008-11-07,2008,11,Nov,4,Spring,2008-11,312,16.0,24.1,0.0,8.4,4.1,,,WNW,E,15,13,61,60,1014.5,1011.1,6.0,8.0,18.7,21.3,No,No,0,0,1,0,0,0,20.05,8.1,2.6,1,-3.4,14.0,Dry (<=1 mm),Warm (20-30),,-0.19,-0.57,0.15,,-0.15,,0
2008-11-08,2008,11,Nov,4,Spring,2008-11,313,18.4,25.2,0.2,5.2,0.2,,,NNW,WSW,24,17,62,47,1001.8,1003.8,7.0,8.0,22.1,22.8,No,No,0,0,1,0,0,0,21.8,6.8,0.7,15,2.0,20.5,Dry (<=1 mm),Warm (20-30),,0.1,0.47,-0.74,,-2.17,,0
2008-11-09,2008,11,Nov,4,Spring,2008-11,314,16.6,23.0,0.4,4.4,11.0,,,W,E,13,20,46,60,1017.2,1017.9,1.0,2.0,20.7,21.5,No,No,0,0,1,0,0,0,19.8,6.4,0.8,-14,0.7,16.5,Dry (<=1 mm),Warm (20-30),,-0.47,-0.31,0.15,,0.28,,0
2008-11-10,2008,11,Nov,4,Spring,2008-11,315,17.4,23.3,0.0,8.0,8.1,,,E,E,2,20,63,56,1023.5,1021.9,5.0,1.0,21.9,22.2,No,No,0,0,1,0,0,0,20.35,5.9,0.3,7,-1.6,11.0,Dry (<=1 mm),Warm (20-30),,-0.39,0.04,-0.12,,1.28,,0
2008-11-11,2008,11,Nov,4,Spring,2008-11,316,15.9,23.1,0.0,5.2,9.9,,,W,E,0,19,66,49,1023.9,1020.9,3.0,2.0,20.5,22.3,No,No,0,0,1,0,0,0,19.5,7.2,1.8,17,-3.0,9.5,Dry (<=1 mm),Warm (20-30),,-0.44,-0.62,-0.6,,1.34,,0
2008-11-12,2008,11,Nov,4,Spring,2008-11,317,16.4,24.6,0.0,6.6,10.7,,,NNW,ENE,6,22,69,54,1020.1,1017.1,7.0,1.0,20.5,24.0,No,No,0,0,1,0,0,0,20.5,8.2,3.5,15,-3.0,14.0,Dry (<=1 mm),Warm (20-30),,-0.06,-0.4,-0.26,,0.74,,0
2008-11-13,2008,11,Nov,4,Spring,2008-11,318,19.0,24.9,0.0,8.0,11.9,,,ENE,E,13,19,61,65,1019.3,1016.0,3.0,3.0,23.4,24.2,No,No,0,0,1,0,0,0,21.95,5.9,0.8,-4,-3.3,16.0,Dry (<=1 mm),Warm (20-30),,0.02,0.73,0.49,,0.61,,0
2008-11-14,2008,11,Nov,4,Spring,2008-11,319,19.2,27.0,0.0,10.6,9.1,,,ENE,NE,13,22,65,57,1013.8,1010.6,5.0,5.0,24.3,26.1,No,Yes,0,1,1,0,0,0,23.1,7.8,1.8,8,-3.2,17.5,Dry (<=1 mm),Warm (20-30),,0.56,0.82,-0.06,,-0.26,,0
2008-11-15,2008,11,Nov,4,Spring,2008-11,320,18.5,23.1,6.6,9.4,2.4,,,SSE,SE,17,19,92,73,1013.6,1012.1,8.0,7.0,18.6,21.5,Yes,Yes,1,1,1,0,0,1,20.8,4.6,2.9,19,-1.5,18.0,Light (1-10),Warm (20-30),,-0.44,0.51,1.03,,-0.29,,0
2008-11-16,2008,11,Nov,4,Spring,2008-11,321,17.2,22.4,1.2,3.4,4.0,,,S,SE,20,28,75,64,1016.4,1016.7,7.0,7.0,19.1,19.4,Yes,No,1,0,1,0,0,1,19.8,5.2,0.3,11,0.3,24.0,Light (1-10),Warm (20-30),,-0.62,-0.05,0.42,,0.15,,0
2008-11-17,2008,11,Nov,4,Spring,2008-11,322,15.5,20.9,0.0,6.8,1.4,,,E,NE,4,15,60,50,1019.8,1017.5,7.0,7.0,18.8,20.0,No,No,0,0,1,0,0,0,18.2,5.4,1.2,10,-2.3,9.5,Dry (<=1 mm),Warm (20-30),,-1.01,-0.79,-0.53,,0.69,,0
2008-11-18,2008,11,Nov,4,Spring,2008-11,323,16.2,23.4,0.0,4.0,8.3,,,NNE,NE,22,24,60,60,1017.0,1013.7,7.0,8.0,20.6,21.6,No,Yes,0,1,1,0,0,0,19.8,7.2,1.0,0,-3.3,23.0,Dry (<=1 mm),Warm (20-30),,-0.37,-0.49,0.15,,0.25,,0
2008-11-19,2008,11,Nov,4,Spring,2008-11,324,17.0,22.1,6.2,7.8,1.0,,,NNE,E,9,20,91,78,1011.4,1008.2,8.0,8.0,18.4,20.9,Yes,Yes,1,1,1,0,0,1,19.55,5.1,2.5,13,-3.2,14.5,Light (1-10),Warm (20-30),,-0.7,-0.14,1.37,,-0.64,,0
2008-11-20,2008,11,Nov,4,Spring,2008-11,325,17.3,27.6,29.4,4.6,7.5,,,WNW,N,15,13,70,59,1001.1,997.5,3.0,5.0,22.0,26.7,Yes,No,1,0,1,0,0,1,22.45,10.3,4.7,11,-3.6,14.0,Heavy (25-50),Warm (20-30),,0.71,-0.01,0.08,,-2.28,,0
2008-11-21,2008,11,Nov,4,Spring,2008-11,326,16.7,27.7,0.2,7.0,11.8,,,WSW,E,19,31,34,46,1001.2,996.4,1.0,3.0,22.1,23.7,No,No,0,0,1,0,0,0,22.2,11.0,1.6,-12,-4.8,25.0,Dry (<=1 mm),Warm (20-30),,0.74,-0.27,-0.81,,-2.26,,0
2008-11-22,2008,11,Nov,4,Spring,2008-11,327,17.9,20.6,0.0,10.0,9.8,,,WNW,E,31,19,49,30,990.2,991.4,3.0,6.0,20.3,17.2,No,No,0,0,1,0,1,0,19.25,2.7,-3.1,19,1.2,25.0,Dry (<=1 mm),Warm (20-30),,-1.09,0.25,-1.9,,-4.01,Low pressure,1
2008-11-23,2008,11,Nov,4,Spring,2008-11,328,12.2,19.7,0.2,9.8,2.1,,,WNW,SSW,19,26,50,55,986.7,991.0,7.0,5.0,13.8,18.4,No,Yes,0,1,1,0,0,0,15.95,7.5,4.6,-5,4.3,22.5,Dry (<=1 mm),Mild (<20),,-1.32,-2.23,-0.19,,-4.56,Low pressure,1
2008-11-24,2008,11,Nov,4,Spring,2008-11,329,13.6,22.3,2.4,5.0,10.5,,,SSW,SSE,19,20,47,49,1003.5,1005.1,1.0,4.0,19.7,20.7,Yes,No,1,0,1,0,0,1,17.95,8.7,1.0,-2,1.6,19.5,Light (1-10),Warm (20-30),,-0.65,-1.62,-0.6,,-1.9,,0
2008-11-25,2008,11,Nov,4,Spring,2008-11,330,15.5,21.8,0.0,5.6,9.4,,,SSW,SSE,15,24,62,63,1015.6,1015.3,5.0,3.0,18.5,19.3,No,No,0,0,1,0,0,0,18.65,6.3,0.8,-1,-0.3,19.5,Dry (<=1 mm),Warm (20-30),,-0.78,-0.79,0.35,,0.03,,0
2008-11-26,2008,11,Nov,4,Spring,2008-11,331,16.4,21.8,0.0,7.6,0.1,,,E,E,7,19,55,55,1016.6,1014.1,7.0,8.0,18.5,19.2,No,No,0,0,1,0,0,0,19.1,5.4,0.7,0,-2.5,13.0,Dry (<=1 mm),Warm (20-30),,-0.78,-0.4,-0.19,,0.18,,0
2008-11-27,2008,11,Nov,4,Spring,2008-11,332,15.9,23.6,0.0,5.0,10.5,,,NNE,NE,17,26,58,64,1012.7,1008.9,7.0,1.0,21.8,22.7,No,No,0,0,1,0,0,0,19.75,7.7,0.9,-6,-3.8,21.5,Dry (<=1 mm),Warm (20-30),,-0.32,-0.62,0.42,,-0.44,,0
2008-11-28,2008,11,Nov,4,Spring,2008-11,333,19.5,24.6,0.2,7.8,0.7,,,NW,N,24,17,71,75,1005.0,1003.9,8.0,7.0,22.9,22.2,No,Yes,0,1,1,0,0,0,22.05,5.1,-0.7,-4,-1.1,20.5,Dry (<=1 mm),Warm (20-30),,-0.06,0.95,1.17,,-1.66,,0
2008-11-29,2008,11,Nov,4,Spring,2008-11,334,19.3,23.3,10.8,2.6,6.9,,,S,S,13,24,92,79,1002.2,1002.0,7.0,7.0,20.3,19.8,Yes,Yes,1,1,1,0,0,1,21.3,4.0,-0.5,13,-0.2,18.5,Moderate (10-25),Warm (20-30),,-0.39,0.86,1.44,,-2.1,,0
2008-11-30,2008,11,Nov,4,Spring,2008-11,335,15.0,24.9,11.2,4.8,12.3,,,SSW,E,13,19,64,55,1009.9,1007.2,2.0,1.0,19.8,21.4,Yes,No,1,0,1,0,0,1,19.95,9.9,1.6,9,-2.7,16.0,Moderate (10-25),Warm (20-30),,0.02,-1.01,-0.19,,-0.88,,0
2008-12-01,2008,12,Dec,4,Summer,2008-12,336,17.6,31.3,0.0,7.6,10.9,,,ENE,WNW,2,24,29,21,1009.1,1004.6,3.0,7.0,24.9,30.8,No,No,0,0,1,0,0,0,24.45,13.7,5.9,8,-4.5,13.0,Dry (<=1 mm),Hot (30-35),,1.59,-0.44,-2.49,,-0.84,,0
2008-12-02,2008,12,Dec,4,Summer,2008-12,337,16.6,23.8,0.0,12.0,12.9,,,W,E,6,26,65,65,1011.1,1007.2,1.0,1.0,20.8,23.4,No,No,0,0,1,0,0,0,20.2,7.2,2.6,0,-3.9,16.0,Dry (<=1 mm),Warm (20-30),,-0.59,-0.88,0.5,,-0.5,,0
2008-12-03,2008,12,Dec,4,Summer,2008-12,338,18.4,33.2,0.0,8.0,8.0,,,W,W,13,19,67,19,1007.7,1005.6,7.0,5.0,22.5,32.3,No,No,0,0,1,0,0,0,25.8,14.8,9.8,48,-2.1,16.0,Dry (<=1 mm),Hot (30-35),,2.14,-0.08,-2.63,,-1.08,,0
2008-12-04,2008,12,Dec,4,Summer,2008-12,339,18.4,21.8,0.0,10.0,2.2,,,ESE,E,20,22,59,57,1020.2,1018.5,8.0,6.0,19.6,21.5,No,No,0,0,1,0,0,0,20.1,3.4,1.9,2,-1.7,21.0,Dry (<=1 mm),Warm (20-30),,-1.17,-0.08,-0.04,,1.04,,0
2008-12-05,2008,12,Dec,4,Summer,2008-12,340,19.3,27.0,0.0,4.8,6.7,,,N,E,15,24,78,70,1015.0,1008.6,8.0,5.0,20.9,24.1,No,No,0,0,1,0,0,0,23.15,7.7,3.2,8,-6.4,19.5,Dry (<=1 mm),Warm (20-30),,0.34,0.32,0.84,,0.16,,0
2008-12-06,2008,12,Dec,4,Summer,2008-12,341,20.8,34.8,0.0,6.4,9.8,,,W,SSE,13,20,57,56,1006.9,1004.1,7.0,6.0,27.0,28.8,No,No,0,0,1,0,0,0,27.8,14.0,1.8,1,-2.8,16.5,Dry (<=1 mm),Hot (30-35),,2.6,0.99,-0.11,,-1.21,,0
2008-12-07,2008,12,Dec,4,Summer,2008-12,342,20.0,26.1,0.0,7.6,4.9,,,W,SE,11,20,81,78,1007.9,1008.4,8.0,7.0,21.1,21.7,No,Yes,0,1,1,0,0,0,23.05,6.1,0.6,3,0.5,15.5,Dry (<=1 mm),Warm (20-30),,0.08,0.63,1.39,,-1.04,,0
2008-12-08,2008,12,Dec,4,Summer,2008-12,343,18.2,22.3,6.8,4.4,6.3,,,E,E,19,31,74,72,1014.3,1010.9,7.0,6.0,20.3,21.9,Yes,Yes,1,1,1,0,0,1,20.25,4.1,1.6,2,-3.4,25.0,Light (1-10),Warm (20-30),,-1.02,-0.17,0.98,,0.04,,0
2008-12-09,2008,12,Dec,4,Summer,2008-12,344,17.4,25.9,1.8,5.4,9.9,,,W,NE,7,17,81,60,1011.2,1006.3,3.0,6.0,19.5,24.9,Yes,No,1,0,1,0,0,1,21.65,8.5,5.4,21,-4.9,12.0,Light (1-10),Warm (20-30),,0.02,-0.53,0.16,,-0.49,,0
2008-12-10,2008,12,Dec,4,Summer,2008-12,345,19.5,23.4,0.0,9.4,5.2,,,S,SSE,35,30,71,66,1007.1,1009.6,3.0,8.0,21.9,21.7,No,Yes,0,1,1,0,0,0,21.45,3.9,-0.2,5,2.5,32.5,Dry (<=1 mm),Warm (20-30),,-0.7,0.41,0.57,,-1.18,,0
2008-12-11,2008,12,Dec,4,Summer,2008-12,346,17.2,19.9,3.4,4.6,0.0,,,ESE,ESE,15,26,90,58,1013.8,1015.0,8.0,8.0,17.5,19.7,Yes,Yes,1,1,1,0,0,1,18.55,2.7,2.2,32,1.2,20.5,Light (1-10),Mild (<20),,-1.72,-0.61,0.03,,-0.05,,0
2008-12-12,2008,12,Dec,4,Summer,2008-12,347,17.4,24.5,3.6,4.0,0.0,,,ENE,ENE,13,30,85,92,1015.8,1009.9,8.0,8.0,17.6,18.4,Yes,Yes,1,1,1,0,0,1,20.95,7.1,0.8,-7,-5.9,21.5,Light (1-10),Warm (20-30),,-0.39,-0.53,2.34,,0.29,,0
2008-12-13,2008,12,Dec,4,Summer,2008-12,348,17.0,32.9,28.2,4.8,7.5,,,N,W,24,37,82,25,995.0,990.3,6.0,4.0,24.5,32.5,Yes,No,1,0,1,0,0,1,24.95,15.9,8.0,57,-4.7,30.5,Heavy (25-50),Hot (30-35),,2.05,-0.7,-2.22,,-3.23,Low pressure,1
2008-12-14,2008,12,Dec,4,Summer,2008-12,349,19.2,25.4,0.0,12.0,12.7,,,W,WSW,33,44,42,32,996.5,997.4,1.0,5.0,21.5,23.9,No,No,0,0,1,0,0,0,22.3,6.2,2.4,10,0.9,38.5,Dry (<=1 mm),Warm (20-30),,-0.12,0.27,-1.74,,-2.98,,0
2008-12-15,2008,12,Dec,4,Summer,2008-12,350,16.7,23.8,0.0,9.8,12.1,,,S,SE,24,20,39,43,1006.8,1007.9,5.0,1.0,20.9,22.8,No,No,0,0,1,0,0,0,20.25,7.1,1.9,-4,1.1,22.0,Dry (<=1 mm),Warm (20-30),,-0.59,-0.84,-0.99,,-1.23,,0
2008-12-16,2008,12,Dec,4,Summer,2008-12,351,15.0,24.1,0.0,6.8,13.0,,,NNW,NE,13,20,58,48,1013.1,1010.1,1.0,1.0,21.0,23.4,No,No,0,0,1,0,0,0,19.55,9.1,2.4,10,-3.0,16.5,Dry (<=1 mm),Warm (20-30),,-0.5,-1.59,-0.65,,-0.16,,0
2008-12-17,2008,12,Dec,4,Summer,2008-12,352,17.7,26.0,0.0,9.2,9.6,,,WNW,E,6,17,68,73,1011.9,1008.0,1.0,6.0,22.3,23.1,No,No,0,0,1,0,0,0,21.85,8.3,0.8,-5,-3.9,11.5,Dry (<=1 mm),Warm (20-30),,0.05,-0.39,1.05,,-0.37,,0
2008-12-18,2008,12,Dec,4,Summer,2008-12,353,19.3,27.4,0.0,4.8,8.4,,,WNW,E,13,17,65,68,1005.0,1001.2,2.0,6.0,23.1,24.0,No,No,0,0,1,0,0,0,23.35,8.1,0.9,-3,-3.8,15.0,Dry (<=1 mm),Warm (20-30),,0.46,0.32,0.71,,-1.54,,0
2008-12-19,2008,12,Dec,4,Summer,2008-12,354,17.3,26.4,0.6,10.2,12.2,,,WNW,SE,7,30,67,58,1005.9,1007.8,2.0,6.0,21.6,21.2,No,No,0,0,1,0,0,0,21.85,9.1,-0.4,9,1.9,18.5,Dry (<=1 mm),Warm (20-30),,0.17,-0.57,0.03,,-1.38,,0
2008-12-20,2008,12,Dec,4,Summer,2008-12,355,15.7,20.4,0.0,10.6,4.6,,,S,SSE,26,15,57,69,1019.2,1019.3,5.0,7.0,18.4,18.2,No,No,0,0,1,0,0,0,18.05,4.7,-0.2,-12,0.1,20.5,Dry (<=1 mm),Warm (20-30),,-1.58,-1.28,0.77,,0.87,,0
2008-12-21,2008,12,Dec,4,Summer,2008-12,356,14.3,22.1,0.4,5.2,12.0,,,NNW,E,2,20,60,50,1022.0,1019.9,4.0,1.0,19.6,21.4,No,No,0,0,1,0,0,0,18.2,7.8,1.8,10,-2.1,11.0,Dry (<=1 mm),Warm (20-30),,-1.08,-1.9,-0.52,,1.34,,0
2008-12-22,2008,12,Dec,4,Summer,2008-12,357,15.9,24.1,0.0,7.2,12.1,,,NNE,NE,22,26,56,57,1018.8,1014.8,1.0,1.0,22.1,22.9,No,No,0,0,1,0,0,0,20.0,8.2,0.8,-1,-4.0,24.0,Dry (<=1 mm),Warm (20-30),,-0.5,-1.19,-0.04,,0.8,,0
2008-12-23,2008,12,Dec,4,Summer,2008-12,358,19.0,26.9,0.0,10.8,6.5,,,E,ENE,11,9,60,56,1009.3,1008.4,6.0,7.0,23.8,26.0,No,No,0,0,1,0,0,0,22.95,7.9,2.2,4,-0.9,10.0,Dry (<=1 mm),Warm (20-30),,0.31,0.19,-0.11,,-0.81,,0
2008-12-24,2008,12,Dec,4,Summer,2008-12,359,18.7,20.7,0.4,4.8,0.0,,,S,SSE,17,6,77,78,1013.3,1012.6,8.0,8.0,19.6,19.7,No,No,0,0,1,0,0,0,19.7,2.0,0.1,-1,-0.7,11.5,Dry (<=1 mm),Warm (20-30),,-1.49,0.05,1.39,,-0.13,,0
2008-12-25,2008,12,Dec,4,Summer,2008-12,360,16.4,23.3,0.0,0.8,7.2,,,E,E,7,19,73,60,1014.5,1013.5,7.0,3.0,20.7,22.8,No,No,0,0,1,0,0,0,19.85,6.9,2.1,13,-1.0,13.0,Dry (<=1 mm),Warm (20-30),,-0.73,-0.97,0.16,,0.07,,0
2008-12-26,2008,12,Dec,4,Summer,2008-12,361,19.1,26.0,0.0,4.0,10.0,,,ESE,NE,4,22,75,71,1013.9,1010.7,7.0,1.0,23.1,25.4,No,No,0,0,1,0,0,0,22.55,6.9,2.3,4,-3.2,13.0,Dry (<=1 mm),Warm (20-30),,0.05,0.23,0.91,,-0.03,,0
2008-12-27,2008,12,Dec,4,Summer,2008-12,362,20.5,27.2,0.0,7.2,0.7,,,E,NE,9,13,79,70,1009.0,1005.0,7.0,8.0,24.5,26.2,No,Yes,0,1,1,0,0,0,23.85,6.7,1.7,9,-4.0,11.0,Dry (<=1 mm),Warm (20-30),,0.4,0.85,0.84,,-0.86,,0
2008-12-28,2008,12,Dec,4,Summer,2008-12,363,19.7,28.3,7.0,6.0,12.1,,,W,E,4,20,72,63,1006.6,1003.2,1.0,5.0,23.4,26.5,Yes,No,1,0,1,0,0,1,24.0,8.6,3.1,9,-3.4,12.0,Light (1-10),Warm (20-30),,0.72,0.5,0.37,,-1.26,,0
2008-12-29,2008,12,Dec,4,Summer,2008-12,364,20.7,24.9,0.0,8.0,7.2,,,SSE,SE,28,15,72,68,1004.8,1003.7,2.0,6.0,22.6,22.4,No,Yes,0,1,1,0,0,0,22.8,4.2,-0.2,4,-1.1,21.5,Dry (<=1 mm),Warm (20-30),,-0.27,0.94,0.71,,-1.57,,0
2008-12-30,2008,12,Dec,4,Summer,2008-12,365,18.2,27.6,2.0,5.6,10.9,,,W,E,9,26,81,72,1004.3,999.3,6.0,5.0,20.9,23.8,Yes,No,1,0,1,0,0,1,22.9,9.4,2.9,9,-5.0,17.5,Light (1-10),Warm (20-30),,0.51,-0.17,0.98,,-1.65,,0
2008-12-31,2008,12,Dec,4,Summer,2008-12,366,19.2,31.5,0.0,7.4,13.1,,,W,E,19,20,37,42,1002.7,1002.4,0.0,0.0,24.7,25.3,No,No,0,0,1,0,0,0,25.35,12.3,0.6,-5,-0.3,19.5,Dry (<=1 mm),Hot (30-35),,1.65,0.27,-1.06,,-1.93,,0
2009-01-01,2009,1,Jan,1,Summer,2009-01,1,18.4,34.7,0.0,9.8,12.9,,,W,NNW,11,17,73,22,1005.5,1000.7,4.0,6.0,22.0,34.3,No,No,0,0,1,0,0,0,26.55,16.3,12.3,51,-4.8,14.0,Dry (<=1 mm),Hot (30-35),,1.88,-0.9,-2.6,,-1.59,,0
2009-01-02,2009,1,Jan,1,Summer,2009-01,2,18.8,22.7,0.0,11.0,5.9,,,E,ESE,11,33,62,57,1012.8,1013.8,6.0,7.0,20.1,20.8,No,No,0,0,1,0,0,0,20.75,3.9,0.7,5,1.0,22.0,Dry (<=1 mm),Warm (20-30),,-1.25,-0.71,-0.11,,-0.23,,0
2009-01-03,2009,1,Jan,1,Summer,2009-01,3,17.0,23.0,0.0,9.0,0.5,,,ESE,ENE,13,15,58,49,1021.6,1019.4,8.0,8.0,18.8,21.4,No,No,0,0,1,0,0,0,20.0,6.0,2.6,9,-2.2,14.0,Dry (<=1 mm),Warm (20-30),,-1.17,-1.56,-0.68,,1.41,,0
2009-01-04,2009,1,Jan,1,Summer,2009-01,4,18.7,24.6,0.0,5.4,11.3,,,NNE,NE,13,31,59,58,1018.6,1015.2,2.0,1.0,23.0,24.1,No,No,0,0,1,0,0,0,21.65,5.9,1.1,1,-3.4,22.0,Dry (<=1 mm),Warm (20-30),,-0.75,-0.75,-0.04,,0.85,,0
2009-01-05,2009,1,Jan,1,Summer,2009-01,5,19.5,27.9,0.0,10.0,12.2,,,ESE,ENE,6,13,66,60,1013.2,1008.9,4.0,4.0,23.4,26.2,No,No,0,0,1,0,0,0,23.7,8.4,2.8,6,-4.3,9.5,Dry (<=1 mm),Warm (20-30),,0.11,-0.38,0.11,,-0.16,,0
2009-01-06,2009,1,Jan,1,Summer,2009-01,6,20.2,28.3,0.0,10.0,11.8,,,SSW,E,11,20,77,64,1011.6,1008.0,0.0,0.0,23.1,25.8,No,No,0,0,1,0,0,0,24.25,8.1,2.7,13,-3.6,15.5,Dry (<=1 mm),Warm (20-30),,0.21,-0.05,0.39,,-0.46,,0
2009-01-07,2009,1,Jan,1,Summer,2009-01,7,20.7,33.1,0.0,9.0,9.3,,,SSW,E,6,15,72,67,1009.9,1005.1,1.0,7.0,23.7,26.1,No,No,0,0,1,0,0,0,26.9,12.4,2.4,5,-4.8,10.5,Dry (<=1 mm),Hot (30-35),,1.47,0.19,0.6,,-0.77,,0
2009-01-08,2009,1,Jan,1,Summer,2009-01,8,20.4,22.4,0.0,9.8,0.0,,,SSE,SSE,24,31,78,72,1012.4,1013.4,8.0,8.0,21.2,20.1,No,No,0,0,1,0,1,0,21.4,2.0,-1.1,6,1.0,27.5,Dry (<=1 mm),Warm (20-30),,-1.32,0.05,0.96,,-0.31,,0
2009-01-09,2009,1,Jan,1,Summer,2009-01,9,17.2,22.6,0.4,7.6,5.9,,,SSE,ESE,22,19,54,47,1020.2,1018.8,7.0,6.0,19.2,21.2,No,No,0,0,1,0,0,0,19.9,5.4,2.0,7,-1.4,20.5,Dry (<=1 mm),Warm (20-30),,-1.27,-1.46,-0.82,,1.15,,0
2009-01-10,2009,1,Jan,1,Summer,2009-01,10,18.3,23.4,0.0,7.6,6.1,,,ENE,E,17,20,54,53,1017.1,1013.9,7.0,6.0,19.7,22.5,No,No,0,0,1,0,0,0,20.85,5.1,2.8,1,-3.2,18.5,Dry (<=1 mm),Warm (20-30),,-1.06,-0.94,-0.39,,0.57,,0
2009-01-11,2009,1,Jan,1,Summer,2009-01,11,17.4,24.6,0.0,6.6,8.7,,,NE,ENE,19,31,58,57,1013.8,1011.5,3.0,1.0,23.4,23.9,No,Yes,0,1,1,0,0,0,21.0,7.2,0.5,1,-2.3,25.0,Dry (<=1 mm),Warm (20-30),,-0.75,-1.37,-0.11,,-0.04,,0
2009-01-12,2009,1,Jan,1,Summer,2009-01,12,18.7,26.8,1.2,8.8,11.4,,,E,ESE,7,15,71,61,1015.4,1016.4,1.0,6.0,23.2,25.6,Yes,No,1,0,1,0,0,1,22.75,8.1,2.4,10,1.0,11.0,Light (1-10),Warm (20-30),,-0.18,-0.75,0.18,,0.25,,0
2009-01-13,2009,1,Jan,1,Summer,2009-01,13,19.6,26.2,0.2,4.2,11.1,,,ESE,NE,7,26,74,56,1019.5,1016.5,6.0,0.0,23.5,25.4,No,No,0,0,1,0,0,0,22.9,6.6,1.9,18,-3.0,16.5,Dry (<=1 mm),Warm (20-30),,-0.33,-0.33,-0.18,,1.02,,0
2009-01-14,2009,1,Jan,1,Summer,2009-01,14,20.8,29.7,0.0,10.2,13.0,,,E,NNE,7,24,67,49,1014.6,1011.2,0.0,1.0,25.5,29.1,No,No,0,0,1,0,0,0,25.25,8.9,3.6,18,-3.4,15.5,Dry (<=1 mm),Warm (20-30),,0.58,0.23,-0.68,,0.1,,0
2009-01-15,2009,1,Jan,1,Summer,2009-01,15,23.0,33.4,0.0,14.2,9.4,,,ESE,NE,7,19,61,39,1009.1,1006.0,5.0,6.0,28.6,33.1,No,Yes,0,1,1,0,0,0,28.2,10.4,4.5,22,-3.1,13.0,Dry (<=1 mm),Hot (30-35),,1.55,1.27,-1.39,,-0.92,,0
2009-01-16,2009,1,Jan,1,Summer,2009-01,16,18.8,25.0,1.8,10.2,10.1,,,S,E,4,24,69,61,1012.7,1008.8,2.0,0.0,21.4,24.0,Yes,No,1,0,1,0,0,1,21.9,6.2,2.6,8,-3.9,14.0,Light (1-10),Warm (20-30),,-0.65,-0.71,0.18,,-0.25,,0
2009-01-17,2009,1,Jan,1,Summer,2009-01,17,17.7,22.6,0.0,10.4,6.5,,,SSE,SSE,26,28,52,48,1020.5,1020.5,6.0,3.0,19.0,21.6,No,No,0,0,1,0,0,0,20.15,4.9,2.6,4,0.0,27.0,Dry (<=1 mm),Warm (20-30),,-1.27,-1.23,-0.75,,1.21,,0
2009-01-18,2009,1,Jan,1,Summer,2009-01,18,14.8,23.3,0.0,5.6,12.7,,,WNW,E,11,22,62,46,1021.9,1020.0,1.0,3.0,19.5,22.9,No,No,0,0,1,0,0,0,19.05,8.5,3.4,16,-1.9,16.5,Dry (<=1 mm),Warm (20-30),,-1.09,-2.59,-0.89,,1.47,,0
2009-01-19,2009,1,Jan,1,Summer,2009-01,19,16.4,25.1,0.0,11.0,12.7,,,N,NE,15,26,55,57,1019.3,1015.0,1.0,5.0,22.5,23.8,No,No,0,0,1,0,0,0,20.75,8.7,1.3,-2,-4.3,20.5,Dry (<=1 mm),Warm (20-30),,-0.62,-1.84,-0.11,,0.98,,0
2009-01-20,2009,1,Jan,1,Summer,2009-01,20,20.1,28.7,0.0,9.0,12.4,,,E,NE,9,22,61,54,1013.7,1010.6,0.0,1.0,24.7,27.0,No,Yes,0,1,1,0,0,0,24.4,8.6,2.3,7,-3.1,15.5,Dry (<=1 mm),Warm (20-30),,0.32,-0.1,-0.32,,-0.06,,0
2009-01-21,2009,1,Jan,1,Summer,2009-01,21,21.3,31.1,1.6,12.8,7.4,,,W,ENE,11,22,66,55,1011.9,1008.1,3.0,5.0,25.7,29.2,Yes,No,1,0,1,0,0,1,26.2,9.8,3.5,11,-3.8,16.5,Light (1-10),Hot (30-35),,0.95,0.47,-0.25,,-0.4,,0
2009-01-22,2009,1,Jan,1,Summer,2009-01,22,23.4,33.6,1.0,8.0,9.8,,,NNW,NNW,15,26,52,45,1008.9,1005.5,5.0,5.0,27.8,32.7,No,No,0,0,1,0,0,0,28.5,10.2,4.9,7,-3.4,20.5,Dry (<=1 mm),Hot (30-35),,1.6,1.46,-0.96,,-0.96,,0
2009-01-23,2009,1,Jan,1,Summer,2009-01,23,25.0,31.7,0.0,14.2,11.9,,,ESE,E,9,19,59,58,1009.2,1007.6,1.0,2.0,29.5,29.1,No,No,0,0,1,0,0,0,28.35,6.7,-0.4,1,-1.6,14.0,Dry (<=1 mm),Hot (30-35),,1.1,2.21,-0.04,,-0.9,,0
2009-01-24,2009,1,Jan,1,Summer,2009-01,24,24.8,40.9,0.0,10.6,11.1,,,NW,W,11,26,55,20,1004.8,1002.8,6.0,2.0,31.5,40.1,No,No,0,0,1,0,0,0,32.85,16.1,8.6,35,-2.0,18.5,Dry (<=1 mm),Extreme heat (>=35),,3.5,2.12,-2.74,,-1.73,Heat,1
2009-01-25,2009,1,Jan,1,Summer,2009-01,25,20.5,25.9,0.0,13.6,6.8,,,SE,ESE,15,17,57,51,1019.5,1018.3,7.0,5.0,21.9,24.7,No,No,0,0,1,0,0,0,23.2,5.4,2.8,6,-1.2,16.0,Dry (<=1 mm),Warm (20-30),,-0.41,0.09,-0.53,,1.02,,0
2009-01-26,2009,1,Jan,1,Summer,2009-01,26,20.8,26.8,0.0,6.8,1.2,,,S,S,9,15,80,72,1019.3,1019.1,8.0,7.0,21.9,25.3,No,Yes,0,1,1,0,0,0,23.8,6.0,3.4,8,-0.2,12.0,Dry (<=1 mm),Warm (20-30),,-0.18,0.23,0.96,,0.98,,0
2009-01-27,2009,1,Jan,1,Summer,2009-01,27,20.2,23.9,14.2,1.8,1.7,,,S,SSE,9,7,95,93,1021.1,1019.9,8.0,8.0,20.8,22.4,Yes,Yes,1,1,1,0,0,1,22.05,3.7,1.6,2,-1.2,8.0,Moderate (10-25),Warm (20-30),,-0.93,-0.05,2.45,,1.32,,0
2009-01-28,2009,1,Jan,1,Summer,2009-01,28,19.9,27.1,4.4,1.8,12.3,,,N,NE,4,22,78,60,1018.5,1016.0,6.0,1.0,23.7,26.6,Yes,No,1,0,1,0,0,1,23.5,7.2,2.9,18,-2.5,13.0,Light (1-10),Warm (20-30),,-0.1,-0.19,0.11,,0.83,,0
2009-01-29,2009,1,Jan,1,Summer,2009-01,29,21.2,28.3,0.0,8.6,12.5,,,E,NE,4,26,73,67,1018.6,1016.5,1.0,1.0,25.2,27.5,No,No,0,0,1,0,0,0,24.75,7.1,2.3,6,-2.1,15.0,Dry (<=1 mm),Warm (20-30),,0.21,0.42,0.6,,0.85,,0
2009-01-30,2009,1,Jan,1,Summer,2009-01,30,21.1,28.2,0.0,10.2,13.0,,,E,NE,4,24,72,59,1018.7,1015.8,1.0,0.0,24.6,27.5,No,No,0,0,1,0,0,0,24.65,7.1,2.9,13,-2.9,14.0,Dry (<=1 mm),Warm (20-30),,0.19,0.37,0.04,,0.87,,0
2009-01-31,2009,1,Jan,1,Summer,2009-01,31,21.8,29.1,0.0,10.6,11.5,,,ENE,NE,7,19,76,54,1017.5,1014.2,2.0,3.0,25.0,29.0,No,No,0,0,1,0,0,0,25.45,7.3,4.0,22,-3.3,13.0,Dry (<=1 mm),Warm (20-30),,0.42,0.7,-0.32,,0.65,,0
2009-02-01,2009,2,Feb,1,Summer,2009-02,32,21.2,28.1,0.0,9.2,11.1,,,E,ESE,13,17,71,66,1016.1,1016.2,1.0,5.0,24.9,26.9,No,No,0,0,1,0,0,0,24.65,6.9,2.0,5,0.1,15.0,Dry (<=1 mm),Warm (20-30),,0.38,0.48,0.41,,0.1,,0
2009-02-02,2009,2,Feb,1,Summer,2009-02,33,22.9,28.3,0.0,6.4,9.8,,,ESE,NE,4,24,79,63,1016.3,1012.2,6.0,2.0,24.8,27.1,No,No,0,0,1,0,0,0,25.6,5.4,2.3,16,-4.1,14.0,Dry (<=1 mm),Warm (20-30),,0.45,1.29,0.17,,0.13,,0
2009-02-03,2009,2,Feb,1,Summer,2009-02,34,21.8,28.0,0.0,10.8,7.5,,,W,SE,0,19,63,60,1010.8,1010.0,7.0,4.0,25.4,27.9,No,No,0,0,1,0,0,0,24.9,6.2,2.5,3,-0.8,9.5,Dry (<=1 mm),Warm (20-30),,0.35,0.77,-0.06,,-0.84,,0
2009-02-04,2009,2,Feb,1,Summer,2009-02,35,21.6,27.3,0.4,7.0,7.1,,,S,E,6,17,84,71,1011.6,1009.4,7.0,5.0,23.2,26.2,No,No,0,0,1,0,0,0,24.45,5.7,3.0,13,-2.2,11.5,Dry (<=1 mm),Warm (20-30),,0.13,0.67,0.8,,-0.7,,0
2009-02-05,2009,2,Feb,1,Summer,2009-02,36,22.2,29.2,0.0,6.6,12.2,,,E,NE,6,22,73,58,1009.1,1005.9,1.0,1.0,26.0,28.9,No,No,0,0,1,0,0,0,25.7,7.0,2.9,15,-3.2,14.0,Dry (<=1 mm),Warm (20-30),,0.73,0.96,-0.22,,-1.14,,0
2009-02-06,2009,2,Feb,1,Summer,2009-02,37,21.9,29.5,0.0,9.8,10.8,,,E,ENE,6,11,75,64,1010.9,1008.4,3.0,1.0,25.5,27.4,No,No,0,0,1,0,0,0,25.7,7.6,1.9,11,-2.5,8.5,Dry (<=1 mm),Warm (20-30),,0.82,0.82,0.25,,-0.83,,0
2009-02-07,2009,2,Feb,1,Summer,2009-02,38,21.8,33.5,0.0,10.4,11.8,,,E,NNE,9,31,68,34,1013.3,1010.6,0.0,1.0,25.6,32.2,No,No,0,0,1,0,0,0,27.65,11.7,6.6,34,-2.7,20.0,Dry (<=1 mm),Hot (30-35),,2.08,0.77,-2.12,,-0.4,,0
2009-02-08,2009,2,Feb,1,Summer,2009-02,39,21.4,28.6,0.0,14.2,12.2,,,E,ENE,9,17,69,53,1010.8,1007.5,0.0,1.0,24.2,28.1,No,No,0,0,1,0,0,0,25.0,7.2,3.9,16,-3.3,13.0,Dry (<=1 mm),Warm (20-30),,0.54,0.58,-0.62,,-0.84,,0
2009-02-09,2009,2,Feb,1,Summer,2009-02,40,20.9,22.5,0.0,9.0,0.0,,,S,S,20,17,84,81,1011.9,1011.7,8.0,8.0,21.2,20.6,No,Yes,0,1,1,0,1,0,21.7,1.6,-0.6,3,-0.2,18.5,Dry (<=1 mm),Warm (20-30),,-1.37,0.34,1.59,,-0.65,,0
2009-02-10,2009,2,Feb,1,Summer,2009-02,41,17.9,19.4,3.4,1.6,0.0,,,SSW,SSW,6,19,94,89,1011.9,1010.1,8.0,8.0,18.2,18.7,Yes,Yes,1,1,1,0,0,1,18.65,1.5,0.5,5,-1.8,12.5,Light (1-10),Mild (<20),,-2.35,-1.09,2.23,,-0.65,,0
2009-02-11,2009,2,Feb,1,Summer,2009-02,42,16.7,23.0,5.6,2.2,1.5,,,SSW,S,26,20,77,61,1011.1,1011.2,7.0,7.0,17.7,23.0,Yes,No,1,0,1,0,0,1,19.85,6.3,5.3,16,0.1,23.0,Light (1-10),Warm (20-30),,-1.22,-1.66,0.01,,-0.79,,0
2009-02-12,2009,2,Feb,1,Summer,2009-02,43,17.5,22.0,0.6,4.0,1.1,,,SSW,SSE,19,31,76,56,1017.5,1018.7,7.0,8.0,18.9,21.4,No,Yes,0,1,1,0,0,0,19.75,4.5,2.5,20,1.2,25.0,Dry (<=1 mm),Warm (20-30),,-1.53,-1.28,-0.38,,0.35,,0
2009-02-13,2009,2,Feb,1,Summer,2009-02,44,16.4,20.4,23.2,5.4,0.0,,,SE,SE,24,24,86,90,1025.4,1025.0,8.0,8.0,18.0,17.9,Yes,Yes,1,1,1,0,0,1,18.4,4.0,-0.1,-4,-0.4,24.0,Moderate (10-25),Warm (20-30),,-2.03,-1.8,2.31,,1.75,,0
2009-02-14,2009,2,Feb,1,Summer,2009-02,45,17.0,21.2,19.6,4.4,0.0,,,ESE,ESE,30,19,66,67,1022.9,1019.2,8.0,8.0,19.1,20.4,Yes,Yes,1,1,1,0,0,1,19.1,4.2,1.3,-1,-3.7,24.5,Moderate (10-25),Warm (20-30),,-1.78,-1.52,0.49,,1.3,,0
2009-02-15,2009,2,Feb,1,Summer,2009-02,46,16.5,23.3,25.6,2.4,0.2,,,SSE,SE,19,22,88,66,1014.7,1013.9,8.0,8.0,19.4,23.1,Yes,Yes,1,1,1,0,0,1,19.9,6.8,3.7,22,-0.8,20.5,Heavy (25-50),Warm (20-30),,-1.12,-1.76,0.41,,-0.15,,0
2009-02-16,2009,2,Feb,1,Summer,2009-02,47,18.6,25.0,16.4,4.8,6.4,,,SE,SE,19,24,82,62,1017.6,1017.8,7.0,7.0,20.3,22.6,Yes,Yes,1,1,1,0,0,1,21.8,6.4,2.3,20,0.2,21.5,Moderate (10-25),Warm (20-30),,-0.59,-0.76,0.09,,0.36,,0
2009-02-17,2009,2,Feb,1,Summer,2009-02,48,19.4,22.9,3.8,7.4,0.0,,,SE,SE,9,17,70,71,1017.0,1015.4,8.0,8.0,20.8,22.0,Yes,Yes,1,1,1,0,0,1,21.15,3.5,1.2,-1,-1.6,13.0,Light (1-10),Warm (20-30),,-1.25,-0.37,0.8,,0.26,,0
2009-02-18,2009,2,Feb,1,Summer,2009-02,49,19.4,26.6,24.6,3.2,7.1,,,W,S,19,15,93,62,1010.2,1008.1,8.0,6.0,20.2,25.7,Yes,Yes,1,1,1,0,0,1,23.0,7.2,5.5,31,-2.1,17.0,Moderate (10-25),Warm (20-30),,-0.09,-0.37,0.09,,-0.95,,0
2009-02-19,2009,2,Feb,1,Summer,2009-02,50,18.9,28.4,1.4,3.6,11.4,,,NNW,E,19,20,74,60,1008.0,1005.0,2.0,5.0,23.1,27.5,Yes,No,1,0,1,0,0,1,23.65,9.5,4.4,14,-3.0,19.5,Light (1-10),Warm (20-30),,0.48,-0.61,-0.06,,-1.34,,0
2009-02-20,2009,2,Feb,1,Summer,2009-02,51,20.3,26.1,0.0,7.8,9.6,,,W,E,2,19,78,68,1011.6,1010.2,5.0,3.0,22.4,25.1,No,No,0,0,1,0,0,0,23.2,5.8,2.7,10,-1.4,10.5,Dry (<=1 mm),Warm (20-30),,-0.25,0.05,0.57,,-0.7,,0
2009-02-21,2009,2,Feb,1,Summer,2009-02,52,21.9,24.4,0.0,6.4,0.3,,,W,E,0,11,85,68,1013.3,1013.2,8.0,8.0,22.5,23.6,No,Yes,0,1,1,0,0,0,23.15,2.5,1.1,17,-0.1,5.5,Dry (<=1 mm),Warm (20-30),,-0.78,0.82,0.57,,-0.4,,0
2009-02-22,2009,2,Feb,1,Summer,2009-02,53,20.3,24.9,2.2,2.4,6.3,,,SSE,E,13,13,70,59,1018.5,1017.6,7.0,4.0,21.7,24.4,Yes,No,1,0,1,0,0,1,22.6,4.6,2.7,11,-0.9,13.0,Light (1-10),Warm (20-30),,-0.62,0.05,-0.14,,0.52,,0
2009-02-23,2009,2,Feb,1,Summer,2009-02,54,19.6,27.0,0.0,4.6,5.3,,,W,ENE,0,15,78,63,1016.9,1013.0,7.0,5.0,22.6,26.5,No,No,0,0,1,0,0,0,23.3,7.4,3.9,15,-3.9,7.5,Dry (<=1 mm),Warm (20-30),,0.04,-0.28,0.17,,0.24,,0
2009-02-24,2009,2,Feb,1,Summer,2009-02,55,19.9,30.5,0.8,5.4,10.7,,,W,SE,11,15,82,57,1014.1,1013.2,0.0,1.0,23.0,28.2,No,No,0,0,1,0,0,0,25.2,10.6,5.2,25,-0.9,13.0,Dry (<=1 mm),Hot (30-35),,1.14,-0.14,-0.3,,-0.26,,0
2009-02-25,2009,2,Feb,1,Summer,2009-02,56,21.1,26.4,0.0,7.0,7.0,,,S,ESE,4,20,83,63,1016.7,1014.6,7.0,5.0,22.0,26.1,No,No,0,0,1,0,0,0,23.75,5.3,4.1,20,-2.1,12.0,Dry (<=1 mm),Warm (20-30),,-0.15,0.44,0.17,,0.2,,0
2009-02-26,2009,2,Feb,1,Summer,2009-02,57,19.6,24.6,0.0,7.6,6.8,,,S,S,11,20,74,58,1020.4,1018.7,8.0,5.0,20.7,23.6,No,No,0,0,1,0,0,0,22.1,5.0,2.9,16,-1.7,15.5,Dry (<=1 mm),Warm (20-30),,-0.72,-0.28,-0.22,,0.86,,0
2009-02-27,2009,2,Feb,1,Summer,2009-02,58,17.5,23.5,0.0,6.0,5.6,,,W,E,13,11,78,50,1018.2,1015.9,7.0,4.0,18.9,23.2,No,No,0,0,1,0,0,0,20.5,6.0,4.3,28,-2.3,12.0,Dry (<=1 mm),Warm (20-30),,-1.06,-1.28,-0.85,,0.47,,0
2009-02-28,2009,2,Feb,1,Summer,2009-02,59,17.5,25.4,0.0,4.8,5.6,,,N,E,7,20,70,61,1009.5,1006.9,7.0,4.0,20.7,24.1,No,No,0,0,1,0,0,0,21.45,7.9,3.4,9,-2.6,13.5,Dry (<=1 mm),Warm (20-30),,-0.46,-1.28,0.01,,-1.07,,0
2009-03-01,2009,3,Mar,1,Autumn,2009-03,60,20.5,25.7,0.0,6.8,10.0,,,E,E,9,19,70,60,1010.7,1010.8,8.0,6.0,23.1,24.8,No,No,0,0,1,0,0,0,23.1,5.2,1.7,10,0.1,14.0,Dry (<=1 mm),Warm (20-30),,-0.07,0.77,0.02,,-1.39,,0
2009-03-02,2009,3,Mar,1,Autumn,2009-03,61,21.8,25.5,0.0,6.0,9.0,,,W,E,0,17,71,60,1016.6,1015.2,7.0,5.0,22.8,25.1,No,No,0,0,1,0,0,0,23.65,3.7,2.3,11,-1.4,8.5,Dry (<=1 mm),Warm (20-30),,-0.16,1.37,0.02,,-0.28,,0
2009-03-03,2009,3,Mar,1,Autumn,2009-03,62,20.8,26.9,0.0,6.8,6.9,,,ENE,ENE,19,20,61,55,1018.0,1015.2,7.0,7.0,24.1,25.6,No,No,0,0,1,0,0,0,23.85,6.1,1.5,6,-2.8,19.5,Dry (<=1 mm),Warm (20-30),,0.42,0.91,-0.37,,-0.02,,0
2009-03-04,2009,3,Mar,1,Autumn,2009-03,63,22.5,25.1,0.0,7.6,0.5,,,E,SW,4,13,73,49,1008.0,1008.5,7.0,7.0,24.2,22.9,No,No,0,0,1,0,0,0,23.8,2.6,-1.3,24,0.5,8.5,Dry (<=1 mm),Warm (20-30),,-0.32,1.7,-0.83,,-1.9,,0
2009-03-05,2009,3,Mar,1,Autumn,2009-03,64,16.8,24.6,0.0,5.0,11.0,,,W,SE,30,20,39,37,1009.5,1008.6,1.0,1.0,19.3,24.2,No,No,0,0,1,0,0,0,20.7,7.8,4.9,2,-0.9,25.0,Dry (<=1 mm),Warm (20-30),,-0.52,-0.96,-1.76,,-1.62,,0
2009-03-06,2009,3,Mar,1,Autumn,2009-03,65,14.4,23.6,0.0,7.8,9.8,,,W,ESE,15,19,67,48,1013.4,1011.4,1.0,1.0,17.8,22.5,No,No,0,0,1,0,0,0,19.0,9.2,4.7,19,-2.0,17.0,Dry (<=1 mm),Warm (20-30),,-0.93,-2.08,-0.91,,-0.88,,0
2009-03-07,2009,3,Mar,1,Autumn,2009-03,66,17.7,26.3,0.0,4.8,9.2,,,SW,ESE,11,19,77,58,1014.2,1011.8,3.0,1.0,20.5,25.8,No,No,0,0,1,0,0,0,22.0,8.6,5.3,19,-2.4,15.0,Dry (<=1 mm),Warm (20-30),,0.17,-0.54,-0.14,,-0.73,,0
2009-03-08,2009,3,Mar,1,Autumn,2009-03,67,20.2,25.3,0.0,5.0,4.1,,,SSW,S,11,19,80,77,1017.8,1018.7,5.0,7.0,22.2,22.0,No,Yes,0,1,1,0,0,0,22.75,5.1,-0.2,3,0.9,15.0,Dry (<=1 mm),Warm (20-30),,-0.24,0.63,1.33,,-0.06,,0
2009-03-09,2009,3,Mar,1,Autumn,2009-03,68,18.2,24.5,36.8,2.0,4.4,,,SW,E,6,13,94,69,1022.2,1020.4,7.0,7.0,19.1,23.6,Yes,No,1,0,1,0,0,1,21.35,6.3,4.5,25,-1.8,9.5,Heavy (25-50),Warm (20-30),,-0.56,-0.31,0.71,,0.77,,0
2009-03-10,2009,3,Mar,1,Autumn,2009-03,69,19.1,24.5,0.6,3.6,6.7,,,ENE,E,17,20,66,53,1022.0,1021.3,6.0,5.0,22.8,24.3,No,No,0,0,1,0,0,0,21.8,5.4,1.5,13,-0.7,18.5,Dry (<=1 mm),Warm (20-30),,-0.56,0.11,-0.53,,0.73,,0
2009-03-11,2009,3,Mar,1,Autumn,2009-03,70,20.2,23.4,0.0,6.2,1.8,,,ESE,E,17,24,59,70,1023.8,1022.7,3.0,7.0,23.3,22.3,No,Yes,0,1,1,0,0,0,21.8,3.2,-1.0,-11,-1.1,20.5,Dry (<=1 mm),Warm (20-30),,-1.01,0.63,0.79,,1.07,,0
2009-03-12,2009,3,Mar,1,Autumn,2009-03,71,18.2,25.3,1.2,5.0,9.8,,,W,E,4,22,87,57,1022.9,1020.4,2.0,2.0,20.3,24.7,Yes,No,1,0,1,0,0,1,21.75,7.1,4.4,30,-2.5,13.0,Light (1-10),Warm (20-30),,-0.24,-0.31,-0.22,,0.9,,0
2009-03-13,2009,3,Mar,1,Autumn,2009-03,72,19.6,25.5,0.0,6.4,2.2,,,W,NW,7,2,85,76,1018.6,1016.2,7.0,7.0,21.1,23.9,No,No,0,0,1,0,0,0,22.55,5.9,2.8,9,-2.4,4.5,Dry (<=1 mm),Warm (20-30),,-0.16,0.35,1.25,,0.09,,0
2009-03-14,2009,3,Mar,1,Autumn,2009-03,73,19.9,27.2,0.0,4.0,6.4,,,NE,ENE,2,20,82,64,1014.7,1010.1,3.0,6.0,22.3,26.8,No,Yes,0,1,1,0,0,0,23.55,7.3,4.5,18,-4.6,11.0,Dry (<=1 mm),Warm (20-30),,0.54,0.49,0.32,,-0.64,,0
2009-03-15,2009,3,Mar,1,Autumn,2009-03,74,19.2,27.4,17.0,8.4,6.6,,,WNW,E,6,15,81,61,1010.7,1007.8,2.0,3.0,21.7,25.0,Yes,No,1,0,1,0,0,1,23.3,8.2,3.3,20,-2.9,10.5,Moderate (10-25),Warm (20-30),,0.62,0.16,0.09,,-1.39,,0
2009-03-16,2009,3,Mar,1,Autumn,2009-03,75,16.1,26.8,0.4,6.8,10.8,,,W,E,17,22,42,29,1011.7,1008.2,1.0,0.0,18.7,26.7,No,No,0,0,1,0,0,0,21.45,10.7,8.0,13,-3.5,19.5,Dry (<=1 mm),Warm (20-30),,0.37,-1.29,-2.38,,-1.2,,0
2009-03-17,2009,3,Mar,1,Autumn,2009-03,76,15.9,25.7,0.0,6.1,11.0,,,W,SE,20,19,47,48,1013.4,1012.5,1.0,1.0,18.8,23.9,No,No,0,0,1,0,0,0,20.8,9.8,5.1,-1,-0.9,19.5,Dry (<=1 mm),Warm (20-30),,-0.07,-1.38,-0.91,,-0.88,,0
2009-03-18,2009,3,Mar,1,Autumn,2009-03,77,17.1,24.5,0.0,5.4,10.1,,,WNW,ENE,11,17,72,52,1019.0,1016.1,1.0,1.0,20.1,24.3,No,No,0,0,1,0,0,0,20.8,7.4,4.2,20,-2.9,14.0,Dry (<=1 mm),Warm (20-30),,-0.56,-0.82,-0.6,,0.17,,0
2009-03-19,2009,3,Mar,1,Autumn,2009-03,78,17.5,27.7,0.0,6.0,9.7,,,W,E,13,13,76,67,1016.7,1013.7,2.0,7.0,20.6,24.9,No,No,0,0,1,0,0,0,22.6,10.2,4.3,9,-3.0,13.0,Dry (<=1 mm),Warm (20-30),,0.74,-0.63,0.56,,-0.27,,0
2009-03-20,2009,3,Mar,1,Autumn,2009-03,79,19.9,26.1,0.0,6.2,8.6,,,W,E,0,17,80,69,1017.4,1016.6,2.0,1.0,23.5,25.3,No,No,0,0,1,0,0,0,23.0,6.2,1.8,11,-0.8,8.5,Dry (<=1 mm),Warm (20-30),,0.09,0.49,0.71,,-0.13,,0
2009-03-21,2009,3,Mar,1,Autumn,2009-03,80,19.6,25.3,0.0,6.2,8.7,,,W,E,6,17,83,58,1018.9,1017.2,4.0,2.0,22.1,24.9,No,No,0,0,1,0,0,0,22.45,5.7,2.8,25,-1.7,11.5,Dry (<=1 mm),Warm (20-30),,-0.24,0.35,-0.14,,0.15,,0
2009-03-22,2009,3,Mar,1,Autumn,2009-03,81,17.6,26.7,0.0,5.6,8.4,,,W,NE,11,19,82,58,1017.9,1015.1,1.0,5.0,20.4,25.0,No,No,0,0,1,0,0,0,22.15,9.1,4.6,24,-2.8,15.0,Dry (<=1 mm),Warm (20-30),,0.33,-0.59,-0.14,,-0.04,,0
2009-03-23,2009,3,Mar,1,Autumn,2009-03,82,19.5,25.7,0.2,8.0,10.2,,,NE,NE,7,17,66,61,1017.1,1015.1,5.0,4.0,23.1,25.6,No,No,0,0,1,0,0,0,22.6,6.2,2.5,5,-2.0,12.0,Dry (<=1 mm),Warm (20-30),,-0.07,0.3,0.09,,-0.19,,0
2009-03-24,2009,3,Mar,1,Autumn,2009-03,83,20.5,26.1,0.0,5.8,10.8,,,NNE,NE,6,19,67,59,1017.9,1016.3,1.0,3.0,23.6,25.9,No,No,0,0,1,0,0,0,23.3,5.6,2.3,8,-1.6,12.5,Dry (<=1 mm),Warm (20-30),,0.09,0.77,-0.06,,-0.04,,0
2009-03-25,2009,3,Mar,1,Autumn,2009-03,84,20.8,26.0,0.0,7.0,8.0,,,NNE,E,4,17,69,60,1019.7,1017.5,4.0,4.0,23.0,25.2,No,Yes,0,1,1,0,0,0,23.4,5.2,2.2,9,-2.2,10.5,Dry (<=1 mm),Warm (20-30),,0.05,0.91,0.02,,0.3,,0
2009-03-26,2009,3,Mar,1,Autumn,2009-03,85,20.5,26.6,1.4,5.2,7.6,,,NE,ENE,2,17,72,56,1019.4,1016.7,4.0,6.0,23.8,25.7,Yes,No,1,0,1,0,0,1,23.55,6.1,1.9,16,-2.7,9.5,Light (1-10),Warm (20-30),,0.29,0.77,-0.29,,0.24,,0
2009-03-27,2009,3,Mar,1,Autumn,2009-03,86,20.6,23.5,0.4,5.8,4.8,,,SSE,SSE,17,26,69,59,1023.9,1023.7,7.0,6.0,22.0,22.5,No,No,0,0,1,0,0,0,22.05,2.9,0.5,10,-0.2,21.5,Dry (<=1 mm),Warm (20-30),,-0.97,0.81,-0.06,,1.09,,0
2009-03-28,2009,3,Mar,1,Autumn,2009-03,87,16.4,23.5,0.0,4.4,10.8,,,WNW,E,9,17,85,49,1025.4,1023.2,3.0,1.0,17.9,23.0,No,No,0,0,1,0,0,0,19.95,7.1,5.1,36,-2.2,13.0,Dry (<=1 mm),Warm (20-30),,-0.97,-1.15,-0.83,,1.37,,0
2009-03-29,2009,3,Mar,1,Autumn,2009-03,88,16.1,24.4,0.0,6.6,9.4,,,WNW,E,9,19,77,66,1023.6,1021.7,5.0,5.0,18.9,23.0,No,No,0,0,1,0,0,0,20.25,8.3,4.1,11,-1.9,14.0,Dry (<=1 mm),Warm (20-30),,-0.6,-1.29,0.48,,1.03,,0
2009-03-30,2009,3,Mar,1,Autumn,2009-03,89,18.6,26.2,0.0,4.0,6.7,,,ESE,SE,7,22,66,65,1024.1,1022.3,2.0,6.0,22.9,24.7,No,Yes,0,1,1,0,0,0,22.4,7.6,1.8,1,-1.8,14.5,Dry (<=1 mm),Warm (20-30),,0.13,-0.12,0.4,,1.12,,0
2009-03-31,2009,3,Mar,1,Autumn,2009-03,90,19.8,22.5,2.6,6.0,0.0,,,SE,E,20,26,86,89,1021.8,1020.4,8.0,8.0,21.1,19.9,Yes,Yes,1,1,1,0,0,1,21.15,2.7,-1.2,-3,-1.4,23.0,Light (1-10),Warm (20-30),,-1.38,0.44,2.26,,0.69,,0
2009-04-01,2009,4,Apr,2,Autumn,2009-04,91,18.4,24.7,46.0,5.0,2.3,,,ESE,ESE,28,30,93,73,1021.1,1021.0,8.0,7.0,20.5,23.9,Yes,Yes,1,1,1,0,0,1,21.55,6.3,3.4,20,-0.1,29.0,Heavy (25-50),Warm (20-30),,0.43,1.33,1.0,,0.1,,0
2009-04-02,2009,4,Apr,2,Autumn,2009-04,92,19.6,24.7,11.4,3.8,2.4,,,ESE,ESE,22,17,87,79,1023.3,1021.8,8.0,7.0,21.9,23.8,Yes,Yes,1,1,1,0,0,1,22.15,5.1,1.9,8,-1.5,19.5,Moderate (10-25),Warm (20-30),,0.43,1.85,1.39,,0.49,,0
2009-04-03,2009,4,Apr,2,Autumn,2009-04,93,20.1,25.1,5.0,2.6,7.9,,,W,ENE,0,24,92,73,1021.1,1016.9,6.0,5.0,21.4,24.4,Yes,Yes,1,1,1,0,0,1,22.6,5.0,3.0,19,-4.2,12.0,Light (1-10),Warm (20-30),,0.58,2.07,1.0,,0.1,,0
2009-04-04,2009,4,Apr,2,Autumn,2009-04,94,18.3,20.8,3.0,4.2,1.4,,,S,SSE,24,28,84,58,1017.7,1019.2,7.0,8.0,18.4,20.1,Yes,No,1,0,1,0,0,1,19.55,2.5,1.7,26,1.5,26.0,Light (1-10),Warm (20-30),,-0.97,1.28,0.03,,-0.51,,0
2009-04-05,2009,4,Apr,2,Autumn,2009-04,95,17.1,22.8,0.0,5.6,8.0,,,W,NE,9,20,72,67,1020.1,1014.4,7.0,5.0,19.1,21.5,No,No,0,0,1,0,0,0,19.95,5.7,2.4,5,-5.7,14.5,Dry (<=1 mm),Warm (20-30),,-0.25,0.76,0.61,,-0.08,,0
2009-04-06,2009,4,Apr,2,Autumn,2009-04,96,17.0,21.1,0.2,3.4,6.9,,,S,SSE,30,26,69,59,1020.5,1019.6,7.0,3.0,19.5,19.4,No,No,0,0,1,0,0,0,19.05,4.1,-0.1,10,-0.9,28.0,Dry (<=1 mm),Warm (20-30),,-0.86,0.72,0.09,,-0.01,,0
2009-04-07,2009,4,Apr,2,Autumn,2009-04,97,16.3,21.3,0.2,5.8,7.7,,,S,SE,11,24,67,55,1025.6,1024.4,7.0,3.0,18.8,20.1,No,No,0,0,1,0,0,0,18.8,5.0,1.3,12,-1.2,17.5,Dry (<=1 mm),Warm (20-30),,-0.79,0.41,-0.17,,0.9,,0
2009-04-08,2009,4,Apr,2,Autumn,2009-04,98,12.8,22.4,0.0,5.6,9.3,,,W,SE,11,22,66,59,1026.9,1024.9,2.0,4.0,18.7,21.3,No,No,0,0,1,0,0,0,17.6,9.6,2.6,7,-2.0,16.5,Dry (<=1 mm),Warm (20-30),,-0.39,-1.12,0.09,,1.13,,0
2009-04-09,2009,4,Apr,2,Autumn,2009-04,99,15.1,23.2,0.0,2.8,8.4,,,WNW,E,9,19,72,58,1025.5,1022.3,1.0,3.0,19.6,21.8,No,No,0,0,1,0,0,0,19.15,8.1,2.2,14,-3.2,14.0,Dry (<=1 mm),Warm (20-30),,-0.1,-0.11,0.03,,0.88,,0
2009-04-10,2009,4,Apr,2,Autumn,2009-04,100,14.7,22.7,0.0,4.0,8.3,,,W,E,15,9,81,65,1023.6,1021.0,5.0,4.0,18.4,22.4,No,No,0,0,1,0,0,0,18.7,8.0,4.0,16,-2.6,12.0,Dry (<=1 mm),Warm (20-30),,-0.28,-0.29,0.48,,0.54,,0
2009-04-11,2009,4,Apr,2,Autumn,2009-04,101,17.4,23.8,0.0,3.2,0.8,,,W,ENE,0,9,80,69,1025.4,1023.0,7.0,7.0,19.8,23.0,No,No,0,0,1,0,0,0,20.6,6.4,3.2,11,-2.4,4.5,Dry (<=1 mm),Warm (20-30),,0.11,0.89,0.74,,0.86,,0
2009-04-13,2009,4,Apr,2,Autumn,2009-04,103,20.4,22.6,0.0,3.6,0.1,,,SE,S,15,7,79,84,1022.5,1019.3,8.0,8.0,21.6,20.9,No,Yes,0,1,1,0,0,0,21.5,2.2,-0.7,-5,-3.2,11.0,Dry (<=1 mm),Warm (20-30),,-0.32,2.2,1.72,,0.35,,0
2009-04-14,2009,4,Apr,2,Autumn,2009-04,104,17.6,26.9,48.0,4.8,7.8,,,W,E,19,20,89,70,1015.1,1011.2,6.0,5.0,19.2,23.1,Yes,No,1,0,1,0,0,1,22.25,9.3,3.9,19,-3.9,19.5,Heavy (25-50),Warm (20-30),,1.22,0.98,0.81,,-0.97,,0
2009-04-15,2009,4,Apr,2,Autumn,2009-04,105,16.1,29.3,0.2,5.0,10.0,,,W,NW,11,20,70,25,1011.1,1006.9,0.0,1.0,20.5,29.0,No,No,0,0,1,0,0,0,22.7,13.2,8.5,45,-4.2,15.5,Dry (<=1 mm),Warm (20-30),,2.08,0.32,-2.12,,-1.68,,0
2009-04-16,2009,4,Apr,2,Autumn,2009-04,106,14.9,24.1,0.0,10.0,9.8,,,W,E,15,15,43,38,1015.2,1011.7,0.0,1.0,17.4,22.6,No,No,0,0,1,0,0,0,19.5,9.2,5.2,5,-3.5,15.0,Dry (<=1 mm),Warm (20-30),,0.22,-0.2,-1.27,,-0.95,,0
2009-04-17,2009,4,Apr,2,Autumn,2009-04,107,13.5,24.1,0.0,4.8,10.3,,,WNW,S,13,19,56,51,1016.3,1015.9,0.0,1.0,18.4,22.5,No,No,0,0,1,0,0,0,18.8,10.6,4.1,5,-0.4,16.0,Dry (<=1 mm),Warm (20-30),,0.22,-0.81,-0.43,,-0.76,,0
2009-04-18,2009,4,Apr,2,Autumn,2009-04,108,14.2,22.8,0.0,5.2,7.9,,,WSW,S,11,28,66,56,1020.0,1018.1,1.0,5.0,18.3,20.9,No,Yes,0,1,1,0,0,0,18.5,8.6,2.6,10,-1.9,19.5,Dry (<=1 mm),Warm (20-30),,-0.25,-0.51,-0.1,,-0.1,,0
2009-04-19,2009,4,Apr,2,Autumn,2009-04,109,15.8,22.5,13.4,3.4,8.3,,,SSW,S,20,17,91,62,1019.9,1017.9,7.0,6.0,16.1,21.7,Yes,Yes,1,1,1,0,0,1,19.15,6.7,5.6,29,-2.0,18.5,Moderate (10-25),Warm (20-30),,-0.36,0.19,0.29,,-0.12,,0
2009-04-20,2009,4,Apr,2,Autumn,2009-04,110,15.9,21.4,9.0,7.0,2.9,,,SSE,S,26,24,60,59,1020.7,1018.9,7.0,7.0,19.5,19.7,Yes,No,1,0,1,0,0,1,18.65,5.5,0.2,1,-1.8,25.0,Light (1-10),Warm (20-30),,-0.75,0.24,0.09,,0.03,,0
2009-04-21,2009,4,Apr,2,Autumn,2009-04,111,16.4,22.1,0.6,5.4,5.0,,,ESE,S,33,15,59,64,1022.8,1021.3,5.0,7.0,20.5,20.1,No,Yes,0,1,1,0,0,0,19.25,5.7,-0.4,-5,-1.5,24.0,Dry (<=1 mm),Warm (20-30),,-0.5,0.45,0.42,,0.4,,0
2009-04-22,2009,4,Apr,2,Autumn,2009-04,112,16.0,22.7,6.8,3.4,7.7,,,SW,S,9,17,85,65,1024.3,1022.5,7.0,7.0,17.2,20.1,Yes,Yes,1,1,1,0,0,1,19.35,6.7,2.9,20,-1.8,13.0,Light (1-10),Warm (20-30),,-0.28,0.28,0.48,,0.67,,0
2009-04-23,2009,4,Apr,2,Autumn,2009-04,113,14.7,21.6,2.0,4.2,6.3,,,WNW,ENE,15,7,87,60,1021.8,1018.2,3.0,5.0,16.9,20.0,Yes,No,1,0,1,0,0,1,18.15,6.9,3.1,27,-3.6,11.0,Light (1-10),Warm (20-30),,-0.68,-0.29,0.16,,0.22,,0
2009-04-24,2009,4,Apr,2,Autumn,2009-04,114,13.1,24.7,0.0,2.0,9.0,,,NNW,E,9,11,75,63,1012.7,1006.6,6.0,7.0,17.4,22.6,No,No,0,0,1,0,0,0,18.9,11.6,5.2,12,-6.1,10.0,Dry (<=1 mm),Warm (20-30),,0.43,-0.99,0.35,,-1.4,,0
2009-04-25,2009,4,Apr,2,Autumn,2009-04,115,16.3,23.9,0.4,5.4,10.3,,,NW,W,11,22,52,40,1004.4,1002.4,1.0,3.0,19.3,22.2,No,No,0,0,1,0,0,0,20.1,7.6,2.9,12,-2.0,16.5,Dry (<=1 mm),Warm (20-30),,0.15,0.41,-1.14,,-2.87,,0
2009-04-26,2009,4,Apr,2,Autumn,2009-04,116,16.7,20.2,0.0,6.8,9.2,,,WNW,WNW,20,28,47,29,1003.1,1003.1,2.0,2.0,17.7,19.5,No,No,0,0,1,0,0,0,18.45,3.5,1.8,18,0.0,24.0,Dry (<=1 mm),Warm (20-30),,-1.18,0.59,-1.86,,-3.1,Low pressure,1
2009-04-27,2009,4,Apr,2,Autumn,2009-04,117,11.2,18.7,0.0,7.2,9.9,,,W,WNW,28,24,43,26,1013.0,1012.7,1.0,2.0,14.1,17.9,No,No,0,0,1,0,0,0,14.95,7.5,3.8,17,-0.3,26.0,Dry (<=1 mm),Mild (<20),,-1.72,-1.81,-2.05,,-1.34,,0
2009-04-28,2009,4,Apr,2,Autumn,2009-04,118,11.8,21.9,0.0,4.0,10.5,,,W,W,19,26,54,30,1015.5,1014.9,1.0,2.0,16.1,20.5,No,No,0,0,1,0,0,0,16.85,10.1,4.4,24,-0.6,22.5,Dry (<=1 mm),Warm (20-30),,-0.57,-1.55,-1.79,,-0.9,,0
2009-04-29,2009,4,Apr,2,Autumn,2009-04,119,10.2,17.6,0.0,4.6,2.4,,,WNW,S,20,22,59,63,1022.3,1019.5,7.0,7.0,12.6,16.6,No,Yes,0,1,1,0,0,0,13.9,7.4,4.0,-4,-2.8,21.0,Dry (<=1 mm),Mild (<20),,-2.11,-2.25,0.35,,0.31,,0
2009-04-30,2009,4,Apr,2,Autumn,2009-04,120,11.0,17.4,6.2,2.4,2.7,,,W,WSW,17,4,92,88,1020.5,1020.4,7.0,7.0,12.8,14.1,Yes,Yes,1,1,1,0,0,1,14.2,6.4,1.3,4,-0.1,10.5,Light (1-10),Mild (<20),,-2.19,-1.9,1.98,,-0.01,,0
2009-05-01,2009,5,May,2,Autumn,2009-05,121,10.2,22.5,5.6,3.0,10.3,,,W,E,17,11,76,53,1024.6,1020.9,3.0,5.0,13.0,20.7,Yes,No,1,0,1,0,0,1,16.35,12.3,7.7,23,-3.7,14.0,Light (1-10),Warm (20-30),,0.52,-0.91,0.06,,0.53,,0
2009-05-02,2009,5,May,2,Autumn,2009-05,122,10.9,22.0,0.0,2.2,9.4,,,W,S,22,22,61,56,1025.1,1022.7,1.0,2.0,14.0,20.8,No,Yes,0,1,1,0,0,0,16.45,11.1,6.8,5,-2.4,22.0,Dry (<=1 mm),Warm (20-30),,0.33,-0.58,0.25,,0.6,,0
2009-05-03,2009,5,May,2,Autumn,2009-05,123,11.4,20.5,13.0,3.6,7.0,,,W,SE,7,6,85,61,1027.8,1025.5,4.0,2.0,12.8,20.4,Yes,No,1,0,1,0,0,1,15.95,9.1,7.6,24,-2.3,6.5,Moderate (10-25),Warm (20-30),,-0.25,-0.34,0.57,,1.01,,0
2009-05-04,2009,5,May,2,Autumn,2009-05,124,12.1,23.3,0.0,3.2,10.0,,,W,E,19,15,84,53,1028.5,1025.5,1.0,1.0,14.5,21.6,No,Yes,0,1,1,0,0,0,17.7,11.2,7.1,31,-3.0,17.0,Dry (<=1 mm),Warm (20-30),,0.84,-0.01,0.06,,1.11,,0
2009-05-05,2009,5,May,2,Autumn,2009-05,125,14.0,21.0,1.2,1.8,4.2,,,W,S,13,19,86,61,1030.7,1028.3,7.0,5.0,14.7,20.5,Yes,No,1,0,1,0,0,1,17.5,7.0,5.8,25,-2.4,16.0,Light (1-10),Warm (20-30),,-0.06,0.9,0.57,,1.45,,0
2009-05-06,2009,5,May,2,Autumn,2009-05,126,12.9,22.9,0.8,3.2,9.7,,,W,ENE,11,17,92,61,1028.3,1023.7,2.0,1.0,14.1,20.7,No,No,0,0,1,0,0,0,17.9,10.0,6.6,31,-4.6,14.0,Dry (<=1 mm),Warm (20-30),,0.68,0.38,0.57,,1.08,,0
2009-05-07,2009,5,May,2,Autumn,2009-05,127,12.0,22.7,0.0,4.0,10.2,,,W,SSE,20,17,67,44,1024.3,1021.7,1.0,1.0,15.0,21.6,No,No,0,0,1,0,0,0,17.35,10.7,6.6,23,-2.6,18.5,Dry (<=1 mm),Warm (20-30),,0.6,-0.05,-0.52,,0.48,,0
2009-05-08,2009,5,May,2,Autumn,2009-05,128,12.3,20.9,0.0,2.6,9.5,,,W,S,20,24,71,61,1027.5,1025.0,1.0,2.0,14.9,19.6,No,No,0,0,1,0,0,0,16.6,8.6,4.7,10,-2.5,22.0,Dry (<=1 mm),Warm (20-30),,-0.1,0.09,0.57,,0.96,,0
2009-05-09,2009,5,May,2,Autumn,2009-05,129,11.1,22.8,0.0,4.4,9.8,,,W,E,19,9,74,46,1024.2,1020.4,1.0,1.0,13.4,21.0,No,No,0,0,1,0,0,0,16.95,11.7,7.6,28,-3.8,14.0,Dry (<=1 mm),Warm (20-30),,0.64,-0.48,-0.39,,0.47,,0
2009-05-10,2009,5,May,2,Autumn,2009-05,130,13.0,20.1,0.8,3.4,3.4,,,SSW,SSE,11,17,86,46,1024.6,1023.6,7.0,5.0,13.9,19.6,No,Yes,0,1,1,0,0,0,16.55,7.1,5.7,40,-1.0,14.0,Dry (<=1 mm),Warm (20-30),,-0.41,0.43,-0.39,,0.53,,0
2009-05-11,2009,5,May,2,Autumn,2009-05,131,11.8,18.9,1.4,3.4,6.4,,,W,SW,15,2,74,55,1025.2,1022.4,6.0,5.0,14.3,17.4,Yes,No,1,0,1,0,0,1,15.35,7.1,3.1,19,-2.8,8.5,Light (1-10),Mild (<20),,-0.88,-0.15,0.19,,0.62,,0
2009-05-12,2009,5,May,2,Autumn,2009-05,132,9.6,20.1,0.0,2.6,5.5,,,W,S,19,11,78,51,1021.6,1018.1,1.0,6.0,12.0,18.5,No,No,0,0,1,0,0,0,14.85,10.5,6.5,27,-3.5,15.0,Dry (<=1 mm),Warm (20-30),,-0.41,-1.2,-0.07,,0.07,,0
2009-05-13,2009,5,May,2,Autumn,2009-05,133,10.4,21.3,0.0,1.6,9.7,,,W,WNW,22,11,80,39,1016.8,1012.8,1.0,1.0,12.4,20.9,No,No,0,0,1,0,0,0,15.85,10.9,8.5,41,-4.0,16.5,Dry (<=1 mm),Warm (20-30),,0.06,-0.82,-0.84,,-0.65,,0
2009-05-14,2009,5,May,2,Autumn,2009-05,134,11.1,21.5,0.0,2.6,10.1,,,NW,W,17,35,50,31,1012.6,1010.6,1.0,1.0,15.2,20.5,No,No,0,0,1,0,0,0,16.3,10.4,5.3,19,-2.0,26.0,Dry (<=1 mm),Warm (20-30),,0.13,-0.48,-1.35,,-1.28,,0
2009-05-15,2009,5,May,2,Autumn,2009-05,135,12.4,21.7,0.0,6.2,8.7,,,W,W,15,30,58,34,1012.8,1009.7,1.0,2.0,14.2,21.4,No,No,0,0,1,0,0,0,17.05,9.3,7.2,24,-3.1,22.5,Dry (<=1 mm),Warm (20-30),,0.21,0.14,-1.16,,-1.25,,0
2009-05-16,2009,5,May,2,Autumn,2009-05,136,14.2,21.7,0.0,5.0,7.8,,,W,WSW,24,30,49,38,1008.2,1008.1,7.0,7.0,18.7,21.7,No,No,0,0,1,0,0,0,17.95,7.5,3.0,11,-0.1,27.0,Dry (<=1 mm),Warm (20-30),,0.21,1.0,-0.9,,-1.95,,0
2009-05-17,2009,5,May,2,Autumn,2009-05,137,11.4,20.7,0.0,4.8,9.7,,,W,SE,15,15,64,40,1018.7,1017.7,1.0,1.0,13.0,19.6,No,No,0,0,1,0,0,0,16.05,9.3,6.6,24,-1.0,15.0,Dry (<=1 mm),Warm (20-30),,-0.18,-0.34,-0.77,,-0.36,,0
2009-05-18,2009,5,May,2,Autumn,2009-05,138,10.5,20.9,0.0,2.6,5.2,,,W,ESE,19,17,74,52,1025.7,1023.3,3.0,5.0,13.2,19.7,No,Yes,0,1,1,0,0,0,15.7,10.4,6.5,22,-2.4,18.0,Dry (<=1 mm),Warm (20-30),,-0.1,-0.77,-0.0,,0.69,,0
2009-05-19,2009,5,May,2,Autumn,2009-05,139,13.0,21.4,2.6,2.4,4.4,,,W,E,15,20,91,53,1024.5,1021.4,6.0,6.0,14.5,20.0,Yes,Yes,1,1,1,0,0,1,17.2,8.4,5.5,38,-3.1,17.5,Light (1-10),Warm (20-30),,0.1,0.43,0.06,,0.51,,0
2009-05-20,2009,5,May,2,Autumn,2009-05,140,14.5,21.2,20.2,4.4,3.0,,,E,ESE,33,31,68,62,1022.1,1020.1,7.0,7.0,19.2,20.4,Yes,Yes,1,1,1,0,0,1,17.85,6.7,1.2,6,-2.0,32.0,Moderate (10-25),Warm (20-30),,0.02,1.14,0.64,,0.15,,0
2009-05-21,2009,5,May,2,Autumn,2009-05,141,14.8,19.7,27.2,1.8,0.2,,,W,E,15,19,53,62,1023.9,1022.0,7.0,7.0,19.2,18.7,Yes,Yes,1,1,1,0,0,1,17.25,4.9,-0.5,-9,-1.9,17.0,Heavy (25-50),Mild (<20),,-0.57,1.29,0.64,,0.42,,0
2009-05-22,2009,5,May,2,Autumn,2009-05,142,15.6,19.6,4.6,6.6,0.0,,,W,E,15,19,59,85,1023.6,1020.8,8.0,8.0,19.1,17.5,Yes,Yes,1,1,1,0,0,1,17.6,4.0,-1.6,-26,-2.8,17.0,Light (1-10),Mild (<20),,-0.61,1.67,2.11,,0.38,,0
2009-05-23,2009,5,May,2,Autumn,2009-05,143,15.4,20.8,17.6,5.0,6.0,,,W,E,15,19,66,80,1023.6,1023.3,5.0,8.0,19.6,18.1,Yes,Yes,1,1,1,0,0,1,18.1,5.4,-1.5,-14,-0.3,17.0,Moderate (10-25),Warm (20-30),,-0.14,1.57,1.79,,0.38,,0
2009-05-24,2009,5,May,2,Autumn,2009-05,144,17.4,21.3,1.6,4.4,7.4,,,W,E,15,19,52,48,1026.8,1025.4,5.0,5.0,19.7,20.7,Yes,No,1,0,1,0,0,1,19.35,3.9,1.0,4,-1.4,17.0,Light (1-10),Warm (20-30),,0.06,2.53,-0.26,,0.86,,0
2009-05-25,2009,5,May,2,Autumn,2009-05,145,13.6,20.3,0.0,3.6,2.2,,,W,E,15,19,82,61,1025.8,1023.2,7.0,7.0,15.4,19.4,No,No,0,0,1,0,0,0,16.95,6.7,4.0,21,-2.6,17.0,Dry (<=1 mm),Warm (20-30),,-0.33,0.71,0.57,,0.71,,0
2009-05-26,2009,5,May,2,Autumn,2009-05,146,12.8,23.4,0.0,0.6,8.4,,,W,E,15,11,89,57,1022.3,1018.9,1.0,1.0,13.9,21.6,No,No,0,0,1,0,0,0,18.1,10.6,7.7,32,-3.4,13.0,Dry (<=1 mm),Warm (20-30),,0.88,0.33,0.32,,0.18,,0
2009-05-27,2009,5,May,2,Autumn,2009-05,147,13.9,16.9,0.0,3.0,0.1,,,W,W,15,6,88,86,1020.4,1018.4,7.0,8.0,15.3,16.3,No,Yes,0,1,1,0,0,0,15.4,3.0,1.0,2,-2.0,10.5,Dry (<=1 mm),Mild (<20),,-1.66,0.86,2.17,,-0.11,,0
2009-05-28,2009,5,May,2,Autumn,2009-05,148,12.0,19.2,3.6,0.4,7.7,,,W,S,17,22,92,72,1021.4,1020.2,3.0,5.0,13.5,17.1,Yes,No,1,0,1,0,0,1,15.6,7.2,3.6,20,-1.2,19.5,Light (1-10),Mild (<20),,-0.76,-0.05,1.28,,0.04,,0
2009-05-29,2009,5,May,2,Autumn,2009-05,149,11.4,17.5,0.0,2.4,6.1,,,W,S,20,26,65,65,1023.3,1022.3,3.0,7.0,12.4,16.6,No,Yes,0,1,1,0,0,0,14.45,6.1,4.2,0,-1.0,23.0,Dry (<=1 mm),Mild (<20),,-1.42,-0.34,0.83,,0.33,,0
2009-05-30,2009,5,May,2,Autumn,2009-05,150,9.9,16.5,15.0,4.6,4.0,,,W,SSW,19,13,82,78,1028.2,1027.1,8.0,6.0,11.7,15.9,Yes,Yes,1,1,1,0,0,1,13.2,6.6,4.2,4,-1.1,16.0,Moderate (10-25),Mild (<20),,-1.81,-1.06,1.66,,1.07,,0
2009-05-31,2009,5,May,2,Autumn,2009-05,151,11.6,18.8,10.6,1.2,2.8,,,E,E,24,24,86,67,1033.3,1031.9,6.0,7.0,14.5,16.8,Yes,No,1,0,1,0,0,1,15.2,7.2,2.3,19,-1.4,24.0,Moderate (10-25),Mild (<20),,-0.92,-0.24,0.96,,1.84,,0
2009-06-01,2009,6,Jun,2,Winter,2009-06,152,13.1,16.8,0.6,3.0,0.0,,,W,E,17,2,83,67,1032.9,1030.4,7.0,8.0,13.3,16.1,No,No,0,0,1,0,0,0,14.95,3.7,2.8,16,-2.5,9.5,Dry (<=1 mm),Mild (<20),,-0.78,1.13,0.53,,1.47,,0
2009-06-02,2009,6,Jun,2,Winter,2009-06,153,12.5,19.1,0.0,1.2,3.4,,,WNW,ENE,13,15,91,68,1030.1,1027.1,7.0,7.0,13.7,18.5,No,Yes,0,1,1,0,0,0,15.8,6.6,4.8,23,-3.0,14.0,Dry (<=1 mm),Mild (<20),,0.36,0.87,0.59,,1.11,,0
2009-06-03,2009,6,Jun,2,Winter,2009-06,154,13.7,18.5,8.0,2.8,0.1,,,SE,E,6,19,89,87,1025.9,1022.3,8.0,7.0,16.0,17.6,Yes,Yes,1,1,1,0,0,1,16.1,4.8,1.6,2,-3.6,12.5,Light (1-10),Mild (<20),,0.06,1.4,1.65,,0.56,,0
2009-06-04,2009,6,Jun,2,Winter,2009-06,155,13.1,17.0,10.4,0.0,0.6,,,W,ENE,15,2,97,86,1020.7,1016.8,7.0,7.0,13.4,16.8,Yes,No,1,0,1,0,0,1,15.05,3.9,3.4,11,-3.9,8.5,Moderate (10-25),Mild (<20),,-0.68,1.13,1.59,,-0.11,,0
2009-06-05,2009,6,Jun,2,Winter,2009-06,156,13.1,18.5,0.6,1.0,3.5,,,W,W,17,15,93,55,1014.7,1012.4,4.0,6.0,14.5,18.4,No,No,0,0,1,0,0,0,15.8,5.4,3.9,38,-2.3,16.0,Dry (<=1 mm),Mild (<20),,0.06,1.13,-0.14,,-0.88,,0
2009-06-06,2009,6,Jun,2,Winter,2009-06,157,9.3,19.0,0.0,2.2,9.8,,,W,WNW,17,7,71,45,1014.1,1010.1,1.0,1.0,11.6,18.7,No,No,0,0,1,0,0,0,14.15,9.7,7.1,26,-4.0,12.0,Dry (<=1 mm),Mild (<20),,0.31,-0.55,-0.7,,-0.96,,0
2009-06-07,2009,6,Jun,2,Winter,2009-06,158,10.7,19.8,0.2,3.8,6.6,,,NW,WNW,13,19,80,42,1008.2,1004.8,6.0,3.0,12.6,18.7,No,No,0,0,1,0,0,0,15.25,9.1,6.1,38,-3.4,16.0,Dry (<=1 mm),Mild (<20),,0.7,0.07,-0.87,,-1.72,,0
2009-06-08,2009,6,Jun,2,Winter,2009-06,159,11.4,19.2,0.0,3.2,9.0,,,NNW,W,13,22,63,34,1009.8,1007.3,2.0,2.0,13.8,18.6,No,No,0,0,1,0,0,0,15.3,7.8,4.8,29,-2.5,17.5,Dry (<=1 mm),Mild (<20),,0.41,0.38,-1.31,,-1.52,,0
2009-06-09,2009,6,Jun,2,Winter,2009-06,160,10.0,16.2,0.0,2.6,6.0,,,W,WNW,17,22,62,44,1011.5,1008.3,3.0,7.0,11.7,15.0,No,No,0,0,1,0,0,0,13.1,6.2,3.3,18,-3.2,19.5,Dry (<=1 mm),Mild (<20),,-1.07,-0.24,-0.75,,-1.3,,0
2009-06-10,2009,6,Jun,2,Winter,2009-06,161,9.7,14.2,0.0,4.4,9.6,,,W,WSW,35,31,37,32,1012.2,1012.5,1.0,1.0,10.5,13.6,No,No,0,0,1,0,0,0,11.95,4.5,3.1,5,0.3,33.0,Dry (<=1 mm),Mild (<20),,-2.06,-0.37,-1.42,,-1.21,,0
2009-06-11,2009,6,Jun,2,Winter,2009-06,162,6.1,15.8,0.0,4.0,9.8,,,W,W,26,22,48,28,1020.9,1018.2,1.0,1.0,7.9,15.4,No,No,0,0,1,0,0,0,10.95,9.7,7.5,20,-2.7,24.0,Dry (<=1 mm),Mild (<20),,-1.27,-1.96,-1.65,,-0.08,,0
2009-06-12,2009,6,Jun,2,Winter,2009-06,163,6.2,17.1,0.0,3.0,9.4,,,W,W,22,4,67,41,1024.3,1020.2,1.0,7.0,8.2,17.1,No,No,0,0,1,0,0,0,11.65,10.9,8.9,26,-4.1,13.0,Dry (<=1 mm),Mild (<20),,-0.63,-1.92,-0.92,,0.36,,0
2009-06-13,2009,6,Jun,2,Winter,2009-06,164,7.8,18.5,0.0,2.6,4.6,,,W,WNW,9,7,70,40,1017.7,1014.0,7.0,7.0,9.4,16.8,No,No,0,0,1,0,0,0,13.15,10.7,7.4,30,-3.7,8.0,Dry (<=1 mm),Mild (<20),,0.06,-1.21,-0.98,,-0.5,,0
2009-06-14,2009,6,Jun,2,Winter,2009-06,165,9.4,15.6,0.0,3.4,0.3,,,W,NNE,6,2,74,61,1014.5,1011.9,7.0,7.0,11.0,14.4,No,Yes,0,1,1,0,0,0,12.5,6.2,3.4,13,-2.6,4.0,Dry (<=1 mm),Mild (<20),,-1.37,-0.5,0.19,,-0.91,,0
2009-06-15,2009,6,Jun,2,Winter,2009-06,166,8.2,19.8,1.2,0.8,8.6,,,W,SSW,15,7,79,40,1013.1,1010.6,1.0,3.0,10.2,18.4,Yes,No,1,0,1,0,0,1,14.0,11.6,8.2,39,-2.5,11.0,Light (1-10),Mild (<20),,0.7,-1.03,-0.98,,-1.09,,0
2009-06-16,2009,6,Jun,2,Winter,2009-06,167,9.2,16.3,0.6,3.0,0.5,,,SW,S,17,19,81,88,1017.9,1020.1,6.0,7.0,13.1,13.6,No,Yes,0,1,1,0,0,0,12.75,7.1,0.5,-7,2.2,18.0,Dry (<=1 mm),Mild (<20),,-1.02,-0.59,1.7,,-0.47,,0
2009-06-17,2009,6,Jun,2,Winter,2009-06,168,10.5,15.6,29.8,0.8,3.3,,,W,WSW,19,6,92,87,1027.6,1026.5,7.0,6.0,11.2,14.2,Yes,Yes,1,1,1,0,0,1,13.05,5.1,3.0,5,-1.1,12.5,Heavy (25-50),Mild (<20),,-1.37,-0.02,1.65,,0.78,,0
2009-06-18,2009,6,Jun,2,Winter,2009-06,169,10.1,15.4,7.8,1.0,3.3,,,W,E,11,9,95,85,1030.0,1028.1,7.0,7.0,10.7,14.2,Yes,Yes,1,1,1,0,0,1,12.75,5.3,3.5,10,-1.9,10.0,Light (1-10),Mild (<20),,-1.47,-0.19,1.53,,1.09,,0
2009-06-19,2009,6,Jun,2,Winter,2009-06,170,9.2,18.0,23.6,1.4,7.2,,,ENE,E,11,19,95,46,1030.2,1028.0,6.0,5.0,10.9,17.8,Yes,No,1,0,1,0,0,1,13.6,8.8,6.9,49,-2.2,15.0,Moderate (10-25),Mild (<20),,-0.19,-0.59,-0.64,,1.12,,0
2009-06-20,2009,6,Jun,2,Winter,2009-06,171,10.9,16.0,0.2,3.8,0.6,,,W,NNE,15,11,95,87,1028.0,1024.6,6.0,8.0,11.7,15.5,No,Yes,0,1,1,0,0,0,13.45,5.1,3.8,8,-3.4,13.0,Dry (<=1 mm),Mild (<20),,-1.17,0.16,1.65,,0.83,,0
2009-06-21,2009,6,Jun,2,Winter,2009-06,172,11.7,19.1,31.8,0.6,1.9,,,W,NE,4,11,93,82,1023.9,1020.7,7.0,7.0,14.1,17.8,Yes,Yes,1,1,1,0,0,1,15.4,7.4,3.7,11,-3.2,7.5,Heavy (25-50),Mild (<20),,0.36,0.51,1.37,,0.3,,0
2009-06-22,2009,6,Jun,2,Winter,2009-06,173,14.1,21.0,12.2,1.8,6.7,,,WNW,NE,9,4,96,59,1020.3,1017.7,7.0,2.0,15.1,20.6,Yes,No,1,0,1,0,0,1,17.55,6.9,5.5,37,-2.6,6.5,Moderate (10-25),Warm (20-30),,1.29,1.58,0.08,,-0.16,,0
2009-06-23,2009,6,Jun,2,Winter,2009-06,174,10.1,19.6,0.0,1.6,9.5,,,W,E,13,11,91,58,1019.9,1016.7,1.0,1.0,11.2,18.8,No,No,0,0,1,0,0,0,14.85,9.5,7.6,33,-3.2,12.0,Dry (<=1 mm),Mild (<20),,0.6,-0.19,0.03,,-0.21,,0
2009-06-24,2009,6,Jun,2,Winter,2009-06,175,9.1,18.9,0.0,1.4,6.3,,,NNW,E,7,7,86,49,1015.2,1010.7,7.0,1.0,10.7,18.6,No,No,0,0,1,0,0,0,14.0,9.8,7.9,37,-4.5,7.0,Dry (<=1 mm),Mild (<20),,0.26,-0.64,-0.47,,-0.82,,0
2009-06-25,2009,6,Jun,2,Winter,2009-06,176,8.7,16.9,0.0,2.2,6.5,,,WNW,WNW,13,13,69,50,1014.6,1012.2,6.0,7.0,11.9,15.8,No,No,0,0,1,0,0,0,12.8,8.2,3.9,19,-2.4,13.0,Dry (<=1 mm),Mild (<20),,-0.73,-0.81,-0.42,,-0.9,,0
2009-06-26,2009,6,Jun,2,Winter,2009-06,177,8.7,18.6,0.0,1.8,8.8,,,W,ENE,15,11,76,51,1012.7,1009.2,3.0,7.0,10.7,16.6,No,No,0,0,1,0,0,0,13.65,9.9,5.9,25,-3.5,13.0,Dry (<=1 mm),Mild (<20),,0.11,-0.81,-0.36,,-1.14,,0
2009-06-27,2009,6,Jun,2,Winter,2009-06,178,9.4,15.8,0.0,2.2,0.2,,,WNW,N,7,9,84,79,1008.1,1005.4,7.0,7.0,10.4,15.1,No,No,0,0,1,0,0,0,12.6,6.4,4.7,5,-2.7,8.0,Dry (<=1 mm),Mild (<20),,-1.27,-0.5,1.2,,-1.73,,0
2009-06-28,2009,6,Jun,2,Winter,2009-06,179,10.4,18.7,0.0,2.2,5.3,,,W,WNW,11,7,86,54,1006.3,1004.5,4.0,6.0,12.4,17.5,No,Yes,0,1,1,0,0,0,14.55,8.3,5.1,32,-1.8,9.0,Dry (<=1 mm),Mild (<20),,0.16,-0.06,-0.2,,-1.97,,0
2009-06-29,2009,6,Jun,2,Winter,2009-06,180,9.6,20.7,2.8,2.0,9.8,,,W,W,17,7,67,47,1012.3,1010.3,1.0,1.0,12.3,20.4,Yes,No,1,0,1,0,0,1,15.15,11.1,8.1,20,-2.0,12.0,Light (1-10),Warm (20-30),,1.14,-0.42,-0.59,,-1.19,,0
2009-06-30,2009,6,Jun,2,Winter,2009-06,181,12.3,19.9,0.0,1.4,2.2,,,NNW,NNW,28,24,66,54,1013.2,1008.2,7.0,3.0,15.6,19.1,No,No,0,0,1,0,0,0,16.1,7.6,3.5,12,-5.0,26.0,Dry (<=1 mm),Mild (<20),,0.75,0.78,-0.2,,-1.08,,0
2009-07-01,2009,7,Jul,3,Winter,2009-07,182,15.7,21.2,0.0,4.0,8.6,,,W,W,7,28,61,27,1005.8,1004.1,1.0,1.0,16.5,20.5,No,No,0,0,1,0,0,0,18.45,5.5,4.0,34,-1.7,17.5,Dry (<=1 mm),Warm (20-30),,1.35,3.27,-1.36,,-2.16,Warm night,1
2009-07-02,2009,7,Jul,3,Winter,2009-07,183,11.0,18.9,0.0,4.8,8.4,,,NNW,W,13,33,55,32,1007.9,1006.4,1.0,1.0,13.0,17.8,No,No,0,0,1,0,0,0,14.95,7.9,4.8,23,-1.5,23.0,Dry (<=1 mm),Mild (<20),,0.38,0.98,-1.05,,-1.87,,0
2009-07-03,2009,7,Jul,3,Winter,2009-07,184,11.1,16.2,0.0,5.6,9.4,,,W,W,44,37,50,41,1003.5,1004.0,1.0,4.0,12.3,14.5,No,No,0,0,1,0,0,0,13.65,5.1,2.2,9,0.5,40.5,Dry (<=1 mm),Mild (<20),,-0.76,1.03,-0.51,,-2.48,,0
2009-07-04,2009,7,Jul,3,Winter,2009-07,185,8.5,17.1,0.0,3.8,9.8,,,W,W,15,30,59,34,1012.5,1011.1,1.0,1.0,10.1,16.7,No,No,0,0,1,0,0,0,12.8,8.6,6.6,25,-1.4,22.5,Dry (<=1 mm),Mild (<20),,-0.38,-0.24,-0.93,,-1.23,,0
2009-07-05,2009,7,Jul,3,Winter,2009-07,186,10.1,18.1,0.0,3.0,9.8,,,W,S,20,11,54,32,1016.4,1016.4,2.0,1.0,11.8,17.2,No,No,0,0,1,0,0,0,14.1,8.0,5.4,22,0.0,15.5,Dry (<=1 mm),Mild (<20),,0.04,0.54,-1.05,,-0.69,,0
2009-07-06,2009,7,Jul,3,Winter,2009-07,187,6.2,15.7,0.0,3.0,6.5,,,W,WSW,19,7,74,48,1020.8,1017.8,6.0,6.0,7.5,14.8,No,No,0,0,1,0,0,0,10.95,9.5,7.3,26,-3.0,13.0,Dry (<=1 mm),Mild (<20),,-0.97,-1.36,-0.08,,-0.08,,0
2009-07-07,2009,7,Jul,3,Winter,2009-07,188,7.5,15.1,0.6,2.6,3.9,,,W,SSW,19,19,81,60,1025.0,1024.1,6.0,7.0,9.0,14.7,No,Yes,0,1,1,0,0,0,11.3,7.6,5.7,21,-0.9,19.0,Dry (<=1 mm),Mild (<20),,-1.23,-0.73,0.65,,0.5,,0
2009-07-08,2009,7,Jul,3,Winter,2009-07,189,8.6,16.8,13.8,2.6,3.2,,,WNW,ESE,15,4,96,61,1029.6,1028.2,7.0,6.0,10.5,15.4,Yes,Yes,1,1,1,0,0,1,12.7,8.2,4.9,35,-1.4,9.5,Moderate (10-25),Mild (<20),,-0.51,-0.19,0.71,,1.14,,0
2009-07-09,2009,7,Jul,3,Winter,2009-07,190,9.1,17.6,6.2,0.4,4.4,,,WNW,ESE,13,30,96,63,1030.9,1028.5,7.0,5.0,10.3,16.2,Yes,Yes,1,1,1,0,0,1,13.35,8.5,5.9,33,-2.4,21.5,Light (1-10),Mild (<20),,-0.17,0.05,0.83,,1.32,,0
2009-07-10,2009,7,Jul,3,Winter,2009-07,191,9.5,18.6,8.8,1.8,8.4,,,W,SSE,13,20,97,65,1028.1,1024.7,5.0,6.0,10.8,16.8,Yes,No,1,0,1,0,0,1,14.05,9.1,6.0,32,-3.4,16.5,Light (1-10),Mild (<20),,0.25,0.25,0.96,,0.93,,0
2009-07-11,2009,7,Jul,3,Winter,2009-07,192,9.1,16.4,0.0,2.0,3.6,,,W,ENE,13,13,94,58,1022.6,1018.6,7.0,7.0,10.3,15.8,No,No,0,0,1,0,0,0,12.75,7.3,5.5,36,-4.0,13.0,Dry (<=1 mm),Mild (<20),,-0.68,0.05,0.53,,0.17,,0
2009-07-12,2009,7,Jul,3,Winter,2009-07,193,10.3,16.8,0.0,1.4,2.3,,,W,N,9,26,80,56,1014.6,1009.4,7.0,6.0,11.8,16.7,No,No,0,0,1,0,0,0,13.55,6.5,4.9,24,-5.2,17.5,Dry (<=1 mm),Mild (<20),,-0.51,0.64,0.41,,-0.94,,0
2009-07-13,2009,7,Jul,3,Winter,2009-07,194,11.6,17.4,0.2,2.4,2.8,,,W,N,9,7,67,53,1007.5,1005.9,6.0,6.0,14.5,16.8,No,No,0,0,1,0,0,0,14.5,5.8,2.3,14,-1.6,8.0,Dry (<=1 mm),Mild (<20),,-0.26,1.27,0.23,,-1.92,,0
2009-07-14,2009,7,Jul,3,Winter,2009-07,195,10.2,17.2,0.0,3.2,9.7,,,W,WNW,15,28,68,34,1007.4,1004.4,1.0,1.0,12.1,16.8,No,No,0,0,1,0,0,0,13.7,7.0,4.7,34,-3.0,21.5,Dry (<=1 mm),Mild (<20),,-0.34,0.59,-0.93,,-1.94,,0
2009-07-15,2009,7,Jul,3,Winter,2009-07,196,6.7,17.3,0.0,2.6,6.9,,,W,NW,17,7,79,42,1010.1,1008.2,3.0,4.0,8.9,17.0,No,No,0,0,1,0,0,0,12.0,10.6,8.1,37,-1.9,12.0,Dry (<=1 mm),Mild (<20),,-0.3,-1.12,-0.44,,-1.56,,0
2009-07-16,2009,7,Jul,3,Winter,2009-07,197,8.1,16.5,0.0,2.0,2.5,,,W,SW,24,22,78,47,1012.3,1010.3,6.0,7.0,9.2,14.5,No,Yes,0,1,1,0,0,0,12.3,8.4,5.3,31,-2.0,23.0,Dry (<=1 mm),Mild (<20),,-0.64,-0.44,-0.14,,-1.26,,0
2009-07-17,2009,7,Jul,3,Winter,2009-07,198,9.2,15.8,7.0,3.2,4.5,,,W,SSW,20,22,80,59,1019.2,1019.2,3.0,6.0,10.7,15.1,Yes,No,1,0,1,0,0,1,12.5,6.6,4.4,21,0.0,21.0,Light (1-10),Mild (<20),,-0.93,0.1,0.59,,-0.3,,0
2009-07-18,2009,7,Jul,3,Winter,2009-07,199,8.0,18.6,0.0,3.0,9.8,,,W,WNW,15,6,84,42,1022.5,1018.4,1.0,1.0,9.0,18.4,No,No,0,0,1,0,0,0,13.3,10.6,9.4,42,-4.1,10.5,Dry (<=1 mm),Mild (<20),,0.25,-0.48,-0.44,,0.15,,0
2009-07-19,2009,7,Jul,3,Winter,2009-07,200,8.0,19.9,0.0,2.2,9.4,,,W,WNW,9,11,66,37,1021.1,1019.2,2.0,1.0,10.2,19.5,No,No,0,0,1,0,0,0,13.95,11.9,9.3,29,-1.9,10.0,Dry (<=1 mm),Mild (<20),,0.8,-0.48,-0.75,,-0.04,,0
2009-07-20,2009,7,Jul,3,Winter,2009-07,201,8.2,21.3,0.0,2.6,10.0,,,W,N,15,13,72,34,1025.1,1020.4,0.0,0.0,10.3,21.2,No,No,0,0,1,0,0,0,14.75,13.1,10.9,38,-4.7,14.0,Dry (<=1 mm),Warm (20-30),,1.39,-0.39,-0.93,,0.51,,0
2009-07-21,2009,7,Jul,3,Winter,2009-07,202,8.8,23.4,0.0,5.4,10.0,,,W,E,15,11,68,43,1021.2,1015.7,0.0,1.0,11.2,21.3,No,No,0,0,1,0,0,0,16.1,14.6,10.1,25,-5.5,13.0,Dry (<=1 mm),Warm (20-30),,2.28,-0.09,-0.38,,-0.03,,0
2009-07-22,2009,7,Jul,3,Winter,2009-07,203,11.2,24.7,0.0,4.8,8.0,,,NW,NNW,15,24,54,39,1011.5,1005.4,2.0,4.0,19.7,24.0,No,Yes,0,1,1,0,0,0,17.95,13.5,4.3,15,-6.1,19.5,Dry (<=1 mm),Warm (20-30),,2.83,1.08,-0.63,,-1.37,,0
2009-07-23,2009,7,Jul,3,Winter,2009-07,204,11.4,18.3,3.6,5.6,8.1,,,NNW,SSW,4,19,62,42,1012.7,1014.5,1.0,4.0,13.6,16.4,Yes,No,1,0,1,0,0,1,14.85,6.9,2.8,20,1.8,11.5,Light (1-10),Mild (<20),,0.12,1.17,-0.44,,-1.2,,0
2009-07-24,2009,7,Jul,3,Winter,2009-07,205,8.4,17.5,0.6,2.2,9.4,,,W,E,20,9,62,51,1026.0,1024.6,1.0,2.0,9.9,16.1,No,No,0,0,1,0,0,0,12.95,9.1,6.2,11,-1.4,14.5,Dry (<=1 mm),Mild (<20),,-0.21,-0.29,0.1,,0.64,,0
2009-07-25,2009,7,Jul,3,Winter,2009-07,206,7.6,18.6,0.0,1.8,9.9,,,W,ENE,15,17,81,54,1026.1,1022.1,0.0,1.0,8.9,15.5,No,No,0,0,1,0,0,0,13.1,11.0,6.6,27,-4.0,16.0,Dry (<=1 mm),Mild (<20),,0.25,-0.68,0.29,,0.65,,0
2009-07-26,2009,7,Jul,3,Winter,2009-07,207,8.9,15.3,0.0,5.8,0.3,,,W,W,4,9,83,68,1019.1,1014.2,7.0,8.0,9.9,14.1,No,Yes,0,1,1,0,0,0,12.1,6.4,4.2,15,-4.9,6.5,Dry (<=1 mm),Mild (<20),,-1.14,-0.05,1.14,,-0.32,,0
2009-07-27,2009,7,Jul,3,Winter,2009-07,208,8.3,18.9,12.2,0.4,9.0,,,W,WSW,19,17,72,34,1016.3,1015.4,1.0,1.0,10.5,18.8,Yes,No,1,0,1,0,0,1,13.6,10.6,8.3,38,-0.9,18.0,Moderate (10-25),Mild (<20),,0.38,-0.34,-0.93,,-0.7,,0
2009-07-28,2009,7,Jul,3,Winter,2009-07,209,8.1,18.7,0.0,3.6,10.0,,,W,WSW,11,20,63,38,1022.5,1020.2,1.0,1.0,11.2,17.9,No,No,0,0,1,0,0,0,13.4,10.6,6.7,25,-2.3,15.5,Dry (<=1 mm),Mild (<20),,0.29,-0.44,-0.69,,0.15,,0
2009-07-29,2009,7,Jul,3,Winter,2009-07,210,9.5,19.5,0.0,2.2,9.1,,,WNW,WSW,17,9,61,41,1024.3,1022.3,1.0,5.0,11.3,18.7,No,No,0,0,1,0,0,0,14.5,10.0,7.4,20,-2.0,13.0,Dry (<=1 mm),Mild (<20),,0.63,0.25,-0.51,,0.4,,0
2009-07-30,2009,7,Jul,3,Winter,2009-07,211,8.5,18.9,0.0,4.0,9.5,,,W,W,22,15,65,39,1024.4,1019.3,1.0,1.0,10.7,18.7,No,No,0,0,1,0,0,0,13.7,10.4,8.0,26,-5.1,18.5,Dry (<=1 mm),Mild (<20),,0.38,-0.24,-0.63,,0.42,,0
2009-07-31,2009,7,Jul,3,Winter,2009-07,212,9.2,19.7,0.0,3.0,8.5,,,NNW,W,9,22,66,38,1020.0,1017.9,5.0,2.0,12.8,18.4,No,No,0,0,1,0,0,0,14.45,10.5,5.6,28,-2.1,15.5,Dry (<=1 mm),Mild (<20),,0.71,0.1,-0.69,,-0.19,,0
2009-08-01,2009,8,Aug,3,Winter,2009-08,213,9.2,19.2,0.0,3.8,10.2,,,W,WNW,20,11,60,33,1025.4,1021.4,0.0,1.0,11.5,18.8,No,No,0,0,1,0,0,0,14.2,10.0,7.3,27,-4.0,15.5,Dry (<=1 mm),Mild (<20),,-0.07,-0.25,-0.78,,0.81,,0
2009-08-02,2009,8,Aug,3,Winter,2009-08,214,7.9,19.2,0.0,4.0,10.1,,,W,E,20,13,63,46,1027.7,1022.7,1.0,1.0,10.2,17.3,No,No,0,0,1,0,0,0,13.55,11.3,7.1,17,-5.0,16.5,Dry (<=1 mm),Mild (<20),,-0.07,-0.84,0.01,,1.14,,0
2009-08-03,2009,8,Aug,3,Winter,2009-08,215,8.3,20.5,0.0,4.0,8.8,,,WNW,W,13,22,58,29,1020.3,1019.6,3.0,6.0,13.4,19.9,No,No,0,0,1,0,0,0,14.4,12.2,6.5,29,-0.7,17.5,Dry (<=1 mm),Warm (20-30),,0.4,-0.66,-1.02,,0.08,,0
2009-08-04,2009,8,Aug,3,Winter,2009-08,216,10.0,19.8,0.0,3.2,5.1,,,W,W,11,13,70,33,1021.7,1017.4,7.0,3.0,11.7,18.2,No,No,0,0,1,0,0,0,14.9,9.8,6.5,37,-4.3,12.0,Dry (<=1 mm),Mild (<20),,0.15,0.11,-0.78,,0.28,,0
2009-08-05,2009,8,Aug,3,Winter,2009-08,217,7.6,19.3,0.0,2.8,9.9,,,W,ESE,17,15,69,40,1022.8,1020.4,4.0,1.0,10.5,17.5,No,No,0,0,1,0,0,0,13.45,11.7,7.0,29,-2.4,16.0,Dry (<=1 mm),Mild (<20),,-0.03,-0.97,-0.36,,0.44,,0
2009-08-06,2009,8,Aug,3,Winter,2009-08,218,8.0,19.5,0.0,2.0,9.2,,,W,NE,13,15,73,55,1023.6,1019.2,7.0,3.0,11.2,17.6,No,No,0,0,1,0,0,0,13.75,11.5,6.4,18,-4.4,14.0,Dry (<=1 mm),Mild (<20),,0.04,-0.79,0.55,,0.55,,0
2009-08-07,2009,8,Aug,3,Winter,2009-08,219,11.0,23.5,0.0,4.8,8.9,,,NNW,WNW,22,24,47,21,1015.8,1009.4,3.0,4.0,15.4,23.2,No,No,0,0,1,0,0,0,17.25,12.5,7.8,26,-6.4,23.0,Dry (<=1 mm),Warm (20-30),,1.49,0.57,-1.5,,-0.57,,0
2009-08-08,2009,8,Aug,3,Winter,2009-08,220,7.8,16.8,0.0,6.4,9.9,,,W,S,22,17,46,41,1023.4,1020.8,2.0,1.0,9.8,15.9,No,No,0,0,1,0,0,0,12.3,9.0,6.1,5,-2.6,19.5,Dry (<=1 mm),Mild (<20),,-0.93,-0.88,-0.3,,0.53,,0
2009-08-09,2009,8,Aug,3,Winter,2009-08,221,5.9,16.8,0.0,2.6,8.4,,,W,E,17,15,70,55,1020.8,1017.9,3.0,4.0,8.5,16.0,No,No,0,0,1,0,0,0,11.35,10.9,7.5,15,-2.9,16.0,Dry (<=1 mm),Mild (<20),,-0.93,-1.74,0.55,,0.15,,0
2009-08-10,2009,8,Aug,3,Winter,2009-08,222,6.8,16.3,0.0,1.8,4.1,,,WNW,E,11,15,77,59,1019.8,1017.0,7.0,8.0,9.1,15.7,No,No,0,0,1,0,0,0,11.55,9.5,6.6,18,-2.8,13.0,Dry (<=1 mm),Mild (<20),,-1.12,-1.34,0.79,,0.01,,0
2009-08-11,2009,8,Aug,3,Winter,2009-08,223,9.1,16.8,0.0,1.2,2.4,,,W,N,13,13,81,64,1016.3,1012.5,7.0,6.0,11.7,16.3,No,Yes,0,1,1,0,0,0,12.95,7.7,4.6,17,-3.8,13.0,Dry (<=1 mm),Mild (<20),,-0.93,-0.29,1.09,,-0.49,,0
2009-08-12,2009,8,Aug,3,Winter,2009-08,224,8.9,19.8,4.2,1.6,9.7,,,W,WNW,19,11,77,32,1012.6,1009.4,4.0,4.0,11.9,19.6,Yes,No,1,0,1,0,0,1,14.35,10.9,7.7,45,-3.2,15.0,Light (1-10),Mild (<20),,0.15,-0.38,-0.84,,-1.02,,0
2009-08-13,2009,8,Aug,3,Winter,2009-08,225,9.0,21.0,0.0,5.4,10.2,,,W,WSW,9,19,63,35,1014.1,1011.7,0.0,1.0,12.8,20.5,No,No,0,0,1,0,0,0,15.0,12.0,7.7,28,-2.4,14.0,Dry (<=1 mm),Warm (20-30),,0.59,-0.34,-0.66,,-0.81,,0
2009-08-14,2009,8,Aug,3,Winter,2009-08,226,10.8,21.0,0.0,3.0,9.9,,,W,E,20,17,61,62,1019.1,1016.5,3.0,1.0,14.0,17.9,No,No,0,0,1,0,0,0,15.9,10.2,3.9,-1,-2.6,18.5,Dry (<=1 mm),Warm (20-30),,0.59,0.48,0.97,,-0.09,,0
2009-08-15,2009,8,Aug,3,Winter,2009-08,227,8.7,22.1,0.0,3.2,10.5,,,WNW,WNW,13,9,77,35,1019.6,1016.2,0.0,0.0,11.1,22.1,No,No,0,0,1,0,0,0,15.4,13.4,11.0,42,-3.4,11.0,Dry (<=1 mm),Warm (20-30),,0.98,-0.48,-0.66,,-0.02,,0
2009-08-16,2009,8,Aug,3,Winter,2009-08,228,9.4,25.7,0.0,2.0,10.2,,,W,NE,6,19,66,27,1015.7,1009.0,1.0,2.0,13.0,25.2,No,No,0,0,1,0,0,0,17.55,16.3,12.2,39,-6.7,12.5,Dry (<=1 mm),Warm (20-30),,2.29,-0.16,-1.14,,-0.58,,0
2009-08-17,2009,8,Aug,3,Winter,2009-08,229,13.0,22.9,0.0,8.0,10.2,,,W,SW,22,13,37,20,1013.4,1013.7,0.0,1.0,18.5,22.7,No,No,0,0,1,0,0,0,17.95,9.9,4.2,17,0.3,17.5,Dry (<=1 mm),Warm (20-30),,1.27,1.47,-1.56,,-0.91,,0
2009-08-18,2009,8,Aug,3,Winter,2009-08,230,9.0,18.9,0.0,6.2,10.4,,,W,E,19,15,48,45,1028.0,1026.3,1.0,1.0,12.1,17.0,No,No,0,0,1,0,0,0,13.95,9.9,4.9,3,-1.7,17.0,Dry (<=1 mm),Mild (<20),,-0.17,-0.34,-0.05,,1.19,,0
2009-08-19,2009,8,Aug,3,Winter,2009-08,231,7.8,17.9,0.0,4.2,10.4,,,WNW,NE,13,20,70,50,1027.7,1023.2,0.0,1.0,10.8,17.5,No,No,0,0,1,0,0,0,12.85,10.1,6.7,20,-4.5,16.5,Dry (<=1 mm),Mild (<20),,-0.54,-0.88,0.25,,1.14,,0
2009-08-20,2009,8,Aug,3,Winter,2009-08,232,9.9,21.1,0.0,2.8,4.9,,,W,E,13,13,74,58,1019.5,1014.2,7.0,2.0,12.2,19.0,No,No,0,0,1,0,0,0,15.5,11.2,6.8,16,-5.3,13.0,Dry (<=1 mm),Warm (20-30),,0.62,0.07,0.73,,-0.03,,0
2009-08-21,2009,8,Aug,3,Winter,2009-08,233,11.1,25.0,0.0,4.0,4.8,,,N,NNE,13,20,47,33,1009.2,1002.1,2.0,6.0,18.4,25.0,No,No,0,0,1,0,0,0,18.05,13.9,6.6,14,-7.1,16.5,Dry (<=1 mm),Warm (20-30),,2.03,0.61,-0.78,,-1.51,,0
2009-08-22,2009,8,Aug,3,Winter,2009-08,234,14.5,20.8,0.0,7.0,6.3,,,SSW,ENE,7,17,51,47,1012.7,1009.9,7.0,2.0,15.3,17.9,No,No,0,0,1,0,0,0,17.65,6.3,2.6,4,-2.8,12.0,Dry (<=1 mm),Warm (20-30),,0.51,2.15,0.07,,-1.01,,0
2009-08-23,2009,8,Aug,3,Winter,2009-08,235,13.3,25.1,0.0,3.6,10.2,,,W,ENE,13,17,64,51,1012.0,1007.8,1.0,2.0,17.0,22.3,No,No,0,0,1,0,0,0,19.2,11.8,5.3,13,-4.2,15.0,Dry (<=1 mm),Warm (20-30),,2.07,1.61,0.31,,-1.11,,0
2009-08-24,2009,8,Aug,3,Winter,2009-08,236,17.0,23.9,0.0,5.6,3.5,,,W,NW,26,19,47,59,1006.1,1005.9,2.0,8.0,23.3,18.9,No,Yes,0,1,1,0,0,0,20.45,6.9,-4.4,-12,-0.2,22.5,Dry (<=1 mm),Warm (20-30),,1.64,3.28,0.79,,-1.96,Warm night,1
2009-08-25,2009,8,Aug,3,Winter,2009-08,237,15.6,20.2,1.6,5.0,10.5,,,W,WNW,31,22,29,26,1007.1,1006.8,1.0,1.0,15.8,19.5,Yes,No,1,0,1,0,0,1,17.9,4.6,3.7,3,-0.3,26.5,Light (1-10),Warm (20-30),,0.3,2.65,-1.2,,-1.81,,0
2009-08-26,2009,8,Aug,3,Winter,2009-08,238,12.0,21.6,0.0,8.4,10.9,,,WNW,WNW,13,24,32,20,1013.1,1010.8,0.0,0.0,15.1,21.3,No,No,0,0,1,0,0,0,16.8,9.6,6.2,12,-2.3,18.5,Dry (<=1 mm),Warm (20-30),,0.8,1.02,-1.56,,-0.95,,0
2009-08-27,2009,8,Aug,3,Winter,2009-08,239,11.3,20.9,0.0,6.0,11.0,,,E,NE,4,17,44,37,1017.6,1013.5,0.0,0.0,16.0,20.4,No,No,0,0,1,0,0,0,16.1,9.6,4.4,7,-4.1,10.5,Dry (<=1 mm),Warm (20-30),,0.55,0.7,-0.54,,-0.31,,0
2009-08-28,2009,8,Aug,3,Winter,2009-08,240,10.6,24.8,0.0,3.2,10.2,,,W,NE,2,17,44,21,1016.4,1013.1,0.0,1.0,17.2,22.0,No,No,0,0,1,0,0,0,17.7,14.2,4.8,23,-3.3,9.5,Dry (<=1 mm),Warm (20-30),,1.96,0.39,-1.5,,-0.48,,0
2009-08-29,2009,8,Aug,3,Winter,2009-08,241,14.8,25.7,0.0,9.2,5.2,,,NNW,NE,20,15,51,59,1008.9,998.9,8.0,4.0,16.6,20.4,No,No,0,0,1,0,0,0,20.25,10.9,3.8,-8,-10.0,17.5,Dry (<=1 mm),Warm (20-30),,2.29,2.29,0.79,,-1.56,,0
2009-08-30,2009,8,Aug,3,Winter,2009-08,242,13.7,19.5,0.2,9.2,10.9,,,W,W,30,30,34,23,1011.4,1010.6,1.0,1.0,13.9,18.8,No,No,0,0,1,0,0,0,16.6,5.8,4.9,11,-0.8,30.0,Dry (<=1 mm),Mild (<20),,0.04,1.79,-1.38,,-1.2,,0
2009-08-31,2009,8,Aug,3,Winter,2009-08,243,9.2,21.5,0.0,6.0,10.9,,,WNW,W,20,13,40,30,1017.4,1014.0,1.0,1.0,14.7,21.4,No,No,0,0,1,0,0,0,15.35,12.3,6.7,10,-3.4,16.5,Dry (<=1 mm),Warm (20-30),,0.77,-0.25,-0.96,,-0.34,,0
2009-09-01,2009,9,Sep,3,Spring,2009-09,244,11.1,22.0,0.0,4.2,10.7,,,W,ESE,13,19,49,36,1021.6,1019.6,1.0,1.0,16.1,19.2,No,No,0,0,1,0,0,0,16.55,10.9,3.1,13,-2.0,16.0,Dry (<=1 mm),Warm (20-30),,0.0,-0.58,-0.74,,0.43,,0
2009-09-02,2009,9,Sep,3,Spring,2009-09,245,9.7,18.7,0.0,3.8,10.9,,,WNW,E,11,19,60,58,1024.7,1021.8,0.0,1.0,14.4,17.7,No,No,0,0,1,0,0,0,14.2,9.0,3.3,2,-2.9,15.0,Dry (<=1 mm),Mild (<20),,-0.87,-1.12,0.53,,0.84,,0
2009-09-03,2009,9,Sep,3,Spring,2009-09,246,12.0,21.1,0.0,4.6,4.7,,,W,W,11,11,80,84,1020.7,1018.9,3.0,8.0,15.2,16.3,No,Yes,0,1,1,0,0,0,16.55,9.1,1.1,-4,-1.8,11.0,Dry (<=1 mm),Warm (20-30),,-0.24,-0.24,2.04,,0.31,,0
2009-09-04,2009,9,Sep,3,Spring,2009-09,247,14.7,25.3,6.0,1.8,6.9,,,W,WNW,11,13,81,43,1014.8,1010.0,7.0,5.0,16.0,25.0,Yes,No,1,0,1,0,0,1,20.0,10.6,9.0,38,-4.8,12.0,Light (1-10),Warm (20-30),,0.88,0.81,-0.34,,-0.47,,0
2009-09-05,2009,9,Sep,3,Spring,2009-09,248,14.7,21.2,0.0,6.4,10.2,,,WSW,ESE,19,17,36,35,1016.1,1015.1,2.0,1.0,18.2,19.8,No,No,0,0,1,0,0,0,17.95,6.5,1.6,1,-1.0,18.0,Dry (<=1 mm),Warm (20-30),,-0.21,0.81,-0.8,,-0.3,,0
2009-09-06,2009,9,Sep,3,Spring,2009-09,249,10.4,18.2,0.0,3.8,10.0,,,W,ENE,13,26,53,58,1018.9,1014.0,3.0,1.0,14.4,17.7,No,No,0,0,1,0,0,0,14.3,7.8,3.3,-5,-4.9,19.5,Dry (<=1 mm),Mild (<20),,-1.01,-0.85,0.53,,0.07,,0
2009-09-07,2009,9,Sep,3,Spring,2009-09,250,13.5,19.9,0.0,5.4,2.1,,,W,NE,17,28,74,57,1008.5,1000.8,7.0,6.0,14.6,19.1,No,Yes,0,1,1,0,0,0,16.7,6.4,4.5,17,-7.7,22.5,Dry (<=1 mm),Mild (<20),,-0.56,0.34,0.47,,-1.31,,0
2009-09-08,2009,9,Sep,3,Spring,2009-09,251,11.6,21.1,5.4,3.6,8.3,,,W,ENE,7,11,56,56,1008.2,1007.6,1.0,6.0,16.2,17.0,Yes,No,1,0,1,0,0,1,16.35,9.5,0.8,0,-0.6,9.0,Light (1-10),Warm (20-30),,-0.24,-0.39,0.41,,-1.35,,0
2009-09-09,2009,9,Sep,3,Spring,2009-09,252,10.3,20.8,0.2,3.6,11.2,,,W,WSW,20,26,47,35,1010.2,1008.8,1.0,3.0,15.7,20.4,No,No,0,0,1,0,0,0,15.55,10.5,4.7,12,-1.4,23.0,Dry (<=1 mm),Warm (20-30),,-0.32,-0.89,-0.8,,-1.08,,0
2009-09-10,2009,9,Sep,3,Spring,2009-09,253,10.0,22.2,0.0,5.0,10.9,,,W,E,20,24,45,38,1015.9,1013.9,1.0,1.0,16.0,19.8,No,No,0,0,1,0,0,0,16.1,12.2,3.8,7,-2.0,22.0,Dry (<=1 mm),Warm (20-30),,0.06,-1.01,-0.63,,-0.33,,0
2009-09-11,2009,9,Sep,3,Spring,2009-09,254,9.5,22.4,0.0,5.0,10.7,,,WNW,E,15,20,50,47,1022.6,1019.4,0.0,1.0,15.2,18.4,No,No,0,0,1,0,0,0,15.95,12.9,3.2,3,-3.2,17.5,Dry (<=1 mm),Warm (20-30),,0.11,-1.2,-0.11,,0.56,,0
2009-09-12,2009,9,Sep,3,Spring,2009-09,255,11.0,28.5,0.0,6.0,10.9,,,WNW,NE,11,9,49,27,1022.5,1019.1,0.0,0.0,17.3,25.5,No,No,0,0,1,0,0,0,19.75,17.5,8.2,22,-3.4,10.0,Dry (<=1 mm),Warm (20-30),,1.73,-0.62,-1.26,,0.55,,0
2009-09-13,2009,9,Sep,3,Spring,2009-09,256,17.3,32.2,0.0,8.2,10.9,,,NNW,E,20,13,24,17,1019.6,1015.5,0.0,0.0,25.2,31.9,No,No,0,0,1,0,0,0,24.75,14.9,6.7,7,-4.1,16.5,Dry (<=1 mm),Hot (30-35),,2.72,1.81,-1.84,,0.16,,0
2009-09-14,2009,9,Sep,3,Spring,2009-09,257,18.1,19.7,0.0,7.4,6.2,,,S,SSE,30,20,70,60,1021.8,1021.3,5.0,6.0,18.5,18.4,No,No,0,0,1,0,0,0,18.9,1.6,-0.1,10,-0.5,25.0,Dry (<=1 mm),Mild (<20),,-0.61,2.12,0.65,,0.46,,0
2009-09-15,2009,9,Sep,3,Spring,2009-09,258,15.4,20.4,0.0,6.4,6.9,,,W,NE,9,17,77,66,1021.4,1016.4,7.0,6.0,16.9,19.7,No,No,0,0,1,0,0,0,17.9,5.0,2.8,11,-5.0,13.0,Dry (<=1 mm),Warm (20-30),,-0.42,1.08,0.99,,0.4,,0
2009-09-16,2009,9,Sep,3,Spring,2009-09,259,15.6,22.2,0.0,3.4,0.0,,,SW,SSE,9,11,80,79,1023.0,1019.7,8.0,7.0,17.4,19.5,No,No,0,0,1,0,0,0,18.9,6.6,2.1,1,-3.3,10.0,Dry (<=1 mm),Warm (20-30),,0.06,1.15,1.75,,0.62,,0
2009-09-17,2009,9,Sep,3,Spring,2009-09,260,14.7,32.1,0.0,1.6,7.6,,,SE,NNW,4,31,68,25,1017.0,1010.1,2.0,6.0,22.2,31.2,No,No,0,0,1,0,0,0,23.4,17.4,9.0,43,-6.9,17.5,Dry (<=1 mm),Hot (30-35),,2.69,0.81,-1.38,,-0.18,,0
2009-09-18,2009,9,Sep,3,Spring,2009-09,261,19.0,23.5,0.0,10.4,10.2,,,SW,SE,17,30,43,51,1017.9,1018.4,3.0,1.0,22.7,21.2,No,No,0,0,1,0,0,0,21.25,4.5,-1.5,-8,0.5,23.5,Dry (<=1 mm),Warm (20-30),,0.4,2.47,0.12,,-0.06,,0
2009-09-19,2009,9,Sep,3,Spring,2009-09,262,13.1,20.8,0.0,5.4,9.7,,,W,E,9,20,63,63,1019.2,1013.0,1.0,3.0,18.3,19.4,No,No,0,0,1,0,0,0,16.95,7.7,1.1,0,-6.2,14.5,Dry (<=1 mm),Warm (20-30),,-0.32,0.19,0.82,,0.11,,0
2009-09-20,2009,9,Sep,3,Spring,2009-09,263,13.8,24.7,0.0,5.8,8.5,,,WNW,NE,9,15,49,30,1014.8,1010.9,4.0,6.0,20.7,23.7,No,No,0,0,1,0,0,0,19.25,10.9,3.0,19,-3.9,12.0,Dry (<=1 mm),Warm (20-30),,0.72,0.46,-1.09,,-0.47,,0
2009-09-21,2009,9,Sep,3,Spring,2009-09,264,15.7,25.8,0.0,8.2,8.1,,,S,E,13,17,69,67,1014.7,1012.0,3.0,8.0,18.8,19.3,No,No,0,0,1,0,0,0,20.75,10.1,0.5,2,-2.7,15.0,Dry (<=1 mm),Warm (20-30),,1.01,1.19,1.05,,-0.49,,0
2009-09-22,2009,9,Sep,3,Spring,2009-09,265,17.1,31.7,0.0,3.4,8.2,,,NW,NNW,24,31,45,34,1002.8,998.3,0.0,1.0,25.8,30.9,No,Yes,0,1,1,0,0,0,24.4,14.6,5.1,11,-4.5,27.5,Dry (<=1 mm),Hot (30-35),,2.58,1.73,-0.86,,-2.06,,0
2009-09-23,2009,9,Sep,3,Spring,2009-09,266,17.0,21.8,4.4,11.2,8.0,,,W,W,30,37,40,36,996.8,997.8,9.0,3.0,17.3,20.9,Yes,No,1,0,1,0,0,1,19.4,4.8,3.6,4,1.0,33.5,Light (1-10),Warm (20-30),,-0.05,1.69,-0.74,,-2.86,,0
2009-09-24,2009,9,Sep,3,Spring,2009-09,267,15.1,25.0,0.0,7.6,11.3,,,W,WNW,31,17,36,26,1012.1,1009.6,1.0,1.0,18.8,24.0,No,No,0,0,1,0,0,0,20.05,9.9,5.2,10,-2.5,24.0,Dry (<=1 mm),Warm (20-30),,0.8,0.96,-1.32,,-0.83,,0
2009-09-25,2009,9,Sep,3,Spring,2009-09,268,13.5,25.4,0.0,8.0,11.2,,,N,NE,17,24,36,33,1013.5,1007.0,0.0,0.0,21.0,22.4,No,No,0,0,1,0,0,0,19.45,11.9,1.4,3,-6.5,20.5,Dry (<=1 mm),Warm (20-30),,0.91,0.34,-0.92,,-0.64,,0
2009-09-26,2009,9,Sep,3,Spring,2009-09,269,17.1,19.6,0.0,11.2,9.0,,,W,W,15,33,24,19,1004.3,1004.5,1.0,3.0,17.7,18.4,No,No,0,0,1,0,0,0,18.35,2.5,0.7,5,0.2,24.0,Dry (<=1 mm),Mild (<20),,-0.63,1.73,-1.73,,-1.87,,0
2009-09-27,2009,9,Sep,3,Spring,2009-09,270,10.1,17.2,0.0,8.0,10.8,,,W,W,39,35,30,23,1006.4,1004.1,1.0,3.0,13.9,16.9,No,No,0,0,1,0,0,0,13.65,7.1,3.0,7,-2.3,37.0,Dry (<=1 mm),Mild (<20),,-1.27,-0.97,-1.5,,-1.59,,0
2009-09-28,2009,9,Sep,3,Spring,2009-09,271,11.0,21.4,0.0,8.2,7.8,,,W,S,30,9,39,31,1007.6,1005.6,1.0,3.0,15.2,19.7,No,No,0,0,1,0,0,0,16.2,10.4,4.5,8,-2.0,19.5,Dry (<=1 mm),Warm (20-30),,-0.16,-0.62,-1.03,,-1.43,,0
2009-09-29,2009,9,Sep,3,Spring,2009-09,272,11.4,21.0,0.0,4.0,11.1,,,W,E,17,19,42,45,1014.1,1011.8,1.0,2.0,17.0,18.8,No,No,0,0,1,0,0,0,16.2,9.6,1.8,-3,-2.3,18.0,Dry (<=1 mm),Warm (20-30),,-0.26,-0.47,-0.22,,-0.57,,0
2009-09-30,2009,9,Sep,3,Spring,2009-09,273,10.9,25.6,0.0,5.4,11.0,,,W,ENE,9,20,57,34,1017.7,1012.6,2.0,3.0,18.4,22.0,No,No,0,0,1,0,0,0,18.25,14.7,3.6,23,-5.1,14.5,Dry (<=1 mm),Warm (20-30),,0.96,-0.66,-0.86,,-0.09,,0
2009-10-01,2009,10,Oct,4,Spring,2009-10,274,14.9,33.1,0.0,7.0,10.8,,,NW,E,15,19,21,10,1013.4,1007.7,3.0,1.0,25.6,32.8,No,No,0,0,1,0,0,0,24.0,18.2,7.2,11,-5.7,17.0,Dry (<=1 mm),Hot (30-35),,2.14,0.04,-2.29,,-0.77,,0
2009-10-02,2009,10,Oct,4,Spring,2009-10,275,16.5,20.7,0.0,10.2,0.5,,,W,SE,15,15,72,68,1013.4,1010.0,7.0,8.0,18.3,19.4,No,Yes,0,1,1,0,0,0,18.6,4.2,1.1,4,-3.4,15.0,Dry (<=1 mm),Warm (20-30),,-0.64,0.6,0.98,,-0.77,,0
2009-10-03,2009,10,Oct,4,Spring,2009-10,276,13.6,15.2,12.6,3.0,0.0,,,SSW,S,22,19,91,89,1011.9,1014.1,8.0,8.0,13.8,14.5,Yes,Yes,1,1,1,0,0,1,14.4,1.6,0.7,2,2.2,20.5,Moderate (10-25),Mild (<20),,-1.87,-0.41,2.17,,-0.98,,0
2009-10-04,2009,10,Oct,4,Spring,2009-10,277,12.9,17.0,38.2,2.4,0.0,,,E,E,6,19,88,61,1021.5,1019.8,8.0,7.0,13.5,16.6,Yes,Yes,1,1,1,0,0,1,14.95,4.1,3.1,27,-1.7,12.5,Heavy (25-50),Mild (<20),,-1.47,-0.65,0.59,,0.38,,0
2009-10-05,2009,10,Oct,4,Spring,2009-10,278,13.1,20.2,3.4,1.8,2.2,,,W,E,13,11,91,65,1020.3,1017.1,7.0,7.0,14.2,18.4,Yes,Yes,1,1,1,0,0,1,16.65,7.1,4.2,26,-3.2,12.0,Light (1-10),Warm (20-30),,-0.75,-0.58,0.81,,0.21,,0
2009-10-06,2009,10,Oct,4,Spring,2009-10,279,11.5,19.6,6.6,2.6,6.4,,,W,E,22,17,77,64,1020.6,1016.7,6.0,4.0,13.5,18.0,Yes,Yes,1,1,1,0,0,1,15.55,8.1,4.5,13,-3.9,19.5,Light (1-10),Mild (<20),,-0.89,-1.14,0.76,,0.25,,0
2009-10-07,2009,10,Oct,4,Spring,2009-10,280,10.6,19.3,7.0,3.6,8.8,,,W,WSW,20,22,51,29,1014.2,1011.3,1.0,5.0,14.1,18.5,Yes,Yes,1,1,1,0,0,1,14.95,8.7,4.4,22,-2.9,21.0,Light (1-10),Mild (<20),,-0.95,-1.46,-1.22,,-0.65,,0
2009-10-08,2009,10,Oct,4,Spring,2009-10,281,10.5,17.5,2.2,6.8,7.4,,,SW,SSW,26,39,49,48,1018.0,1019.9,6.0,5.0,13.8,16.9,Yes,No,1,0,1,0,0,1,14.0,7.0,3.1,1,1.9,32.5,Light (1-10),Mild (<20),,-1.36,-1.49,-0.15,,-0.12,,0
2009-10-09,2009,10,Oct,4,Spring,2009-10,282,9.6,17.1,0.0,5.2,4.7,,,WSW,S,15,17,65,76,1025.4,1026.0,5.0,6.0,13.5,13.9,No,Yes,0,1,1,0,0,0,13.35,7.5,0.4,-11,0.6,16.0,Dry (<=1 mm),Mild (<20),,-1.45,-1.81,1.43,,0.93,,0
2009-10-10,2009,10,Oct,4,Spring,2009-10,283,8.9,18.6,24.4,3.4,6.7,,,W,S,15,19,84,59,1029.7,1027.3,4.0,7.0,12.0,17.6,Yes,Yes,1,1,1,0,0,1,13.75,9.7,5.6,25,-2.4,17.0,Moderate (10-25),Mild (<20),,-1.11,-2.05,0.47,,1.53,,0
2009-10-11,2009,10,Oct,4,Spring,2009-10,284,11.8,19.3,2.2,3.4,6.7,,,W,NNE,15,11,91,57,1025.2,1019.8,7.0,7.0,13.1,19.2,Yes,No,1,0,1,0,0,1,15.55,7.5,6.1,34,-5.4,13.0,Light (1-10),Mild (<20),,-0.95,-1.04,0.36,,0.9,,0
2009-10-12,2009,10,Oct,4,Spring,2009-10,285,11.3,22.6,0.0,4.8,4.7,,,E,E,4,6,61,63,1011.8,1006.4,2.0,8.0,17.8,21.1,No,No,0,0,1,0,0,0,16.95,11.3,3.3,-2,-5.4,5.0,Dry (<=1 mm),Warm (20-30),,-0.21,-1.21,0.7,,-0.99,,0
2009-10-13,2009,10,Oct,4,Spring,2009-10,286,17.0,24.5,0.0,5.0,11.2,,,W,WNW,26,35,38,21,1002.0,998.7,1.0,2.0,20.1,24.0,No,No,0,0,1,0,0,0,20.75,7.5,3.9,17,-3.3,30.5,Dry (<=1 mm),Warm (20-30),,0.21,0.78,-1.67,,-2.37,,0
2009-10-14,2009,10,Oct,4,Spring,2009-10,287,15.2,22.1,0.0,11.2,8.9,,,NW,WNW,20,30,36,34,1000.7,1000.7,1.0,5.0,19.7,17.8,No,No,0,0,1,0,0,0,18.65,6.9,-1.9,2,0.0,25.0,Dry (<=1 mm),Warm (20-30),,-0.33,0.15,-0.94,,-2.56,,0
2009-10-15,2009,10,Oct,4,Spring,2009-10,288,13.8,23.0,0.0,7.6,10.0,,,WNW,WNW,11,24,46,28,1008.4,1006.2,6.0,7.0,18.8,22.0,No,No,0,0,1,0,0,0,18.4,9.2,3.2,18,-2.2,17.5,Dry (<=1 mm),Warm (20-30),,-0.12,-0.34,-1.28,,-1.47,,0
2009-10-16,2009,10,Oct,4,Spring,2009-10,289,11.8,21.2,0.0,7.4,12.1,,,W,W,33,26,42,19,1012.0,1011.8,1.0,2.0,15.1,20.5,No,No,0,0,1,0,0,0,16.5,9.4,5.4,23,-0.2,29.5,Dry (<=1 mm),Warm (20-30),,-0.53,-1.04,-1.78,,-0.96,,0
2009-10-17,2009,10,Oct,4,Spring,2009-10,290,11.6,21.2,0.0,8.0,12.2,,,WNW,SE,15,20,53,43,1020.8,1020.6,1.0,1.0,16.8,20.3,No,Yes,0,1,1,0,0,0,16.4,9.6,3.5,10,-0.2,17.5,Dry (<=1 mm),Warm (20-30),,-0.53,-1.11,-0.43,,0.28,,0
2009-10-18,2009,10,Oct,4,Spring,2009-10,291,13.8,18.8,7.0,5.8,7.9,,,ENE,ESE,4,17,80,61,1027.4,1025.3,6.0,3.0,15.5,18.5,Yes,No,1,0,1,0,0,1,16.3,5.0,3.0,19,-2.1,10.5,Light (1-10),Mild (<20),,-1.07,-0.34,0.59,,1.21,,0
2009-10-19,2009,10,Oct,4,Spring,2009-10,292,12.4,20.8,1.0,4.4,12.2,,,W,E,7,19,71,57,1027.1,1024.7,1.0,1.0,16.6,20.4,No,No,0,0,1,0,0,0,16.6,8.4,3.8,14,-2.4,13.0,Dry (<=1 mm),Warm (20-30),,-0.62,-0.83,0.36,,1.17,,0
2009-10-20,2009,10,Oct,4,Spring,2009-10,293,14.3,23.0,0.0,5.8,12.1,,,W,ENE,9,22,71,62,1023.5,1018.7,0.0,0.0,19.0,22.0,No,No,0,0,1,0,0,0,18.65,8.7,3.0,9,-4.8,15.5,Dry (<=1 mm),Warm (20-30),,-0.12,-0.17,0.64,,0.66,,0
2009-10-21,2009,10,Oct,4,Spring,2009-10,294,15.6,34.6,0.0,7.6,11.6,,,WNW,E,15,19,44,28,1019.8,1016.8,1.0,3.0,21.1,29.7,No,No,0,0,1,0,0,0,25.1,19.0,8.6,16,-3.0,17.0,Dry (<=1 mm),Hot (30-35),,2.48,0.29,-1.28,,0.14,,0
2009-10-22,2009,10,Oct,4,Spring,2009-10,295,17.9,21.3,0.0,9.4,1.2,,,ESE,E,9,17,67,63,1024.9,1022.6,8.0,7.0,18.5,20.0,No,No,0,0,1,0,0,0,19.6,3.4,1.5,4,-2.3,13.0,Dry (<=1 mm),Warm (20-30),,-0.5,1.09,0.7,,0.86,,0
2009-10-23,2009,10,Oct,4,Spring,2009-10,296,17.5,22.9,0.0,5.0,11.1,,,NNW,E,7,22,66,70,1019.9,1014.7,3.0,1.0,21.3,21.6,No,No,0,0,1,0,0,0,20.2,5.4,0.3,-4,-5.2,14.5,Dry (<=1 mm),Warm (20-30),,-0.15,0.95,1.1,,0.15,,0
2009-10-24,2009,10,Oct,4,Spring,2009-10,297,16.8,22.1,0.0,7.0,9.2,,,SSE,E,17,19,63,56,1019.5,1016.3,4.0,1.0,19.7,20.9,No,No,0,0,1,0,0,0,19.45,5.3,1.2,7,-3.2,18.0,Dry (<=1 mm),Warm (20-30),,-0.33,0.71,0.31,,0.09,,0
2009-10-25,2009,10,Oct,4,Spring,2009-10,298,17.9,20.9,0.0,5.6,1.1,,,E,WNW,7,7,72,94,1016.0,1015.7,7.0,8.0,20.3,16.5,No,Yes,0,1,1,0,1,0,19.4,3.0,-3.8,-22,-0.3,7.0,Dry (<=1 mm),Warm (20-30),,-0.59,1.09,2.45,,-0.4,,0
2009-10-26,2009,10,Oct,4,Spring,2009-10,299,14.4,17.0,73.2,4.8,0.0,,,SE,SE,31,26,91,60,1023.7,1025.3,8.0,8.0,14.7,16.6,Yes,Yes,1,1,1,0,0,1,15.7,2.6,1.9,31,1.6,28.5,Very heavy (>50),Mild (<20),,-1.47,-0.13,0.53,,0.69,Extreme rain,1
2009-10-27,2009,10,Oct,4,Spring,2009-10,300,14.7,18.8,1.4,3.8,0.0,,,ESE,E,22,13,58,56,1029.5,1027.7,8.0,8.0,17.0,18.4,Yes,No,1,0,1,0,0,1,16.75,4.1,1.4,2,-1.8,17.5,Light (1-10),Mild (<20),,-1.07,-0.03,0.31,,1.51,,0
2009-10-30,2009,10,Oct,4,Spring,2009-10,303,17.3,23.4,0.0,4.0,9.8,,,E,ENE,11,22,78,60,1023.2,1020.6,5.0,1.0,20.5,22.8,No,No,0,0,1,0,0,0,20.35,6.1,2.3,18,-2.6,16.5,Dry (<=1 mm),Warm (20-30),,-0.03,0.88,0.53,,0.62,,0
2009-10-31,2009,10,Oct,4,Spring,2009-10,304,18.7,22.8,0.0,7.4,10.3,,,ENE,E,17,30,80,65,1025.2,1023.4,6.0,1.0,20.0,22.1,No,No,0,0,1,0,0,0,20.75,4.1,2.1,15,-1.8,23.5,Dry (<=1 mm),Warm (20-30),,-0.17,1.37,0.81,,0.9,,0
2009-11-01,2009,11,Nov,4,Spring,2009-11,305,16.9,24.2,0.0,8.0,10.1,,,NNE,NE,19,26,62,58,1024.5,1019.9,1.0,1.0,21.7,23.4,No,No,0,0,1,0,0,0,20.55,7.3,1.7,4,-4.6,22.5,Dry (<=1 mm),Warm (20-30),,-0.16,-0.18,0.01,,1.44,,0
2009-11-02,2009,11,Nov,4,Spring,2009-11,306,18.8,26.0,0.0,7.0,6.9,,,SSW,ESE,17,19,82,68,1021.0,1017.5,8.0,7.0,20.6,24.5,No,No,0,0,1,0,0,0,22.4,7.2,3.9,14,-3.5,18.0,Dry (<=1 mm),Warm (20-30),,0.3,0.65,0.69,,0.88,,0
2009-11-03,2009,11,Nov,4,Spring,2009-11,307,18.9,36.9,0.0,6.2,11.0,,,ESE,WNW,9,30,73,18,1011.9,1006.6,6.0,6.0,24.0,36.3,No,No,0,0,1,0,0,0,27.9,18.0,12.3,55,-5.3,19.5,Dry (<=1 mm),Extreme heat (>=35),,3.1,0.69,-2.71,,-0.56,Heat,1
2009-11-04,2009,11,Nov,4,Spring,2009-11,308,19.4,19.9,0.0,13.2,0.0,,,SE,E,11,17,71,76,1017.9,1015.5,8.0,8.0,19.7,19.1,No,No,0,0,1,0,1,0,19.65,0.5,-0.6,-5,-2.4,14.0,Dry (<=1 mm),Mild (<20),,-1.27,0.91,1.24,,0.39,,0
2009-11-05,2009,11,Nov,4,Spring,2009-11,309,16.9,19.8,0.0,2.2,1.1,,,SE,ESE,13,24,75,68,1020.9,1021.9,7.0,7.0,19.4,19.1,No,Yes,0,1,1,0,0,0,18.35,2.9,-0.3,7,1.0,18.5,Dry (<=1 mm),Mild (<20),,-1.29,-0.18,0.69,,0.87,,0
2009-11-06,2009,11,Nov,4,Spring,2009-11,310,16.7,21.3,1.4,3.0,0.8,,,ESE,E,24,19,66,57,1027.6,1027.1,7.0,7.0,19.2,20.8,Yes,Yes,1,1,1,0,0,1,19.0,4.6,1.6,9,-0.5,21.5,Light (1-10),Warm (20-30),,-0.91,-0.27,-0.06,,1.93,,0
2009-11-07,2009,11,Nov,4,Spring,2009-11,311,17.2,22.9,4.2,4.2,6.2,,,E,E,20,19,69,60,1030.5,1030.0,6.0,6.0,20.9,22.5,Yes,No,1,0,1,0,0,1,20.05,5.7,1.6,9,-0.5,19.5,Light (1-10),Warm (20-30),,-0.5,-0.05,0.15,,2.39,,0
2009-11-08,2009,11,Nov,4,Spring,2009-11,312,19.1,21.9,0.0,6.4,0.7,,,ESE,E,9,15,75,89,1030.7,1028.8,8.0,8.0,20.4,19.9,No,No,0,0,1,0,0,0,20.5,2.8,-0.5,-14,-1.9,12.0,Dry (<=1 mm),Warm (20-30),,-0.75,0.78,2.12,,2.42,,0
2009-11-09,2009,11,Nov,4,Spring,2009-11,313,19.1,23.2,0.8,2.6,11.0,,,ENE,E,19,19,77,61,1027.2,1024.0,6.0,1.0,20.9,22.8,No,No,0,0,1,0,0,0,21.15,4.1,1.9,16,-3.2,19.0,Dry (<=1 mm),Warm (20-30),,-0.42,0.78,0.22,,1.87,,0
2009-11-10,2009,11,Nov,4,Spring,2009-11,314,15.9,23.9,0.0,5.4,12.8,,,NNE,ENE,4,26,61,54,1022.5,1020.0,1.0,0.0,21.6,23.2,No,No,0,0,1,0,0,0,19.9,8.0,1.6,7,-2.5,15.0,Dry (<=1 mm),Warm (20-30),,-0.24,-0.62,-0.26,,1.12,,0
2009-11-11,2009,11,Nov,4,Spring,2009-11,315,15.4,23.9,0.0,10.2,12.4,,,W,E,15,19,74,64,1022.6,1021.3,1.0,1.0,21.0,23.1,No,No,0,0,1,0,0,0,19.65,8.5,2.1,10,-1.3,17.0,Dry (<=1 mm),Warm (20-30),,-0.24,-0.84,0.42,,1.14,,0
2009-11-12,2009,11,Nov,4,Spring,2009-11,316,16.6,26.7,0.0,6.8,11.2,,,NNW,NNE,17,20,70,54,1020.0,1013.4,0.0,6.0,22.0,26.0,No,Yes,0,1,1,0,0,0,21.65,10.1,4.0,16,-6.6,18.5,Dry (<=1 mm),Warm (20-30),,0.48,-0.31,-0.26,,0.72,,0
2009-11-13,2009,11,Nov,4,Spring,2009-11,317,19.5,23.0,4.0,8.8,9.7,,,S,SSE,26,26,66,60,1020.1,1019.2,6.0,5.0,21.7,22.5,Yes,No,1,0,1,0,0,1,21.25,3.5,0.8,6,-0.9,26.0,Light (1-10),Warm (20-30),,-0.47,0.95,0.15,,0.74,,0
2009-11-14,2009,11,Nov,4,Spring,2009-11,318,15.0,24.3,0.2,6.2,12.6,,,WSW,ENE,6,26,66,56,1016.4,1011.4,2.0,2.0,20.1,23.4,No,No,0,0,1,0,0,0,19.65,9.3,3.3,10,-5.0,16.0,Dry (<=1 mm),Warm (20-30),,-0.14,-1.01,-0.12,,0.15,,0
2009-11-15,2009,11,Nov,4,Spring,2009-11,319,18.5,25.1,0.0,8.8,9.3,,,S,SE,17,20,74,63,1012.1,1011.7,4.0,5.0,22.2,23.8,No,No,0,0,1,0,0,0,21.8,6.6,1.6,11,-0.4,18.5,Dry (<=1 mm),Warm (20-30),,0.07,0.51,0.35,,-0.53,,0
2009-11-16,2009,11,Nov,4,Spring,2009-11,320,18.7,27.6,0.0,6.4,10.3,,,W,E,6,19,72,62,1008.8,1002.0,5.0,7.0,22.6,26.6,No,Yes,0,1,1,0,0,0,23.15,8.9,4.0,10,-6.8,12.5,Dry (<=1 mm),Warm (20-30),,0.71,0.6,0.28,,-1.05,,0
2009-11-17,2009,11,Nov,4,Spring,2009-11,321,19.4,23.6,1.4,8.8,5.0,,,SSE,SSE,20,28,61,59,1008.7,1009.7,7.0,7.0,21.1,21.0,Yes,No,1,0,1,0,0,1,21.5,4.2,-0.1,2,1.0,24.0,Light (1-10),Warm (20-30),,-0.32,0.91,0.08,,-1.07,,0
2009-11-18,2009,11,Nov,4,Spring,2009-11,322,17.8,23.8,0.0,7.2,6.6,,,E,ENE,4,26,72,51,1013.2,1010.3,7.0,2.0,19.8,23.2,No,No,0,0,1,0,0,0,20.8,6.0,3.4,21,-2.9,15.0,Dry (<=1 mm),Warm (20-30),,-0.26,0.21,-0.46,,-0.36,,0
2009-11-19,2009,11,Nov,4,Spring,2009-11,323,18.4,26.5,0.0,8.0,10.6,,,E,ENE,9,13,70,63,1010.3,1009.2,3.0,3.0,23.6,26.0,No,No,0,0,1,0,0,0,22.45,8.1,2.4,7,-1.1,11.0,Dry (<=1 mm),Warm (20-30),,0.43,0.47,0.35,,-0.82,,0
2009-11-20,2009,11,Nov,4,Spring,2009-11,324,21.0,33.2,0.0,8.8,7.6,,,NW,E,9,4,71,52,1009.8,1005.7,0.0,8.0,26.2,29.0,No,No,0,0,1,0,0,0,27.1,12.2,2.8,19,-4.1,6.5,Dry (<=1 mm),Hot (30-35),,2.15,1.6,-0.4,,-0.9,,0
2009-11-21,2009,11,Nov,4,Spring,2009-11,325,22.0,31.5,0.0,12.4,10.3,,,WSW,SE,4,13,56,45,1009.8,1006.6,7.0,7.0,25.4,30.2,No,No,0,0,1,0,0,0,26.75,9.5,4.8,11,-3.2,8.5,Dry (<=1 mm),Hot (30-35),,1.72,2.04,-0.87,,-0.9,,0
2009-11-22,2009,11,Nov,4,Spring,2009-11,326,21.2,40.4,0.0,7.4,6.0,,,ENE,N,11,26,75,19,1005.0,1001.5,6.0,7.0,24.0,39.8,No,No,0,0,1,0,0,0,30.8,19.2,15.8,56,-3.5,18.5,Dry (<=1 mm),Extreme heat (>=35),,4.0,1.69,-2.65,,-1.66,Heat,1
2009-11-23,2009,11,Nov,4,Spring,2009-11,327,19.9,22.8,0.0,13.4,0.3,,,SSE,SSE,28,30,62,68,1021.0,1022.6,7.0,8.0,21.4,20.4,No,No,0,0,1,0,0,0,21.35,2.9,-1.0,-6,1.6,29.0,Dry (<=1 mm),Warm (20-30),,-0.52,1.12,0.69,,0.88,,0
2009-11-24,2009,11,Nov,4,Spring,2009-11,328,18.1,21.5,0.0,5.2,2.1,,,SSE,SSE,13,13,84,74,1026.2,1024.3,8.0,8.0,18.7,20.6,No,No,0,0,1,0,0,0,19.8,3.4,1.9,10,-1.9,13.0,Dry (<=1 mm),Warm (20-30),,-0.86,0.34,1.1,,1.71,,0
2009-11-25,2009,11,Nov,4,Spring,2009-11,329,18.3,25.0,0.2,3.0,12.2,,,W,E,4,30,82,74,1022.3,1018.4,2.0,0.0,21.3,24.0,No,No,0,0,1,0,0,0,21.65,6.7,2.7,8,-3.9,17.0,Dry (<=1 mm),Warm (20-30),,0.04,0.43,1.1,,1.09,,0
2009-11-26,2009,11,Nov,4,Spring,2009-11,330,21.3,26.6,0.0,7.8,8.4,,,NE,NE,15,20,80,67,1017.5,1011.2,7.0,1.0,22.3,24.8,No,No,0,0,1,0,0,0,23.95,5.3,2.5,13,-6.3,17.5,Dry (<=1 mm),Warm (20-30),,0.46,1.73,0.63,,0.33,,0
2009-11-27,2009,11,Nov,4,Spring,2009-11,331,21.3,33.2,1.0,7.8,12.4,,,WNW,E,17,24,50,41,1009.7,1007.1,1.0,1.0,26.1,28.7,No,No,0,0,1,0,0,0,27.25,11.9,2.6,9,-2.6,20.5,Dry (<=1 mm),Hot (30-35),,2.15,1.73,-1.15,,-0.91,,0
2009-11-28,2009,11,Nov,4,Spring,2009-11,332,21.1,29.3,0.0,12.8,9.5,,,E,NE,7,22,63,51,1006.4,1000.2,0.0,6.0,26.0,28.2,No,No,0,0,1,0,0,0,25.2,8.2,2.2,12,-6.2,14.5,Dry (<=1 mm),Warm (20-30),,1.15,1.65,-0.46,,-1.44,,0
2009-11-29,2009,11,Nov,4,Spring,2009-11,333,19.5,30.5,0.0,10.6,12.4,,,WNW,W,13,28,28,20,1000.9,998.7,0.0,5.0,25.3,29.3,No,No,0,0,1,0,0,0,25.0,11.0,4.0,8,-2.2,20.5,Dry (<=1 mm),Hot (30-35),,1.46,0.95,-2.58,,-2.31,,0
2009-11-30,2009,11,Nov,4,Spring,2009-11,334,18.1,23.1,0.0,11.8,3.9,,,SSW,S,19,33,55,61,1008.1,1009.2,4.0,7.0,21.2,19.6,No,Yes,0,1,1,0,0,0,20.6,5.0,-1.6,-6,1.1,26.0,Dry (<=1 mm),Warm (20-30),,-0.44,0.34,0.22,,-1.17,,0
2009-12-01,2009,12,Dec,4,Summer,2009-12,335,14.3,21.2,4.4,6.4,9.6,,,S,S,22,24,58,59,1016.1,1017.4,2.0,5.0,17.9,19.4,Yes,Yes,1,1,1,0,0,1,17.75,6.9,1.5,-1,1.3,23.0,Light (1-10),Warm (20-30),,-1.34,-1.9,0.09,,0.34,,0
2009-12-02,2009,12,Dec,4,Summer,2009-12,336,13.5,22.6,10.2,6.4,11.2,,,SSW,SE,17,22,69,44,1022.0,1021.7,7.0,2.0,17.3,21.5,Yes,No,1,0,1,0,0,1,18.05,9.1,4.2,25,-0.3,19.5,Moderate (10-25),Warm (20-30),,-0.94,-2.26,-0.93,,1.34,,0
2009-12-03,2009,12,Dec,4,Summer,2009-12,337,15.2,22.6,0.0,6.8,12.9,,,WNW,ENE,2,30,58,52,1022.6,1017.9,1.0,1.0,19.7,22.0,No,No,0,0,1,0,0,0,18.9,7.4,2.3,6,-4.7,16.0,Dry (<=1 mm),Warm (20-30),,-0.94,-1.5,-0.38,,1.45,,0
2009-12-04,2009,12,Dec,4,Summer,2009-12,338,17.3,24.4,0.0,8.0,12.5,,,S,SSE,26,30,69,61,1015.6,1015.6,0.0,5.0,21.8,22.5,No,No,0,0,1,0,0,0,20.85,7.1,0.7,8,0.0,28.0,Dry (<=1 mm),Warm (20-30),,-0.41,-0.57,0.23,,0.26,,0
2009-12-05,2009,12,Dec,4,Summer,2009-12,339,18.2,23.4,0.0,9.8,6.5,,,ENE,E,2,20,59,64,1015.2,1012.6,7.0,6.0,20.2,22.0,No,No,0,0,1,0,0,0,20.8,5.2,1.8,-5,-2.6,11.0,Dry (<=1 mm),Warm (20-30),,-0.7,-0.17,0.43,,0.19,,0
2009-12-06,2009,12,Dec,4,Summer,2009-12,340,18.7,25.6,0.0,6.2,10.5,,,ENE,ENE,11,30,61,58,1017.3,1015.0,5.0,1.0,23.4,23.8,No,No,0,0,1,0,0,0,22.15,6.9,0.4,3,-2.3,20.5,Dry (<=1 mm),Warm (20-30),,-0.07,0.05,0.03,,0.55,,0
2009-12-07,2009,12,Dec,4,Summer,2009-12,341,21.7,28.5,0.0,8.2,11.1,,,E,E,11,20,67,62,1011.8,1007.4,1.0,2.0,25.4,27.3,No,No,0,0,1,0,0,0,25.1,6.8,1.9,5,-4.4,15.5,Dry (<=1 mm),Warm (20-30),,0.78,1.39,0.3,,-0.38,,0
2009-12-08,2009,12,Dec,4,Summer,2009-12,342,20.1,27.6,0.0,10.2,8.8,,,WNW,E,9,26,68,70,1009.1,1000.8,7.0,3.0,22.6,24.1,No,No,0,0,1,0,0,0,23.85,7.5,1.5,-2,-8.3,17.5,Dry (<=1 mm),Warm (20-30),,0.51,0.68,0.84,,-0.84,,0
2009-12-09,2009,12,Dec,4,Summer,2009-12,343,18.4,24.0,0.6,8.2,9.8,,,S,ESE,17,24,76,59,1011.1,1010.2,6.0,5.0,19.2,22.0,No,No,0,0,1,0,0,0,21.2,5.6,2.8,17,-0.9,20.5,Dry (<=1 mm),Warm (20-30),,-0.53,-0.08,0.09,,-0.5,,0
2009-12-10,2009,12,Dec,4,Summer,2009-12,344,19.2,28.8,0.0,7.8,1.2,,,NNW,NE,4,20,75,70,1011.0,1006.0,8.0,8.0,23.4,24.8,No,No,0,0,1,0,0,0,24.0,9.6,1.4,5,-5.0,12.0,Dry (<=1 mm),Warm (20-30),,0.86,0.27,0.84,,-0.52,,0
2009-12-11,2009,12,Dec,4,Summer,2009-12,345,19.9,28.8,0.0,7.0,12.9,,,WSW,ESE,11,24,30,30,1012.7,1013.1,2.0,1.0,24.1,25.1,No,No,0,0,1,0,0,0,24.35,8.9,1.0,0,0.4,17.5,Dry (<=1 mm),Warm (20-30),,0.86,0.59,-1.88,,-0.23,,0
2009-12-12,2009,12,Dec,4,Summer,2009-12,346,16.9,27.1,0.0,11.4,13.0,,,NNW,ENE,7,28,57,55,1018.7,1014.0,1.0,1.0,22.7,24.8,No,No,0,0,1,0,0,0,22.0,10.2,2.1,2,-4.7,17.5,Dry (<=1 mm),Warm (20-30),,0.37,-0.75,-0.18,,0.78,,0
2009-12-13,2009,12,Dec,4,Summer,2009-12,347,20.3,27.4,0.0,8.4,11.1,,,S,SE,15,31,68,61,1016.3,1015.2,3.0,1.0,23.5,25.9,No,No,0,0,1,0,0,0,23.85,7.1,2.4,7,-1.1,23.0,Dry (<=1 mm),Warm (20-30),,0.46,0.76,0.23,,0.38,,0
2009-12-14,2009,12,Dec,4,Summer,2009-12,348,20.0,24.3,0.0,9.0,0.0,,,ESE,ESE,11,19,72,69,1021.2,1021.1,7.0,8.0,21.3,21.1,No,No,0,0,1,0,0,0,22.15,4.3,-0.2,3,-0.1,15.0,Dry (<=1 mm),Warm (20-30),,-0.44,0.63,0.77,,1.21,,0
2009-12-15,2009,12,Dec,4,Summer,2009-12,349,19.1,24.5,0.0,4.8,4.3,,,NE,ENE,15,22,59,62,1022.5,1020.3,6.0,7.0,24.3,23.6,No,No,0,0,1,0,0,0,21.8,5.4,-0.7,-3,-2.2,18.5,Dry (<=1 mm),Warm (20-30),,-0.39,0.23,0.3,,1.43,,0
2009-12-16,2009,12,Dec,4,Summer,2009-12,350,21.7,26.5,0.0,9.2,10.6,,,NE,NE,13,28,74,70,1020.3,1016.1,4.0,1.0,24.1,26.0,No,No,0,0,1,0,0,0,24.1,4.8,1.9,4,-4.2,20.5,Dry (<=1 mm),Warm (20-30),,0.19,1.39,0.84,,1.06,,0
2009-12-17,2009,12,Dec,4,Summer,2009-12,351,21.5,32.0,0.0,10.4,11.6,,,E,NNE,13,37,71,51,1013.7,1008.5,0.0,5.0,26.0,29.8,No,Yes,0,1,1,0,0,0,26.75,10.5,3.8,20,-5.2,25.0,Dry (<=1 mm),Hot (30-35),,1.79,1.3,-0.45,,-0.06,,0
2009-12-18,2009,12,Dec,4,Summer,2009-12,352,20.2,21.4,5.4,13.6,0.0,,,NE,SSE,11,20,87,83,1014.1,1016.7,8.0,8.0,20.2,18.5,Yes,Yes,1,1,1,0,1,1,20.8,1.2,-1.7,4,2.6,15.5,Light (1-10),Warm (20-30),,-1.29,0.72,1.73,,0.01,,0
2009-12-19,2009,12,Dec,4,Summer,2009-12,353,16.9,28.9,8.0,3.8,10.0,,,W,SSE,15,26,70,34,1015.1,1013.9,0.0,0.0,21.4,27.4,Yes,No,1,0,1,0,0,1,22.9,12.0,6.0,36,-1.2,20.5,Light (1-10),Warm (20-30),,0.89,-0.75,-1.61,,0.17,,0
2009-12-20,2009,12,Dec,4,Summer,2009-12,354,19.6,22.5,0.0,10.2,0.0,,,SE,E,15,11,62,59,1021.2,1019.8,8.0,8.0,20.9,21.8,No,No,0,0,1,0,0,0,21.05,2.9,0.9,3,-1.4,13.0,Dry (<=1 mm),Warm (20-30),,-0.97,0.45,0.09,,1.21,,0
2009-12-21,2009,12,Dec,4,Summer,2009-12,355,19.9,24.9,0.0,4.4,9.7,,,NE,NE,17,26,65,64,1016.9,1012.6,4.0,6.0,22.4,23.3,No,No,0,0,1,0,0,0,22.4,5.0,0.9,1,-4.3,21.5,Dry (<=1 mm),Warm (20-30),,-0.27,0.59,0.43,,0.48,,0
2009-12-22,2009,12,Dec,4,Summer,2009-12,356,19.7,29.4,0.0,9.0,12.0,,,SSW,ENE,2,19,58,53,1011.5,1009.7,3.0,5.0,24.6,27.1,No,No,0,0,1,0,0,0,24.55,9.7,2.5,5,-1.8,10.5,Dry (<=1 mm),Warm (20-30),,1.04,0.5,-0.31,,-0.44,,0
2009-12-26,2009,12,Dec,4,Summer,2009-12,360,17.7,20.2,12.0,2.8,0.0,,,SSW,SSW,17,20,91,85,1016.2,1016.4,8.0,8.0,17.8,18.6,Yes,Yes,1,1,1,0,0,1,18.95,2.5,0.8,6,0.2,18.5,Moderate (10-25),Warm (20-30),,-1.63,-0.39,1.86,,0.36,,0
2009-12-27,2009,12,Dec,4,Summer,2009-12,361,17.7,22.9,4.8,1.8,0.0,,,SSW,SSE,20,13,92,80,1017.9,1016.1,8.0,8.0,20.2,22.3,Yes,Yes,1,1,1,0,0,1,20.3,5.2,2.1,12,-1.8,16.5,Light (1-10),Warm (20-30),,-0.85,-0.39,1.52,,0.65,,0
2009-12-28,2009,12,Dec,4,Summer,2009-12,362,20.1,23.1,16.0,2.6,1.4,,,SE,S,13,22,97,83,1014.8,1015.4,8.0,7.0,20.6,22.7,Yes,Yes,1,1,1,0,0,1,21.6,3.0,2.1,14,0.6,17.5,Moderate (10-25),Warm (20-30),,-0.79,0.68,1.73,,0.12,,0
2009-12-29,2009,12,Dec,4,Summer,2009-12,363,19.8,26.1,5.4,2.4,11.9,,,S,SE,17,17,69,55,1021.4,1021.2,4.0,1.0,23.0,25.9,Yes,No,1,0,1,0,0,1,22.95,6.3,2.9,14,-0.2,17.0,Light (1-10),Warm (20-30),,0.08,0.54,-0.18,,1.24,,0
2009-12-30,2009,12,Dec,4,Summer,2009-12,364,19.8,25.2,0.0,8.6,12.8,,,S,SSE,20,20,66,57,1025.0,1023.1,5.0,4.0,22.4,24.5,No,No,0,0,1,0,0,0,22.5,5.4,2.1,9,-1.9,20.0,Dry (<=1 mm),Warm (20-30),,-0.18,0.54,-0.04,,1.85,,0
2009-12-31,2009,12,Dec,4,Summer,2009-12,365,20.1,24.8,0.0,8.0,2.0,,,W,ENE,2,11,92,83,1020.9,1017.2,8.0,8.0,20.9,23.3,No,No,0,0,1,0,0,0,22.45,4.7,2.4,9,-3.7,6.5,Dry (<=1 mm),Warm (20-30),,-0.3,0.68,1.73,,1.16,,0
2010-01-01,2010,1,Jan,1,Summer,2010-01,1,20.9,29.3,0.4,2.8,1.1,,,E,E,2,19,84,56,1013.9,1010.4,8.0,7.0,24.3,29.0,No,No,0,0,1,0,0,0,25.1,8.4,4.7,28,-3.5,10.5,Dry (<=1 mm),Warm (20-30),,0.48,0.28,-0.18,,-0.03,,0
2010-01-02,2010,1,Jan,1,Summer,2010-01,2,23.3,30.7,0.0,6.8,4.8,,,W,E,15,19,70,79,1007.7,1005.7,7.0,7.0,25.6,24.9,No,Yes,0,1,1,0,0,0,27.0,7.4,-0.7,-9,-2.0,17.0,Dry (<=1 mm),Hot (30-35),,0.84,1.41,1.46,,-1.18,,0
2010-01-03,2010,1,Jan,1,Summer,2010-01,3,18.9,21.5,8.6,7.0,0.0,,,W,E,15,19,80,74,1015.3,1016.0,8.0,8.0,20.1,20.8,Yes,No,1,0,1,0,0,1,20.2,2.6,0.7,6,0.7,17.0,Light (1-10),Warm (20-30),,-1.56,-0.66,1.1,,0.24,,0
2010-01-04,2010,1,Jan,1,Summer,2010-01,4,18.2,23.9,1.0,2.4,2.8,,,E,ENE,7,19,64,58,1020.6,1019.1,7.0,7.0,21.4,23.2,No,No,0,0,1,0,0,0,21.05,5.7,1.8,6,-1.5,13.0,Dry (<=1 mm),Warm (20-30),,-0.93,-0.99,-0.04,,1.23,,0
2010-01-05,2010,1,Jan,1,Summer,2010-01,5,18.3,26.1,0.2,4.6,10.4,,,ENE,ENE,13,20,64,60,1018.1,1014.6,1.0,2.0,23.6,25.7,No,No,0,0,1,0,0,0,22.2,7.8,2.1,4,-3.5,16.5,Dry (<=1 mm),Warm (20-30),,-0.36,-0.94,0.11,,0.76,,0
2010-01-06,2010,1,Jan,1,Summer,2010-01,6,21.8,27.6,0.0,8.4,9.5,,,S,SE,15,17,83,71,1015.9,1013.8,7.0,5.0,22.5,24.8,No,No,0,0,1,0,0,0,24.7,5.8,2.3,12,-2.1,16.0,Dry (<=1 mm),Warm (20-30),,0.03,0.7,0.89,,0.35,,0
2010-01-07,2010,1,Jan,1,Summer,2010-01,7,20.8,24.9,0.0,8.0,0.8,,,S,SE,13,15,66,59,1018.3,1017.4,8.0,8.0,21.8,23.4,No,No,0,0,1,0,0,0,22.85,4.1,1.6,7,-0.9,14.0,Dry (<=1 mm),Warm (20-30),,-0.67,0.23,0.04,,0.8,,0
2010-01-08,2010,1,Jan,1,Summer,2010-01,8,20.9,25.6,0.4,6.0,7.7,,,E,E,13,24,66,59,1021.7,1019.7,7.0,2.0,22.9,25.5,No,No,0,0,1,0,0,0,23.25,4.7,2.6,7,-2.0,18.5,Dry (<=1 mm),Warm (20-30),,-0.49,0.28,0.04,,1.43,,0
2010-01-09,2010,1,Jan,1,Summer,2010-01,9,20.8,32.4,0.0,5.4,13.2,,,WSW,NE,2,13,76,51,1018.0,1014.6,1.0,3.0,24.4,30.6,No,No,0,0,1,0,0,0,26.6,11.6,6.2,25,-3.4,7.5,Dry (<=1 mm),Hot (30-35),,1.28,0.23,-0.53,,0.74,,0
2010-01-10,2010,1,Jan,1,Summer,2010-01,10,24.1,30.0,0.0,11.0,12.7,,,N,SSE,2,20,65,56,1016.1,1015.4,1.0,2.0,28.3,28.9,No,No,0,0,1,0,0,0,27.05,5.9,0.6,9,-0.7,11.0,Dry (<=1 mm),Hot (30-35),,0.66,1.79,-0.18,,0.38,,0
2010-01-11,2010,1,Jan,1,Summer,2010-01,11,22.1,25.8,0.0,8.6,7.8,,,E,NE,11,24,64,60,1019.4,1016.1,6.0,3.0,24.2,25.8,No,No,0,0,1,0,0,0,23.95,3.7,1.6,4,-3.3,17.5,Dry (<=1 mm),Warm (20-30),,-0.44,0.85,0.11,,1.0,,0
2010-01-12,2010,1,Jan,1,Summer,2010-01,12,23.0,30.3,0.0,8.8,9.4,,,N,ENE,6,26,77,65,1013.0,1008.5,7.0,1.0,25.0,28.4,No,No,0,0,1,0,0,0,26.65,7.3,3.4,12,-4.5,16.0,Dry (<=1 mm),Hot (30-35),,0.74,1.27,0.46,,-0.19,,0
2010-01-13,2010,1,Jan,1,Summer,2010-01,13,23.7,27.7,0.2,9.2,8.8,,,SSE,SSE,19,35,64,69,1010.9,1011.0,1.0,6.0,27.0,25.4,No,Yes,0,1,1,0,0,0,25.7,4.0,-1.6,-5,0.1,27.0,Dry (<=1 mm),Warm (20-30),,0.06,1.6,0.75,,-0.59,,0
2010-01-14,2010,1,Jan,1,Summer,2010-01,14,19.5,22.9,13.0,7.8,0.2,,,S,S,22,17,90,75,1017.7,1017.6,8.0,8.0,19.6,21.0,Yes,No,1,0,1,0,0,1,21.2,3.4,1.4,15,-0.1,19.5,Moderate (10-25),Warm (20-30),,-1.19,-0.38,1.17,,0.68,,0
2010-01-15,2010,1,Jan,1,Summer,2010-01,15,19.0,25.1,0.2,3.8,3.0,,,SSW,ESE,9,17,83,74,1018.9,1017.2,8.0,7.0,21.7,24.4,No,No,0,0,1,0,0,0,22.05,6.1,2.7,9,-1.7,13.0,Dry (<=1 mm),Warm (20-30),,-0.62,-0.61,1.1,,0.91,,0
2010-01-16,2010,1,Jan,1,Summer,2010-01,16,21.7,25.9,0.2,5.4,4.8,,,NE,ENE,11,22,72,63,1014.0,1009.6,6.0,7.0,23.4,24.5,No,No,0,0,1,0,0,0,23.8,4.2,1.1,9,-4.4,16.5,Dry (<=1 mm),Warm (20-30),,-0.41,0.66,0.32,,-0.01,,0
2010-01-17,2010,1,Jan,1,Summer,2010-01,17,20.3,27.3,0.0,6.6,10.3,,,W,SSE,0,26,64,68,1004.2,1003.0,3.0,7.0,24.6,25.6,No,No,0,0,1,0,0,0,23.8,7.0,1.0,-4,-1.2,13.0,Dry (<=1 mm),Warm (20-30),,-0.05,-0.0,0.68,,-1.84,,0
2010-01-18,2010,1,Jan,1,Summer,2010-01,18,16.7,25.7,0.0,8.0,13.0,,,W,W,15,28,55,14,1002.9,1002.5,1.0,2.0,21.0,25.1,No,No,0,0,1,0,0,0,21.2,9.0,4.1,41,-0.4,21.5,Dry (<=1 mm),Warm (20-30),,-0.46,-1.7,-3.17,,-2.08,Very dry,1
2010-01-19,2010,1,Jan,1,Summer,2010-01,19,15.6,26.8,0.0,10.0,13.3,,,WSW,E,15,22,39,31,1009.5,1007.4,1.0,1.0,19.8,22.9,No,No,0,0,1,0,0,0,21.2,11.2,3.1,8,-2.1,18.5,Dry (<=1 mm),Warm (20-30),,-0.18,-2.21,-1.96,,-0.85,,0
2010-01-20,2010,1,Jan,1,Summer,2010-01,20,17.4,28.9,0.0,10.4,13.0,,,WNW,E,7,24,41,34,1010.4,1007.8,0.0,0.0,23.2,26.6,No,No,0,0,1,0,0,0,23.15,11.5,3.4,7,-2.6,15.5,Dry (<=1 mm),Warm (20-30),,0.37,-1.37,-1.74,,-0.68,,0
2010-01-21,2010,1,Jan,1,Summer,2010-01,21,19.5,27.4,0.0,9.0,12.8,,,W,E,6,24,74,58,1012.3,1008.4,3.0,2.0,24.0,27.4,No,No,0,0,1,0,0,0,23.45,7.9,3.4,16,-3.9,15.0,Dry (<=1 mm),Warm (20-30),,-0.02,-0.38,-0.04,,-0.32,,0
2010-01-22,2010,1,Jan,1,Summer,2010-01,22,22.6,32.6,0.0,8.2,9.6,,,W,E,7,15,77,64,1013.6,1008.8,3.0,2.0,25.0,29.2,No,No,0,0,1,0,0,0,27.6,10.0,4.2,13,-4.8,11.0,Dry (<=1 mm),Hot (30-35),,1.34,1.08,0.39,,-0.08,,0
2010-01-23,2010,1,Jan,1,Summer,2010-01,23,25.0,41.3,0.0,13.4,5.6,,,NW,SSE,26,6,28,17,1007.8,1005.4,5.0,5.0,31.9,39.9,No,Yes,0,1,1,0,0,0,33.15,16.3,8.0,11,-2.4,16.0,Dry (<=1 mm),Extreme heat (>=35),,3.61,2.21,-2.95,,-1.17,Heat,1
2010-01-24,2010,1,Jan,1,Summer,2010-01,24,18.4,23.0,6.2,8.6,0.1,,,SSW,ESE,7,11,92,66,1016.3,1014.5,8.0,8.0,19.5,22.6,Yes,No,1,0,1,0,0,1,20.7,4.6,3.1,26,-1.8,9.0,Light (1-10),Warm (20-30),,-1.17,-0.9,0.53,,0.42,,0
2010-01-25,2010,1,Jan,1,Summer,2010-01,25,19.5,26.1,0.4,3.6,2.8,,,WNW,E,2,19,80,70,1014.8,1011.8,8.0,7.0,22.4,25.7,No,No,0,0,1,0,0,0,22.8,6.6,3.3,10,-3.0,10.5,Dry (<=1 mm),Warm (20-30),,-0.36,-0.38,0.82,,0.14,,0
2010-01-26,2010,1,Jan,1,Summer,2010-01,26,22.3,29.0,0.0,4.0,8.6,,,NE,ENE,6,19,83,69,1010.9,1007.2,6.0,3.0,25.1,27.7,No,No,0,0,1,0,0,0,25.65,6.7,2.6,14,-3.7,12.5,Dry (<=1 mm),Warm (20-30),,0.4,0.94,0.75,,-0.59,,0
2010-01-27,2010,1,Jan,1,Summer,2010-01,27,22.9,27.1,0.0,6.2,4.6,,,S,SSE,19,20,78,72,1015.1,1013.6,8.0,8.0,23.4,25.0,No,No,0,0,1,0,0,0,25.0,4.2,1.6,6,-1.5,19.5,Dry (<=1 mm),Warm (20-30),,-0.1,1.22,0.96,,0.2,,0
2010-01-28,2010,1,Jan,1,Summer,2010-01,28,22.2,26.6,0.0,4.8,1.8,,,W,ENE,0,17,80,81,1012.1,1009.5,8.0,8.0,23.7,24.6,No,Yes,0,1,1,0,0,0,24.4,4.4,0.9,-1,-2.6,8.5,Dry (<=1 mm),Warm (20-30),,-0.23,0.89,1.6,,-0.36,,0
2010-01-29,2010,1,Jan,1,Summer,2010-01,29,19.6,30.2,2.6,3.4,9.5,,,WNW,SE,7,20,81,53,1008.6,1010.0,1.0,1.0,22.2,29.6,Yes,Yes,1,1,1,0,0,1,24.9,10.6,7.4,28,1.4,13.5,Light (1-10),Hot (30-35),,0.71,-0.33,-0.39,,-1.02,,0
2010-01-30,2010,1,Jan,1,Summer,2010-01,30,20.5,27.3,2.6,6.4,7.0,,,S,SE,26,13,82,66,1018.6,1017.9,8.0,7.0,21.6,26.4,Yes,No,1,0,1,0,0,1,23.9,6.8,4.8,16,-0.7,19.5,Light (1-10),Warm (20-30),,-0.05,0.09,0.53,,0.85,,0
2010-01-31,2010,1,Jan,1,Summer,2010-01,31,21.5,26.6,0.0,5.4,9.2,,,E,E,19,24,75,70,1016.7,1014.6,6.0,7.0,25.6,26.0,No,No,0,0,1,0,0,0,24.05,5.1,0.4,5,-2.1,21.5,Dry (<=1 mm),Warm (20-30),,-0.23,0.56,0.82,,0.5,,0
2010-02-01,2010,2,Feb,1,Summer,2010-02,32,22.6,27.7,0.0,7.8,7.9,,,E,E,13,24,73,66,1015.9,1016.1,6.0,7.0,25.6,26.6,No,No,0,0,1,0,0,0,25.15,5.1,1.0,7,0.2,18.5,Dry (<=1 mm),Warm (20-30),,0.26,1.15,0.41,,0.06,,0
2010-02-02,2010,2,Feb,1,Summer,2010-02,33,22.7,27.7,0.6,8.0,9.8,,,ESE,SE,19,30,61,60,1017.8,1016.4,6.0,7.0,25.0,25.9,No,Yes,0,1,1,0,0,0,25.2,5.0,0.9,1,-1.4,24.5,Dry (<=1 mm),Warm (20-30),,0.26,1.2,-0.06,,0.4,,0
2010-02-03,2010,2,Feb,1,Summer,2010-02,34,21.4,27.3,23.4,6.4,7.3,,,E,E,26,26,90,66,1014.9,1014.3,7.0,4.0,22.0,27.2,Yes,Yes,1,1,1,0,0,1,24.35,5.9,5.2,24,-0.6,26.0,Moderate (10-25),Warm (20-30),,0.13,0.58,0.41,,-0.12,,0
2010-02-04,2010,2,Feb,1,Summer,2010-02,35,21.9,27.2,3.4,6.0,3.9,,,E,E,28,28,83,76,1013.9,1011.3,7.0,7.0,25.2,26.1,Yes,Yes,1,1,1,0,0,1,24.55,5.3,0.9,7,-2.6,28.0,Light (1-10),Warm (20-30),,0.1,0.82,1.2,,-0.29,,0
2010-02-05,2010,2,Feb,1,Summer,2010-02,36,23.1,26.5,4.0,4.8,3.0,,,NE,NNE,11,19,79,88,1010.1,1008.8,7.0,7.0,25.8,24.9,Yes,Yes,1,1,1,0,0,1,24.8,3.4,-0.9,-9,-1.3,15.0,Light (1-10),Warm (20-30),,-0.12,1.39,2.15,,-0.97,,0
2010-02-06,2010,2,Feb,1,Summer,2010-02,37,20.5,22.4,31.2,5.0,0.0,,,S,S,31,24,95,95,1015.7,1016.2,7.0,8.0,21.6,22.2,Yes,Yes,1,1,1,0,0,1,21.45,1.9,0.6,0,0.5,27.5,Heavy (25-50),Warm (20-30),,-1.41,0.15,2.7,,0.03,,0
2010-02-07,2010,2,Feb,1,Summer,2010-02,38,20.2,25.0,77.4,7.4,0.2,,,SSW,SE,19,15,95,86,1021.6,1020.8,7.0,8.0,21.1,23.8,Yes,Yes,1,1,1,0,0,1,22.6,4.8,2.7,9,-0.8,17.0,Very heavy (>50),Warm (20-30),,-0.59,0.01,1.99,,1.07,Extreme rain,1
2010-02-08,2010,2,Feb,1,Summer,2010-02,39,21.0,27.6,3.4,1.8,2.3,,,ESE,E,7,22,76,70,1022.9,1021.9,8.0,7.0,23.5,26.3,Yes,No,1,0,1,0,0,1,24.3,6.6,2.8,6,-1.0,14.5,Light (1-10),Warm (20-30),,0.23,0.39,0.73,,1.3,,0
2010-02-09,2010,2,Feb,1,Summer,2010-02,40,22.8,27.6,0.0,5.8,9.9,,,W,E,4,24,83,65,1023.0,1021.2,6.0,3.0,24.3,27.3,No,No,0,0,1,0,0,0,25.2,4.8,3.0,18,-1.8,14.0,Dry (<=1 mm),Warm (20-30),,0.23,1.25,0.33,,1.32,,0
2010-02-10,2010,2,Feb,1,Summer,2010-02,41,21.7,27.9,0.4,5.8,10.1,,,NE,ENE,9,20,72,61,1020.6,1017.6,2.0,2.0,25.6,27.3,No,No,0,0,1,0,0,0,24.8,6.2,1.7,11,-3.0,14.5,Dry (<=1 mm),Warm (20-30),,0.32,0.72,0.01,,0.9,,0
2010-02-11,2010,2,Feb,1,Summer,2010-02,42,21.4,28.2,0.0,8.8,6.9,,,E,ENE,4,26,71,60,1017.1,1013.5,2.0,2.0,25.3,27.4,No,No,0,0,1,0,0,0,24.8,6.8,2.1,11,-3.6,15.0,Dry (<=1 mm),Warm (20-30),,0.41,0.58,-0.06,,0.27,,0
2010-02-12,2010,2,Feb,1,Summer,2010-02,43,23.9,37.8,0.0,9.0,9.8,,,W,WNW,2,15,71,32,1008.7,1005.5,6.0,7.0,26.9,37.4,No,Yes,0,1,1,0,0,0,30.85,13.9,10.5,39,-3.2,8.5,Dry (<=1 mm),Extreme heat (>=35),,3.43,1.77,-2.28,,-1.22,Heat,1
2010-02-13,2010,2,Feb,1,Summer,2010-02,44,21.4,25.5,70.0,9.4,0.3,,,S,E,17,11,92,80,1011.9,1010.2,8.0,8.0,22.1,25.2,Yes,Yes,1,1,1,0,0,1,23.45,4.1,3.1,12,-1.7,14.0,Very heavy (>50),Warm (20-30),,-0.43,0.58,1.52,,-0.65,Extreme rain,1
2010-02-14,2010,2,Feb,1,Summer,2010-02,45,22.1,26.4,10.0,2.0,1.4,,,W,E,9,11,91,92,1007.3,1004.5,7.0,8.0,23.5,23.9,Yes,Yes,1,1,1,0,0,1,24.25,4.3,0.4,-1,-2.8,10.0,Light (1-10),Warm (20-30),,-0.15,0.91,2.46,,-1.46,,0
2010-02-15,2010,2,Feb,1,Summer,2010-02,46,20.2,30.0,15.2,2.8,9.9,,,W,ENE,11,17,95,67,1006.7,1003.5,6.0,3.0,21.4,28.5,Yes,No,1,0,1,0,0,1,25.1,9.8,7.1,28,-3.2,14.0,Moderate (10-25),Hot (30-35),,0.98,0.01,0.49,,-1.57,,0
2010-02-16,2010,2,Feb,1,Summer,2010-02,47,21.3,26.4,0.2,7.6,8.7,,,W,S,22,35,65,57,1011.8,1013.6,7.0,7.0,22.3,25.0,No,No,0,0,1,0,0,0,23.85,5.1,2.7,8,1.8,28.5,Dry (<=1 mm),Warm (20-30),,-0.15,0.53,-0.3,,-0.67,,0
2010-02-17,2010,2,Feb,1,Summer,2010-02,48,18.5,25.6,0.0,7.8,12.8,,,SW,SE,9,20,64,56,1016.7,1016.0,3.0,2.0,21.4,25.4,No,No,0,0,1,0,0,0,22.05,7.1,4.0,8,-0.7,14.5,Dry (<=1 mm),Warm (20-30),,-0.4,-0.8,-0.38,,0.2,,0
2010-02-18,2010,2,Feb,1,Summer,2010-02,49,18.3,25.9,0.0,8.0,12.0,,,SE,SE,19,20,52,51,1022.4,1023.4,5.0,5.0,23.7,24.9,No,No,0,0,1,0,0,0,22.1,7.6,1.2,1,1.0,19.5,Dry (<=1 mm),Warm (20-30),,-0.31,-0.9,-0.78,,1.22,,0
2010-02-19,2010,2,Feb,1,Summer,2010-02,50,20.2,25.5,0.0,7.2,8.0,,,ESE,E,19,13,60,51,1024.8,1023.1,5.0,6.0,22.6,25.0,No,No,0,0,1,0,0,0,22.85,5.3,2.4,9,-1.7,16.0,Dry (<=1 mm),Warm (20-30),,-0.43,0.01,-0.78,,1.64,,0
2010-02-20,2010,2,Feb,1,Summer,2010-02,51,18.9,27.3,0.0,6.4,11.8,,,W,NE,13,24,76,54,1021.9,1018.4,1.0,2.0,22.2,26.1,No,No,0,0,1,0,0,0,23.1,8.4,3.9,22,-3.5,18.5,Dry (<=1 mm),Warm (20-30),,0.13,-0.61,-0.54,,1.13,,0
2010-02-21,2010,2,Feb,1,Summer,2010-02,52,20.7,29.8,0.0,9.6,11.6,,,W,E,4,15,75,59,1018.0,1014.8,1.0,1.0,23.5,28.6,No,No,0,0,1,0,0,0,25.25,9.1,5.1,16,-3.2,9.5,Dry (<=1 mm),Warm (20-30),,0.92,0.24,-0.14,,0.43,,0
2010-02-22,2010,2,Feb,1,Summer,2010-02,53,23.2,35.4,0.0,9.4,11.9,,,W,E,7,20,61,46,1015.4,1011.7,0.0,3.0,26.7,32.5,No,No,0,0,1,0,0,0,29.3,12.2,5.8,15,-3.7,13.5,Dry (<=1 mm),Extreme heat (>=35),,2.67,1.44,-1.17,,-0.03,,0
2010-02-23,2010,2,Feb,1,Summer,2010-02,54,26.0,28.6,0.0,10.4,7.4,,,S,SE,24,28,54,60,1013.6,1016.3,1.0,7.0,28.5,23.7,No,No,0,0,1,0,1,0,27.3,2.6,-4.8,-6,2.7,26.0,Dry (<=1 mm),Warm (20-30),,0.54,2.77,-0.06,,-0.35,,0
2010-02-24,2010,2,Feb,1,Summer,2010-02,55,21.1,24.1,0.0,9.2,1.5,,,ESE,E,9,13,55,52,1021.7,1021.4,8.0,7.0,22.4,23.8,No,No,0,0,1,0,0,0,22.6,3.0,1.4,3,-0.3,11.0,Dry (<=1 mm),Warm (20-30),,-0.87,0.44,-0.7,,1.09,,0
2010-02-25,2010,2,Feb,1,Summer,2010-02,56,20.5,24.6,0.0,4.4,9.3,,,E,ESE,15,22,45,46,1026.4,1026.6,2.0,2.0,23.3,24.2,No,No,0,0,1,0,0,0,22.55,4.1,0.9,-1,0.2,18.5,Dry (<=1 mm),Warm (20-30),,-0.72,0.15,-1.17,,1.92,,0
2010-02-26,2010,2,Feb,1,Summer,2010-02,57,18.1,25.1,0.0,6.0,1.6,,,W,ESE,7,7,73,58,1027.0,1024.4,6.0,7.0,20.2,24.6,No,No,0,0,1,0,0,0,21.6,7.0,4.4,15,-2.6,7.0,Dry (<=1 mm),Warm (20-30),,-0.56,-0.99,-0.22,,2.03,,0
2010-02-27,2010,2,Feb,1,Summer,2010-02,58,18.4,27.0,0.2,3.8,11.8,,,W,NE,2,19,79,60,1021.6,1017.8,5.0,1.0,21.9,26.5,No,No,0,0,1,0,0,0,22.7,8.6,4.6,19,-3.8,10.5,Dry (<=1 mm),Warm (20-30),,0.04,-0.85,-0.06,,1.07,,0
2010-02-28,2010,2,Feb,1,Summer,2010-02,59,21.0,26.7,0.0,8.0,3.8,,,WSW,ESE,4,13,83,72,1017.1,1014.3,7.0,8.0,23.7,25.8,No,Yes,0,1,1,0,0,0,23.85,5.7,2.1,11,-2.8,8.5,Dry (<=1 mm),Warm (20-30),,-0.06,0.39,0.88,,0.27,,0
2010-03-01,2010,3,Mar,1,Autumn,2010-03,60,19.2,19.7,4.2,5.0,0.0,,,SSW,SE,19,17,68,84,1018.9,1018.4,8.0,8.0,19.4,19.2,Yes,Yes,1,1,1,0,0,1,19.45,0.5,-0.2,-16,-0.5,18.0,Light (1-10),Mild (<20),,-2.52,0.16,1.87,,0.15,,0
2010-03-02,2010,3,Mar,1,Autumn,2010-03,61,17.3,23.0,9.0,3.8,1.3,,,SE,SE,17,17,52,52,1019.3,1018.2,7.0,7.0,19.5,21.8,Yes,No,1,0,1,0,0,1,20.15,5.7,2.3,0,-1.1,17.0,Light (1-10),Warm (20-30),,-1.18,-0.73,-0.6,,0.22,,0
2010-03-03,2010,3,Mar,1,Autumn,2010-03,62,18.2,24.4,0.2,7.2,7.5,,,SE,ESE,11,19,53,53,1019.4,1018.2,3.0,5.0,22.7,23.5,No,No,0,0,1,0,0,0,21.3,6.2,0.8,0,-1.2,15.0,Dry (<=1 mm),Warm (20-30),,-0.6,-0.31,-0.53,,0.24,,0
2010-03-04,2010,3,Mar,1,Autumn,2010-03,63,17.2,25.2,0.0,4.4,7.9,,,W,E,0,26,73,67,1016.2,1013.7,7.0,5.0,20.9,24.7,No,No,0,0,1,0,0,0,21.2,8.0,3.8,6,-2.5,13.0,Dry (<=1 mm),Warm (20-30),,-0.28,-0.77,0.56,,-0.36,,0
2010-03-05,2010,3,Mar,1,Autumn,2010-03,64,20.5,25.1,0.0,5.2,1.0,,,NE,ENE,20,15,72,83,1011.5,1009.6,7.0,8.0,23.9,23.5,No,Yes,0,1,1,0,0,0,22.8,4.6,-0.4,-11,-1.9,17.5,Dry (<=1 mm),Warm (20-30),,-0.32,0.77,1.79,,-1.24,,0
2010-03-06,2010,3,Mar,1,Autumn,2010-03,65,20.9,26.7,14.0,3.4,6.2,,,NNW,NE,2,15,90,77,1011.9,1010.8,6.0,3.0,22.4,25.1,Yes,No,1,0,1,0,0,1,23.8,5.8,2.7,13,-1.1,8.5,Moderate (10-25),Warm (20-30),,0.33,0.95,1.33,,-1.17,,0
2010-03-07,2010,3,Mar,1,Autumn,2010-03,66,22.3,26.4,0.0,5.0,5.0,,,ENE,ENE,19,33,71,68,1013.8,1012.0,2.0,7.0,25.0,25.6,No,No,0,0,1,0,0,0,24.35,4.1,0.6,3,-1.8,26.0,Dry (<=1 mm),Warm (20-30),,0.21,1.6,0.63,,-0.81,,0
2010-03-08,2010,3,Mar,1,Autumn,2010-03,67,22.6,29.2,0.0,6.4,6.4,,,ENE,NE,11,17,72,65,1011.6,1009.6,6.0,7.0,24.8,27.4,No,No,0,0,1,0,0,0,25.9,6.6,2.6,7,-2.0,14.0,Dry (<=1 mm),Warm (20-30),,1.35,1.74,0.4,,-1.22,,0
2010-03-09,2010,3,Mar,1,Autumn,2010-03,68,20.8,30.0,0.0,9.2,11.7,,,WNW,W,11,22,46,35,1013.4,1012.2,1.0,1.0,23.9,29.6,No,No,0,0,1,0,0,0,25.4,9.2,5.7,11,-1.2,16.5,Dry (<=1 mm),Hot (30-35),,1.68,0.91,-1.92,,-0.88,,0
2010-03-10,2010,3,Mar,1,Autumn,2010-03,69,19.2,20.8,0.2,8.0,0.3,,,S,SSE,20,24,85,67,1020.8,1022.5,8.0,8.0,19.3,20.4,No,No,0,0,1,0,0,0,20.0,1.6,1.1,18,1.7,22.0,Dry (<=1 mm),Warm (20-30),,-2.07,0.16,0.56,,0.5,,0
2010-03-11,2010,3,Mar,1,Autumn,2010-03,70,18.2,24.2,0.0,5.2,9.0,,,S,SSE,24,24,63,49,1031.1,1031.5,2.0,4.0,20.4,23.6,No,No,0,0,1,0,0,0,21.2,6.0,3.2,14,0.4,24.0,Dry (<=1 mm),Warm (20-30),,-0.69,-0.31,-0.83,,2.44,,0
2010-03-12,2010,3,Mar,1,Autumn,2010-03,71,18.7,24.5,0.2,9.0,7.9,,,SE,SE,19,28,55,54,1035.0,1034.8,2.0,4.0,23.3,22.5,No,No,0,0,1,0,0,0,21.6,5.8,-0.8,1,-0.2,23.5,Dry (<=1 mm),Warm (20-30),,-0.56,-0.07,-0.45,,3.17,High pressure,1
2010-03-13,2010,3,Mar,1,Autumn,2010-03,72,17.4,24.7,0.0,7.4,7.1,,,SSE,SE,22,19,68,52,1034.3,1032.9,2.0,6.0,20.5,22.8,No,Yes,0,1,1,0,0,0,21.05,7.3,2.3,16,-1.4,20.5,Dry (<=1 mm),Warm (20-30),,-0.48,-0.68,-0.6,,3.04,High pressure,1
2010-03-14,2010,3,Mar,1,Autumn,2010-03,73,16.2,24.6,5.6,5.6,6.9,,,W,ESE,13,17,87,50,1030.4,1027.8,2.0,5.0,18.7,23.0,Yes,No,1,0,1,0,0,1,20.4,8.4,4.3,37,-2.6,15.0,Light (1-10),Warm (20-30),,-0.52,-1.24,-0.76,,2.3,,0
2010-03-15,2010,3,Mar,1,Autumn,2010-03,74,18.0,25.2,0.0,5.4,5.9,,,W,E,11,15,78,57,1025.7,1022.4,7.0,2.0,19.7,24.5,No,No,0,0,1,0,0,0,21.6,7.2,4.8,21,-3.3,13.0,Dry (<=1 mm),Warm (20-30),,-0.28,-0.4,-0.22,,1.42,,0
2010-03-16,2010,3,Mar,1,Autumn,2010-03,75,17.4,25.5,0.0,5.8,11.0,,,W,E,15,19,82,54,1023.5,1022.7,3.0,1.0,20.0,25.1,No,No,0,0,1,0,0,0,21.45,8.1,5.1,28,-0.8,17.0,Dry (<=1 mm),Warm (20-30),,-0.16,-0.68,-0.45,,1.01,,0
2010-03-17,2010,3,Mar,1,Autumn,2010-03,76,15.6,26.0,0.0,5.4,11.3,,,W,E,13,19,80,54,1025.7,1024.5,0.0,1.0,18.8,24.4,No,No,0,0,1,0,0,0,20.8,10.4,5.6,26,-1.2,16.0,Dry (<=1 mm),Warm (20-30),,0.05,-1.52,-0.45,,1.42,,0
2010-03-18,2010,3,Mar,1,Autumn,2010-03,77,17.0,26.5,0.0,6.6,10.2,,,W,ENE,9,17,77,51,1026.5,1023.7,6.0,4.0,19.8,25.3,No,No,0,0,1,0,0,0,21.75,9.5,5.5,26,-2.8,13.0,Dry (<=1 mm),Warm (20-30),,0.25,-0.87,-0.68,,1.57,,0
2010-03-19,2010,3,Mar,1,Autumn,2010-03,78,18.2,27.4,0.0,7.0,11.2,,,W,ENE,6,17,82,60,1022.2,1019.2,6.0,3.0,20.1,26.9,No,No,0,0,1,0,0,0,22.8,9.2,6.8,22,-3.0,11.5,Dry (<=1 mm),Warm (20-30),,0.62,-0.31,0.02,,0.77,,0
2010-03-20,2010,3,Mar,1,Autumn,2010-03,79,19.8,29.0,0.0,6.2,11.1,,,W,E,15,15,64,68,1021.0,1019.5,3.0,1.0,22.8,26.5,No,No,0,0,1,0,0,0,24.4,9.2,3.7,-4,-1.5,15.0,Dry (<=1 mm),Warm (20-30),,1.27,0.44,0.63,,0.54,,0
2010-03-21,2010,3,Mar,1,Autumn,2010-03,80,21.7,30.9,0.0,7.0,9.0,,,W,E,9,19,64,56,1017.9,1014.3,6.0,6.0,23.5,28.0,No,No,0,0,1,0,0,0,26.3,9.2,4.5,8,-3.6,14.0,Dry (<=1 mm),Hot (30-35),,2.05,1.32,-0.29,,-0.04,,0
2010-03-22,2010,3,Mar,1,Autumn,2010-03,81,20.8,25.0,0.0,8.4,6.3,,,ESE,ESE,9,19,64,57,1020.1,1018.7,7.0,5.0,22.5,24.1,No,No,0,0,1,0,0,0,22.9,4.2,1.6,7,-1.4,14.0,Dry (<=1 mm),Warm (20-30),,-0.36,0.91,-0.22,,0.37,,0
2010-03-23,2010,3,Mar,1,Autumn,2010-03,82,18.7,27.0,0.0,4.4,10.9,,,WNW,ENE,13,22,74,60,1020.1,1017.4,0.0,5.0,21.6,26.1,No,No,0,0,1,0,0,0,22.85,8.3,4.5,14,-2.7,17.5,Dry (<=1 mm),Warm (20-30),,0.46,-0.07,0.02,,0.37,,0
2010-03-24,2010,3,Mar,1,Autumn,2010-03,83,18.7,26.0,0.0,7.6,6.1,,,W,ESE,17,20,79,58,1021.6,1020.8,7.0,5.0,20.3,25.3,No,No,0,0,1,0,0,0,22.35,7.3,5.0,21,-0.8,18.5,Dry (<=1 mm),Warm (20-30),,0.05,-0.07,-0.14,,0.65,,0
2010-03-25,2010,3,Mar,1,Autumn,2010-03,84,19.5,25.5,0.0,4.0,8.7,,,W,NE,7,20,75,61,1023.4,1019.6,6.0,1.0,21.1,24.8,No,No,0,0,1,0,0,0,22.5,6.0,3.7,14,-3.8,13.5,Dry (<=1 mm),Warm (20-30),,-0.16,0.3,0.09,,0.99,,0
2010-03-26,2010,3,Mar,1,Autumn,2010-03,85,19.5,29.6,0.0,5.6,8.9,,,W,ENE,9,9,80,52,1019.1,1015.4,0.0,2.0,22.6,29.5,No,No,0,0,1,0,0,0,24.55,10.1,6.9,28,-3.7,9.0,Dry (<=1 mm),Warm (20-30),,1.52,0.3,-0.6,,0.18,,0
2010-03-27,2010,3,Mar,1,Autumn,2010-03,86,22.4,26.9,0.0,7.4,7.2,,,SSW,S,17,19,80,66,1019.6,1018.4,6.0,7.0,23.0,25.5,No,No,0,0,1,0,0,0,24.65,4.5,2.5,14,-1.2,18.0,Dry (<=1 mm),Warm (20-30),,0.42,1.65,0.48,,0.28,,0
2010-03-28,2010,3,Mar,1,Autumn,2010-03,87,20.8,26.4,0.0,5.4,8.2,,,W,NE,6,19,82,66,1019.2,1014.9,2.0,7.0,23.1,26.2,No,No,0,0,1,0,0,0,23.6,5.6,3.1,16,-4.3,12.5,Dry (<=1 mm),Warm (20-30),,0.21,0.91,0.48,,0.2,,0
2010-03-29,2010,3,Mar,1,Autumn,2010-03,88,22.4,27.5,0.0,2.8,0.1,,,W,W,7,11,78,56,1016.9,1016.4,7.0,8.0,23.2,26.7,No,Yes,0,1,1,0,0,0,24.95,5.1,3.5,22,-0.5,9.0,Dry (<=1 mm),Warm (20-30),,0.66,1.65,-0.29,,-0.23,,0
2010-03-30,2010,3,Mar,1,Autumn,2010-03,89,20.5,21.3,4.0,4.8,0.0,,,SSW,SSW,4,9,92,88,1019.8,1018.4,8.0,8.0,20.6,21.2,Yes,Yes,1,1,1,0,0,1,20.9,0.8,0.6,4,-1.4,6.5,Light (1-10),Warm (20-30),,-1.87,0.77,2.18,,0.32,,0
2010-03-31,2010,3,Mar,1,Autumn,2010-03,90,18.9,23.1,14.0,2.6,3.1,,,S,S,24,30,68,67,1019.5,1017.5,7.0,6.0,21.0,22.0,Yes,No,1,0,1,0,0,1,21.0,4.2,1.0,1,-2.0,27.0,Moderate (10-25),Warm (20-30),,-1.14,0.02,0.56,,0.26,,0
2010-04-01,2010,4,Apr,2,Autumn,2010-04,91,16.0,25.3,0.2,3.6,10.8,,,W,S,24,19,68,45,1018.3,1016.3,2.0,1.0,18.4,24.8,No,No,0,0,1,0,0,0,20.65,9.3,6.4,23,-2.0,21.5,Dry (<=1 mm),Warm (20-30),,0.65,0.28,-0.82,,-0.4,,0
2010-04-02,2010,4,Apr,2,Autumn,2010-04,92,17.2,24.6,0.0,5.8,9.4,,,W,S,13,24,74,46,1019.9,1018.5,5.0,2.0,19.0,24.3,No,No,0,0,1,0,0,0,20.9,7.4,5.3,28,-1.4,18.5,Dry (<=1 mm),Warm (20-30),,0.4,0.8,-0.75,,-0.12,,0
2010-04-03,2010,4,Apr,2,Autumn,2010-04,93,15.9,24.0,0.0,6.6,7.2,,,WNW,SE,17,15,72,56,1021.4,1020.0,2.0,3.0,18.6,22.1,No,Yes,0,1,1,0,0,0,19.95,8.1,3.5,16,-1.4,16.0,Dry (<=1 mm),Warm (20-30),,0.18,0.24,-0.1,,0.15,,0
2010-04-04,2010,4,Apr,2,Autumn,2010-04,94,15.4,22.4,6.8,3.2,6.6,,,W,SSE,13,19,84,59,1022.9,1020.5,6.0,6.0,17.7,20.7,Yes,Yes,1,1,1,0,0,1,18.9,7.0,3.0,25,-2.4,16.0,Light (1-10),Warm (20-30),,-0.39,0.02,0.09,,0.42,,0
2010-04-05,2010,4,Apr,2,Autumn,2010-04,95,15.2,21.5,1.2,4.4,2.5,,,WNW,SE,9,7,76,64,1021.1,1019.0,5.0,7.0,19.6,20.5,Yes,No,1,0,1,0,0,1,18.35,6.3,0.9,12,-2.1,8.0,Light (1-10),Warm (20-30),,-0.71,-0.07,0.42,,0.1,,0
2010-04-06,2010,4,Apr,2,Autumn,2010-04,96,17.0,23.3,0.8,2.2,3.6,,,W,E,0,17,74,62,1020.5,1017.6,6.0,7.0,21.4,22.4,No,Yes,0,1,1,0,0,0,20.15,6.3,1.0,12,-2.9,8.5,Dry (<=1 mm),Warm (20-30),,-0.07,0.72,0.29,,-0.01,,0
2010-04-07,2010,4,Apr,2,Autumn,2010-04,97,18.5,25.9,3.8,2.8,1.1,,,NNE,NNW,15,22,90,65,1016.6,1012.3,8.0,7.0,19.1,24.5,Yes,Yes,1,1,1,0,0,1,22.2,7.4,5.4,25,-4.3,18.5,Light (1-10),Warm (20-30),,0.86,1.37,0.48,,-0.7,,0
2010-04-08,2010,4,Apr,2,Autumn,2010-04,98,19.0,28.7,3.0,1.4,9.4,,,W,SSE,17,17,77,71,1012.5,1011.8,3.0,3.0,22.2,24.3,Yes,Yes,1,1,1,0,0,1,23.85,9.7,2.1,6,-0.7,17.0,Light (1-10),Warm (20-30),,1.87,1.59,0.87,,-1.43,,0
2010-04-09,2010,4,Apr,2,Autumn,2010-04,99,16.4,25.0,4.4,5.0,9.9,,,WNW,SE,15,20,68,55,1014.8,1011.1,2.0,6.0,20.8,22.4,Yes,No,1,0,1,0,0,1,20.7,8.6,1.6,13,-3.7,17.5,Light (1-10),Warm (20-30),,0.54,0.45,-0.17,,-1.02,,0
2010-04-10,2010,4,Apr,2,Autumn,2010-04,100,17.2,27.9,0.0,6.2,7.4,,,W,E,9,17,78,41,1010.5,1007.6,6.0,1.0,18.6,27.6,No,No,0,0,1,0,0,0,22.55,10.7,9.0,37,-2.9,13.0,Dry (<=1 mm),Warm (20-30),,1.58,0.8,-1.08,,-1.79,,0
2010-04-11,2010,4,Apr,2,Autumn,2010-04,101,18.6,27.9,0.0,3.8,10.1,,,NNW,WNW,15,20,58,33,1007.9,1006.0,5.0,3.0,24.5,27.7,No,No,0,0,1,0,0,0,23.25,9.3,3.2,25,-1.9,17.5,Dry (<=1 mm),Warm (20-30),,1.58,1.41,-1.6,,-2.25,,0
2010-04-12,2010,4,Apr,2,Autumn,2010-04,102,14.9,24.5,0.0,8.6,10.6,,,W,WSW,30,20,33,22,1014.3,1011.7,1.0,2.0,16.8,24.2,No,No,0,0,1,0,0,0,19.7,9.6,7.4,11,-2.6,25.0,Dry (<=1 mm),Warm (20-30),,0.36,-0.2,-2.31,,-1.11,,0
2010-04-13,2010,4,Apr,2,Autumn,2010-04,103,13.1,22.3,0.0,5.6,10.7,,,W,SSE,17,19,52,46,1021.8,1020.3,1.0,1.0,17.6,21.3,No,No,0,0,1,0,0,0,17.7,9.2,3.7,6,-1.5,18.0,Dry (<=1 mm),Warm (20-30),,-0.43,-0.99,-0.75,,0.22,,0
2010-04-14,2010,4,Apr,2,Autumn,2010-04,104,12.3,25.0,0.0,3.8,10.7,,,W,ENE,15,17,71,49,1022.8,1019.3,0.0,2.0,15.9,23.0,No,No,0,0,1,0,0,0,18.65,12.7,7.1,22,-3.5,16.0,Dry (<=1 mm),Warm (20-30),,0.54,-1.33,-0.56,,0.4,,0
2010-04-15,2010,4,Apr,2,Autumn,2010-04,105,14.9,24.9,0.0,6.0,9.3,,,W,ESE,15,19,77,62,1021.9,1020.5,6.0,3.0,17.5,23.3,No,No,0,0,1,0,0,0,19.9,10.0,5.8,15,-1.4,17.0,Dry (<=1 mm),Warm (20-30),,0.51,-0.2,0.29,,0.24,,0
2010-04-16,2010,4,Apr,2,Autumn,2010-04,106,16.9,22.3,0.0,3.6,1.5,,,WNW,SSE,9,15,77,64,1027.0,1025.1,7.0,6.0,18.1,21.8,No,No,0,0,1,0,0,0,19.6,5.4,3.7,13,-1.9,12.0,Dry (<=1 mm),Warm (20-30),,-0.43,0.67,0.42,,1.15,,0
2010-04-17,2010,4,Apr,2,Autumn,2010-04,107,15.8,25.3,0.6,2.4,10.8,,,W,ESE,11,15,82,63,1028.1,1026.0,1.0,3.0,19.1,24.2,No,No,0,0,1,0,0,0,20.55,9.5,5.1,19,-2.1,13.0,Dry (<=1 mm),Warm (20-30),,0.65,0.19,0.35,,1.34,,0
2010-04-19,2010,4,Apr,2,Autumn,2010-04,109,17.2,24.9,0.0,2.8,9.6,,,WNW,E,6,13,82,65,1026.0,1023.7,2.0,2.0,20.5,24.2,No,No,0,0,1,0,0,0,21.05,7.7,3.7,17,-2.3,9.5,Dry (<=1 mm),Warm (20-30),,0.51,0.8,0.48,,0.97,,0
2010-04-20,2010,4,Apr,2,Autumn,2010-04,110,17.3,24.8,0.0,4.4,9.3,,,W,E,13,15,87,57,1025.2,1021.7,1.0,5.0,20.0,24.4,No,No,0,0,1,0,0,0,21.05,7.5,4.4,30,-3.5,14.0,Dry (<=1 mm),Warm (20-30),,0.47,0.85,-0.04,,0.83,,0
2010-04-21,2010,4,Apr,2,Autumn,2010-04,111,16.7,24.2,0.0,3.4,10.3,,,W,ENE,15,20,95,63,1023.4,1020.4,1.0,1.0,17.6,23.9,No,No,0,0,1,0,0,0,20.45,7.5,6.3,32,-3.0,17.5,Dry (<=1 mm),Warm (20-30),,0.25,0.59,0.35,,0.51,,0
2010-04-22,2010,4,Apr,2,Autumn,2010-04,112,16.7,25.7,0.0,5.4,10.6,,,WNW,E,11,19,81,63,1022.9,1019.4,1.0,1.0,19.3,23.9,No,No,0,0,1,0,0,0,21.2,9.0,4.6,18,-3.5,15.0,Dry (<=1 mm),Warm (20-30),,0.79,0.59,0.35,,0.42,,0
2010-04-23,2010,4,Apr,2,Autumn,2010-04,113,16.6,30.7,0.0,3.2,10.6,,,W,NE,13,11,68,50,1020.6,1016.0,1.0,1.0,20.2,26.5,No,No,0,0,1,0,0,0,23.65,14.1,6.3,18,-4.6,12.0,Dry (<=1 mm),Hot (30-35),,2.59,0.54,-0.49,,0.01,,0
2010-04-24,2010,4,Apr,2,Autumn,2010-04,114,20.2,28.6,0.0,7.2,3.4,,,NW,NNW,11,20,57,49,1014.3,1009.9,7.0,7.0,22.8,26.4,No,Yes,0,1,1,0,0,0,24.4,8.4,3.6,8,-4.4,15.5,Dry (<=1 mm),Warm (20-30),,1.83,2.11,-0.56,,-1.11,,0
2010-04-25,2010,4,Apr,2,Autumn,2010-04,115,17.2,22.8,8.8,5.0,3.8,,,W,S,20,20,77,70,1013.2,1013.5,7.0,5.0,17.3,19.2,Yes,No,1,0,1,0,0,1,20.0,5.6,1.9,7,0.3,20.0,Light (1-10),Warm (20-30),,-0.25,0.8,0.81,,-1.31,,0
2010-04-26,2010,4,Apr,2,Autumn,2010-04,116,12.5,21.8,0.4,3.0,10.5,,,W,SE,24,15,56,46,1024.3,1022.3,1.0,1.0,15.1,21.5,No,No,0,0,1,0,0,0,17.15,9.3,6.4,10,-2.0,19.5,Dry (<=1 mm),Warm (20-30),,-0.61,-1.25,-0.75,,0.67,,0
2010-04-27,2010,4,Apr,2,Autumn,2010-04,117,11.7,20.4,0.0,4.4,2.2,,,W,W,19,11,65,41,1020.4,1017.8,6.0,7.0,14.2,20.1,No,No,0,0,1,0,0,0,16.05,8.7,5.9,24,-2.6,15.0,Dry (<=1 mm),Warm (20-30),,-1.11,-1.6,-1.08,,-0.03,,0
2010-04-28,2010,4,Apr,2,Autumn,2010-04,118,12.6,24.9,0.0,2.4,10.6,,,W,W,15,9,64,32,1021.0,1016.7,0.0,1.0,16.0,24.5,No,No,0,0,1,0,0,0,18.75,12.3,8.5,32,-4.3,12.0,Dry (<=1 mm),Warm (20-30),,0.51,-1.2,-1.66,,0.08,,0
2010-04-29,2010,4,Apr,2,Autumn,2010-04,119,13.4,24.6,0.0,5.0,10.7,,,W,WNW,24,17,44,35,1019.9,1017.0,1.0,1.0,18.2,24.5,No,No,0,0,1,0,0,0,19.0,11.2,6.3,9,-2.9,20.5,Dry (<=1 mm),Warm (20-30),,0.4,-0.85,-1.47,,-0.12,,0
2010-04-30,2010,4,Apr,2,Autumn,2010-04,120,14.0,19.4,0.0,5.0,0.3,,,W,S,20,13,79,64,1025.2,1024.4,8.0,7.0,14.4,19.2,No,Yes,0,1,1,0,0,0,16.7,5.4,4.8,15,-0.8,16.5,Dry (<=1 mm),Mild (<20),,-1.47,-0.59,0.42,,0.83,,0
2010-05-01,2010,5,May,2,Autumn,2010-05,121,14.3,21.7,1.8,2.4,4.6,,,W,ENE,13,13,89,74,1027.6,1024.4,7.0,6.0,15.1,20.6,Yes,No,1,0,1,0,0,1,18.0,7.4,5.5,15,-3.2,13.0,Light (1-10),Warm (20-30),,0.21,1.05,1.4,,0.98,,0
2010-05-02,2010,5,May,2,Autumn,2010-05,122,13.9,26.5,0.0,1.2,8.2,,,W,SW,19,2,90,30,1024.8,1022.1,2.0,1.0,15.3,26.3,No,No,0,0,1,0,0,0,20.2,12.6,11.0,60,-2.7,10.5,Dry (<=1 mm),Warm (20-30),,2.08,0.86,-1.41,,0.56,,0
2010-05-03,2010,5,May,2,Autumn,2010-05,123,14.8,23.1,0.2,4.0,6.5,,,W,ESE,15,6,75,60,1027.6,1024.3,4.0,6.0,18.0,22.7,No,No,0,0,1,0,0,0,18.95,8.3,4.7,15,-3.3,10.5,Dry (<=1 mm),Warm (20-30),,0.76,1.29,0.51,,0.98,,0
2010-05-04,2010,5,May,2,Autumn,2010-05,124,16.2,24.8,0.0,2.8,4.2,,,WNW,NE,2,17,80,54,1021.3,1015.8,7.0,5.0,19.2,24.2,No,No,0,0,1,0,0,0,20.5,8.6,5.0,26,-5.5,9.5,Dry (<=1 mm),Warm (20-30),,1.42,1.96,0.12,,0.03,,0
2010-05-05,2010,5,May,2,Autumn,2010-05,125,15.4,21.1,0.0,3.8,5.9,,,NNE,W,7,28,59,41,1012.2,1011.3,7.0,3.0,18.7,18.1,No,Yes,0,1,1,0,0,0,18.25,5.7,-0.6,18,-0.9,17.5,Dry (<=1 mm),Warm (20-30),,-0.02,1.57,-0.71,,-1.34,,0
2010-05-06,2010,5,May,2,Autumn,2010-05,126,10.4,22.3,2.0,4.4,10.2,,,W,WSW,24,7,48,34,1020.0,1018.3,1.0,1.0,13.9,21.5,Yes,No,1,0,1,0,0,1,16.35,11.9,7.6,14,-1.7,15.5,Light (1-10),Warm (20-30),,0.45,-0.82,-1.16,,-0.17,,0
2010-05-07,2010,5,May,2,Autumn,2010-05,127,11.3,23.1,0.0,3.8,10.1,,,W,WSW,20,6,62,33,1022.4,1018.3,1.0,1.0,13.5,22.9,No,No,0,0,1,0,0,0,17.2,11.8,9.4,29,-4.1,13.0,Dry (<=1 mm),Warm (20-30),,0.76,-0.39,-1.22,,0.19,,0
2010-05-08,2010,5,May,2,Autumn,2010-05,128,11.1,24.4,0.0,4.0,10.1,,,W,E,20,11,65,46,1021.9,1019.3,1.0,1.0,14.1,22.6,No,No,0,0,1,0,0,0,17.75,13.3,8.5,19,-2.6,15.5,Dry (<=1 mm),Warm (20-30),,1.26,-0.48,-0.39,,0.12,,0
2010-05-09,2010,5,May,2,Autumn,2010-05,129,12.3,24.6,0.0,2.0,10.2,,,W,E,15,17,68,50,1022.0,1018.3,1.0,1.0,15.3,22.4,No,No,0,0,1,0,0,0,18.45,12.3,7.1,18,-3.7,16.0,Dry (<=1 mm),Warm (20-30),,1.34,0.09,-0.13,,0.13,,0
2010-05-10,2010,5,May,2,Autumn,2010-05,130,12.7,22.6,0.0,4.4,10.2,,,W,NE,13,19,78,61,1020.3,1015.8,1.0,1.0,15.7,22.0,No,No,0,0,1,0,0,0,17.65,9.9,6.3,17,-4.5,16.0,Dry (<=1 mm),Warm (20-30),,0.56,0.28,0.57,,-0.12,,0
2010-05-11,2010,5,May,2,Autumn,2010-05,131,12.8,27.0,0.0,4.2,9.7,,,W,W,11,30,64,19,1012.6,1008.7,1.0,1.0,16.3,25.7,No,No,0,0,1,0,0,0,19.9,14.2,9.4,45,-3.9,20.5,Dry (<=1 mm),Warm (20-30),,2.28,0.33,-2.12,,-1.28,,0
2010-05-12,2010,5,May,2,Autumn,2010-05,132,10.5,18.9,0.0,8.0,10.2,,,WSW,S,28,26,40,29,1017.9,1016.9,1.0,1.0,12.7,18.5,No,No,0,0,1,0,0,0,14.7,8.4,5.8,11,-1.0,27.0,Dry (<=1 mm),Mild (<20),,-0.88,-0.77,-1.48,,-0.48,,0
2010-05-13,2010,5,May,2,Autumn,2010-05,133,9.0,21.9,0.0,4.4,9.4,,,W,S,24,17,53,36,1018.8,1015.8,1.0,2.0,12.0,20.7,No,No,0,0,1,0,0,0,15.45,12.9,8.7,17,-3.0,20.5,Dry (<=1 mm),Warm (20-30),,0.29,-1.49,-1.03,,-0.35,,0
2010-05-14,2010,5,May,2,Autumn,2010-05,134,10.6,21.1,0.0,4.4,10.1,,,W,SW,19,22,60,35,1018.4,1014.9,1.0,2.0,13.0,20.3,No,No,0,0,1,0,0,0,15.85,10.5,7.3,25,-3.5,20.5,Dry (<=1 mm),Warm (20-30),,-0.02,-0.72,-1.09,,-0.41,,0
2010-05-15,2010,5,May,2,Autumn,2010-05,135,10.5,21.7,0.0,4.0,9.0,,,W,S,20,24,62,47,1017.6,1016.1,1.0,3.0,13.2,20.5,No,No,0,0,1,0,0,0,16.1,11.2,7.3,15,-1.5,22.0,Dry (<=1 mm),Warm (20-30),,0.21,-0.77,-0.32,,-0.53,,0
2010-05-16,2010,5,May,2,Autumn,2010-05,136,11.0,21.6,0.0,4.4,7.7,,,W,SSE,17,13,71,60,1020.9,1018.4,2.0,6.0,12.7,19.7,No,No,0,0,1,0,0,0,16.3,10.6,7.0,11,-2.5,15.0,Dry (<=1 mm),Warm (20-30),,0.17,-0.53,0.51,,-0.03,,0
2010-05-17,2010,5,May,2,Autumn,2010-05,137,12.7,17.9,1.0,2.4,0.2,,,W,WNW,19,4,85,68,1019.7,1016.7,8.0,8.0,13.1,16.5,No,Yes,0,1,1,0,0,0,15.3,5.2,3.4,17,-3.0,11.5,Dry (<=1 mm),Mild (<20),,-1.27,0.28,1.02,,-0.21,,0
2010-05-18,2010,5,May,2,Autumn,2010-05,138,12.4,15.4,13.8,1.0,0.0,,,W,SW,22,17,94,92,1018.2,1017.4,8.0,8.0,13.0,14.9,Yes,Yes,1,1,1,0,0,1,13.9,3.0,1.9,2,-0.8,19.5,Moderate (10-25),Mild (<20),,-2.24,0.14,2.56,,-0.44,,0
2010-05-19,2010,5,May,2,Autumn,2010-05,139,11.7,20.0,47.8,4.8,6.1,,,W,SSE,20,9,91,62,1022.1,1020.3,7.0,3.0,13.0,20.0,Yes,No,1,0,1,0,0,1,15.85,8.3,7.0,29,-1.8,14.5,Heavy (25-50),Warm (20-30),,-0.45,-0.2,0.64,,0.15,,0
2010-05-20,2010,5,May,2,Autumn,2010-05,140,11.2,19.7,1.0,2.8,6.1,,,W,ESE,19,11,82,55,1023.1,1019.9,6.0,6.0,12.7,19.3,No,No,0,0,1,0,0,0,15.45,8.5,6.6,27,-3.2,15.0,Dry (<=1 mm),Mild (<20),,-0.57,-0.44,0.19,,0.3,,0
2010-05-21,2010,5,May,2,Autumn,2010-05,141,11.7,19.5,0.0,1.2,6.4,,,WNW,SSE,13,20,83,58,1020.6,1017.9,3.0,6.0,13.9,18.4,No,Yes,0,1,1,0,0,0,15.6,7.8,4.5,25,-2.7,16.5,Dry (<=1 mm),Mild (<20),,-0.64,-0.2,0.38,,-0.08,,0
2010-05-22,2010,5,May,2,Autumn,2010-05,142,10.8,18.6,17.2,2.8,4.8,,,W,SSW,22,24,92,58,1021.5,1019.7,7.0,3.0,11.3,18.4,Yes,Yes,1,1,1,0,0,1,14.7,7.8,7.1,34,-1.8,23.0,Moderate (10-25),Mild (<20),,-0.99,-0.63,0.38,,0.06,,0
2010-05-23,2010,5,May,2,Autumn,2010-05,143,9.5,14.7,14.2,5.0,0.4,,,W,W,19,11,91,93,1023.6,1020.8,7.0,6.0,10.4,14.3,Yes,Yes,1,1,1,0,0,1,12.1,5.2,3.9,-2,-2.8,15.0,Moderate (10-25),Mild (<20),,-2.51,-1.25,2.62,,0.38,,0
2010-05-24,2010,5,May,2,Autumn,2010-05,144,10.4,18.0,5.6,0.2,1.1,,,W,E,15,4,86,68,1019.7,1015.7,7.0,7.0,12.1,17.8,Yes,No,1,0,1,0,0,1,14.2,7.6,5.7,18,-4.0,9.5,Light (1-10),Mild (<20),,-1.23,-0.82,1.02,,-0.21,,0
2010-05-25,2010,5,May,2,Autumn,2010-05,145,12.1,16.9,0.8,4.8,0.1,,,WNW,WNW,11,7,89,84,1011.7,1006.3,7.0,7.0,14.1,16.8,No,Yes,0,1,1,0,0,0,14.5,4.8,2.7,5,-5.4,9.0,Dry (<=1 mm),Mild (<20),,-1.66,-0.01,2.04,,-1.42,,0
2010-05-26,2010,5,May,2,Autumn,2010-05,146,13.4,17.3,9.0,2.2,0.0,,,W,ESE,17,50,96,94,1004.8,1004.9,8.0,8.0,13.5,15.6,Yes,Yes,1,1,1,0,0,1,15.35,3.9,2.1,2,0.1,33.5,Light (1-10),Mild (<20),,-1.5,0.62,2.68,,-2.46,,0
2010-05-27,2010,5,May,2,Autumn,2010-05,147,13.5,18.7,33.6,5.8,3.3,,,SE,S,15,11,82,62,1018.0,1017.6,6.0,7.0,15.9,18.3,Yes,Yes,1,1,1,0,0,1,16.1,5.2,2.4,20,-0.4,13.0,Heavy (25-50),Mild (<20),,-0.96,0.66,0.64,,-0.47,,0
2010-05-28,2010,5,May,2,Autumn,2010-05,148,11.7,19.9,1.6,1.4,4.6,,,W,E,15,7,92,53,1021.0,1017.1,7.0,5.0,12.9,19.8,Yes,Yes,1,1,1,0,0,1,15.8,8.2,6.9,39,-3.9,11.0,Light (1-10),Mild (<20),,-0.49,-0.2,0.06,,-0.02,,0
2010-05-29,2010,5,May,2,Autumn,2010-05,149,12.9,17.1,3.0,2.8,0.0,,,N,NE,11,4,88,87,1009.5,1004.7,7.0,8.0,15.8,16.2,Yes,Yes,1,1,1,0,0,1,15.0,4.2,0.4,1,-4.8,7.5,Light (1-10),Mild (<20),,-1.58,0.38,2.24,,-1.75,,0
2010-05-30,2010,5,May,2,Autumn,2010-05,150,11.8,19.1,3.0,1.4,2.2,,,WNW,W,15,2,78,56,1003.2,1002.4,4.0,6.0,13.0,18.7,Yes,Yes,1,1,1,0,0,1,15.45,7.3,5.7,22,-0.8,8.5,Light (1-10),Mild (<20),,-0.8,-0.15,0.25,,-2.7,,0
2010-05-31,2010,5,May,2,Autumn,2010-05,151,12.6,20.0,12.8,1.6,3.9,,,SSW,S,22,28,87,68,1008.3,1010.2,7.0,7.0,16.5,19.1,Yes,Yes,1,1,1,0,0,1,16.3,7.4,2.6,19,1.9,25.0,Moderate (10-25),Warm (20-30),,-0.45,0.23,1.02,,-1.93,,0
2010-06-01,2010,6,Jun,2,Winter,2010-06,152,11.7,19.7,12.4,2.6,3.6,,,W,S,15,19,80,60,1019.2,1017.7,7.0,7.0,14.5,18.5,Yes,No,1,0,1,0,0,1,15.7,8.0,4.0,20,-1.5,17.0,Moderate (10-25),Mild (<20),,0.65,0.51,0.14,,-0.3,,0
2010-06-02,2010,6,Jun,2,Winter,2010-06,153,11.2,20.1,0.0,3.0,7.0,,,W,SSW,19,13,81,63,1020.9,1019.6,6.0,5.0,12.7,19.0,No,Yes,0,1,1,0,0,0,15.65,8.9,6.3,18,-1.3,16.0,Dry (<=1 mm),Warm (20-30),,0.85,0.29,0.31,,-0.08,,0
2010-06-03,2010,6,Jun,2,Winter,2010-06,154,12.7,18.6,6.0,2.4,0.8,,,SSW,ESE,19,24,91,90,1023.0,1020.0,7.0,7.0,15.2,17.1,Yes,Yes,1,1,1,0,0,1,15.65,5.9,1.9,1,-3.0,21.5,Light (1-10),Mild (<20),,0.11,0.96,1.81,,0.19,,0
2010-06-04,2010,6,Jun,2,Winter,2010-06,155,15.2,17.7,26.4,3.4,0.0,,,E,SSE,26,30,85,94,1018.7,1015.5,7.0,8.0,17.3,16.4,Yes,Yes,1,1,1,0,0,1,16.45,2.5,-0.9,-9,-3.2,28.0,Heavy (25-50),Mild (<20),,-0.33,2.06,2.04,,-0.37,,0
2010-06-05,2010,6,Jun,2,Winter,2010-06,156,12.5,20.5,61.4,1.0,4.4,,,W,SSW,22,15,80,67,1014.2,1012.0,5.0,7.0,13.5,17.4,Yes,No,1,0,1,0,0,1,16.5,8.0,3.9,13,-2.2,18.5,Very heavy (>50),Warm (20-30),,1.05,0.87,0.53,,-0.95,Extreme rain,1
2010-06-06,2010,6,Jun,2,Winter,2010-06,157,9.5,18.5,0.4,2.2,6.5,,,W,SW,28,22,64,70,1014.7,1015.8,1.0,7.0,11.3,15.2,No,Yes,0,1,1,0,0,0,14.0,9.0,3.9,-6,1.1,25.0,Dry (<=1 mm),Mild (<20),,0.06,-0.46,0.7,,-0.88,,0
2010-06-07,2010,6,Jun,2,Winter,2010-06,158,9.1,15.5,4.2,3.4,3.9,,,W,SSW,24,20,60,77,1024.3,1023.0,2.0,7.0,10.6,14.3,Yes,No,1,0,1,0,0,1,12.3,6.4,3.7,-17,-1.3,22.0,Light (1-10),Mild (<20),,-1.42,-0.64,1.09,,0.36,,0
2010-06-08,2010,6,Jun,2,Winter,2010-06,159,9.1,18.5,0.4,4.8,9.0,,,W,NE,22,6,78,62,1023.5,1018.7,5.0,4.0,10.6,16.3,No,No,0,0,1,0,0,0,13.8,9.4,5.7,16,-4.8,14.0,Dry (<=1 mm),Mild (<20),,0.06,-0.64,0.25,,0.25,,0
2010-06-09,2010,6,Jun,2,Winter,2010-06,160,9.5,16.7,0.0,2.2,7.2,,,W,WNW,6,30,71,34,1012.0,1008.3,5.0,3.0,11.1,15.7,No,No,0,0,1,0,0,0,13.1,7.2,4.6,37,-3.7,18.0,Dry (<=1 mm),Mild (<20),,-0.83,-0.46,-1.31,,-1.23,,0
2010-06-10,2010,6,Jun,2,Winter,2010-06,161,10.3,17.2,0.0,3.8,7.2,,,W,SSW,26,13,48,30,1017.5,1017.7,5.0,4.0,11.3,16.8,No,No,0,0,1,0,0,0,13.75,6.9,5.5,18,0.2,19.5,Dry (<=1 mm),Mild (<20),,-0.58,-0.11,-1.53,,-0.52,,0
2010-06-11,2010,6,Jun,2,Winter,2010-06,162,6.2,17.4,0.0,3.2,9.8,,,W,W,19,22,64,37,1019.9,1016.0,0.0,1.0,9.0,16.9,No,No,0,0,1,0,0,0,11.8,11.2,7.9,27,-3.9,20.5,Dry (<=1 mm),Mild (<20),,-0.48,-1.92,-1.14,,-0.21,,0
2010-06-12,2010,6,Jun,2,Winter,2010-06,163,9.0,16.7,0.0,3.0,9.6,,,W,S,20,22,63,42,1022.0,1021.7,1.0,2.0,11.5,15.8,No,No,0,0,1,0,0,0,12.85,7.7,4.3,21,-0.3,21.0,Dry (<=1 mm),Mild (<20),,-0.83,-0.68,-0.87,,0.06,,0
2010-06-13,2010,6,Jun,2,Winter,2010-06,164,6.6,17.9,0.0,3.8,9.5,,,W,S,22,13,66,50,1029.8,1028.9,1.0,1.0,8.4,17.1,No,No,0,0,1,0,0,0,12.25,11.3,8.7,16,-0.9,17.5,Dry (<=1 mm),Mild (<20),,-0.23,-1.74,-0.42,,1.07,,0
2010-06-14,2010,6,Jun,2,Winter,2010-06,165,6.9,18.3,0.0,1.8,9.5,,,W,ENE,22,2,75,50,1034.7,1032.0,5.0,4.0,8.9,17.8,No,No,0,0,1,0,0,0,12.6,11.4,8.9,25,-2.7,12.0,Dry (<=1 mm),Mild (<20),,-0.04,-1.61,-0.42,,1.7,,0
2010-06-15,2010,6,Jun,2,Winter,2010-06,166,8.1,19.3,0.0,2.0,9.3,,,W,ENE,17,7,86,56,1032.7,1028.9,5.0,4.0,10.0,17.6,No,No,0,0,1,0,0,0,13.7,11.2,7.6,30,-3.8,12.0,Dry (<=1 mm),Mild (<20),,0.45,-1.08,-0.08,,1.44,,0
2010-06-16,2010,6,Jun,2,Winter,2010-06,167,9.1,18.9,0.0,1.6,9.6,,,WNW,ENE,11,15,89,59,1028.9,1024.1,2.0,2.0,10.6,18.3,No,No,0,0,1,0,0,0,14.0,9.8,7.7,30,-4.8,13.0,Dry (<=1 mm),Mild (<20),,0.26,-0.64,0.08,,0.95,,0
2010-06-17,2010,6,Jun,2,Winter,2010-06,168,10.6,17.3,0.0,4.0,1.7,,,NNW,N,11,22,67,69,1016.0,1010.5,8.0,5.0,14.2,16.6,No,No,0,0,1,0,0,0,13.95,6.7,2.4,-2,-5.5,16.5,Dry (<=1 mm),Mild (<20),,-0.53,0.03,0.64,,-0.72,,0
2010-06-20,2010,6,Jun,2,Winter,2010-06,171,9.5,20.2,0.0,3.0,9.8,,,W,ESE,19,7,71,40,1025.0,1023.8,5.0,4.0,11.3,20.0,No,Yes,0,1,1,0,0,0,14.85,10.7,8.7,31,-1.2,13.0,Dry (<=1 mm),Warm (20-30),,0.9,-0.46,-0.98,,0.45,,0
2010-06-21,2010,6,Jun,2,Winter,2010-06,172,10.1,16.0,8.2,3.4,4.2,,,W,S,15,17,95,80,1032.8,1032.5,7.0,4.0,11.5,15.7,Yes,Yes,1,1,1,0,0,1,13.05,5.9,4.2,15,-0.3,16.0,Light (1-10),Mild (<20),,-1.17,-0.19,1.26,,1.45,,0
2010-06-23,2010,6,Jun,2,Winter,2010-06,174,12.6,15.6,4.0,2.2,0.2,,,SSE,S,17,6,83,90,1036.7,1034.1,7.0,7.0,14.4,14.6,Yes,Yes,1,1,1,0,0,1,14.1,3.0,0.2,-7,-2.6,11.5,Light (1-10),Mild (<20),,-1.37,0.91,1.81,,1.96,,0
2010-06-24,2010,6,Jun,2,Winter,2010-06,175,11.8,17.0,18.8,0.6,5.2,,,W,E,15,19,96,64,1031.6,1027.1,7.0,2.0,12.2,17.0,Yes,No,1,0,1,0,0,1,14.4,5.2,4.8,32,-4.5,17.0,Moderate (10-25),Mild (<20),,-0.68,0.56,0.36,,1.3,,0
2010-06-25,2010,6,Jun,2,Winter,2010-06,176,12.2,18.4,0.0,3.2,2.8,,,W,N,13,17,83,65,1025.1,1020.7,6.0,6.0,13.7,18.4,No,No,0,0,1,0,0,0,15.3,6.2,4.7,18,-4.4,15.0,Dry (<=1 mm),Mild (<20),,0.01,0.74,0.42,,0.46,,0
2010-06-26,2010,6,Jun,2,Winter,2010-06,177,13.5,20.0,1.0,1.4,4.0,,,WNW,WSW,20,17,78,50,1017.3,1016.3,7.0,2.0,15.2,19.7,No,No,0,0,1,0,0,0,16.75,6.5,4.5,28,-1.0,18.5,Dry (<=1 mm),Warm (20-30),,0.8,1.31,-0.42,,-0.55,,0
2010-06-27,2010,6,Jun,2,Winter,2010-06,178,6.7,14.9,0.0,2.8,6.8,,,W,SSW,20,22,72,53,1021.0,1018.9,1.0,6.0,8.1,13.9,No,No,0,0,1,0,0,0,10.8,8.2,5.8,19,-2.1,21.0,Dry (<=1 mm),Mild (<20),,-1.71,-1.7,-0.25,,-0.07,,0
2010-06-28,2010,6,Jun,2,Winter,2010-06,179,5.5,15.8,0.0,2.0,9.7,,,W,W,22,9,68,36,1021.0,1017.7,1.0,1.0,7.0,15.3,No,No,0,0,1,0,0,0,10.65,10.3,8.3,32,-3.3,15.5,Dry (<=1 mm),Mild (<20),,-1.27,-2.23,-1.2,,-0.07,,0
2010-06-29,2010,6,Jun,2,Winter,2010-06,180,4.7,14.4,0.0,2.6,9.9,,,WNW,WSW,13,6,63,36,1020.1,1017.0,0.0,0.0,7.0,14.4,No,No,0,0,1,0,0,0,9.55,9.7,7.4,27,-3.1,9.5,Dry (<=1 mm),Mild (<20),,-1.96,-2.58,-1.2,,-0.19,,0
2010-06-30,2010,6,Jun,2,Winter,2010-06,181,4.3,16.1,0.0,3.0,9.3,,,W,WNW,11,4,70,41,1020.8,1018.5,0.0,1.0,6.4,15.7,No,No,0,0,1,0,0,0,10.2,11.8,9.3,29,-2.3,7.5,Dry (<=1 mm),Mild (<20),,-1.12,-2.76,-0.92,,-0.1,,0
2010-07-01,2010,7,Jul,3,Winter,2010-07,182,6.4,17.1,0.0,2.0,8.6,,,W,W,20,7,70,40,1024.9,1022.8,4.0,4.0,8.5,16.9,No,No,0,0,1,0,0,0,11.75,10.7,8.4,30,-2.1,13.5,Dry (<=1 mm),Mild (<20),,-0.38,-1.26,-0.57,,0.49,,0
2010-07-02,2010,7,Jul,3,Winter,2010-07,183,7.6,12.1,0.0,2.0,0.0,,,W,W,15,11,74,65,1026.8,1023.5,7.0,8.0,9.2,11.9,No,No,0,0,1,0,0,0,9.85,4.5,2.7,9,-3.3,13.0,Dry (<=1 mm),Mild (<20),,-2.49,-0.68,0.96,,0.75,,0
2010-07-03,2010,7,Jul,3,Winter,2010-07,184,7.7,16.3,0.6,1.8,9.8,,,W,SSW,24,24,68,38,1025.6,1026.1,1.0,2.0,9.1,15.6,No,No,0,0,1,0,0,0,12.0,8.6,6.5,30,0.5,24.0,Dry (<=1 mm),Mild (<20),,-0.72,-0.63,-0.69,,0.58,,0
2010-07-04,2010,7,Jul,3,Winter,2010-07,185,7.8,17.8,0.0,3.2,8.8,,,W,S,22,17,68,56,1029.7,1026.9,2.0,4.0,8.9,16.9,No,No,0,0,1,0,0,0,12.8,10.0,8.0,12,-2.8,19.5,Dry (<=1 mm),Mild (<20),,-0.09,-0.58,0.41,,1.15,,0
2010-07-05,2010,7,Jul,3,Winter,2010-07,186,8.8,13.5,0.0,3.4,0.1,,,W,W,20,11,76,83,1027.2,1024.1,7.0,8.0,9.7,13.1,No,Yes,0,1,1,0,0,0,11.15,4.7,3.4,-7,-3.1,15.5,Dry (<=1 mm),Mild (<20),,-1.9,-0.09,2.05,,0.8,,0
2010-07-06,2010,7,Jul,3,Winter,2010-07,187,9.7,17.2,4.2,0.4,3.5,,,W,SSW,7,17,95,67,1016.7,1015.1,6.0,7.0,10.8,15.1,Yes,Yes,1,1,1,0,0,1,13.45,7.5,4.3,28,-1.6,12.0,Light (1-10),Mild (<20),,-0.34,0.34,1.08,,-0.65,,0
2010-07-07,2010,7,Jul,3,Winter,2010-07,188,9.6,16.0,2.6,1.4,2.9,,,W,S,22,20,83,70,1023.9,1022.5,7.0,6.0,10.3,15.3,Yes,Yes,1,1,1,0,0,1,12.8,6.4,5.0,13,-1.4,21.0,Light (1-10),Mild (<20),,-0.85,0.3,1.26,,0.35,,0
2010-07-09,2010,7,Jul,3,Winter,2010-07,190,9.7,15.6,32.0,0.0,3.8,,,WNW,S,19,9,96,83,1029.6,1027.9,6.0,7.0,10.7,13.9,Yes,Yes,1,1,1,0,0,1,12.65,5.9,3.2,13,-1.7,14.0,Heavy (25-50),Mild (<20),,-1.02,0.34,2.05,,1.14,,0
2010-07-10,2010,7,Jul,3,Winter,2010-07,191,8.6,17.6,4.6,2.0,4.8,,,W,ENE,17,11,95,65,1028.9,1025.0,6.0,7.0,9.9,16.6,Yes,No,1,0,1,0,0,1,13.1,9.0,6.7,30,-3.9,14.0,Light (1-10),Mild (<20),,-0.17,-0.19,0.96,,1.04,,0
2010-07-11,2010,7,Jul,3,Winter,2010-07,192,9.9,19.0,0.2,1.2,1.0,,,N,NW,13,7,61,76,1022.2,1019.8,7.0,7.0,16.7,17.3,No,No,0,0,1,0,0,0,14.45,9.1,0.6,-15,-2.4,10.0,Dry (<=1 mm),Mild (<20),,0.42,0.44,1.63,,0.11,,0
2010-07-12,2010,7,Jul,3,Winter,2010-07,193,10.1,16.9,0.2,2.0,2.1,,,W,WNW,19,6,87,61,1023.6,1021.1,6.0,7.0,11.4,16.0,No,No,0,0,1,0,0,0,13.5,6.8,4.6,26,-2.5,12.5,Dry (<=1 mm),Mild (<20),,-0.47,0.54,0.71,,0.31,,0
2010-07-13,2010,7,Jul,3,Winter,2010-07,194,11.4,18.6,0.0,0.6,0.0,,,W,NNE,7,7,83,78,1020.3,1014.6,7.0,8.0,14.1,17.7,No,No,0,0,1,0,0,0,15.0,7.2,3.6,5,-5.7,7.0,Dry (<=1 mm),Mild (<20),,0.25,1.17,1.75,,-0.15,,0
2010-07-14,2010,7,Jul,3,Winter,2010-07,195,13.9,18.1,1.0,1.8,8.0,,,WNW,WNW,20,22,56,33,1008.7,1008.6,3.0,1.0,14.4,17.4,No,No,0,0,1,0,0,0,16.0,4.2,3.0,23,-0.1,21.0,Dry (<=1 mm),Mild (<20),,0.04,2.39,-0.99,,-1.76,,0
2010-07-15,2010,7,Jul,3,Winter,2010-07,196,10.4,18.2,0.0,5.2,9.8,,,W,WSW,24,17,50,34,1015.4,1017.1,1.0,3.0,11.9,17.4,No,No,0,0,1,0,0,0,14.3,7.8,5.5,16,1.7,20.5,Dry (<=1 mm),Mild (<20),,0.08,0.69,-0.93,,-0.83,,0
2010-07-16,2010,7,Jul,3,Winter,2010-07,197,7.2,18.2,0.0,4.4,9.4,,,W,S,24,19,63,46,1025.9,1024.0,2.0,2.0,9.0,16.2,No,No,0,0,1,0,0,0,12.7,11.0,7.2,17,-1.9,21.5,Dry (<=1 mm),Mild (<20),,0.08,-0.87,-0.2,,0.62,,0
2010-07-17,2010,7,Jul,3,Winter,2010-07,198,7.1,18.5,0.0,2.6,9.9,,,W,E,26,9,71,39,1028.1,1024.7,1.0,1.0,8.6,18.4,No,No,0,0,1,0,0,0,12.8,11.4,9.8,32,-3.4,17.5,Dry (<=1 mm),Mild (<20),,0.21,-0.92,-0.63,,0.93,,0
2010-07-18,2010,7,Jul,3,Winter,2010-07,199,7.3,19.4,0.0,2.0,10.0,,,W,ESE,20,7,81,40,1022.6,1017.8,0.0,1.0,8.9,18.7,No,No,0,0,1,0,0,0,13.35,12.1,9.8,41,-4.8,13.5,Dry (<=1 mm),Mild (<20),,0.59,-0.83,-0.57,,0.17,,0
2010-07-19,2010,7,Jul,3,Winter,2010-07,200,8.7,16.7,0.0,3.6,0.8,,,W,SSW,15,7,67,53,1017.8,1016.0,6.0,7.0,11.1,15.0,No,No,0,0,1,0,0,0,12.7,8.0,3.9,14,-1.8,11.0,Dry (<=1 mm),Mild (<20),,-0.55,-0.14,0.23,,-0.5,,0
2010-07-20,2010,7,Jul,3,Winter,2010-07,201,8.0,16.5,0.0,1.0,8.5,,,W,SSW,19,19,71,53,1022.4,1021.4,1.0,3.0,10.2,14.9,No,Yes,0,1,1,0,0,0,12.25,8.5,4.7,18,-1.0,19.0,Dry (<=1 mm),Mild (<20),,-0.64,-0.48,0.23,,0.14,,0
2010-07-21,2010,7,Jul,3,Winter,2010-07,202,8.0,15.7,6.6,3.2,4.1,,,W,SSW,19,13,73,54,1026.7,1024.6,7.0,4.0,9.2,15.5,Yes,No,1,0,1,0,0,1,11.85,7.7,6.3,19,-2.1,16.0,Light (1-10),Mild (<20),,-0.97,-0.48,0.29,,0.74,,0
2010-07-22,2010,7,Jul,3,Winter,2010-07,203,6.0,14.7,0.4,1.0,5.0,,,W,SSW,28,20,64,69,1028.5,1028.1,1.0,5.0,8.8,13.6,No,No,0,0,1,0,0,0,10.35,8.7,4.8,-5,-0.4,24.0,Dry (<=1 mm),Mild (<20),,-1.4,-1.46,1.2,,0.98,,0
2010-07-23,2010,7,Jul,3,Winter,2010-07,204,8.0,18.2,0.2,2.0,5.8,,,W,S,20,20,75,62,1032.6,1030.3,2.0,7.0,9.8,16.4,No,Yes,0,1,1,0,0,0,13.1,10.2,6.6,13,-2.3,20.0,Dry (<=1 mm),Mild (<20),,0.08,-0.48,0.77,,1.55,,0
2010-07-24,2010,7,Jul,3,Winter,2010-07,205,9.6,18.3,4.6,2.6,3.9,,,W,SE,22,13,81,54,1030.7,1027.4,7.0,5.0,10.3,17.6,Yes,No,1,0,1,0,0,1,13.95,8.7,7.3,27,-3.3,17.5,Light (1-10),Mild (<20),,0.12,0.3,0.29,,1.29,,0
2010-07-25,2010,7,Jul,3,Winter,2010-07,206,10.2,16.9,0.0,1.0,6.2,,,W,SE,11,15,83,64,1029.9,1027.7,3.0,5.0,12.5,15.5,No,Yes,0,1,1,0,0,0,13.55,6.7,3.0,19,-2.2,13.0,Dry (<=1 mm),Mild (<20),,-0.47,0.59,0.9,,1.18,,0
2010-07-26,2010,7,Jul,3,Winter,2010-07,207,9.2,17.0,16.0,3.8,3.2,,,W,SE,15,7,90,69,1034.0,1032.6,6.0,7.0,11.9,15.5,Yes,Yes,1,1,1,0,0,1,13.1,7.8,3.6,21,-1.4,11.0,Moderate (10-25),Mild (<20),,-0.42,0.1,1.2,,1.75,,0
2010-07-27,2010,7,Jul,3,Winter,2010-07,208,9.3,16.9,2.4,1.6,3.2,,,W,E,13,9,86,49,1035.7,1032.5,6.0,7.0,11.2,16.6,Yes,Yes,1,1,1,0,0,1,13.1,7.6,5.4,37,-3.2,11.0,Light (1-10),Mild (<20),,-0.47,0.15,-0.02,,1.98,,0
2010-07-28,2010,7,Jul,3,Winter,2010-07,209,11.2,15.2,2.6,1.6,0.8,,,N,NNE,4,11,96,90,1029.8,1024.8,8.0,8.0,12.3,14.4,Yes,Yes,1,1,1,0,0,1,13.2,4.0,2.1,6,-5.0,7.5,Light (1-10),Mild (<20),,-1.18,1.08,2.48,,1.16,,0
2010-07-29,2010,7,Jul,3,Winter,2010-07,210,11.4,16.2,24.2,1.4,0.6,,,NW,N,6,9,93,77,1019.1,1016.0,6.0,7.0,12.8,15.8,Yes,Yes,1,1,1,0,0,1,13.8,4.8,3.0,16,-3.1,7.5,Moderate (10-25),Mild (<20),,-0.76,1.17,1.69,,-0.32,,0
2010-07-30,2010,7,Jul,3,Winter,2010-07,211,12.0,21.1,3.4,3.8,5.8,,,W,NNE,22,9,97,62,1016.9,1013.6,4.0,7.0,12.8,21.0,Yes,Yes,1,1,1,0,0,1,16.55,9.1,8.2,35,-3.3,15.5,Light (1-10),Warm (20-30),,1.31,1.47,0.77,,-0.62,,0
2010-07-31,2010,7,Jul,3,Winter,2010-07,212,12.8,20.7,6.6,0.2,5.8,,,W,W,7,28,96,37,1012.1,1012.0,7.0,2.0,14.5,20.5,Yes,No,1,0,1,0,0,1,16.75,7.9,6.0,59,-0.1,17.5,Light (1-10),Warm (20-30),,1.14,1.86,-0.75,,-1.29,,0
2010-08-01,2010,8,Aug,3,Winter,2010-08,213,9.6,20.9,0.0,3.8,10.3,,,N,NW,11,26,62,35,1019.9,1013.0,1.0,1.0,13.2,20.6,No,No,0,0,1,0,0,0,15.25,11.3,7.4,27,-6.9,18.5,Dry (<=1 mm),Warm (20-30),,0.55,-0.07,-0.66,,0.02,,0
2010-08-02,2010,8,Aug,3,Winter,2010-08,214,9.1,15.7,0.4,4.0,7.3,,,W,WSW,24,28,49,36,1015.8,1011.6,5.0,5.0,11.2,15.1,No,Yes,0,1,1,0,0,0,12.4,6.6,3.9,13,-4.2,26.0,Dry (<=1 mm),Mild (<20),,-1.33,-0.29,-0.6,,-0.57,,0
2010-08-03,2010,8,Aug,3,Winter,2010-08,215,10.3,17.3,16.4,4.0,6.6,,,W,E,15,19,75,62,1016.2,1016.9,7.0,4.0,13.9,15.5,Yes,No,1,0,1,0,0,1,13.8,7.0,1.6,13,0.7,17.0,Moderate (10-25),Mild (<20),,-0.75,0.25,0.97,,-0.51,,0
2010-08-04,2010,8,Aug,3,Winter,2010-08,216,8.3,18.9,0.0,4.0,10.2,,,W,W,15,9,75,44,1019.0,1014.9,1.0,1.0,11.2,18.7,No,No,0,0,1,0,0,0,13.6,10.6,7.5,31,-4.1,12.0,Dry (<=1 mm),Mild (<20),,-0.17,-0.66,-0.11,,-0.11,,0
2010-08-05,2010,8,Aug,3,Winter,2010-08,217,7.1,16.9,0.0,3.8,8.3,,,NNW,W,17,20,57,33,1018.1,1015.1,3.0,5.0,11.1,15.8,No,No,0,0,1,0,0,0,12.0,9.8,4.7,24,-3.0,18.5,Dry (<=1 mm),Mild (<20),,-0.9,-1.2,-0.78,,-0.24,,0
2010-08-06,2010,8,Aug,3,Winter,2010-08,218,7.6,17.0,0.0,2.4,10.3,,,W,S,19,19,56,40,1020.5,1019.2,1.0,2.0,10.5,15.7,No,No,0,0,1,0,0,0,12.3,9.4,5.2,16,-1.3,19.0,Dry (<=1 mm),Mild (<20),,-0.86,-0.97,-0.36,,0.11,,0
2010-08-07,2010,8,Aug,3,Winter,2010-08,219,6.8,16.1,0.0,4.2,10.2,,,W,S,26,20,58,50,1024.7,1022.2,1.0,5.0,9.1,15.5,No,No,0,0,1,0,0,0,11.45,9.3,6.4,8,-2.5,23.0,Dry (<=1 mm),Mild (<20),,-1.19,-1.34,0.25,,0.71,,0
2010-08-08,2010,8,Aug,3,Winter,2010-08,220,6.4,17.2,0.0,3.0,10.3,,,W,E,20,15,73,50,1022.2,1019.1,3.0,1.0,8.8,15.2,No,No,0,0,1,0,0,0,11.8,10.8,6.4,23,-3.1,17.5,Dry (<=1 mm),Mild (<20),,-0.79,-1.52,0.25,,0.35,,0
2010-08-09,2010,8,Aug,3,Winter,2010-08,221,7.2,17.1,0.0,2.6,8.9,,,W,E,15,20,83,58,1023.5,1020.9,2.0,1.0,9.3,17.0,No,Yes,0,1,1,0,0,0,12.15,9.9,7.7,25,-2.6,17.5,Dry (<=1 mm),Mild (<20),,-0.83,-1.15,0.73,,0.54,,0
2010-08-10,2010,8,Aug,3,Winter,2010-08,222,9.3,16.4,2.8,2.4,0.0,,,WSW,NNE,2,13,93,90,1019.2,1013.8,8.0,8.0,12.2,16.2,Yes,Yes,1,1,1,0,0,1,12.85,7.1,4.0,3,-5.4,7.5,Light (1-10),Mild (<20),,-1.08,-0.2,2.66,,-0.08,,0
2010-08-11,2010,8,Aug,3,Winter,2010-08,223,12.2,18.0,4.6,0.6,6.0,,,NW,WNW,19,20,59,35,1008.6,1003.7,7.0,3.0,12.8,17.4,Yes,No,1,0,1,0,0,1,15.1,5.8,4.6,24,-4.9,19.5,Light (1-10),Mild (<20),,-0.5,1.11,-0.66,,-1.6,,0
2010-08-12,2010,8,Aug,3,Winter,2010-08,224,10.7,16.7,0.2,6.6,5.9,,,W,W,35,22,55,47,1001.5,1002.3,2.0,7.0,12.2,15.0,No,No,0,0,1,0,0,0,13.7,6.0,2.8,8,0.8,28.5,Dry (<=1 mm),Mild (<20),,-0.97,0.43,0.07,,-2.62,,0
2010-08-13,2010,8,Aug,3,Winter,2010-08,225,9.9,18.3,0.0,2.6,10.6,,,W,S,26,31,54,44,1011.9,1012.0,1.0,1.0,12.7,17.0,No,No,0,0,1,0,0,0,14.1,8.4,4.3,10,0.1,28.5,Dry (<=1 mm),Mild (<20),,-0.39,0.07,-0.11,,-1.13,,0
2010-08-14,2010,8,Aug,3,Winter,2010-08,226,8.2,21.8,0.0,4.2,10.7,,,N,N,11,6,69,36,1014.5,1009.7,0.0,0.0,13.0,21.4,No,No,0,0,1,0,0,0,15.0,13.6,8.4,33,-4.8,8.5,Dry (<=1 mm),Warm (20-30),,0.88,-0.7,-0.6,,-0.75,,0
2010-08-15,2010,8,Aug,3,Winter,2010-08,227,12.8,20.1,0.0,6.4,7.3,,,NNW,WNW,22,17,53,37,1006.2,1004.0,6.0,2.0,15.1,20.0,No,No,0,0,1,0,0,0,16.45,7.3,4.9,16,-2.2,19.5,Dry (<=1 mm),Warm (20-30),,0.26,1.38,-0.54,,-1.94,,0
2010-08-16,2010,8,Aug,3,Winter,2010-08,228,12.6,18.8,0.4,4.0,10.7,,,W,W,24,24,44,31,1011.5,1010.3,1.0,1.0,14.3,18.3,No,No,0,0,1,0,0,0,15.7,6.2,4.0,13,-1.2,24.0,Dry (<=1 mm),Mild (<20),,-0.21,1.29,-0.9,,-1.18,,0
2010-08-17,2010,8,Aug,3,Winter,2010-08,229,7.6,17.6,0.0,4.4,10.4,,,W,E,26,15,44,26,1022.0,1019.9,1.0,3.0,10.8,15.9,No,No,0,0,1,0,0,0,12.6,10.0,5.1,18,-2.1,20.5,Dry (<=1 mm),Mild (<20),,-0.64,-0.97,-1.2,,0.32,,0
2010-08-18,2010,8,Aug,3,Winter,2010-08,230,6.5,19.9,0.0,4.2,6.6,,,W,NE,13,19,69,53,1020.5,1012.0,3.0,5.0,9.3,17.7,No,Yes,0,1,1,0,0,0,13.2,13.4,8.4,16,-8.5,16.0,Dry (<=1 mm),Mild (<20),,0.19,-1.47,0.43,,0.11,,0
2010-08-19,2010,8,Aug,3,Winter,2010-08,231,9.3,24.6,2.2,5.0,10.8,,,NNW,WNW,22,31,57,23,1007.7,1004.6,1.0,1.0,19.5,24.4,Yes,No,1,0,1,0,0,1,16.95,15.3,4.9,34,-3.1,26.5,Light (1-10),Warm (20-30),,1.89,-0.2,-1.38,,-1.73,,0
2010-08-20,2010,8,Aug,3,Winter,2010-08,232,11.3,19.3,0.0,6.2,10.8,,,WNW,WNW,11,19,45,26,1012.4,1010.9,1.0,1.0,14.3,19.2,No,No,0,0,1,0,0,0,15.3,8.0,4.9,19,-1.5,15.0,Dry (<=1 mm),Mild (<20),,-0.03,0.7,-1.2,,-1.05,,0
2010-08-21,2010,8,Aug,3,Winter,2010-08,233,8.8,16.7,0.0,5.6,10.9,,,WNW,W,20,30,44,33,1017.0,1015.2,1.0,2.0,12.8,16.7,No,No,0,0,1,0,0,0,12.75,7.9,3.9,11,-1.8,25.0,Dry (<=1 mm),Mild (<20),,-0.97,-0.43,-0.78,,-0.39,,0
2010-08-22,2010,8,Aug,3,Winter,2010-08,234,8.4,17.3,0.0,4.6,9.4,,,W,E,22,13,58,48,1023.7,1020.4,1.0,5.0,11.4,15.7,No,No,0,0,1,0,0,0,12.85,8.9,4.3,10,-3.3,17.5,Dry (<=1 mm),Mild (<20),,-0.75,-0.61,0.13,,0.57,,0
2010-08-23,2010,8,Aug,3,Winter,2010-08,235,11.2,15.0,0.0,3.6,1.0,,,NW,NE,6,7,77,65,1017.1,1010.8,7.0,7.0,12.4,13.9,No,No,0,0,1,0,0,0,13.1,3.8,1.5,12,-6.3,6.5,Dry (<=1 mm),Mild (<20),,-1.59,0.66,1.15,,-0.38,,0
2010-08-24,2010,8,Aug,3,Winter,2010-08,236,10.9,19.8,0.0,2.2,10.3,,,W,WNW,17,22,53,28,1012.3,1007.9,1.0,2.0,13.9,19.6,No,No,0,0,1,0,0,0,15.35,8.9,5.7,25,-4.4,19.5,Dry (<=1 mm),Mild (<20),,0.15,0.52,-1.08,,-1.07,,0
2010-08-25,2010,8,Aug,3,Winter,2010-08,237,11.5,18.1,0.0,6.0,10.4,,,SW,WNW,17,26,36,24,1008.1,1005.2,1.0,1.0,14.1,17.2,No,No,0,0,1,0,0,0,14.8,6.6,3.1,12,-2.9,21.5,Dry (<=1 mm),Mild (<20),,-0.46,0.79,-1.32,,-1.67,,0
2010-08-26,2010,8,Aug,3,Winter,2010-08,238,10.3,18.0,0.0,6.4,8.9,,,NW,W,19,33,48,33,1003.5,1000.7,3.0,3.0,13.8,16.4,No,No,0,0,1,0,0,0,14.15,7.7,2.6,15,-2.8,26.0,Dry (<=1 mm),Mild (<20),,-0.5,0.25,-0.78,,-2.33,,0
2010-08-27,2010,8,Aug,3,Winter,2010-08,239,10.3,19.2,0.0,5.8,8.4,,,WNW,WNW,20,28,47,35,1008.1,1008.0,5.0,3.0,14.1,18.8,No,No,0,0,1,0,0,0,14.75,8.9,4.7,12,-0.1,24.0,Dry (<=1 mm),Mild (<20),,-0.07,0.25,-0.66,,-1.67,,0
2010-08-28,2010,8,Aug,3,Winter,2010-08,240,9.2,17.5,0.0,4.0,10.9,,,W,S,20,19,52,40,1021.8,1022.3,1.0,1.0,12.3,16.5,No,No,0,0,1,0,0,0,13.35,8.3,4.2,12,0.5,19.5,Dry (<=1 mm),Mild (<20),,-0.68,-0.25,-0.36,,0.3,,0
2010-08-30,2010,8,Aug,3,Winter,2010-08,242,10.5,17.6,0.0,2.2,8.2,,,W,E,4,15,70,56,1027.1,1024.3,3.0,2.0,14.9,16.8,No,No,0,0,1,0,0,0,14.05,7.1,1.9,14,-2.8,9.5,Dry (<=1 mm),Mild (<20),,-0.64,0.34,0.61,,1.06,,0
2010-08-31,2010,8,Aug,3,Winter,2010-08,243,11.5,20.0,0.0,3.2,9.7,,,W,NE,9,22,71,60,1025.3,1019.8,1.0,5.0,15.8,18.4,No,No,0,0,1,0,0,0,15.75,8.5,2.6,11,-5.5,15.5,Dry (<=1 mm),Warm (20-30),,0.22,0.79,0.85,,0.8,,0
2010-09-01,2010,9,Sep,3,Spring,2010-09,244,14.9,25.9,0.0,6.4,3.3,,,W,E,15,19,53,33,1017.8,1012.5,6.0,7.0,18.2,24.1,No,No,0,0,1,0,0,0,20.4,11.0,5.9,20,-5.3,17.0,Dry (<=1 mm),Warm (20-30),,1.04,0.88,-0.92,,-0.07,,0
2010-09-02,2010,9,Sep,3,Spring,2010-09,245,16.6,18.1,0.8,3.8,0.0,,,W,E,15,19,77,74,1016.3,1014.4,8.0,7.0,17.8,17.8,No,Yes,0,1,1,0,0,0,17.35,1.5,0.0,3,-1.9,17.0,Dry (<=1 mm),Mild (<20),,-1.03,1.54,1.46,,-0.27,,0
2010-09-03,2010,9,Sep,3,Spring,2010-09,246,13.7,17.6,3.2,1.8,0.0,,,W,E,15,19,80,64,1025.8,1023.6,8.0,7.0,15.2,16.5,Yes,Yes,1,1,1,0,0,1,15.65,3.9,1.3,16,-2.2,17.0,Light (1-10),Mild (<20),,-1.17,0.42,0.88,,0.99,,0
2010-09-04,2010,9,Sep,3,Spring,2010-09,247,15.2,20.3,7.4,2.8,0.0,,,W,E,15,19,90,84,1014.2,1006.7,8.0,8.0,17.6,19.0,Yes,No,1,0,1,0,0,1,17.75,5.1,1.4,6,-7.5,17.0,Light (1-10),Warm (20-30),,-0.45,1.0,2.04,,-0.55,,0
2010-09-05,2010,9,Sep,3,Spring,2010-09,248,16.4,21.3,0.6,5.6,11.3,,,W,E,15,19,44,35,1007.9,1009.7,1.0,2.0,18.6,20.4,No,No,0,0,1,0,0,0,18.85,4.9,1.8,9,1.8,17.0,Dry (<=1 mm),Warm (20-30),,-0.18,1.46,-0.8,,-1.39,,0
2010-09-06,2010,9,Sep,3,Spring,2010-09,249,11.5,20.4,0.0,8.0,8.4,,,W,E,15,19,45,33,1018.6,1017.1,1.0,6.0,15.1,18.9,No,No,0,0,1,0,0,0,15.95,8.9,3.8,12,-1.5,17.0,Dry (<=1 mm),Warm (20-30),,-0.42,-0.43,-0.92,,0.03,,0
2010-09-07,2010,9,Sep,3,Spring,2010-09,250,10.4,16.8,0.0,3.2,10.3,,,W,S,15,24,54,51,1023.4,1023.3,2.0,3.0,14.4,16.1,No,No,0,0,1,0,0,0,13.6,6.4,1.7,3,-0.1,19.5,Dry (<=1 mm),Mild (<20),,-1.38,-0.85,0.12,,0.67,,0
2010-09-08,2010,9,Sep,3,Spring,2010-09,251,8.2,18.3,0.0,4.0,10.7,,,W,ESE,15,15,58,54,1027.3,1023.6,1.0,1.0,13.1,17.2,No,No,0,0,1,0,0,0,13.25,10.1,4.1,4,-3.7,15.0,Dry (<=1 mm),Mild (<20),,-0.98,-1.7,0.3,,1.19,,0
2010-09-09,2010,9,Sep,3,Spring,2010-09,252,9.7,18.4,0.0,4.0,2.4,,,W,NW,2,6,77,56,1017.5,1010.6,6.0,8.0,13.0,18.0,No,Yes,0,1,1,0,0,0,14.05,8.7,5.0,21,-6.9,4.0,Dry (<=1 mm),Mild (<20),,-0.95,-1.12,0.41,,-0.11,,0
2010-09-10,2010,9,Sep,3,Spring,2010-09,253,11.0,24.5,2.4,2.0,5.4,,,W,W,9,39,82,34,1004.1,1001.3,6.0,7.0,16.2,21.2,Yes,No,1,0,1,0,0,1,17.75,13.5,5.0,48,-2.8,24.0,Light (1-10),Warm (20-30),,0.67,-0.62,-0.86,,-1.89,,0
2010-09-11,2010,9,Sep,3,Spring,2010-09,254,11.1,19.9,0.8,4.4,10.9,,,W,E,20,15,46,44,1017.4,1017.2,1.0,1.0,15.3,17.5,No,No,0,0,1,0,0,0,15.5,8.8,2.2,2,-0.2,17.5,Dry (<=1 mm),Mild (<20),,-0.56,-0.58,-0.28,,-0.13,,0
2010-09-12,2010,9,Sep,3,Spring,2010-09,255,9.2,18.9,0.0,3.8,10.0,,,W,NE,15,17,64,61,1022.5,1017.8,3.0,5.0,13.6,17.6,No,No,0,0,1,0,0,0,14.05,9.7,4.0,3,-4.7,16.0,Dry (<=1 mm),Mild (<20),,-0.82,-1.32,0.7,,0.55,,0
2010-09-13,2010,9,Sep,3,Spring,2010-09,256,13.3,23.9,0.0,4.2,6.9,,,W,W,13,24,64,24,1015.8,1012.1,5.0,3.0,16.2,23.3,No,No,0,0,1,0,0,0,18.6,10.6,7.1,40,-3.7,18.5,Dry (<=1 mm),Warm (20-30),,0.51,0.27,-1.44,,-0.34,,0
2010-09-14,2010,9,Sep,3,Spring,2010-09,257,13.9,18.1,0.0,5.4,1.7,,,ESE,ESE,28,28,70,87,1016.4,1011.4,6.0,8.0,17.6,15.7,No,Yes,0,1,1,0,0,0,16.0,4.2,-1.9,-17,-5.0,28.0,Dry (<=1 mm),Mild (<20),,-1.03,0.5,2.21,,-0.26,,0
2010-09-16,2010,9,Sep,3,Spring,2010-09,259,10.4,21.2,0.0,5.0,9.6,,,W,WNW,24,19,42,30,1014.8,1010.6,5.0,2.0,15.3,20.8,No,No,0,0,1,0,0,0,15.8,10.8,5.5,12,-4.2,21.5,Dry (<=1 mm),Warm (20-30),,-0.21,-0.85,-1.09,,-0.47,,0
2010-09-17,2010,9,Sep,3,Spring,2010-09,260,9.5,19.3,0.0,6.4,11.2,,,W,ENE,20,19,41,33,1021.1,1017.8,2.0,5.0,13.5,17.2,No,No,0,0,1,0,0,0,14.4,9.8,3.7,8,-3.3,19.5,Dry (<=1 mm),Mild (<20),,-0.71,-1.2,-0.92,,0.36,,0
2010-09-18,2010,9,Sep,3,Spring,2010-09,261,9.6,23.3,0.0,5.0,11.0,,,W,ESE,17,20,48,45,1017.4,1013.8,1.0,1.0,15.0,19.5,No,No,0,0,1,0,0,0,16.45,13.7,4.5,3,-3.6,18.5,Dry (<=1 mm),Warm (20-30),,0.35,-1.16,-0.22,,-0.13,,0
2010-09-19,2010,9,Sep,3,Spring,2010-09,262,11.7,18.1,0.0,4.0,4.1,,,W,ENE,11,13,56,66,1022.0,1019.7,6.0,7.0,15.0,17.3,No,No,0,0,1,0,0,0,14.9,6.4,2.3,-10,-2.3,12.0,Dry (<=1 mm),Mild (<20),,-1.03,-0.35,0.99,,0.48,,0
2010-09-20,2010,9,Sep,3,Spring,2010-09,263,11.1,20.1,0.0,3.6,9.1,,,W,E,13,20,66,65,1024.0,1022.7,4.0,5.0,16.8,18.5,No,No,0,0,1,0,0,0,15.6,9.0,1.7,1,-1.3,16.5,Dry (<=1 mm),Warm (20-30),,-0.5,-0.58,0.94,,0.75,,0
2010-09-21,2010,9,Sep,3,Spring,2010-09,264,11.6,23.7,0.0,3.0,8.2,,,W,SSE,15,24,82,66,1023.0,1022.3,0.0,5.0,15.3,20.4,No,Yes,0,1,1,0,0,0,17.65,12.1,5.1,16,-0.7,19.5,Dry (<=1 mm),Warm (20-30),,0.46,-0.39,0.99,,0.62,,0
2010-09-22,2010,9,Sep,3,Spring,2010-09,265,13.0,20.1,1.8,4.6,9.5,,,W,E,11,22,75,61,1026.5,1020.8,3.0,1.0,16.6,18.1,Yes,No,1,0,1,0,0,1,16.55,7.1,1.5,14,-5.7,16.5,Light (1-10),Warm (20-30),,-0.5,0.15,0.7,,1.08,,0
2010-09-23,2010,9,Sep,3,Spring,2010-09,266,15.2,19.0,0.2,5.0,1.1,,,SE,E,13,15,69,63,1024.7,1022.3,7.0,7.0,16.6,17.3,No,No,0,0,1,0,0,0,17.1,3.8,0.7,6,-2.4,14.0,Dry (<=1 mm),Mild (<20),,-0.79,1.0,0.82,,0.84,,0
2010-09-24,2010,9,Sep,3,Spring,2010-09,267,13.7,21.1,0.0,3.2,10.7,,,NNW,NE,13,13,67,69,1022.2,1017.6,0.0,0.0,19.0,20.2,No,No,0,0,1,0,0,0,17.4,7.4,1.2,-2,-4.6,13.0,Dry (<=1 mm),Warm (20-30),,-0.24,0.42,1.17,,0.51,,0
2010-09-25,2010,9,Sep,3,Spring,2010-09,268,13.4,26.9,0.0,5.4,8.0,,,W,ESE,9,15,58,33,1016.0,1013.5,4.0,7.0,18.5,24.8,No,No,0,0,1,0,0,0,20.15,13.5,6.3,25,-2.5,12.0,Dry (<=1 mm),Warm (20-30),,1.31,0.3,-0.92,,-0.31,,0
2010-09-26,2010,9,Sep,3,Spring,2010-09,269,13.1,22.0,0.0,5.4,10.8,,,W,E,6,24,57,74,1020.1,1017.3,1.0,3.0,19.5,19.7,No,No,0,0,1,0,0,0,17.55,8.9,0.2,-17,-2.8,15.0,Dry (<=1 mm),Warm (20-30),,0.0,0.19,1.46,,0.23,,0
2010-10-02,2010,10,Oct,4,Spring,2010-10,275,12.7,19.6,0.0,2.6,0.0,,,E,ENE,13,20,70,82,1029.8,1027.7,5.0,4.0,18.3,16.5,No,Yes,0,1,1,0,0,0,16.15,6.9,-1.8,-12,-2.1,16.5,Dry (<=1 mm),Mild (<20),,-0.89,-0.72,1.77,,1.55,,0
2010-10-03,2010,10,Oct,4,Spring,2010-10,276,15.0,19.7,14.2,1.0,1.2,,,ENE,E,19,24,93,77,1030.0,1027.4,5.0,4.0,15.3,18.9,Yes,Yes,1,1,1,0,0,1,17.35,4.7,3.6,16,-2.6,21.5,Moderate (10-25),Mild (<20),,-0.86,0.08,1.49,,1.58,,0
2010-10-04,2010,10,Oct,4,Spring,2010-10,277,15.3,20.6,12.0,4.0,2.3,,,E,E,7,24,83,72,1026.2,1022.8,5.0,4.0,17.9,19.9,Yes,Yes,1,1,1,0,0,1,17.95,5.3,2.0,11,-3.4,15.5,Moderate (10-25),Warm (20-30),,-0.66,0.18,1.21,,1.04,,0
2010-10-14,2010,10,Oct,4,Spring,2010-10,287,17.8,28.9,2.0,4.0,10.8,NNW,41.0,NNW,E,22,17,63,48,1011.2,1008.1,5.0,4.0,22.3,26.6,Yes,No,1,0,0,0,0,1,23.35,11.1,4.3,15,-3.1,19.5,Light (1-10),Warm (20-30),Moderate (30-50),1.2,1.06,-0.15,-0.27,-1.08,,0
2010-10-15,2010,10,Oct,4,Spring,2010-10,288,19.5,24.7,0.0,7.8,0.2,NNW,76.0,NE,NE,13,31,66,73,999.6,989.8,5.0,4.0,21.5,21.8,No,No,0,0,0,0,0,0,22.1,5.2,0.3,-7,-9.8,22.0,Dry (<=1 mm),Warm (20-30),Gale-force (>=70),0.26,1.65,1.27,2.25,-2.71,,0
2010-10-16,2010,10,Oct,4,Spring,2010-10,289,11.7,16.1,0.8,3.4,9.3,WNW,85.0,W,W,46,48,34,28,999.3,1003.6,5.0,4.0,12.9,15.2,No,No,0,0,0,0,0,0,13.9,4.4,2.3,6,4.3,47.0,Dry (<=1 mm),Mild (<20),Gale-force (>=70),-1.67,-1.07,-1.28,2.89,-2.76,,0
2010-10-17,2010,10,Oct,4,Spring,2010-10,290,9.9,24.0,0.0,6.6,12.1,W,41.0,W,SSE,24,4,44,30,1012.9,1011.3,5.0,4.0,14.7,23.3,No,No,0,0,0,0,0,0,16.95,14.1,8.6,14,-1.6,14.0,Dry (<=1 mm),Warm (20-30),Moderate (30-50),0.1,-1.7,-1.16,-0.27,-0.84,,0
2010-10-20,2010,10,Oct,4,Spring,2010-10,293,12.9,20.3,0.2,3.0,10.9,ENE,37.0,W,E,11,26,70,57,1028.8,1025.6,3.0,1.0,16.9,19.8,No,No,0,0,0,0,0,0,16.6,7.4,2.9,13,-3.2,18.5,Dry (<=1 mm),Warm (20-30),Moderate (30-50),-0.73,-0.65,0.36,-0.55,1.41,,0
2010-10-21,2010,10,Oct,4,Spring,2010-10,294,13.3,21.5,0.0,6.6,11.0,ENE,41.0,W,ENE,11,28,75,58,1025.9,1022.4,2.0,5.0,17.6,21.3,No,No,0,0,0,0,0,0,17.4,8.2,3.7,17,-3.5,19.5,Dry (<=1 mm),Warm (20-30),Moderate (30-50),-0.46,-0.51,0.42,-0.27,1.0,,0
2010-10-22,2010,10,Oct,4,Spring,2010-10,295,15.3,23.0,0.0,5.6,11.0,NNE,41.0,W,ENE,6,19,70,63,1021.4,1017.8,1.0,4.0,19.0,22.2,No,No,0,0,0,0,0,0,19.15,7.7,3.2,7,-3.6,12.5,Dry (<=1 mm),Warm (20-30),Moderate (30-50),-0.12,0.18,0.7,-0.27,0.36,,0
2010-10-23,2010,10,Oct,4,Spring,2010-10,296,15.8,27.2,0.0,8.0,6.9,NW,52.0,W,WSW,7,4,59,82,1016.6,1015.1,5.0,4.0,21.4,19.3,No,Yes,0,1,0,0,0,0,21.5,11.4,-2.1,-23,-1.5,5.5,Dry (<=1 mm),Warm (20-30),Strong (50-70),0.82,0.36,1.77,0.52,-0.31,,0
2010-10-24,2010,10,Oct,4,Spring,2010-10,297,14.1,15.7,30.6,7.4,0.0,SSE,48.0,SSE,S,22,20,92,75,1021.1,1020.6,5.0,4.0,14.1,15.7,Yes,Yes,1,1,0,0,0,1,14.9,1.6,1.6,17,-0.5,21.0,Heavy (25-50),Mild (<20),Moderate (30-50),-1.76,-0.24,1.38,0.24,0.32,,0
2010-10-26,2010,10,Oct,4,Spring,2010-10,299,12.9,26.7,0.2,3.8,12.1,NE,33.0,W,ENE,13,24,73,56,1018.0,1015.0,1.0,5.0,17.8,22.5,No,No,0,0,0,0,0,0,19.8,13.8,4.7,17,-3.0,18.5,Dry (<=1 mm),Warm (20-30),Moderate (30-50),0.71,-0.65,0.31,-0.84,-0.12,,0
2010-10-27,2010,10,Oct,4,Spring,2010-10,300,14.8,23.8,0.0,6.8,9.6,SSE,54.0,SSE,SE,13,26,76,69,1016.0,1014.7,2.0,7.0,20.2,20.6,No,Yes,0,1,0,0,0,0,19.3,9.0,0.4,7,-1.3,19.5,Dry (<=1 mm),Warm (20-30),Strong (50-70),0.06,0.01,1.04,0.67,-0.4,,0
2010-10-28,2010,10,Oct,4,Spring,2010-10,301,16.4,21.4,1.8,5.4,8.9,ESE,33.0,SE,ESE,17,19,65,53,1021.5,1020.4,5.0,4.0,18.3,20.2,Yes,No,1,0,0,0,0,1,18.9,5.0,1.9,12,-1.1,18.0,Light (1-10),Warm (20-30),Moderate (30-50),-0.48,0.57,0.14,-0.84,0.38,,0
2010-10-29,2010,10,Oct,4,Spring,2010-10,302,14.5,22.1,0.2,6.2,1.8,ENE,31.0,WNW,ENE,11,15,82,59,1020.7,1017.5,7.0,7.0,16.2,20.5,No,No,0,0,0,0,0,0,18.3,7.6,4.3,23,-3.2,13.0,Dry (<=1 mm),Warm (20-30),Moderate (30-50),-0.33,-0.1,0.47,-0.98,0.26,,0
2010-10-30,2010,10,Oct,4,Spring,2010-10,303,16.2,24.4,0.0,3.2,9.9,NE,56.0,N,NE,9,22,70,64,1015.1,1012.2,5.0,4.0,22.0,23.8,No,No,0,0,0,0,0,0,20.3,8.2,1.8,6,-2.9,15.5,Dry (<=1 mm),Warm (20-30),Strong (50-70),0.19,0.5,0.76,0.81,-0.53,,0
2010-10-31,2010,10,Oct,4,Spring,2010-10,304,19.3,24.7,0.0,7.2,5.5,NE,50.0,NE,NE,19,28,81,64,1012.0,1010.6,5.0,4.0,20.7,24.2,No,Yes,0,1,0,0,0,0,22.0,5.4,3.5,17,-1.4,23.5,Dry (<=1 mm),Warm (20-30),Strong (50-70),0.26,1.58,0.76,0.38,-0.96,,0
2010-11-01,2010,11,Nov,4,Spring,2010-11,305,18.1,20.4,5.2,6.6,0.1,SSE,48.0,S,SSE,22,28,78,77,1014.7,1012.1,8.0,8.0,18.7,18.6,Yes,Yes,1,1,0,0,0,1,19.25,2.3,-0.1,1,-2.6,25.0,Light (1-10),Warm (20-30),Moderate (30-50),-1.14,0.34,1.31,0.29,-0.12,,0
2010-11-02,2010,11,Nov,4,Spring,2010-11,306,11.8,17.9,32.6,3.8,1.7,WSW,54.0,W,SSE,31,24,77,59,1011.8,1012.8,5.0,7.0,13.3,17.8,Yes,No,1,0,0,0,0,1,14.85,6.1,4.5,18,1.0,27.5,Heavy (25-50),Mild (<20),Strong (50-70),-1.78,-2.4,0.08,0.81,-0.58,,0
2010-11-03,2010,11,Nov,4,Spring,2010-11,307,12.0,23.9,0.2,4.0,11.9,SE,44.0,W,ESE,13,24,65,54,1018.1,1016.3,1.0,3.0,17.6,20.7,No,No,0,0,0,0,0,0,17.95,11.9,3.1,11,-1.8,18.5,Dry (<=1 mm),Warm (20-30),Moderate (30-50),-0.24,-2.32,-0.26,-0.06,0.42,,0
2010-11-04,2010,11,Nov,4,Spring,2010-11,308,14.4,18.1,0.4,5.4,2.8,ESE,48.0,S,SE,15,20,83,68,1022.3,1020.5,7.0,7.0,14.8,17.6,No,Yes,0,1,0,0,0,0,16.25,3.7,2.8,15,-1.8,17.5,Dry (<=1 mm),Mild (<20),Moderate (30-50),-1.73,-1.27,0.69,0.29,1.09,,0
2010-11-05,2010,11,Nov,4,Spring,2010-11,309,13.4,19.2,8.4,8.4,2.7,SE,46.0,SE,SSE,17,30,67,53,1023.9,1022.1,7.0,7.0,15.2,17.8,Yes,Yes,1,1,0,0,0,1,16.3,5.8,2.6,14,-1.8,23.5,Light (1-10),Mild (<20),Moderate (30-50),-1.45,-1.71,-0.33,0.12,1.34,,0
2010-11-06,2010,11,Nov,4,Spring,2010-11,310,13.6,18.8,26.0,4.8,2.5,ESE,37.0,SSW,SSE,7,15,93,81,1023.8,1021.9,5.0,4.0,14.1,16.7,Yes,Yes,1,1,0,0,0,1,16.2,5.2,2.6,12,-1.9,11.0,Heavy (25-50),Mild (<20),Moderate (30-50),-1.55,-1.62,1.58,-0.66,1.33,,0
2010-11-07,2010,11,Nov,4,Spring,2010-11,311,13.4,23.3,8.8,3.6,10.9,NE,37.0,WNW,E,13,26,77,59,1021.3,1018.1,5.0,4.0,16.6,20.7,Yes,No,1,0,0,0,0,1,18.35,9.9,4.1,18,-3.2,19.5,Light (1-10),Warm (20-30),Moderate (30-50),-0.39,-1.71,0.08,-0.66,0.93,,0
2010-11-08,2010,11,Nov,4,Spring,2010-11,312,16.1,26.3,0.0,5.8,7.9,SW,74.0,E,NNE,7,28,64,52,1017.2,1015.1,3.0,7.0,23.3,23.8,No,Yes,0,1,0,0,0,0,21.2,10.2,0.5,12,-2.1,17.5,Dry (<=1 mm),Warm (20-30),Gale-force (>=70),0.38,-0.53,-0.4,2.54,0.28,,0
2010-11-09,2010,11,Nov,4,Spring,2010-11,313,17.2,23.6,5.6,11.2,7.0,SSE,37.0,SSE,E,22,11,80,54,1025.0,1024.2,7.0,8.0,19.7,23.2,Yes,No,1,0,0,0,0,1,20.4,6.4,3.5,26,-0.8,16.5,Light (1-10),Warm (20-30),Moderate (30-50),-0.32,-0.05,-0.26,-0.66,1.52,,0
2010-11-10,2010,11,Nov,4,Spring,2010-11,314,18.2,24.5,0.0,3.2,6.0,N,52.0,WNW,ENE,6,30,87,72,1021.8,1017.1,5.0,7.0,20.9,23.5,No,Yes,0,1,0,0,0,0,21.35,6.3,2.6,15,-4.7,18.0,Dry (<=1 mm),Warm (20-30),Strong (50-70),-0.08,0.38,0.97,0.64,1.01,,0
2010-11-11,2010,11,Nov,4,Spring,2010-11,315,19.7,27.2,8.6,7.2,9.3,E,30.0,ESE,E,7,24,77,43,1014.9,1012.0,5.0,3.0,20.1,25.0,Yes,No,1,0,0,0,0,1,23.45,7.5,4.9,34,-2.9,15.5,Light (1-10),Warm (20-30),Moderate (30-50),0.61,1.04,-1.01,-1.27,-0.09,,0
2010-11-14,2010,11,Nov,4,Spring,2010-11,318,20.5,30.4,0.0,9.0,10.2,NNE,50.0,ENE,NNE,13,28,70,56,1015.7,1012.8,5.0,4.0,26.1,27.2,No,No,0,0,0,0,0,0,25.45,9.9,1.1,14,-2.9,20.5,Dry (<=1 mm),Hot (30-35),Strong (50-70),1.43,1.39,-0.12,0.46,0.04,,0
2010-11-15,2010,11,Nov,4,Spring,2010-11,319,22.3,23.9,0.0,10.4,0.0,SSE,30.0,SW,SE,9,7,70,95,1012.8,1012.6,5.0,4.0,23.9,19.4,No,Yes,0,1,0,0,1,0,23.1,1.6,-4.5,-25,-0.2,8.0,Dry (<=1 mm),Warm (20-30),Moderate (30-50),-0.24,2.17,2.53,-1.27,-0.42,,0
2010-11-16,2010,11,Nov,4,Spring,2010-11,320,17.4,23.5,21.0,1.0,7.9,ESE,35.0,S,SSE,13,20,82,65,1013.3,1011.3,7.0,3.0,18.8,22.8,Yes,No,1,0,0,0,0,1,20.45,6.1,4.0,17,-2.0,16.5,Moderate (10-25),Warm (20-30),Moderate (30-50),-0.34,0.04,0.49,-0.84,-0.34,,0
2010-11-17,2010,11,Nov,4,Spring,2010-11,321,17.1,22.3,0.4,6.6,4.2,SSE,28.0,S,E,17,15,80,61,1017.1,1015.7,7.0,6.0,17.5,21.0,No,No,0,0,0,0,0,0,19.7,5.2,3.5,19,-1.4,16.0,Dry (<=1 mm),Warm (20-30),Light (<30),-0.65,-0.1,0.22,-1.44,0.26,,0
2010-11-18,2010,11,Nov,4,Spring,2010-11,322,16.8,23.4,1.0,3.6,8.8,NE,35.0,N,NE,7,20,65,59,1015.2,1012.2,3.0,6.0,22.3,22.6,No,No,0,0,0,0,0,0,20.1,6.6,0.3,6,-3.0,13.5,Dry (<=1 mm),Warm (20-30),Moderate (30-50),-0.37,-0.23,0.08,-0.84,-0.04,,0
2010-11-19,2010,11,Nov,4,Spring,2010-11,323,16.7,20.0,0.0,8.0,0.4,SSE,67.0,S,SSE,26,33,71,58,1021.8,1024.0,7.0,8.0,17.4,18.5,No,No,0,0,0,0,0,0,18.35,3.3,1.1,13,2.2,29.5,Dry (<=1 mm),Warm (20-30),Strong (50-70),-1.24,-0.27,0.01,1.94,1.01,,0
2010-11-22,2010,11,Nov,4,Spring,2010-11,326,16.5,24.0,0.0,9.0,11.4,NE,44.0,WNW,E,4,26,82,54,1026.0,1024.3,6.0,2.0,19.3,23.2,No,No,0,0,0,0,0,0,20.25,7.5,3.9,28,-1.7,15.0,Dry (<=1 mm),Warm (20-30),Moderate (30-50),-0.21,-0.36,-0.26,-0.06,1.68,,0
2010-11-24,2010,11,Nov,4,Spring,2010-11,328,17.5,24.7,0.0,11.0,12.6,NE,56.0,NNE,NE,17,26,60,58,1025.3,1022.0,2.0,1.0,22.8,24.1,No,No,0,0,0,0,0,0,21.1,7.2,1.3,2,-3.3,21.5,Dry (<=1 mm),Warm (20-30),Strong (50-70),-0.03,0.08,0.01,0.98,1.56,,0
2010-11-25,2010,11,Nov,4,Spring,2010-11,329,18.5,26.0,0.0,8.8,12.1,NE,44.0,E,NE,17,20,67,53,1020.5,1017.7,1.0,1.0,22.5,25.2,No,No,0,0,0,0,0,0,22.25,7.5,2.7,14,-2.8,18.5,Dry (<=1 mm),Warm (20-30),Moderate (30-50),0.3,0.51,-0.33,-0.06,0.8,,0
2010-11-26,2010,11,Nov,4,Spring,2010-11,330,18.9,24.1,0.0,11.6,9.0,NE,37.0,E,E,13,19,62,72,1017.3,1015.3,5.0,7.0,23.9,22.4,No,No,0,0,0,0,0,0,21.5,5.2,-1.5,-10,-2.0,16.0,Dry (<=1 mm),Warm (20-30),Moderate (30-50),-0.19,0.69,0.97,-0.66,0.29,,0
2010-11-27,2010,11,Nov,4,Spring,2010-11,331,18.2,25.8,0.0,6.0,10.8,NNE,63.0,E,NE,6,28,77,56,1015.6,1012.0,5.0,4.0,22.3,25.5,No,No,0,0,0,0,0,0,22.0,7.6,3.2,21,-3.6,17.0,Dry (<=1 mm),Warm (20-30),Strong (50-70),0.25,0.38,-0.12,1.59,0.03,,0
2010-11-28,2010,11,Nov,4,Spring,2010-11,332,19.0,23.5,0.0,10.8,0.0,NNE,44.0,NE,NE,9,13,73,64,1010.9,1010.2,5.0,4.0,21.7,23.0,No,Yes,0,1,0,0,0,0,21.25,4.5,1.3,9,-0.7,11.0,Dry (<=1 mm),Warm (20-30),Moderate (30-50),-0.34,0.73,0.42,-0.06,-0.72,,0
2010-11-29,2010,11,Nov,4,Spring,2010-11,333,16.8,21.5,5.8,3.4,0.0,SSW,56.0,SSW,S,30,28,85,77,1013.6,1012.9,5.0,4.0,18.0,20.8,Yes,Yes,1,1,0,0,0,1,19.15,4.7,2.8,8,-0.7,29.0,Light (1-10),Warm (20-30),Strong (50-70),-0.86,-0.23,1.31,0.98,-0.29,,0
2010-11-30,2010,11,Nov,4,Spring,2010-11,334,16.4,21.6,5.6,1.8,0.9,SSW,44.0,S,SSE,11,17,94,91,1016.4,1014.5,8.0,8.0,17.3,20.2,Yes,Yes,1,1,0,0,0,1,19.0,5.2,2.9,3,-1.9,14.0,Light (1-10),Warm (20-30),Moderate (30-50),-0.83,-0.4,2.26,-0.06,0.15,,0
2010-12-01,2010,12,Dec,4,Summer,2010-12,335,17.2,20.1,27.6,3.4,0.0,E,43.0,ENE,E,30,19,94,89,1016.4,1015.3,8.0,8.0,18.9,19.9,Yes,Yes,1,1,0,0,0,1,18.65,2.9,1.0,5,-1.1,24.5,Heavy (25-50),Warm (20-30),Moderate (30-50),-1.66,-0.61,2.13,-0.17,0.39,,0
2010-12-02,2010,12,Dec,4,Summer,2010-12,336,18.5,24.3,21.0,1.8,5.4,ENE,44.0,ENE,ENE,17,22,91,78,1018.0,1015.9,8.0,7.0,20.1,22.7,Yes,No,1,0,0,0,0,1,21.4,5.8,2.6,13,-2.1,19.5,Moderate (10-25),Warm (20-30),Moderate (30-50),-0.44,-0.04,1.39,-0.09,0.67,,0
2010-12-03,2010,12,Dec,4,Summer,2010-12,337,19.8,24.4,0.2,5.2,8.7,ENE,43.0,NNE,E,17,24,70,74,1017.3,1014.7,2.0,6.0,23.7,23.2,No,No,0,0,0,0,0,0,22.1,4.6,-0.5,-4,-2.6,20.5,Dry (<=1 mm),Warm (20-30),Moderate (30-50),-0.41,0.54,1.11,-0.17,0.55,,0
2010-12-04,2010,12,Dec,4,Summer,2010-12,338,19.6,22.7,0.0,7.4,1.6,NE,31.0,NNW,E,6,19,84,80,1013.0,1010.2,5.0,4.0,20.9,22.0,No,Yes,0,1,0,0,0,0,21.15,3.1,1.1,4,-2.8,12.5,Dry (<=1 mm),Warm (20-30),Moderate (30-50),-0.91,0.45,1.52,-1.17,-0.18,,0
2010-12-06,2010,12,Dec,4,Summer,2010-12,340,20.4,25.7,1.0,5.8,11.4,ESE,28.0,ESE,ESE,7,19,74,67,1014.2,1013.3,5.0,5.0,23.6,25.5,No,No,0,0,0,0,0,0,23.05,5.3,1.9,7,-0.9,13.0,Dry (<=1 mm),Warm (20-30),Light (<30),-0.04,0.81,0.64,-1.42,0.02,,0
2010-12-07,2010,12,Dec,4,Summer,2010-12,341,21.0,26.0,0.0,8.0,13.2,ENE,43.0,E,ENE,19,24,73,63,1016.5,1015.4,6.0,3.0,23.5,25.4,No,No,0,0,0,0,0,0,23.5,5.0,1.9,10,-1.1,21.5,Dry (<=1 mm),Warm (20-30),Moderate (30-50),0.05,1.08,0.37,-0.17,0.41,,0
2010-12-08,2010,12,Dec,4,Summer,2010-12,342,20.8,26.3,0.0,7.6,12.2,NE,63.0,NE,NE,15,28,67,68,1016.7,1012.5,3.0,5.0,24.8,25.7,No,No,0,0,0,0,0,0,23.55,5.5,0.9,-1,-4.2,21.5,Dry (<=1 mm),Warm (20-30),Strong (50-70),0.14,0.99,0.71,1.48,0.45,,0
2010-12-09,2010,12,Dec,4,Summer,2010-12,343,22.0,30.7,0.0,10.4,2.6,N,31.0,NE,SSE,13,9,80,62,1010.8,1008.2,7.0,8.0,23.4,28.3,No,No,0,0,0,0,0,0,26.35,8.7,4.9,18,-2.6,11.0,Dry (<=1 mm),Hot (30-35),Moderate (30-50),1.41,1.52,0.3,-1.17,-0.55,,0
2010-12-10,2010,12,Dec,4,Summer,2010-12,344,22.8,29.6,0.0,4.8,4.3,S,46.0,WSW,E,17,28,74,72,1009.4,1006.0,8.0,7.0,23.6,24.0,No,No,0,0,0,0,0,0,26.2,6.8,0.4,2,-3.4,22.5,Dry (<=1 mm),Warm (20-30),Moderate (30-50),1.09,1.88,0.98,0.07,-0.79,,0
2010-12-11,2010,12,Dec,4,Summer,2010-12,345,17.2,26.9,0.0,6.8,13.4,NE,39.0,W,ENE,13,22,46,56,1007.9,1003.1,5.0,4.0,22.2,23.4,No,No,0,0,0,0,0,0,22.05,9.7,1.2,-10,-4.8,17.5,Dry (<=1 mm),Warm (20-30),Moderate (30-50),0.31,-0.61,-0.11,-0.51,-1.04,,0
2010-12-12,2010,12,Dec,4,Summer,2010-12,346,17.8,30.8,0.0,9.2,13.3,SSW,46.0,W,ENE,6,28,47,40,1004.0,1003.7,5.0,4.0,24.8,26.1,No,No,0,0,0,0,0,0,24.3,13.0,1.3,7,-0.3,17.0,Dry (<=1 mm),Hot (30-35),Moderate (30-50),1.44,-0.35,-1.2,0.07,-1.71,,0
2010-12-13,2010,12,Dec,4,Summer,2010-12,347,18.5,26.3,0.0,10.2,12.8,SSW,44.0,SSW,ESE,15,24,62,51,1013.5,1012.7,2.0,1.0,22.6,25.5,No,No,0,0,0,0,0,0,22.4,7.8,2.9,11,-0.8,19.5,Dry (<=1 mm),Warm (20-30),Moderate (30-50),0.14,-0.04,-0.45,-0.09,-0.1,,0
2010-12-15,2010,12,Dec,4,Summer,2010-12,349,20.0,25.6,0.0,6.0,10.7,NNE,43.0,E,E,11,24,71,69,1010.8,1006.7,4.0,4.0,24.0,24.7,No,No,0,0,0,0,0,0,22.8,5.6,0.7,2,-4.1,17.5,Dry (<=1 mm),Warm (20-30),Moderate (30-50),-0.07,0.63,0.77,-0.17,-0.55,,0
2010-12-16,2010,12,Dec,4,Summer,2010-12,350,21.7,26.4,0.0,7.6,3.9,SSE,52.0,ENE,NNW,4,6,72,91,1003.8,1006.0,5.0,8.0,24.7,20.6,No,Yes,0,1,0,0,1,0,24.05,4.7,-4.1,-19,2.2,5.0,Dry (<=1 mm),Warm (20-30),Strong (50-70),0.17,1.39,2.27,0.57,-1.74,,0
2010-12-17,2010,12,Dec,4,Summer,2010-12,351,18.0,26.4,7.6,5.8,3.8,NW,41.0,SSW,ESE,6,6,75,71,1005.7,1003.5,8.0,6.0,20.5,23.0,Yes,No,1,0,0,0,0,1,22.2,8.4,2.5,4,-2.2,6.0,Light (1-10),Warm (20-30),Moderate (30-50),0.17,-0.26,0.91,-0.34,-1.42,,0
2010-12-18,2010,12,Dec,4,Summer,2010-12,352,19.6,25.5,0.0,7.8,4.1,W,57.0,NW,NW,24,26,57,44,1003.1,999.6,5.0,4.0,20.7,25.4,No,No,0,0,0,0,0,0,22.55,5.9,4.7,13,-3.5,25.0,Dry (<=1 mm),Warm (20-30),Strong (50-70),-0.1,0.45,-0.93,0.98,-1.86,,0
2010-12-19,2010,12,Dec,4,Summer,2010-12,353,18.5,27.3,0.0,5.0,5.0,WSW,65.0,N,N,15,33,69,44,1003.5,995.6,5.0,4.0,19.8,26.4,No,Yes,0,1,0,0,0,0,22.9,8.8,6.6,25,-7.9,24.0,Dry (<=1 mm),Warm (20-30),Strong (50-70),0.43,-0.04,-0.93,1.65,-1.79,,0
2010-12-20,2010,12,Dec,4,Summer,2010-12,354,13.3,21.7,4.8,9.2,11.6,W,72.0,W,W,41,41,42,32,997.6,1000.7,1.0,2.0,16.7,21.3,Yes,No,1,0,0,0,0,1,17.5,8.4,4.6,10,3.1,41.0,Light (1-10),Warm (20-30),Gale-force (>=70),-1.2,-2.35,-1.74,2.23,-2.79,,0
2010-12-21,2010,12,Dec,4,Summer,2010-12,355,15.4,27.8,0.0,8.4,13.5,W,52.0,WNW,WNW,26,20,36,26,1008.7,1007.9,1.0,1.0,21.3,27.1,No,No,0,0,0,0,0,0,21.6,12.4,5.8,10,-0.8,23.0,Dry (<=1 mm),Warm (20-30),Strong (50-70),0.57,-1.42,-2.15,0.57,-0.91,,0
2010-12-22,2010,12,Dec,4,Summer,2010-12,356,17.7,25.7,0.0,9.2,12.7,SE,41.0,SE,SSE,19,26,71,61,1018.5,1017.6,5.0,5.0,22.0,25.2,No,No,0,0,0,0,0,0,21.7,8.0,3.2,10,-0.9,22.5,Dry (<=1 mm),Warm (20-30),Moderate (30-50),-0.04,-0.39,0.23,-0.34,0.75,,0
2010-12-23,2010,12,Dec,4,Summer,2010-12,357,19.1,27.0,0.0,8.4,7.5,SSE,59.0,W,E,9,19,72,57,1018.1,1016.5,6.0,5.0,21.4,26.2,No,No,0,0,0,0,0,0,23.05,7.9,4.8,15,-1.6,14.0,Dry (<=1 mm),Warm (20-30),Strong (50-70),0.34,0.23,-0.04,1.15,0.68,,0
2010-12-24,2010,12,Dec,4,Summer,2010-12,358,18.7,24.1,0.0,8.0,8.0,SE,44.0,ESE,ESE,19,19,65,47,1026.1,1023.7,,,19.8,23.6,No,No,0,0,0,1,0,0,21.4,5.4,3.8,18,-2.4,19.0,Dry (<=1 mm),Warm (20-30),Moderate (30-50),-0.5,0.05,-0.72,-0.09,2.04,,0
2010-12-25,2010,12,Dec,4,Summer,2010-12,359,16.0,26.3,0.0,7.0,12.5,ENE,43.0,W,NE,0,19,69,61,1017.2,1011.4,,,21.5,25.5,No,No,0,0,0,1,0,0,21.15,10.3,4.0,8,-5.8,9.5,Dry (<=1 mm),Warm (20-30),Moderate (30-50),0.14,-1.15,0.23,-0.17,0.53,,0
2010-12-26,2010,12,Dec,4,Summer,2010-12,360,20.8,31.3,0.8,8.0,3.5,SSE,76.0,W,WNW,20,15,88,56,1006.3,1001.4,,,21.1,28.7,No,Yes,0,1,0,1,0,0,26.05,10.5,7.6,32,-4.9,17.5,Dry (<=1 mm),Hot (30-35),Gale-force (>=70),1.59,0.99,-0.11,2.56,-1.32,,0
2010-12-27,2010,12,Dec,4,Summer,2010-12,361,18.4,19.9,17.0,11.8,0.3,SSE,57.0,SSW,SSE,15,28,88,78,1005.5,1005.8,,,18.5,18.9,Yes,Yes,1,1,0,1,0,1,19.15,1.5,0.4,10,0.3,21.5,Moderate (10-25),Mild (<20),Strong (50-70),-1.72,-0.08,1.39,0.98,-1.45,,0
2010-12-28,2010,12,Dec,4,Summer,2010-12,362,15.4,21.2,1.8,5.4,2.5,SSE,39.0,SSE,ESE,11,19,59,50,1018.9,1019.1,,,19.0,20.7,Yes,No,1,0,0,1,0,1,18.3,5.8,1.7,9,0.2,15.0,Light (1-10),Warm (20-30),Moderate (30-50),-1.34,-1.42,-0.52,-0.51,0.82,,0
2010-12-29,2010,12,Dec,4,Summer,2010-12,363,17.3,24.7,0.0,5.2,12.7,NE,48.0,WSW,NE,4,28,66,56,1018.5,1014.8,,,21.1,24.1,No,No,0,0,0,1,0,0,21.0,7.4,3.0,10,-3.7,16.0,Dry (<=1 mm),Warm (20-30),Moderate (30-50),-0.33,-0.57,-0.11,0.24,0.75,,0
2010-12-30,2010,12,Dec,4,Summer,2010-12,364,20.0,26.5,0.0,8.6,13.1,E,30.0,E,E,7,20,64,63,1016.6,1015.3,,,24.7,24.8,No,No,0,0,0,1,0,0,23.25,6.5,0.1,1,-1.3,13.5,Dry (<=1 mm),Warm (20-30),Moderate (30-50),0.19,0.63,0.37,-1.25,0.43,,0
2010-12-31,2010,12,Dec,4,Summer,2010-12,365,21.4,27.2,0.0,8.8,11.7,NE,46.0,ESE,ENE,7,28,78,65,1016.0,1013.9,,,24.0,26.4,No,No,0,0,0,1,0,0,24.3,5.8,2.4,13,-2.1,17.5,Dry (<=1 mm),Warm (20-30),Moderate (30-50),0.4,1.25,0.5,0.07,0.33,,0
2011-01-01,2011,1,Jan,1,Summer,2011-01,1,20.5,29.0,0.0,10.0,10.8,NE,39.0,E,ENE,13,20,69,58,1013.2,1010.1,,,25.5,27.1,No,No,0,0,0,1,0,0,24.75,8.5,1.6,11,-3.1,16.5,Dry (<=1 mm),Warm (20-30),Moderate (30-50),0.4,0.09,-0.04,-0.45,-0.16,,0
2011-01-02,2011,1,Jan,1,Summer,2011-01,2,20.7,28.0,0.0,10.6,8.6,S,52.0,SE,SSE,9,26,72,62,1011.9,1010.8,,,24.7,26.6,No,Yes,0,1,0,1,0,0,24.35,7.3,1.9,10,-1.1,17.5,Dry (<=1 mm),Warm (20-30),Strong (50-70),0.14,0.19,0.25,0.77,-0.4,,0
2011-01-03,2011,1,Jan,1,Summer,2011-01,3,18.9,21.3,5.6,7.2,0.1,SSW,50.0,S,SSE,17,20,81,84,1014.5,1013.9,,,19.9,19.2,Yes,Yes,1,1,0,1,0,1,20.1,2.4,-0.7,-3,-0.6,18.5,Light (1-10),Warm (20-30),Strong (50-70),-1.61,-0.66,1.81,0.58,0.09,,0
2011-01-04,2011,1,Jan,1,Summer,2011-01,4,17.3,22.6,3.0,5.0,1.9,SSE,35.0,SSW,SE,20,19,74,60,1014.1,1011.6,,,20.1,21.8,Yes,No,1,0,0,1,0,1,19.95,5.3,1.7,14,-2.5,19.5,Light (1-10),Warm (20-30),Moderate (30-50),-1.27,-1.41,0.11,-0.83,0.01,,0
2011-01-05,2011,1,Jan,1,Summer,2011-01,5,17.2,23.4,0.0,5.4,7.2,S,26.0,WNW,E,6,20,64,57,1008.0,1005.8,,,21.1,23.0,No,No,0,0,0,1,0,0,20.3,6.2,1.9,7,-2.2,13.0,Dry (<=1 mm),Warm (20-30),Light (<30),-1.06,-1.46,-0.11,-1.68,-1.13,,0
2011-01-06,2011,1,Jan,1,Summer,2011-01,6,19.5,26.8,0.0,5.2,12.3,S,41.0,S,S,20,17,72,57,1010.8,1011.1,,,22.6,24.9,No,Yes,0,1,0,1,0,0,23.15,7.3,2.3,15,0.3,18.5,Dry (<=1 mm),Warm (20-30),Moderate (30-50),-0.18,-0.38,-0.11,-0.27,-0.61,,0
2011-01-07,2011,1,Jan,1,Summer,2011-01,7,19.9,26.5,7.6,6.4,4.8,ESE,33.0,SSE,E,9,17,88,67,1013.6,1013.0,,,22.1,26.5,Yes,Yes,1,1,0,1,0,1,23.2,6.6,4.4,21,-0.6,13.0,Light (1-10),Warm (20-30),Moderate (30-50),-0.25,-0.19,0.6,-1.02,-0.08,,0
2011-01-08,2011,1,Jan,1,Summer,2011-01,8,21.3,26.7,6.6,5.2,10.3,ENE,31.0,ENE,E,11,20,68,62,1013.8,1012.1,,,24.3,26.4,Yes,Yes,1,1,0,1,0,1,24.0,5.4,2.1,6,-1.7,15.5,Light (1-10),Warm (20-30),Moderate (30-50),-0.2,0.47,0.25,-1.21,-0.04,,0
2011-01-09,2011,1,Jan,1,Summer,2011-01,9,22.0,27.0,9.4,4.6,7.5,E,44.0,ENE,E,22,20,82,67,1014.4,1014.3,,,24.0,26.6,Yes,Yes,1,1,0,1,0,1,24.5,5.0,2.6,15,-0.1,21.0,Light (1-10),Warm (20-30),Moderate (30-50),-0.12,0.8,0.6,0.02,0.07,,0
2011-01-10,2011,1,Jan,1,Summer,2011-01,10,21.5,26.2,5.4,7.0,6.6,E,48.0,ENE,E,20,26,80,65,1016.4,1014.7,,,24.1,26.0,Yes,No,1,0,0,1,0,1,23.85,4.7,1.9,15,-1.7,23.0,Light (1-10),Warm (20-30),Moderate (30-50),-0.33,0.56,0.46,0.39,0.44,,0
2011-01-11,2011,1,Jan,1,Summer,2011-01,11,21.8,25.2,0.4,6.6,0.8,ENE,44.0,E,NE,20,20,71,79,1014.5,1012.1,,,24.3,24.3,No,Yes,0,1,0,1,0,0,23.5,3.4,0.0,-8,-2.4,20.0,Dry (<=1 mm),Warm (20-30),Moderate (30-50),-0.59,0.7,1.46,0.02,0.09,,0
2011-01-12,2011,1,Jan,1,Summer,2011-01,12,22.3,27.9,1.6,4.4,5.6,NE,54.0,ENE,NE,13,28,79,71,1012.3,1011.6,,,25.2,26.4,Yes,No,1,0,0,1,0,1,25.1,5.6,1.2,8,-0.7,20.5,Light (1-10),Warm (20-30),Strong (50-70),0.11,0.94,0.89,0.96,-0.32,,0
2011-01-13,2011,1,Jan,1,Summer,2011-01,13,23.3,26.6,0.2,10.6,1.9,ENE,44.0,NE,ENE,15,28,75,65,1014.8,1013.5,,,25.0,24.9,No,No,0,0,0,1,0,0,24.95,3.3,-0.1,10,-1.3,21.5,Dry (<=1 mm),Warm (20-30),Moderate (30-50),-0.23,1.41,0.46,0.02,0.14,,0
2011-01-14,2011,1,Jan,1,Summer,2011-01,14,21.8,27.9,0.2,4.6,9.8,NNE,54.0,NNE,NE,19,28,56,53,1012.4,1009.3,,,26.5,27.6,No,No,0,0,0,1,0,0,24.85,6.1,1.1,3,-3.1,23.5,Dry (<=1 mm),Warm (20-30),Strong (50-70),0.11,0.7,-0.39,0.96,-0.31,,0
2011-01-15,2011,1,Jan,1,Summer,2011-01,15,22.0,30.4,0.6,11.4,1.6,NNE,37.0,N,ENE,9,7,87,61,1009.4,1007.0,,,22.6,29.6,No,No,0,0,0,1,0,0,26.2,8.4,7.0,26,-2.4,8.0,Dry (<=1 mm),Hot (30-35),Moderate (30-50),0.76,0.8,0.18,-0.64,-0.87,,0
2011-01-16,2011,1,Jan,1,Summer,2011-01,16,22.1,28.1,0.2,4.2,7.9,SSW,30.0,S,ESE,11,15,86,65,1010.2,1007.4,,,23.1,28.0,No,No,0,0,0,1,0,0,25.1,6.0,4.9,21,-2.8,13.0,Dry (<=1 mm),Warm (20-30),Moderate (30-50),0.16,0.85,0.46,-1.3,-0.72,,0
2011-01-17,2011,1,Jan,1,Summer,2011-01,17,21.4,29.8,0.0,8.8,9.6,S,52.0,E,SSE,13,24,65,68,1002.8,1001.5,,,25.8,26.3,No,No,0,0,0,1,0,0,25.6,8.4,0.5,-3,-1.3,18.5,Dry (<=1 mm),Warm (20-30),Strong (50-70),0.61,0.52,0.68,0.77,-2.1,,0
2011-01-18,2011,1,Jan,1,Summer,2011-01,18,20.0,26.1,0.0,8.0,7.3,E,31.0,S,ESE,13,20,68,57,1007.5,1007.3,,,22.4,24.8,No,Yes,0,1,0,1,0,0,23.05,6.1,2.4,11,-0.2,16.5,Dry (<=1 mm),Warm (20-30),Moderate (30-50),-0.36,-0.14,-0.11,-1.21,-1.22,,0
2011-01-19,2011,1,Jan,1,Summer,2011-01,19,19.3,25.4,7.2,5.6,3.6,E,44.0,S,ENE,17,20,83,73,1009.8,1009.3,,,21.6,24.5,Yes,No,1,0,0,1,0,1,22.35,6.1,2.9,10,-0.5,18.5,Light (1-10),Warm (20-30),Moderate (30-50),-0.54,-0.47,1.03,0.02,-0.79,,0
2011-01-20,2011,1,Jan,1,Summer,2011-01,20,21.5,27.3,0.2,5.8,12.3,E,39.0,E,ENE,20,24,62,55,1013.5,1013.4,,,24.8,26.3,No,Yes,0,1,0,1,0,0,24.4,5.8,1.5,7,-0.1,22.0,Dry (<=1 mm),Warm (20-30),Moderate (30-50),-0.05,0.56,-0.25,-0.45,-0.1,,0
2011-01-21,2011,1,Jan,1,Summer,2011-01,21,20.7,26.9,5.6,8.2,12.4,NE,41.0,ESE,ENE,4,28,66,60,1015.2,1013.1,,,25.1,26.3,Yes,No,1,0,0,1,0,1,23.8,6.2,1.2,6,-2.1,16.0,Light (1-10),Warm (20-30),Moderate (30-50),-0.15,0.19,0.11,-0.27,0.22,,0
2011-01-22,2011,1,Jan,1,Summer,2011-01,22,20.5,28.4,0.0,10.2,11.7,ENE,31.0,NE,E,13,26,64,55,1016.3,1015.2,,,25.0,26.7,No,No,0,0,0,1,0,0,24.45,7.9,1.7,9,-1.1,19.5,Dry (<=1 mm),Warm (20-30),Moderate (30-50),0.24,0.09,-0.25,-1.21,0.42,,0
2011-01-23,2011,1,Jan,1,Summer,2011-01,23,21.4,28.3,0.0,11.0,10.2,NNE,50.0,NNE,NE,20,28,57,57,1012.2,1009.1,,,25.2,26.1,No,No,0,0,0,1,0,0,24.85,6.9,0.9,0,-3.1,24.0,Dry (<=1 mm),Warm (20-30),Strong (50-70),0.21,0.52,-0.11,0.58,-0.34,,0
2011-01-24,2011,1,Jan,1,Summer,2011-01,24,21.0,35.4,0.0,10.8,7.5,SSW,69.0,NNE,NW,11,26,56,36,1004.1,1001.4,,,26.6,32.4,No,No,0,0,0,1,0,0,28.2,14.4,5.8,20,-2.7,18.5,Dry (<=1 mm),Extreme heat (>=35),Strong (50-70),2.07,0.33,-1.6,2.37,-1.86,,0
2011-01-25,2011,1,Jan,1,Summer,2011-01,25,21.7,28.5,0.0,10.6,10.2,S,50.0,WSW,ENE,4,20,70,64,1008.0,1006.9,,,24.3,27.2,No,No,0,0,0,1,0,0,25.1,6.8,2.9,6,-1.1,12.0,Dry (<=1 mm),Warm (20-30),Strong (50-70),0.27,0.66,0.39,0.58,-1.13,,0
2011-01-26,2011,1,Jan,1,Summer,2011-01,26,22.9,31.4,0.0,7.0,9.3,SSE,46.0,ESE,E,11,15,85,73,1011.5,1010.2,,,25.8,27.7,No,No,0,0,0,1,0,0,27.15,8.5,1.9,12,-1.3,13.0,Dry (<=1 mm),Hot (30-35),Moderate (30-50),1.02,1.22,1.03,0.21,-0.47,,0
2011-01-27,2011,1,Jan,1,Summer,2011-01,27,22.5,28.4,0.0,7.2,6.3,S,43.0,S,E,9,17,79,71,1013.5,1011.1,,,25.1,27.3,No,No,0,0,0,1,0,0,25.45,5.9,2.2,8,-2.4,13.0,Dry (<=1 mm),Warm (20-30),Moderate (30-50),0.24,1.03,0.89,-0.08,-0.1,,0
2011-01-28,2011,1,Jan,1,Summer,2011-01,28,22.5,24.3,0.0,7.2,4.3,SE,41.0,SSE,SSE,20,24,70,59,1019.0,1019.1,,,23.1,24.1,No,No,0,0,0,1,0,0,23.4,1.8,1.0,11,0.1,22.0,Dry (<=1 mm),Warm (20-30),Moderate (30-50),-0.83,1.03,0.04,-0.27,0.93,,0
2011-01-29,2011,1,Jan,1,Summer,2011-01,29,19.8,25.0,0.0,7.8,8.2,E,39.0,ENE,ENE,11,24,76,48,1021.6,1021.3,,,20.7,24.6,No,No,0,0,0,1,0,0,22.4,5.2,3.9,28,-0.3,17.5,Dry (<=1 mm),Warm (20-30),Moderate (30-50),-0.65,-0.24,-0.75,-0.45,1.41,,0
2011-01-30,2011,1,Jan,1,Summer,2011-01,30,17.8,28.2,0.0,8.4,12.8,NNE,43.0,NNW,ENE,15,24,64,56,1020.2,1016.3,,,23.1,27.5,No,No,0,0,0,1,0,0,23.0,10.4,4.4,8,-3.9,19.5,Dry (<=1 mm),Warm (20-30),Moderate (30-50),0.19,-1.18,-0.18,-0.08,1.15,,0
2011-01-31,2011,1,Jan,1,Summer,2011-01,31,22.2,31.6,0.0,9.2,12.8,ENE,33.0,ENE,ENE,2,17,72,49,1015.0,1011.8,,,26.1,30.0,No,No,0,0,0,1,0,0,26.9,9.4,3.9,23,-3.2,9.5,Dry (<=1 mm),Hot (30-35),Moderate (30-50),1.08,0.89,-0.68,-1.02,0.18,,0
2011-02-01,2011,2,Feb,1,Summer,2011-02,32,22.7,33.5,0.0,12.0,12.3,NNE,37.0,W,NE,7,17,65,49,1011.3,1006.9,,,26.1,31.8,No,No,0,0,0,1,0,0,28.1,10.8,5.7,16,-4.4,12.0,Dry (<=1 mm),Hot (30-35),Moderate (30-50),2.08,1.2,-0.93,-0.38,-0.75,,0
2011-02-02,2011,2,Feb,1,Summer,2011-02,33,26.1,31.2,0.0,12.8,11.0,NE,35.0,SSE,E,13,20,59,70,1015.3,1012.7,,,28.7,28.4,No,No,0,0,0,1,0,0,28.65,5.1,-0.3,-11,-2.6,16.5,Dry (<=1 mm),Hot (30-35),Moderate (30-50),1.36,2.82,0.73,-0.58,-0.04,,0
2011-02-03,2011,2,Feb,1,Summer,2011-02,34,25.1,37.5,0.0,10.2,5.7,SSW,70.0,SSE,SSW,11,24,58,54,1011.0,1009.9,,,30.6,33.6,No,No,0,0,0,1,0,0,31.3,12.4,3.0,4,-1.1,17.5,Dry (<=1 mm),Extreme heat (>=35),Gale-force (>=70),3.33,2.34,-0.54,2.89,-0.81,Heat,1
2011-02-04,2011,2,Feb,1,Summer,2011-02,35,24.0,33.7,0.0,5.2,6.8,ENE,43.0,N,ENE,7,28,72,73,1014.7,1011.1,,,27.3,27.8,No,No,0,0,0,1,0,0,28.85,9.7,0.5,-1,-3.6,17.5,Dry (<=1 mm),Hot (30-35),Moderate (30-50),2.14,1.82,0.96,0.22,-0.15,,0
2011-02-05,2011,2,Feb,1,Summer,2011-02,36,24.2,41.5,0.0,8.4,12.4,NNW,56.0,NW,NNW,24,33,46,22,1010.0,1006.6,,,33.7,40.9,No,No,0,0,0,1,0,0,32.85,17.3,7.2,24,-3.4,28.5,Dry (<=1 mm),Extreme heat (>=35),Strong (50-70),4.59,1.91,-3.07,1.5,-0.98,Heat; Very dry,1
2011-02-06,2011,2,Feb,1,Summer,2011-02,37,27.6,35.6,0.0,16.6,2.6,SSE,67.0,W,S,2,41,56,77,1012.7,1016.1,,,28.7,22.8,No,No,0,0,0,1,1,0,31.6,8.0,-5.9,-21,3.4,21.5,Dry (<=1 mm),Extreme heat (>=35),Strong (50-70),2.74,3.53,1.28,2.59,-0.51,Warm night,1
2011-02-07,2011,2,Feb,1,Summer,2011-02,38,18.0,23.0,0.2,6.8,0.0,S,35.0,WSW,SE,13,19,64,58,1023.9,1020.6,,,18.7,22.6,No,No,0,0,0,1,0,0,20.5,5.0,3.9,6,-3.3,16.0,Dry (<=1 mm),Warm (20-30),Moderate (30-50),-1.22,-1.04,-0.22,-0.58,1.48,,0
2011-02-08,2011,2,Feb,1,Summer,2011-02,39,18.7,25.3,0.2,4.8,3.9,ESE,30.0,WNW,ESE,11,17,67,52,1019.5,1018.6,,,21.2,24.2,No,No,0,0,0,1,0,0,22.0,6.6,3.0,15,-0.9,14.0,Dry (<=1 mm),Warm (20-30),Moderate (30-50),-0.5,-0.71,-0.7,-1.07,0.7,,0
2011-02-09,2011,2,Feb,1,Summer,2011-02,40,18.1,24.5,0.4,5.2,6.0,E,33.0,SSW,ENE,13,11,69,83,1024.5,1023.6,,,21.8,21.6,No,No,0,0,0,1,0,0,21.3,6.4,-0.2,-14,-0.9,12.0,Dry (<=1 mm),Warm (20-30),Moderate (30-50),-0.75,-0.99,1.75,-0.77,1.59,,0
2011-02-10,2011,2,Feb,1,Summer,2011-02,41,20.4,25.7,0.0,7.2,4.7,NNE,41.0,W,E,7,24,85,70,1023.4,1020.3,,,21.3,24.3,No,No,0,0,0,1,0,0,23.05,5.3,3.0,15,-3.1,15.5,Dry (<=1 mm),Warm (20-30),Moderate (30-50),-0.37,0.1,0.73,0.02,1.39,,0
2011-02-11,2011,2,Feb,1,Summer,2011-02,42,21.0,29.2,0.2,5.0,8.0,SSW,39.0,NNE,ENE,7,13,63,60,1016.0,1011.4,,,25.3,28.3,No,Yes,0,1,0,1,0,0,25.1,8.2,3.0,3,-4.6,10.0,Dry (<=1 mm),Warm (20-30),Moderate (30-50),0.73,0.39,-0.06,-0.18,0.08,,0
2011-02-12,2011,2,Feb,1,Summer,2011-02,43,22.7,23.1,1.4,8.6,0.0,S,52.0,S,S,30,26,87,76,1014.7,1016.4,,,22.7,22.2,Yes,Yes,1,1,0,1,1,1,22.9,0.4,-0.5,11,1.7,28.0,Light (1-10),Warm (20-30),Strong (50-70),-1.19,1.2,1.2,1.11,-0.15,,0
2011-02-13,2011,2,Feb,1,Summer,2011-02,44,19.5,22.8,9.6,2.4,0.0,SSE,54.0,SSW,S,11,26,83,88,1017.5,1018.4,,,21.5,21.3,Yes,No,1,0,0,1,0,1,21.15,3.3,-0.2,-5,0.9,18.5,Light (1-10),Warm (20-30),Strong (50-70),-1.28,-0.33,2.15,1.31,0.35,,0
2011-02-14,2011,2,Feb,1,Summer,2011-02,45,20.6,24.2,0.4,4.0,0.1,SSE,41.0,SE,SE,20,19,59,59,1023.6,1023.4,,,21.9,23.6,No,No,0,0,0,1,0,0,22.4,3.6,1.7,0,-0.2,19.5,Dry (<=1 mm),Warm (20-30),Moderate (30-50),-0.84,0.2,-0.14,0.02,1.43,,0
2011-02-15,2011,2,Feb,1,Summer,2011-02,46,18.3,25.0,0.0,6.6,3.0,ESE,31.0,WNW,ESE,9,20,84,54,1023.7,1022.0,,,20.7,24.0,No,Yes,0,1,0,1,0,0,21.65,6.7,3.3,30,-1.7,14.5,Dry (<=1 mm),Warm (20-30),Moderate (30-50),-0.59,-0.9,-0.54,-0.97,1.45,,0
2011-02-16,2011,2,Feb,1,Summer,2011-02,47,19.8,26.7,2.2,3.6,3.9,NE,28.0,WNW,E,15,19,81,64,1019.7,1016.3,,,20.9,25.7,Yes,No,1,0,0,1,0,1,23.25,6.9,4.8,17,-3.4,17.0,Light (1-10),Warm (20-30),Light (<30),-0.06,-0.18,0.25,-1.27,0.74,,0
2011-02-17,2011,2,Feb,1,Summer,2011-02,48,20.9,28.7,0.0,6.4,8.3,NNE,31.0,NNW,E,11,15,80,67,1013.7,1011.2,,,24.4,26.8,No,No,0,0,0,1,0,0,24.8,7.8,2.4,13,-2.5,13.0,Dry (<=1 mm),Warm (20-30),Moderate (30-50),0.57,0.34,0.49,-0.97,-0.33,,0
2011-02-18,2011,2,Feb,1,Summer,2011-02,49,22.6,27.6,0.0,5.0,3.8,S,43.0,S,SE,20,13,83,70,1014.7,1014.0,,,23.5,27.0,No,No,0,0,0,1,0,0,25.1,5.0,3.5,13,-0.7,16.5,Dry (<=1 mm),Warm (20-30),Moderate (30-50),0.23,1.15,0.73,0.22,-0.15,,0
2011-02-19,2011,2,Feb,1,Summer,2011-02,50,22.4,30.1,0.0,4.4,7.8,NNE,44.0,NNE,NE,15,28,79,67,1011.2,1006.3,,,25.1,28.4,No,No,0,0,0,1,0,0,26.25,7.7,3.3,12,-4.9,21.5,Dry (<=1 mm),Hot (30-35),Moderate (30-50),1.01,1.06,0.49,0.32,-0.77,,0
2011-02-20,2011,2,Feb,1,Summer,2011-02,51,25.0,33.2,0.0,7.2,9.5,ESE,28.0,E,SE,6,13,61,49,1006.4,1005.7,,,30.1,32.0,No,No,0,0,0,1,0,0,29.1,8.2,1.9,12,-0.7,9.5,Dry (<=1 mm),Hot (30-35),Light (<30),1.98,2.29,-0.93,-1.27,-1.62,,0
2011-02-21,2011,2,Feb,1,Summer,2011-02,52,20.0,24.9,0.0,8.2,4.3,S,65.0,SSE,SE,17,20,82,62,1012.7,1012.4,,,20.9,24.4,No,No,0,0,0,1,0,0,22.45,4.9,3.5,20,-0.3,18.5,Dry (<=1 mm),Warm (20-30),Strong (50-70),-0.62,-0.09,0.09,2.4,-0.51,,0
2011-02-22,2011,2,Feb,1,Summer,2011-02,53,19.1,21.7,0.4,9.0,3.2,SSE,50.0,SSE,SSE,22,26,57,78,1021.6,1022.6,,,20.4,19.2,No,Yes,0,1,0,1,0,0,20.4,2.6,-1.2,-21,1.0,24.0,Dry (<=1 mm),Warm (20-30),Strong (50-70),-1.63,-0.52,1.36,0.91,1.07,,0
2011-02-23,2011,2,Feb,1,Summer,2011-02,54,17.3,26.6,1.8,4.2,7.3,SSE,33.0,W,SSE,13,20,77,45,1023.1,1021.3,,,19.0,26.1,Yes,No,1,0,0,1,0,1,21.95,9.3,7.1,32,-1.8,16.5,Light (1-10),Warm (20-30),Moderate (30-50),-0.09,-1.38,-1.25,-0.77,1.34,,0
2011-02-24,2011,2,Feb,1,Summer,2011-02,55,16.6,26.1,0.4,5.0,12.0,ENE,35.0,W,E,17,22,71,49,1019.9,1016.0,,,20.3,24.9,No,No,0,0,0,1,0,0,21.35,9.5,4.6,22,-3.9,19.5,Dry (<=1 mm),Warm (20-30),Moderate (30-50),-0.25,-1.71,-0.93,-0.58,0.77,,0
2011-02-25,2011,2,Feb,1,Summer,2011-02,56,18.0,28.0,0.0,7.4,7.6,E,30.0,WNW,NNE,7,20,75,41,1014.5,1012.2,,,21.1,27.1,No,No,0,0,0,1,0,0,23.0,10.0,6.0,34,-2.3,13.5,Dry (<=1 mm),Warm (20-30),Moderate (30-50),0.35,-1.04,-1.57,-1.07,-0.19,,0
2011-02-26,2011,2,Feb,1,Summer,2011-02,57,20.9,27.2,0.0,7.6,11.1,ENE,41.0,WNW,E,4,26,80,65,1012.5,1009.5,,,23.7,26.8,No,No,0,0,0,1,0,0,24.05,6.3,3.1,15,-3.0,15.0,Dry (<=1 mm),Warm (20-30),Moderate (30-50),0.1,0.34,0.33,0.02,-0.54,,0
2011-02-27,2011,2,Feb,1,Summer,2011-02,58,20.3,30.3,0.0,8.0,1.4,SSW,37.0,W,WNW,17,6,74,63,1008.3,1007.5,,,22.3,26.9,No,No,0,0,0,1,0,0,25.3,10.0,4.6,11,-0.8,11.5,Dry (<=1 mm),Hot (30-35),Moderate (30-50),1.07,0.05,0.17,-0.38,-1.29,,0
2011-02-28,2011,2,Feb,1,Summer,2011-02,59,22.2,28.8,0.8,5.0,2.4,N,46.0,NE,ENE,13,26,83,65,1009.9,1007.8,,,22.7,26.1,No,No,0,0,0,1,0,0,25.5,6.6,3.4,18,-2.1,19.5,Dry (<=1 mm),Warm (20-30),Moderate (30-50),0.6,0.96,0.33,0.51,-1.0,,0
2011-03-01,2011,3,Mar,1,Autumn,2011-03,60,22.7,33.6,0.6,4.4,1.9,SSE,54.0,W,WNW,9,17,53,39,1002.4,1003.1,,,28.8,32.5,No,No,0,0,0,1,0,0,28.15,10.9,3.7,14,0.7,13.0,Dry (<=1 mm),Hot (30-35),Strong (50-70),3.15,1.79,-1.61,1.03,-2.95,Heat,1
2011-03-02,2011,3,Mar,1,Autumn,2011-03,61,19.4,21.8,0.0,9.2,0.0,SSE,43.0,ESE,E,19,11,58,59,1017.1,1015.0,,,20.5,21.2,No,No,0,0,0,1,0,0,20.6,2.4,0.7,-1,-2.1,15.0,Dry (<=1 mm),Warm (20-30),Moderate (30-50),-1.67,0.25,-0.06,0.1,-0.19,,0
2011-03-03,2011,3,Mar,1,Autumn,2011-03,62,17.4,31.7,0.0,2.2,10.5,ESE,33.0,W,SE,20,28,77,35,1009.1,1007.1,,,20.9,29.5,No,No,0,0,0,1,0,0,24.55,14.3,8.6,42,-2.0,24.0,Dry (<=1 mm),Hot (30-35),Moderate (30-50),2.38,-0.68,-1.92,-0.75,-1.69,,0
2011-03-04,2011,3,Mar,1,Autumn,2011-03,63,19.1,25.8,0.0,8.0,9.4,SSE,46.0,W,E,9,24,72,63,1011.7,1009.8,,,22.5,25.4,No,No,0,0,0,1,0,0,22.45,6.7,2.9,9,-1.9,16.5,Dry (<=1 mm),Warm (20-30),Moderate (30-50),-0.03,0.11,0.25,0.36,-1.2,,0
2011-03-05,2011,3,Mar,1,Autumn,2011-03,64,18.1,23.2,0.2,8.2,0.6,ESE,43.0,SSE,ESE,22,28,70,50,1022.5,1023.5,,,18.7,22.2,No,No,0,0,0,1,0,0,20.65,5.1,3.5,20,1.0,25.0,Dry (<=1 mm),Warm (20-30),Moderate (30-50),-1.09,-0.35,-0.76,0.1,0.82,,0
2011-03-06,2011,3,Mar,1,Autumn,2011-03,65,18.0,23.6,0.2,8.2,2.9,ESE,35.0,SSE,E,17,19,48,44,1026.9,1026.3,,,21.0,22.2,No,No,0,0,0,1,0,0,20.8,5.6,1.2,4,-0.6,18.0,Dry (<=1 mm),Warm (20-30),Moderate (30-50),-0.93,-0.4,-1.22,-0.58,1.65,,0
2011-03-07,2011,3,Mar,1,Autumn,2011-03,66,17.0,24.4,0.0,4.8,10.1,ENE,33.0,ESE,E,9,20,67,48,1024.8,1022.2,,,20.3,23.8,No,No,0,0,0,1,0,0,20.7,7.4,3.5,19,-2.6,14.5,Dry (<=1 mm),Warm (20-30),Moderate (30-50),-0.6,-0.87,-0.91,-0.75,1.25,,0
2011-03-08,2011,3,Mar,1,Autumn,2011-03,67,17.6,25.8,0.2,6.8,10.4,NNE,48.0,W,NE,7,30,71,60,1019.7,1015.8,,,21.2,25.2,No,No,0,0,0,1,0,0,21.7,8.2,4.0,11,-3.9,18.5,Dry (<=1 mm),Warm (20-30),Moderate (30-50),-0.03,-0.59,0.02,0.53,0.3,,0
2011-03-09,2011,3,Mar,1,Autumn,2011-03,68,20.7,30.8,0.0,8.0,2.3,NW,24.0,W,NW,6,17,77,38,1015.2,1013.1,,,21.8,30.6,No,No,0,0,0,1,0,0,25.75,10.1,8.8,39,-2.1,11.5,Dry (<=1 mm),Hot (30-35),Light (<30),2.01,0.86,-1.68,-1.51,-0.55,,0
2011-03-10,2011,3,Mar,1,Autumn,2011-03,69,21.8,27.4,0.0,6.2,0.0,SE,24.0,W,ENE,6,9,70,68,1013.3,1012.0,,,23.8,25.2,No,No,0,0,0,1,0,0,24.6,5.6,1.4,2,-1.3,7.5,Dry (<=1 mm),Warm (20-30),Light (<30),0.62,1.37,0.63,-1.51,-0.9,,0
2011-03-11,2011,3,Mar,1,Autumn,2011-03,70,22.0,26.7,0.0,3.6,1.8,ESE,22.0,S,ESE,7,19,86,76,1016.0,1015.3,,,23.2,25.3,No,No,0,0,0,1,0,0,24.35,4.7,2.1,10,-0.7,13.0,Dry (<=1 mm),Warm (20-30),Light (<30),0.33,1.46,1.25,-1.68,-0.4,,0
2011-03-12,2011,3,Mar,1,Autumn,2011-03,71,20.6,28.1,1.0,3.2,9.8,W,41.0,N,E,4,20,82,69,1020.8,1019.2,,,23.3,26.1,No,No,0,0,0,1,0,0,24.35,7.5,2.8,13,-1.6,12.0,Dry (<=1 mm),Warm (20-30),Moderate (30-50),0.91,0.81,0.71,-0.07,0.5,,0
2011-03-13,2011,3,Mar,1,Autumn,2011-03,72,21.8,27.7,0.2,6.4,10.7,W,41.0,N,NE,9,22,76,60,1021.5,1018.2,,,24.5,27.2,No,No,0,0,0,1,0,0,24.75,5.9,2.7,16,-3.3,15.5,Dry (<=1 mm),Warm (20-30),Moderate (30-50),0.74,1.37,0.02,-0.07,0.63,,0
2011-03-14,2011,3,Mar,1,Autumn,2011-03,73,21.3,27.5,0.0,8.0,3.2,S,59.0,WNW,S,11,31,76,79,1019.4,1020.6,,,24.3,22.3,No,No,0,0,0,1,0,0,24.4,6.2,-2.0,-3,1.2,21.0,Dry (<=1 mm),Warm (20-30),Strong (50-70),0.66,1.14,1.48,1.46,0.24,,0
2011-03-15,2011,3,Mar,1,Autumn,2011-03,74,17.5,24.5,0.8,4.0,3.4,W,28.0,WNW,SE,13,15,82,62,1021.4,1018.2,,,21.0,24.5,No,No,0,0,0,1,0,0,21.0,7.0,3.5,20,-3.2,14.0,Dry (<=1 mm),Warm (20-30),Light (<30),-0.56,-0.63,0.17,-1.17,0.62,,0
2011-03-16,2011,3,Mar,1,Autumn,2011-03,75,19.3,28.3,0.0,3.2,7.7,ESE,33.0,W,SE,11,20,77,65,1017.2,1016.8,,,22.3,25.3,No,Yes,0,1,0,1,0,0,23.8,9.0,3.0,12,-0.4,15.5,Dry (<=1 mm),Warm (20-30),Moderate (30-50),0.99,0.21,0.4,-0.75,-0.17,,0
2011-03-17,2011,3,Mar,1,Autumn,2011-03,76,20.6,26.8,5.6,5.8,5.9,S,31.0,S,SE,17,17,85,66,1019.4,1017.0,,,21.1,25.8,Yes,No,1,0,0,1,0,1,23.7,6.2,4.7,19,-2.4,17.0,Light (1-10),Warm (20-30),Moderate (30-50),0.37,0.81,0.48,-0.92,0.24,,0
2011-03-18,2011,3,Mar,1,Autumn,2011-03,77,20.0,25.2,0.0,5.4,0.9,ESE,39.0,SSW,SSE,19,20,81,67,1015.2,1014.0,,,21.1,24.8,No,Yes,0,1,0,1,0,0,22.6,5.2,3.7,14,-1.2,19.5,Dry (<=1 mm),Warm (20-30),Moderate (30-50),-0.28,0.53,0.56,-0.24,-0.55,,0
2011-03-19,2011,3,Mar,1,Autumn,2011-03,78,19.4,24.0,10.4,5.2,0.9,ESE,46.0,ESE,ESE,24,24,86,84,1014.1,1011.8,,,21.2,22.9,Yes,Yes,1,1,0,1,0,1,21.7,4.6,1.7,2,-2.3,24.0,Moderate (10-25),Warm (20-30),Moderate (30-50),-0.77,0.25,1.87,0.36,-0.75,,0
2011-03-20,2011,3,Mar,1,Autumn,2011-03,79,18.8,23.5,99.4,4.8,3.3,E,59.0,ESE,ESE,22,39,92,81,1012.4,1010.1,,,19.4,22.2,Yes,Yes,1,1,0,1,0,1,21.15,4.7,2.8,11,-2.3,30.5,Very heavy (>50),Warm (20-30),Strong (50-70),-0.97,-0.03,1.64,1.46,-1.07,Extreme rain,1
2011-03-21,2011,3,Mar,1,Autumn,2011-03,80,19.4,24.8,20.8,5.2,2.6,ENE,57.0,E,E,26,19,95,82,1006.6,1003.3,,,21.4,24.0,Yes,Yes,1,1,0,1,0,1,22.1,5.4,2.6,13,-3.3,22.5,Moderate (10-25),Warm (20-30),Strong (50-70),-0.44,0.25,1.72,1.29,-2.16,,0
2011-03-22,2011,3,Mar,1,Autumn,2011-03,81,21.1,27.4,27.8,1.6,10.2,ENE,24.0,WNW,ENE,9,20,95,73,1001.3,999.4,,,21.6,26.2,Yes,No,1,0,0,1,0,1,24.25,6.3,4.6,22,-1.9,14.5,Heavy (25-50),Warm (20-30),Light (<30),0.62,1.05,1.02,-1.51,-3.15,Low pressure,1
2011-03-23,2011,3,Mar,1,Autumn,2011-03,82,19.9,30.8,0.8,5.8,11.0,W,39.0,W,W,19,13,75,41,1002.6,1000.4,,,22.5,29.6,No,No,0,0,0,1,0,0,25.35,10.9,7.1,34,-2.2,16.0,Dry (<=1 mm),Hot (30-35),Moderate (30-50),2.01,0.49,-1.45,-0.24,-2.91,,0
2011-03-24,2011,3,Mar,1,Autumn,2011-03,83,18.2,27.1,0.2,8.6,10.8,WNW,57.0,NW,WNW,28,35,50,36,1005.0,1003.2,,,21.5,26.3,No,No,0,0,0,1,0,0,22.65,8.9,4.8,14,-1.8,31.5,Dry (<=1 mm),Warm (20-30),Strong (50-70),0.5,-0.31,-1.84,1.29,-2.46,,0
2011-03-25,2011,3,Mar,1,Autumn,2011-03,84,17.7,26.7,0.0,8.8,8.0,W,46.0,W,S,28,13,50,42,1007.8,1008.7,,,20.5,24.8,No,No,0,0,0,1,0,0,22.2,9.0,4.3,8,0.9,20.5,Dry (<=1 mm),Warm (20-30),Moderate (30-50),0.33,-0.54,-1.38,0.36,-1.93,,0
2011-03-26,2011,3,Mar,1,Autumn,2011-03,85,17.7,20.6,0.0,5.2,0.4,S,56.0,SSW,S,28,20,71,77,1019.2,1020.1,,,18.4,18.6,No,Yes,0,1,0,1,0,0,19.15,2.9,0.2,-6,0.9,24.0,Dry (<=1 mm),Warm (20-30),Strong (50-70),-2.16,-0.54,1.33,1.2,0.2,,0
2011-03-27,2011,3,Mar,1,Autumn,2011-03,86,16.1,20.5,5.0,5.4,2.5,SSE,41.0,WNW,SSW,17,19,89,87,1024.6,1024.5,,,16.6,18.4,Yes,Yes,1,1,0,1,0,1,18.3,4.4,1.8,2,-0.1,18.0,Light (1-10),Warm (20-30),Moderate (30-50),-2.2,-1.29,2.1,-0.07,1.22,,0
2011-03-28,2011,3,Mar,1,Autumn,2011-03,87,15.9,24.2,5.8,1.6,3.2,E,33.0,W,E,15,15,91,59,1026.7,1025.5,,,17.1,23.5,Yes,Yes,1,1,0,1,0,1,20.05,8.3,6.4,32,-1.2,15.0,Light (1-10),Warm (20-30),Moderate (30-50),-0.69,-1.38,-0.06,-0.75,1.61,,0
2011-03-29,2011,3,Mar,1,Autumn,2011-03,88,17.1,24.8,10.8,1.8,8.3,NE,43.0,WNW,NE,4,24,94,59,1025.8,1022.3,,,19.4,24.3,Yes,No,1,0,0,1,0,1,20.95,7.7,4.9,35,-3.5,14.0,Moderate (10-25),Warm (20-30),Moderate (30-50),-0.44,-0.82,-0.06,0.1,1.44,,0
2011-03-30,2011,3,Mar,1,Autumn,2011-03,89,17.8,27.7,0.0,6.6,9.2,WSW,41.0,WNW,E,13,17,78,61,1019.9,1016.1,,,20.5,26.0,No,Yes,0,1,0,1,0,0,22.75,9.9,5.5,17,-3.8,15.0,Dry (<=1 mm),Warm (20-30),Moderate (30-50),0.74,-0.49,0.09,-0.07,0.33,,0
2011-03-31,2011,3,Mar,1,Autumn,2011-03,90,20.1,21.3,1.8,5.2,0.5,SSE,43.0,SSE,SE,22,20,78,68,1022.7,1022.9,,,20.3,20.9,Yes,Yes,1,1,0,1,0,1,20.7,1.2,0.6,10,0.2,21.0,Light (1-10),Warm (20-30),Moderate (30-50),-1.87,0.58,0.63,0.1,0.86,,0
2011-05-01,2011,5,May,2,Autumn,2011-05,121,14.8,22.9,3.6,0.8,8.8,SSW,28.0,WNW,S,19,13,84,57,1018.9,1015.9,,,16.6,21.6,Yes,No,1,0,0,1,0,1,18.85,8.1,5.0,27,-3.0,16.0,Light (1-10),Warm (20-30),Light (<30),0.68,1.29,0.32,-0.76,-0.33,,0
2011-05-02,2011,5,May,2,Autumn,2011-05,122,12.9,18.4,0.0,3.8,0.5,W,31.0,W,WNW,20,13,87,75,1016.6,1014.7,,,14.3,18.1,No,No,0,0,0,1,0,0,15.65,5.5,3.8,12,-1.9,16.5,Dry (<=1 mm),Mild (<20),Moderate (30-50),-1.07,0.38,1.47,-0.51,-0.68,,0
2011-05-03,2011,5,May,2,Autumn,2011-05,123,14.0,18.5,0.6,2.4,0.0,S,41.0,W,SSW,15,20,90,66,1015.0,1013.7,,,15.0,18.5,No,No,0,0,0,1,0,0,16.25,4.5,3.5,24,-1.3,17.5,Dry (<=1 mm),Mild (<20),Moderate (30-50),-1.03,0.9,0.89,0.32,-0.92,,0
2011-05-04,2011,5,May,2,Autumn,2011-05,124,13.0,21.8,0.4,0.2,9.1,W,41.0,W,S,24,20,72,54,1016.4,1015.6,,,15.2,20.7,No,No,0,0,0,1,0,0,17.4,8.8,5.5,18,-0.8,22.0,Dry (<=1 mm),Warm (20-30),Moderate (30-50),0.25,0.43,0.12,0.32,-0.71,,0
2011-05-05,2011,5,May,2,Autumn,2011-05,125,11.7,19.5,0.2,4.6,7.4,SSW,50.0,SW,SSW,24,26,63,51,1021.1,1021.3,,,16.2,18.8,No,No,0,0,0,1,0,0,15.6,7.8,2.6,12,0.2,25.0,Dry (<=1 mm),Mild (<20),Strong (50-70),-0.64,-0.2,-0.07,1.07,-0.0,,0
2011-05-06,2011,5,May,2,Autumn,2011-05,126,10.1,19.6,0.0,4.4,8.7,SSE,33.0,W,S,19,17,69,48,1023.9,1020.4,,,13.1,18.4,No,No,0,0,0,1,0,0,14.85,9.5,5.3,21,-3.5,18.0,Dry (<=1 mm),Mild (<20),Moderate (30-50),-0.61,-0.96,-0.26,-0.34,0.42,,0
2011-05-07,2011,5,May,2,Autumn,2011-05,127,9.8,20.8,0.0,4.6,10.0,W,35.0,W,ESE,22,9,75,52,1019.5,1015.2,,,12.0,19.6,No,No,0,0,0,1,0,0,15.3,11.0,7.6,23,-4.3,15.5,Dry (<=1 mm),Warm (20-30),Moderate (30-50),-0.14,-1.11,-0.0,-0.18,-0.24,,0
2011-05-08,2011,5,May,2,Autumn,2011-05,128,9.6,22.0,0.0,1.6,10.1,SW,31.0,W,WSW,20,11,76,34,1014.0,1010.4,,,12.2,21.6,No,No,0,0,0,1,0,0,15.8,12.4,9.4,42,-3.6,15.5,Dry (<=1 mm),Warm (20-30),Moderate (30-50),0.33,-1.2,-1.16,-0.51,-1.07,,0
2011-05-09,2011,5,May,2,Autumn,2011-05,129,10.5,17.7,0.0,3.8,6.9,W,41.0,SSW,SSW,22,31,63,63,1014.5,1013.7,,,14.5,16.9,No,Yes,0,1,0,1,0,0,14.1,7.2,2.4,0,-0.8,26.5,Dry (<=1 mm),Mild (<20),Moderate (30-50),-1.35,-0.77,0.7,0.32,-1.0,,0
2011-05-10,2011,5,May,2,Autumn,2011-05,130,10.1,18.0,4.4,3.4,9.1,SSW,44.0,W,S,26,22,62,45,1015.6,1013.1,,,11.8,17.6,Yes,No,1,0,0,1,0,1,14.05,7.9,5.8,17,-2.5,24.0,Light (1-10),Mild (<20),Moderate (30-50),-1.23,-0.96,-0.45,0.57,-0.83,,0
2011-05-11,2011,5,May,2,Autumn,2011-05,131,8.2,16.4,0.2,3.8,3.9,W,56.0,WNW,W,9,28,64,37,1009.2,1006.4,,,11.3,14.8,No,No,0,0,0,1,0,0,12.3,8.2,3.5,27,-2.8,18.5,Dry (<=1 mm),Mild (<20),Strong (50-70),-1.85,-1.87,-0.96,1.57,-1.8,,0
2011-05-12,2011,5,May,2,Autumn,2011-05,132,7.9,16.7,0.0,2.2,10.2,WSW,43.0,W,WSW,26,24,51,27,1010.7,1009.3,,,10.5,16.2,No,No,0,0,0,1,0,0,12.3,8.8,5.7,24,-1.4,25.0,Dry (<=1 mm),Mild (<20),Moderate (30-50),-1.74,-2.01,-1.6,0.49,-1.57,,0
2011-05-13,2011,5,May,2,Autumn,2011-05,133,9.9,21.0,0.0,4.0,9.3,SW,41.0,W,W,13,20,69,40,1012.0,1008.1,,,12.8,19.8,No,No,0,0,0,1,0,0,15.45,11.1,7.0,29,-3.9,16.5,Dry (<=1 mm),Warm (20-30),Moderate (30-50),-0.06,-1.06,-0.77,0.32,-1.37,,0
2011-05-14,2011,5,May,2,Autumn,2011-05,134,10.8,17.9,0.0,3.4,10.0,WSW,52.0,W,WSW,28,20,50,33,1016.0,1017.6,,,11.7,16.2,No,No,0,0,0,1,0,0,14.35,7.1,4.5,17,1.6,24.0,Dry (<=1 mm),Mild (<20),Strong (50-70),-1.27,-0.63,-1.22,1.24,-0.77,,0
2011-05-15,2011,5,May,2,Autumn,2011-05,135,7.3,19.2,0.0,4.8,9.8,WSW,41.0,W,W,24,11,58,36,1028.8,1026.9,,,9.9,19.0,No,No,0,0,0,1,0,0,13.25,11.9,9.1,22,-1.9,17.5,Dry (<=1 mm),Mild (<20),Moderate (30-50),-0.76,-2.3,-1.03,0.32,1.16,,0
2011-05-16,2011,5,May,2,Autumn,2011-05,136,7.3,19.6,0.0,5.0,10.2,W,30.0,W,ENE,17,13,69,48,1030.1,1026.2,,,9.6,17.5,No,No,0,0,0,1,0,0,13.45,12.3,7.9,21,-3.9,15.0,Dry (<=1 mm),Mild (<20),Moderate (30-50),-0.61,-2.3,-0.26,-0.59,1.36,,0
2011-05-17,2011,5,May,2,Autumn,2011-05,137,7.9,20.2,0.0,2.2,9.9,W,30.0,W,S,22,17,72,59,1030.5,1028.1,,,10.0,18.9,No,No,0,0,0,1,0,0,14.05,12.3,8.9,13,-2.4,19.5,Dry (<=1 mm),Warm (20-30),Moderate (30-50),-0.37,-2.01,0.44,-0.59,1.42,,0
2011-05-18,2011,5,May,2,Autumn,2011-05,138,8.5,20.8,0.0,2.8,9.3,W,28.0,W,E,19,9,74,58,1032.6,1029.6,,,11.6,19.4,No,Yes,0,1,0,1,0,0,14.65,12.3,7.8,16,-3.0,14.0,Dry (<=1 mm),Warm (20-30),Light (<30),-0.14,-1.73,0.38,-0.76,1.73,,0
2011-05-19,2011,5,May,2,Autumn,2011-05,139,11.5,20.5,2.6,1.8,6.8,N,26.0,W,ENE,15,17,83,70,1031.5,1028.2,,,13.8,19.3,Yes,No,1,0,0,1,0,1,16.0,9.0,5.5,13,-3.3,16.0,Light (1-10),Warm (20-30),Light (<30),-0.25,-0.29,1.15,-0.92,1.57,,0
2011-05-20,2011,5,May,2,Autumn,2011-05,140,11.3,21.2,0.0,3.8,9.4,WNW,20.0,W,E,15,11,91,69,1028.3,1024.4,,,12.8,19.8,No,No,0,0,0,1,0,0,16.25,9.9,7.0,22,-3.9,13.0,Dry (<=1 mm),Warm (20-30),Light (<30),0.02,-0.39,1.08,-1.42,1.08,,0
2011-05-21,2011,5,May,2,Autumn,2011-05,141,12.1,23.3,0.0,1.0,9.9,W,22.0,WNW,E,17,11,80,56,1025.4,1021.5,,,13.7,20.9,No,No,0,0,0,1,0,0,17.7,11.2,7.2,24,-3.9,14.0,Dry (<=1 mm),Warm (20-30),Light (<30),0.84,-0.01,0.25,-1.26,0.65,,0
2011-05-22,2011,5,May,2,Autumn,2011-05,142,12.4,21.6,0.0,3.4,7.3,NNE,26.0,W,NE,13,11,79,59,1021.0,1015.3,,,13.9,20.6,No,No,0,0,0,1,0,0,17.0,9.2,6.7,20,-5.7,12.0,Dry (<=1 mm),Warm (20-30),Light (<30),0.17,0.14,0.44,-0.92,-0.02,,0
2011-05-23,2011,5,May,2,Autumn,2011-05,143,13.9,22.9,1.0,3.4,7.6,NW,52.0,NW,NW,15,26,81,37,1005.4,1001.4,,,16.0,22.4,No,No,0,0,0,1,0,0,18.4,9.0,6.4,44,-4.0,20.5,Dry (<=1 mm),Warm (20-30),Strong (50-70),0.68,0.86,-0.96,1.24,-2.37,,0
2011-05-24,2011,5,May,2,Autumn,2011-05,144,12.1,18.8,0.0,6.6,3.9,WNW,39.0,WNW,SSE,7,19,57,75,1005.1,1005.0,,,14.6,15.5,No,Yes,0,1,0,1,0,0,15.45,6.7,0.9,-18,-0.1,13.0,Dry (<=1 mm),Mild (<20),Moderate (30-50),-0.92,-0.01,1.47,0.16,-2.42,,0
2011-05-25,2011,5,May,2,Autumn,2011-05,145,11.1,14.2,12.0,1.4,1.8,SW,69.0,SSW,SSW,33,31,72,69,1011.1,1011.1,,,12.3,13.9,Yes,Yes,1,1,0,1,0,1,12.65,3.1,1.6,3,0.0,32.0,Moderate (10-25),Mild (<20),Strong (50-70),-2.71,-0.48,1.08,2.65,-1.51,,0
2011-05-26,2011,5,May,2,Autumn,2011-05,146,10.7,19.6,9.4,1.6,4.1,SW,39.0,W,S,20,17,63,51,1016.6,1015.1,,,12.9,19.3,Yes,No,1,0,0,1,0,1,15.15,8.9,6.4,12,-1.5,18.5,Light (1-10),Mild (<20),Moderate (30-50),-0.61,-0.67,-0.07,0.16,-0.68,,0
2011-05-27,2011,5,May,2,Autumn,2011-05,147,8.8,18.3,0.0,2.4,7.2,W,31.0,W,S,22,13,69,62,1019.1,1017.8,,,10.5,16.2,No,No,0,0,0,1,0,0,13.55,9.5,5.7,7,-1.3,17.5,Dry (<=1 mm),Mild (<20),Moderate (30-50),-1.11,-1.58,0.64,-0.51,-0.3,,0
2011-05-28,2011,5,May,2,Autumn,2011-05,148,8.5,17.4,0.0,3.2,3.1,SSE,37.0,W,S,22,19,75,67,1023.8,1022.5,,,10.4,16.8,No,No,0,0,0,1,0,0,12.95,8.9,6.4,8,-1.3,20.5,Dry (<=1 mm),Mild (<20),Moderate (30-50),-1.46,-1.73,0.96,-0.01,0.41,,0
2011-05-29,2011,5,May,2,Autumn,2011-05,149,10.2,17.0,0.0,0.6,0.0,S,31.0,W,SSW,20,17,82,77,1025.1,1021.9,,,11.2,16.7,No,Yes,0,1,0,1,0,0,13.6,6.8,5.5,5,-3.2,18.5,Dry (<=1 mm),Mild (<20),Moderate (30-50),-1.62,-0.91,1.6,-0.51,0.6,,0
2011-05-30,2011,5,May,2,Autumn,2011-05,150,11.2,17.9,36.0,4.4,0.0,ESE,94.0,SSE,SSE,30,17,89,91,1020.5,1018.4,,,15.4,14.0,Yes,Yes,1,1,0,1,0,1,14.55,6.7,-1.4,-2,-2.1,23.5,Heavy (25-50),Mild (<20),Gale-force (>=70),-1.27,-0.44,2.49,4.73,-0.09,Extreme gust,1
2011-05-31,2011,5,May,2,Autumn,2011-05,151,13.9,19.9,65.2,4.8,0.7,E,70.0,ESE,ESE,39,31,81,62,1019.5,1019.3,,,17.9,19.6,Yes,Yes,1,1,0,1,0,1,16.9,6.0,1.7,19,-0.2,35.0,Very heavy (>50),Mild (<20),Gale-force (>=70),-0.49,0.86,0.64,2.74,-0.24,Extreme rain,1
2011-06-01,2011,6,Jun,2,Winter,2011-06,152,16.1,21.0,4.6,4.6,0.7,ESE,54.0,SE,ESE,22,37,65,63,1025.3,1025.0,,,18.7,18.7,Yes,Yes,1,1,0,1,0,1,18.55,4.9,0.0,2,-0.3,29.5,Light (1-10),Warm (20-30),Strong (50-70),1.29,2.46,0.31,0.95,0.49,,0
2011-06-02,2011,6,Jun,2,Winter,2011-06,153,13.7,19.8,2.6,3.2,7.6,SE,37.0,S,SE,11,19,73,75,1025.3,1022.7,,,17.4,18.2,Yes,No,1,0,0,1,0,1,16.75,6.1,0.8,-2,-2.6,15.0,Light (1-10),Mild (<20),Moderate (30-50),0.7,1.4,0.98,-0.2,0.49,,0
2011-06-03,2011,6,Jun,2,Winter,2011-06,154,10.6,20.4,0.0,1.2,8.8,W,28.0,WNW,WNW,20,6,85,58,1019.7,1014.7,,,12.2,18.5,No,No,0,0,0,1,0,0,15.5,9.8,6.3,27,-5.0,13.0,Dry (<=1 mm),Warm (20-30),Light (<30),1.0,0.03,0.03,-0.81,-0.24,,0
2011-06-04,2011,6,Jun,2,Winter,2011-06,155,11.1,18.7,0.0,2.8,2.5,SSW,26.0,WNW,W,13,6,73,62,1015.4,1013.7,,,13.3,18.3,No,Yes,0,1,0,1,0,0,14.9,7.6,5.0,11,-1.7,9.5,Dry (<=1 mm),Mild (<20),Light (<30),0.16,0.25,0.25,-0.94,-0.79,,0
2011-06-05,2011,6,Jun,2,Winter,2011-06,156,10.5,17.7,1.4,3.0,9.2,W,39.0,W,W,20,9,68,47,1018.0,1012.9,,,11.6,16.5,Yes,No,1,0,0,1,0,1,14.1,7.2,4.9,21,-5.1,14.5,Light (1-10),Mild (<20),Moderate (30-50),-0.33,-0.02,-0.59,-0.07,-0.46,,0
2011-06-06,2011,6,Jun,2,Winter,2011-06,157,9.3,17.7,0.0,2.0,7.4,WSW,48.0,NW,SSE,7,20,57,62,1016.1,1016.2,,,12.2,15.0,No,No,0,0,0,1,0,0,13.5,8.4,2.8,-5,0.1,13.5,Dry (<=1 mm),Mild (<20),Moderate (30-50),-0.33,-0.55,0.25,0.54,-0.7,,0
2011-06-07,2011,6,Jun,2,Winter,2011-06,158,7.0,15.0,0.0,4.0,7.3,W,39.0,W,W,13,24,71,38,1017.7,1013.2,,,8.6,14.0,No,No,0,0,0,1,0,0,11.0,8.0,5.4,33,-4.5,18.5,Dry (<=1 mm),Mild (<20),Moderate (30-50),-1.66,-1.57,-1.09,-0.07,-0.5,,0
2011-06-08,2011,6,Jun,2,Winter,2011-06,159,8.2,14.1,0.0,1.8,9.9,W,67.0,WNW,W,22,30,46,28,1015.0,1012.7,,,9.8,13.1,No,No,0,0,0,1,0,0,11.15,5.9,3.3,18,-2.3,26.0,Dry (<=1 mm),Mild (<20),Strong (50-70),-2.11,-1.03,-1.65,1.82,-0.84,,0
2011-06-09,2011,6,Jun,2,Winter,2011-06,160,7.5,16.4,0.0,3.6,9.9,W,54.0,WNW,W,22,28,54,40,1013.4,1011.0,,,9.7,15.2,No,No,0,0,0,1,0,0,11.95,8.9,5.5,14,-2.4,25.0,Dry (<=1 mm),Mild (<20),Strong (50-70),-0.97,-1.34,-0.98,0.95,-1.05,,0
2011-06-10,2011,6,Jun,2,Winter,2011-06,161,8.9,15.7,0.0,4.8,4.6,SW,56.0,W,SW,19,31,58,60,1016.0,1017.0,,,11.6,14.2,No,Yes,0,1,0,1,0,0,12.3,6.8,2.6,-2,1.0,25.0,Dry (<=1 mm),Mild (<20),Strong (50-70),-1.32,-0.72,0.14,1.08,-0.72,,0
2011-06-11,2011,6,Jun,2,Winter,2011-06,162,9.9,15.7,7.8,0.2,6.1,SE,54.0,SSW,SSW,20,26,86,80,1024.4,1024.6,,,12.6,13.8,Yes,Yes,1,1,0,1,0,1,12.8,5.8,1.2,6,0.2,23.0,Light (1-10),Mild (<20),Strong (50-70),-1.32,-0.28,1.26,0.95,0.37,,0
2011-06-12,2011,6,Jun,2,Winter,2011-06,163,11.6,15.7,18.2,4.8,0.3,S,57.0,SSE,SSE,28,35,89,67,1025.5,1022.9,,,13.6,15.3,Yes,Yes,1,1,0,1,0,1,13.65,4.1,1.7,22,-2.6,31.5,Moderate (10-25),Mild (<20),Strong (50-70),-1.32,0.47,0.53,1.15,0.51,,0
2011-06-13,2011,6,Jun,2,Winter,2011-06,164,12.8,16.7,23.4,2.4,0.0,SSE,50.0,SSW,SE,17,20,92,62,1023.9,1021.1,,,13.7,16.3,Yes,Yes,1,1,0,1,0,1,14.75,3.9,2.6,30,-2.8,18.5,Moderate (10-25),Mild (<20),Strong (50-70),-0.83,1.0,0.25,0.68,0.3,,0
2011-06-14,2011,6,Jun,2,Winter,2011-06,165,13.7,17.8,10.4,3.4,0.3,SSE,67.0,SE,SSE,22,35,81,78,1021.2,1019.9,,,15.7,15.4,Yes,Yes,1,1,0,1,0,1,15.75,4.1,-0.3,3,-1.3,28.5,Moderate (10-25),Mild (<20),Strong (50-70),-0.28,1.4,1.14,1.82,-0.04,,0
2011-06-15,2011,6,Jun,2,Winter,2011-06,166,14.1,18.4,13.8,6.0,0.2,ESE,69.0,SSE,SE,37,28,85,63,1023.3,1021.4,,,15.3,17.4,Yes,Yes,1,1,0,1,0,1,16.25,4.3,2.1,22,-1.9,32.5,Moderate (10-25),Mild (<20),Strong (50-70),0.01,1.58,0.31,1.96,0.23,,0
2011-06-16,2011,6,Jun,2,Winter,2011-06,167,14.0,17.1,4.2,3.6,1.3,ESE,54.0,SSE,SSW,31,22,71,68,1021.2,1016.8,,,15.9,16.3,Yes,Yes,1,1,0,1,0,1,15.55,3.1,0.4,3,-4.4,26.5,Light (1-10),Mild (<20),Strong (50-70),-0.63,1.53,0.59,0.95,-0.04,,0
2011-06-17,2011,6,Jun,2,Winter,2011-06,168,8.2,18.3,4.2,1.4,9.5,W,70.0,WNW,WSW,9,39,82,40,1008.2,1005.5,,,10.0,15.5,Yes,No,1,0,0,1,0,1,13.25,10.1,5.5,42,-2.7,24.0,Light (1-10),Mild (<20),Gale-force (>=70),-0.04,-1.03,-0.98,2.02,-1.72,,0
2011-06-18,2011,6,Jun,2,Winter,2011-06,169,9.9,17.7,0.0,3.6,9.8,W,54.0,W,W,17,39,51,39,1011.6,1009.8,,,11.3,17.0,No,No,0,0,0,1,0,0,13.8,7.8,5.7,12,-1.8,28.0,Dry (<=1 mm),Mild (<20),Strong (50-70),-0.33,-0.28,-1.03,0.95,-1.28,,0
2011-06-19,2011,6,Jun,2,Winter,2011-06,170,8.3,18.4,0.0,2.8,9.7,W,30.0,W,WNW,19,9,69,39,1016.4,1014.0,,,10.5,17.7,No,No,0,0,0,1,0,0,13.35,10.1,7.2,30,-2.4,14.0,Dry (<=1 mm),Mild (<20),Moderate (30-50),0.01,-0.99,-1.03,-0.67,-0.66,,0
2011-06-20,2011,6,Jun,2,Winter,2011-06,171,9.3,19.6,0.0,3.4,9.7,NW,35.0,WSW,WNW,11,22,64,38,1015.5,1011.9,,,11.9,18.6,No,No,0,0,0,1,0,0,14.45,10.3,6.7,26,-3.6,16.5,Dry (<=1 mm),Mild (<20),Moderate (30-50),0.6,-0.55,-1.09,-0.34,-0.78,,0
2011-06-21,2011,6,Jun,2,Winter,2011-06,172,11.8,20.7,0.0,5.0,6.8,W,78.0,N,WSW,20,39,54,37,1005.3,1000.6,,,14.2,18.5,No,No,0,0,0,1,0,0,16.25,8.9,4.3,17,-4.7,29.5,Dry (<=1 mm),Warm (20-30),Gale-force (>=70),1.14,0.56,-1.14,2.56,-2.1,,0
2011-06-22,2011,6,Jun,2,Winter,2011-06,173,9.6,16.3,0.0,4.6,9.2,WSW,54.0,WNW,WSW,19,30,47,30,1010.6,1010.4,,,11.2,15.7,No,No,0,0,0,1,0,0,12.95,6.7,4.5,17,-0.2,24.5,Dry (<=1 mm),Mild (<20),Strong (50-70),-1.02,-0.42,-1.53,0.95,-1.41,,0
2011-06-23,2011,6,Jun,2,Winter,2011-06,174,9.8,20.5,0.0,3.8,9.4,SW,50.0,W,WSW,9,9,59,36,1016.8,1017.3,,,12.6,19.5,No,No,0,0,0,1,0,0,15.15,10.7,6.9,23,0.5,9.0,Dry (<=1 mm),Warm (20-30),Strong (50-70),1.05,-0.33,-1.2,0.68,-0.61,,0
2011-06-24,2011,6,Jun,2,Winter,2011-06,175,8.1,18.6,0.0,3.4,9.8,W,26.0,W,NE,20,9,69,40,1026.7,1024.7,,,9.8,17.6,No,No,0,0,0,1,0,0,13.35,10.5,7.8,29,-2.0,14.5,Dry (<=1 mm),Mild (<20),Light (<30),0.11,-1.08,-0.98,-0.94,0.67,,0
2011-06-25,2011,6,Jun,2,Winter,2011-06,176,7.7,19.6,0.0,2.4,9.5,W,26.0,W,E,19,7,79,53,1031.3,1028.0,,,9.8,18.2,No,No,0,0,0,1,0,0,13.65,11.9,8.4,26,-3.3,13.0,Dry (<=1 mm),Mild (<20),Light (<30),0.6,-1.26,-0.25,-0.94,1.26,,0
2011-06-26,2011,6,Jun,2,Winter,2011-06,177,7.8,20.7,0.0,1.8,9.7,W,22.0,W,W,13,6,83,39,1026.8,1023.3,,,9.0,20.5,No,No,0,0,0,1,0,0,14.25,12.9,11.5,44,-3.5,9.5,Dry (<=1 mm),Warm (20-30),Light (<30),1.14,-1.21,-1.03,-1.21,0.68,,0
2011-06-27,2011,6,Jun,2,Winter,2011-06,178,7.5,20.0,0.0,2.6,9.6,W,33.0,WNW,SSE,28,17,66,51,1028.1,1027.2,,,10.4,19.1,No,No,0,0,0,1,0,0,13.75,12.5,8.7,15,-0.9,22.5,Dry (<=1 mm),Warm (20-30),Moderate (30-50),0.8,-1.34,-0.36,-0.47,0.85,,0
2011-06-28,2011,6,Jun,2,Winter,2011-06,179,9.0,16.6,0.0,2.6,0.7,SSE,43.0,W,S,20,13,86,62,1034.2,1032.6,,,10.7,16.3,No,Yes,0,1,0,1,0,0,12.8,7.6,5.6,24,-1.6,16.5,Dry (<=1 mm),Mild (<20),Moderate (30-50),-0.87,-0.68,0.25,0.2,1.63,,0
2011-06-29,2011,6,Jun,2,Winter,2011-06,180,10.7,18.0,2.8,2.0,2.6,ESE,43.0,SSE,S,17,6,74,87,1036.8,1035.7,,,15.0,14.6,Yes,No,1,0,0,1,0,1,14.35,7.3,-0.4,-13,-1.1,11.5,Light (1-10),Mild (<20),Moderate (30-50),-0.19,0.07,1.65,0.2,1.97,,0
2011-06-30,2011,6,Jun,2,Winter,2011-06,181,12.1,18.1,0.4,1.6,0.7,SSE,30.0,S,SSE,7,15,76,59,1037.9,1034.8,,,14.4,16.2,No,No,0,0,0,1,0,0,15.1,6.0,1.8,17,-3.1,11.0,Dry (<=1 mm),Mild (<20),Moderate (30-50),-0.14,0.69,0.08,-0.67,2.11,,0
2011-07-01,2011,7,Jul,3,Winter,2011-07,182,10.8,16.6,0.4,2.6,1.9,SSE,33.0,WNW,SSW,19,20,91,67,1031.6,1028.1,,,12.3,16.2,No,Yes,0,1,0,1,0,0,13.7,5.8,3.9,24,-3.5,19.5,Dry (<=1 mm),Mild (<20),Moderate (30-50),-0.59,0.88,1.08,-0.57,1.41,,0
2011-07-02,2011,7,Jul,3,Winter,2011-07,183,11.3,19.3,2.6,1.4,9.6,W,24.0,W,E,11,2,91,57,1026.6,1022.6,,,12.3,18.9,Yes,No,1,0,0,1,0,1,15.3,8.0,6.6,34,-4.0,6.5,Light (1-10),Mild (<20),Light (<30),0.55,1.12,0.47,-1.26,0.72,,0
2011-07-03,2011,7,Jul,3,Winter,2011-07,184,8.6,20.7,0.0,3.0,8.1,N,39.0,WNW,N,17,20,90,43,1022.1,1017.5,,,10.1,19.8,No,No,0,0,0,1,0,0,14.65,12.1,9.7,47,-4.6,18.5,Dry (<=1 mm),Warm (20-30),Moderate (30-50),1.14,-0.19,-0.38,-0.12,0.1,,0
2011-07-04,2011,7,Jul,3,Winter,2011-07,185,10.1,20.4,0.2,4.4,6.9,NW,50.0,NNW,NW,28,26,50,55,1014.1,1010.0,,,17.0,18.6,No,No,0,0,0,1,0,0,15.25,10.3,1.6,-5,-4.1,27.0,Dry (<=1 mm),Warm (20-30),Strong (50-70),1.01,0.54,0.35,0.72,-1.01,,0
2011-07-05,2011,7,Jul,3,Winter,2011-07,186,12.2,17.1,0.0,4.8,9.8,W,65.0,WNW,W,28,39,36,27,1008.8,1004.8,,,14.0,16.5,No,No,0,0,0,1,0,0,14.65,4.9,2.5,9,-4.0,33.5,Dry (<=1 mm),Mild (<20),Strong (50-70),-0.38,1.56,-1.36,1.86,-1.74,,0
2011-07-06,2011,7,Jul,3,Winter,2011-07,187,10.9,17.6,0.0,5.6,9.4,WNW,52.0,NW,NW,20,20,44,30,1010.2,1007.4,,,13.0,17.0,No,No,0,0,0,1,0,0,14.25,6.7,4.0,14,-2.8,20.0,Dry (<=1 mm),Mild (<20),Strong (50-70),-0.17,0.93,-1.17,0.87,-1.55,,0
2011-07-07,2011,7,Jul,3,Winter,2011-07,188,11.1,17.6,0.0,5.4,10.0,W,70.0,W,WSW,44,30,45,28,1007.5,1013.8,,,13.9,16.0,No,No,0,0,0,1,0,0,14.35,6.5,2.1,17,6.3,37.0,Dry (<=1 mm),Mild (<20),Gale-force (>=70),-0.17,1.03,-1.3,2.24,-1.92,,0
2011-07-08,2011,7,Jul,3,Winter,2011-07,189,5.5,17.0,0.0,4.0,9.9,WSW,50.0,WNW,W,19,17,59,29,1022.4,1018.2,,,8.1,16.6,No,No,0,0,0,1,0,0,11.25,11.5,8.5,30,-4.2,18.0,Dry (<=1 mm),Mild (<20),Strong (50-70),-0.42,-1.7,-1.24,0.72,0.14,,0
2011-07-09,2011,7,Jul,3,Winter,2011-07,190,6.4,17.0,0.0,4.0,10.0,WSW,52.0,WNW,WSW,24,22,49,32,1018.8,1015.5,,,9.1,16.4,No,No,0,0,0,1,0,0,11.7,10.6,7.3,17,-3.3,23.0,Dry (<=1 mm),Mild (<20),Strong (50-70),-0.42,-1.26,-1.05,0.87,-0.36,,0
2011-07-10,2011,7,Jul,3,Winter,2011-07,191,6.1,16.4,0.0,3.8,10.0,W,80.0,W,NW,26,31,44,29,1014.5,1010.2,,,10.4,15.9,No,No,0,0,0,1,0,0,11.25,10.3,5.5,15,-4.3,28.5,Dry (<=1 mm),Mild (<20),Gale-force (>=70),-0.68,-1.41,-1.24,3.0,-0.95,Extreme gust,1
2011-07-11,2011,7,Jul,3,Winter,2011-07,192,9.2,17.9,0.0,4.0,10.0,SW,46.0,WSW,W,22,13,41,23,1017.6,1018.1,,,11.7,17.3,No,No,0,0,0,1,0,0,13.55,8.7,5.6,18,0.5,17.5,Dry (<=1 mm),Mild (<20),Moderate (30-50),-0.04,0.1,-1.6,0.41,-0.52,,0
2011-07-12,2011,7,Jul,3,Winter,2011-07,193,6.9,18.9,0.0,3.2,9.4,WSW,48.0,W,WNW,19,11,56,31,1022.2,1017.9,,,9.5,18.5,No,No,0,0,0,1,0,0,12.9,12.0,9.0,25,-4.3,15.0,Dry (<=1 mm),Mild (<20),Moderate (30-50),0.38,-1.02,-1.11,0.57,0.11,,0
2011-07-13,2011,7,Jul,3,Winter,2011-07,194,9.5,12.3,0.0,3.8,0.0,WSW,48.0,W,W,20,22,54,48,1018.2,1016.5,,,10.3,11.9,No,No,0,0,0,1,0,0,10.9,2.8,1.6,6,-1.7,21.0,Dry (<=1 mm),Mild (<20),Moderate (30-50),-2.41,0.25,-0.08,0.57,-0.44,,0
2011-07-14,2011,7,Jul,3,Winter,2011-07,195,8.2,15.6,0.0,2.8,9.9,SW,44.0,W,S,19,22,56,35,1025.7,1027.4,,,11.0,14.6,No,No,0,0,0,1,0,0,11.9,7.4,3.6,21,1.7,20.5,Dry (<=1 mm),Mild (<20),Moderate (30-50),-1.02,-0.39,-0.87,0.26,0.6,,0
2011-07-15,2011,7,Jul,3,Winter,2011-07,196,5.6,13.2,0.8,2.0,0.6,S,39.0,W,S,26,13,64,84,1034.7,1032.4,,,7.5,12.7,No,Yes,0,1,0,1,0,0,9.4,7.6,5.2,-20,-2.3,19.5,Dry (<=1 mm),Mild (<20),Moderate (30-50),-2.03,-1.65,2.11,-0.12,1.84,,0
2011-07-16,2011,7,Jul,3,Winter,2011-07,197,7.5,16.3,9.0,1.4,4.4,ENE,26.0,W,E,13,17,94,62,1031.7,1027.7,,,10.4,14.8,Yes,Yes,1,1,0,1,0,1,11.9,8.8,4.4,32,-4.0,15.0,Light (1-10),Mild (<20),Light (<30),-0.72,-0.73,0.77,-1.11,1.43,,0
2011-07-17,2011,7,Jul,3,Winter,2011-07,198,10.4,16.1,2.2,1.4,0.7,W,17.0,W,ESE,11,2,95,86,1025.2,1021.5,,,11.9,14.5,Yes,Yes,1,1,0,1,0,1,13.25,5.7,2.6,9,-3.7,6.5,Light (1-10),Mild (<20),Light (<30),-0.8,0.69,2.23,-1.79,0.53,,0
2011-07-18,2011,7,Jul,3,Winter,2011-07,199,9.6,20.3,1.4,1.0,7.0,SW,39.0,W,WNW,22,4,90,49,1018.5,1015.0,,,11.2,18.5,Yes,No,1,0,0,1,0,1,14.95,10.7,7.3,41,-3.5,13.0,Light (1-10),Warm (20-30),Moderate (30-50),0.97,0.3,-0.02,-0.12,-0.4,,0
2011-07-19,2011,7,Jul,3,Winter,2011-07,200,7.4,14.7,0.6,3.2,5.1,W,56.0,W,W,22,26,63,72,1014.6,1011.6,,,8.7,10.3,No,Yes,0,1,0,1,0,0,11.05,7.3,1.6,-9,-3.0,24.0,Dry (<=1 mm),Mild (<20),Strong (50-70),-1.4,-0.78,1.38,1.17,-0.94,,0
2011-07-20,2011,7,Jul,3,Winter,2011-07,201,8.7,18.5,76.8,4.8,1.6,S,70.0,SSW,SSW,24,24,91,83,1012.7,1013.5,,,14.3,15.0,Yes,Yes,1,1,0,1,0,1,13.6,9.8,0.7,8,0.8,24.0,Very heavy (>50),Mild (<20),Gale-force (>=70),0.21,-0.14,2.05,2.24,-1.2,Extreme rain,1
2011-07-21,2011,7,Jul,3,Winter,2011-07,202,11.1,13.3,39.2,6.4,0.0,WSW,56.0,SW,SW,22,30,94,92,1016.6,1014.3,,,12.0,11.4,Yes,Yes,1,1,0,1,0,1,12.2,2.2,-0.6,2,-2.3,26.0,Heavy (25-50),Mild (<20),Strong (50-70),-1.99,1.03,2.6,1.17,-0.66,,0
2011-07-22,2011,7,Jul,3,Winter,2011-07,203,11.3,13.9,88.2,4.8,0.0,S,46.0,SE,WSW,19,19,88,95,1018.3,1018.0,,,13.1,11.5,Yes,Yes,1,1,0,1,0,1,12.6,2.6,-1.6,-7,-0.3,19.0,Very heavy (>50),Mild (<20),Moderate (30-50),-1.73,1.12,2.78,0.41,-0.43,Extreme rain,1
2011-07-23,2011,7,Jul,3,Winter,2011-07,204,8.7,15.6,57.4,5.6,2.7,SSW,41.0,W,SSW,22,22,89,67,1020.4,1019.1,,,9.1,14.5,Yes,Yes,1,1,0,1,0,1,12.15,6.9,5.4,22,-1.3,22.0,Very heavy (>50),Mild (<20),Moderate (30-50),-1.02,-0.14,1.08,0.03,-0.14,Extreme rain,1
2011-07-24,2011,7,Jul,3,Winter,2011-07,205,6.4,15.4,2.0,2.8,4.7,W,33.0,W,W,22,13,79,46,1019.9,1017.8,,,8.3,13.8,Yes,No,1,0,0,1,0,1,10.9,9.0,5.5,33,-2.1,17.5,Light (1-10),Mild (<20),Moderate (30-50),-1.1,-1.26,-0.2,-0.57,-0.21,,0
2011-07-25,2011,7,Jul,3,Winter,2011-07,206,8.3,19.1,0.6,1.6,6.0,NW,33.0,WNW,SSE,13,4,73,53,1017.9,1014.8,,,10.9,16.7,No,No,0,0,0,1,0,0,13.7,10.8,5.8,20,-3.1,8.5,Dry (<=1 mm),Mild (<20),Moderate (30-50),0.46,-0.34,0.23,-0.57,-0.48,,0
2011-07-26,2011,7,Jul,3,Winter,2011-07,207,7.0,18.4,0.6,0.4,8.3,WSW,35.0,WNW,SW,19,15,74,32,1020.0,1018.6,,,10.1,18.0,No,No,0,0,0,1,0,0,12.7,11.4,7.9,42,-1.4,17.0,Dry (<=1 mm),Mild (<20),Moderate (30-50),0.17,-0.97,-1.05,-0.42,-0.19,,0
2011-07-27,2011,7,Jul,3,Winter,2011-07,208,8.1,17.3,0.2,3.0,8.7,S,39.0,WNW,S,19,20,70,59,1027.1,1026.8,,,10.4,16.3,No,No,0,0,0,1,0,0,12.7,9.2,5.9,11,-0.3,19.5,Dry (<=1 mm),Mild (<20),Moderate (30-50),-0.3,-0.44,0.59,-0.12,0.79,,0
2011-07-28,2011,7,Jul,3,Winter,2011-07,209,7.1,20.4,0.0,1.8,10.2,W,28.0,W,N,22,15,83,41,1029.3,1025.6,,,9.4,19.6,No,No,0,0,0,1,0,0,13.75,13.3,10.2,42,-3.7,18.5,Dry (<=1 mm),Warm (20-30),Light (<30),1.01,-0.92,-0.51,-0.95,1.1,,0
2011-07-29,2011,7,Jul,3,Winter,2011-07,210,7.3,20.0,0.0,3.6,10.4,WNW,22.0,WNW,ENE,17,11,75,32,1027.0,1023.6,,,9.6,19.0,No,No,0,0,0,1,0,0,13.65,12.7,9.4,43,-3.4,14.0,Dry (<=1 mm),Warm (20-30),Light (<30),0.84,-0.83,-1.05,-1.41,0.78,,0
2011-07-30,2011,7,Jul,3,Winter,2011-07,211,7.1,20.2,0.0,2.8,9.7,NNE,24.0,W,SE,17,6,78,43,1024.6,1020.5,,,8.7,18.8,No,No,0,0,0,1,0,0,13.65,13.1,10.1,35,-4.1,11.5,Dry (<=1 mm),Warm (20-30),Light (<30),0.93,-0.92,-0.38,-1.26,0.44,,0
2011-07-31,2011,7,Jul,3,Winter,2011-07,212,7.4,21.4,0.0,3.4,8.7,W,28.0,WNW,S,15,2,65,31,1022.3,1019.4,,,10.5,21.1,No,No,0,0,0,1,0,0,14.4,14.0,10.6,34,-2.9,8.5,Dry (<=1 mm),Warm (20-30),Light (<30),1.43,-0.78,-1.11,-0.95,0.13,,0
2011-08-01,2011,8,Aug,3,Winter,2011-08,213,9.7,22.7,0.0,2.4,9.6,NNE,26.0,W,E,15,15,73,53,1022.7,1019.4,,,12.5,19.3,No,No,0,0,0,1,0,0,16.2,13.0,6.8,20,-3.3,15.0,Dry (<=1 mm),Warm (20-30),Light (<30),1.2,-0.02,0.43,-1.04,0.43,,0
2011-08-02,2011,8,Aug,3,Winter,2011-08,214,9.9,22.1,0.0,3.8,9.8,W,24.0,WNW,NE,19,4,72,37,1023.1,1020.9,,,12.5,21.7,No,No,0,0,0,1,0,0,16.0,12.2,9.2,35,-2.2,11.5,Dry (<=1 mm),Warm (20-30),Light (<30),0.98,0.07,-0.54,-1.18,0.48,,0
2011-08-03,2011,8,Aug,3,Winter,2011-08,215,12.5,25.7,0.0,2.8,5.2,W,26.0,W,ENE,13,15,72,41,1023.2,1021.6,,,13.9,23.0,No,No,0,0,0,1,0,0,19.1,13.2,9.1,31,-1.6,14.0,Dry (<=1 mm),Warm (20-30),Light (<30),2.29,1.25,-0.3,-1.04,0.5,,0
2011-08-04,2011,8,Aug,3,Winter,2011-08,216,12.0,23.5,0.0,4.8,10.2,W,41.0,WNW,NE,15,17,73,50,1026.5,1024.0,,,14.0,23.0,No,No,0,0,0,1,0,0,17.75,11.5,9.0,23,-2.5,16.0,Dry (<=1 mm),Warm (20-30),Moderate (30-50),1.49,1.02,0.25,0.03,0.97,,0
2011-08-05,2011,8,Aug,3,Winter,2011-08,217,11.3,25.2,0.0,5.4,10.1,NNW,33.0,W,NNW,6,20,66,30,1025.4,1021.8,,,13.9,24.7,No,No,0,0,0,1,0,0,18.25,13.9,10.8,36,-3.6,13.0,Dry (<=1 mm),Warm (20-30),Moderate (30-50),2.11,0.7,-0.96,-0.54,0.81,,0
2011-08-06,2011,8,Aug,3,Winter,2011-08,218,12.7,24.0,0.0,5.8,7.7,WSW,37.0,W,NNE,0,11,57,44,1021.2,1016.7,,,15.5,21.7,No,No,0,0,0,1,0,0,18.35,11.3,6.2,13,-4.5,5.5,Dry (<=1 mm),Warm (20-30),Moderate (30-50),1.67,1.34,-0.11,-0.26,0.21,,0
2011-08-07,2011,8,Aug,3,Winter,2011-08,219,13.7,19.5,0.6,5.0,4.3,NW,35.0,NNW,N,9,17,84,77,1017.1,1012.6,,,14.2,16.7,No,Yes,0,1,0,1,0,0,16.6,5.8,2.5,7,-4.5,13.0,Dry (<=1 mm),Mild (<20),Moderate (30-50),0.04,1.79,1.88,-0.4,-0.38,,0
2011-08-08,2011,8,Aug,3,Winter,2011-08,220,9.4,18.3,4.4,2.0,9.1,W,33.0,W,W,17,13,66,43,1010.9,1007.8,,,11.1,15.9,Yes,No,1,0,0,1,0,1,13.85,8.9,4.8,23,-3.1,15.0,Light (1-10),Mild (<20),Moderate (30-50),-0.39,-0.16,-0.18,-0.54,-1.27,,0
2011-08-09,2011,8,Aug,3,Winter,2011-08,221,7.8,17.1,0.0,3.8,2.8,WSW,33.0,W,W,19,15,69,37,1008.2,1005.6,,,9.7,16.1,No,No,0,0,0,1,0,0,12.45,9.3,6.4,32,-2.6,17.0,Dry (<=1 mm),Mild (<20),Moderate (30-50),-0.83,-0.88,-0.54,-0.54,-1.66,,0
2011-08-10,2011,8,Aug,3,Winter,2011-08,222,7.8,18.5,0.0,0.8,9.8,WSW,39.0,WNW,WNW,9,15,58,39,1007.2,1004.5,,,10.7,16.5,No,No,0,0,0,1,0,0,13.15,10.7,5.8,19,-2.7,12.0,Dry (<=1 mm),Mild (<20),Moderate (30-50),-0.32,-0.88,-0.42,-0.11,-1.8,,0
2011-08-11,2011,8,Aug,3,Winter,2011-08,223,7.3,18.5,0.0,4.8,6.7,W,33.0,W,S,15,13,58,47,1008.5,1008.2,,,11.5,16.9,No,Yes,0,1,0,1,0,0,12.9,11.2,5.4,11,-0.3,14.0,Dry (<=1 mm),Mild (<20),Moderate (30-50),-0.32,-1.11,0.07,-0.54,-1.61,,0
2011-08-12,2011,8,Aug,3,Winter,2011-08,224,10.3,17.3,13.0,6.2,2.7,SSW,41.0,SW,SSW,22,15,74,83,1018.0,1018.7,,,14.8,14.2,Yes,Yes,1,1,0,1,0,1,13.8,7.0,-0.6,-9,0.7,18.5,Moderate (10-25),Mild (<20),Moderate (30-50),-0.75,0.25,2.24,0.03,-0.25,,0
2011-08-13,2011,8,Aug,3,Winter,2011-08,225,8.3,18.9,2.6,1.2,7.8,W,28.0,W,E,20,17,78,51,1024.5,1022.2,,,10.4,17.2,Yes,No,1,0,0,1,0,1,13.6,10.6,6.8,27,-2.3,18.5,Light (1-10),Mild (<20),Light (<30),-0.17,-0.66,0.31,-0.9,0.68,,0
2011-08-14,2011,8,Aug,3,Winter,2011-08,226,10.3,16.5,1.0,2.2,0.8,S,24.0,W,E,7,11,89,71,1025.8,1023.9,,,13.7,15.7,No,No,0,0,0,1,0,0,13.4,6.2,2.0,18,-1.9,9.0,Dry (<=1 mm),Mild (<20),Light (<30),-1.04,0.25,1.51,-1.18,0.87,,0
2011-08-15,2011,8,Aug,3,Winter,2011-08,227,9.4,17.8,0.6,1.6,5.1,W,26.0,WNW,ESE,17,15,78,58,1026.4,1022.8,,,11.6,17.2,No,No,0,0,0,1,0,0,13.6,8.4,5.6,20,-3.6,16.0,Dry (<=1 mm),Mild (<20),Light (<30),-0.57,-0.16,0.73,-1.04,0.96,,0
2011-08-16,2011,8,Aug,3,Winter,2011-08,228,10.6,17.9,0.0,2.4,8.2,ESE,24.0,W,ENE,13,11,85,62,1021.9,1018.7,,,12.8,17.5,No,No,0,0,0,1,0,0,14.25,7.3,4.7,23,-3.2,12.0,Dry (<=1 mm),Mild (<20),Light (<30),-0.54,0.39,0.97,-1.18,0.31,,0
2011-08-17,2011,8,Aug,3,Winter,2011-08,229,10.2,16.9,0.0,2.0,1.1,NNE,52.0,W,N,17,17,91,80,1018.4,1014.1,,,12.4,15.2,No,Yes,0,1,0,1,0,0,13.55,6.7,2.8,11,-4.3,17.0,Dry (<=1 mm),Mild (<20),Strong (50-70),-0.9,0.2,2.06,0.81,-0.19,,0
2011-08-18,2011,8,Aug,3,Winter,2011-08,230,10.9,18.9,5.6,2.2,9.7,NNW,50.0,NW,W,28,30,69,27,1008.4,1008.7,,,12.9,17.9,Yes,No,1,0,0,1,0,1,14.9,8.0,5.0,42,0.3,29.0,Light (1-10),Mild (<20),Strong (50-70),-0.17,0.52,-1.14,0.67,-1.63,,0
2011-08-19,2011,8,Aug,3,Winter,2011-08,231,8.6,17.4,0.8,4.2,0.7,SE,78.0,W,SSE,28,39,85,74,1014.2,1015.8,,,9.1,16.2,No,Yes,0,1,0,1,0,0,13.0,8.8,7.1,11,1.6,33.5,Dry (<=1 mm),Mild (<20),Gale-force (>=70),-0.72,-0.52,1.69,2.67,-0.79,,0
2011-08-20,2011,8,Aug,3,Winter,2011-08,232,8.9,19.5,20.2,3.8,9.7,SSE,56.0,SSE,SE,24,26,57,47,1028.8,1028.6,,,16.3,18.7,Yes,Yes,1,1,0,1,0,1,14.2,10.6,2.4,10,-0.2,25.0,Moderate (10-25),Mild (<20),Strong (50-70),0.04,-0.38,0.07,1.1,1.3,,0
2011-08-21,2011,8,Aug,3,Winter,2011-08,233,12.3,18.5,2.2,6.0,5.8,ESE,46.0,SE,SSE,26,28,56,56,1034.8,1034.6,,,16.2,17.6,Yes,No,1,0,0,1,0,1,15.4,6.2,1.4,0,-0.2,27.0,Light (1-10),Mild (<20),Moderate (30-50),-0.32,1.16,0.61,0.39,2.16,,0
2011-08-22,2011,8,Aug,3,Winter,2011-08,234,12.7,18.2,0.0,4.2,6.9,ESE,44.0,SE,SE,20,19,56,49,1038.0,1036.7,,,15.7,17.5,No,No,0,0,0,1,0,0,15.45,5.5,1.8,7,-1.3,19.5,Dry (<=1 mm),Mild (<20),Moderate (30-50),-0.43,1.34,0.19,0.24,2.62,,0
2011-08-23,2011,8,Aug,3,Winter,2011-08,235,12.2,17.5,0.0,2.8,3.0,W,41.0,W,ENE,17,11,86,69,1036.1,1031.8,,,13.6,16.6,No,No,0,0,0,1,0,0,14.85,5.3,3.0,17,-4.3,14.0,Dry (<=1 mm),Mild (<20),Moderate (30-50),-0.68,1.11,1.39,0.03,2.35,,0
2011-08-24,2011,8,Aug,3,Winter,2011-08,236,10.4,18.9,1.0,1.4,10.3,ENE,28.0,WNW,ENE,17,17,82,51,1030.4,1026.6,,,13.7,18.4,No,No,0,0,0,1,0,0,14.65,8.5,4.7,31,-3.8,17.0,Dry (<=1 mm),Mild (<20),Light (<30),-0.17,0.29,0.31,-0.9,1.53,,0
2011-08-25,2011,8,Aug,3,Winter,2011-08,237,10.4,19.9,0.2,4.0,10.6,E,30.0,W,NE,9,17,79,64,1025.4,1020.6,,,13.0,19.0,No,No,0,0,0,1,0,0,15.15,9.5,6.0,15,-4.8,13.0,Dry (<=1 mm),Mild (<20),Moderate (30-50),0.19,0.29,1.09,-0.75,0.81,,0
2011-08-26,2011,8,Aug,3,Winter,2011-08,238,10.8,20.4,0.0,4.0,10.4,SSE,30.0,SSE,E,19,15,75,60,1025.4,1022.9,,,17.2,19.1,No,No,0,0,0,1,0,0,15.6,9.6,1.9,15,-2.5,17.0,Dry (<=1 mm),Warm (20-30),Moderate (30-50),0.37,0.48,0.85,-0.75,0.81,,0
2011-08-27,2011,8,Aug,3,Winter,2011-08,239,12.4,19.0,0.0,3.4,4.0,SSE,28.0,W,E,11,6,96,75,1021.8,1017.7,,,13.3,18.1,No,No,0,0,0,1,0,0,15.7,6.6,4.8,21,-4.1,8.5,Dry (<=1 mm),Mild (<20),Light (<30),-0.14,1.2,1.76,-0.9,0.3,,0
2011-08-28,2011,8,Aug,3,Winter,2011-08,240,11.3,21.6,0.0,0.8,8.2,SSW,35.0,W,ENE,20,17,76,63,1021.3,1017.0,,,13.6,18.7,No,No,0,0,0,1,0,0,16.45,10.3,5.1,13,-4.3,18.5,Dry (<=1 mm),Warm (20-30),Moderate (30-50),0.8,0.7,1.03,-0.4,0.22,,0
2011-08-29,2011,8,Aug,3,Winter,2011-08,241,11.2,24.0,0.0,3.6,10.4,WSW,31.0,NW,S,4,6,57,28,1017.2,1015.1,,,16.3,23.3,No,No,0,0,0,1,0,0,17.6,12.8,7.0,29,-2.1,5.0,Dry (<=1 mm),Warm (20-30),Moderate (30-50),1.67,0.66,-1.08,-0.68,-0.36,,0
2011-08-30,2011,8,Aug,3,Winter,2011-08,242,13.6,18.7,0.0,3.6,8.4,SSE,31.0,S,ESE,15,17,68,62,1022.8,1021.1,,,16.8,16.6,No,No,0,0,0,1,0,0,16.15,5.1,-0.2,6,-1.7,16.0,Dry (<=1 mm),Mild (<20),Moderate (30-50),-0.25,1.74,0.97,-0.68,0.44,,0
2011-08-31,2011,8,Aug,3,Winter,2011-08,243,11.4,19.7,0.0,2.4,9.7,ESE,24.0,WNW,E,15,17,78,60,1023.7,1021.3,,,15.2,18.4,No,No,0,0,0,1,0,0,15.55,8.3,3.2,18,-2.4,16.0,Dry (<=1 mm),Mild (<20),Light (<30),0.12,0.75,0.85,-1.18,0.57,,0
2011-09-01,2011,9,Sep,3,Spring,2011-09,244,13.4,19.5,0.0,1.0,7.9,ESE,30.0,WNW,ESE,6,19,84,57,1024.2,1022.4,,,15.3,19.3,No,No,0,0,0,1,0,0,16.45,6.1,4.0,27,-1.8,12.5,Dry (<=1 mm),Mild (<20),Moderate (30-50),-0.66,0.3,0.47,-1.02,0.77,,0
2011-09-02,2011,9,Sep,3,Spring,2011-09,245,14.2,17.9,0.0,4.0,4.2,S,37.0,SSW,S,17,19,64,51,1029.5,1028.6,,,14.9,16.5,No,No,0,0,0,1,0,0,16.05,3.7,1.6,13,-0.9,18.0,Dry (<=1 mm),Mild (<20),Moderate (30-50),-1.09,0.61,0.12,-0.5,1.48,,0
2011-09-03,2011,9,Sep,3,Spring,2011-09,246,10.1,19.1,0.0,1.0,9.7,ENE,37.0,W,NE,15,26,70,54,1030.9,1027.0,,,13.8,18.6,No,No,0,0,0,1,0,0,14.6,9.0,4.8,16,-3.9,20.5,Dry (<=1 mm),Mild (<20),Moderate (30-50),-0.77,-0.97,0.3,-0.5,1.66,,0
2011-09-04,2011,9,Sep,3,Spring,2011-09,247,10.6,20.0,0.0,3.4,10.5,NNE,39.0,N,NE,13,20,56,57,1027.9,1024.0,,,17.2,19.4,No,No,0,0,0,1,0,0,15.3,9.4,2.2,-1,-3.9,16.5,Dry (<=1 mm),Warm (20-30),Moderate (30-50),-0.53,-0.78,0.47,-0.34,1.27,,0
2011-09-05,2011,9,Sep,3,Spring,2011-09,248,14.2,22.5,0.0,5.6,6.1,NNE,37.0,SE,NE,4,13,56,62,1026.2,1023.2,,,18.0,20.1,No,No,0,0,0,1,0,0,18.35,8.3,2.1,-6,-3.0,8.5,Dry (<=1 mm),Warm (20-30),Moderate (30-50),0.14,0.61,0.76,-0.5,1.04,,0
2011-09-06,2011,9,Sep,3,Spring,2011-09,249,14.7,26.8,0.0,3.2,10.3,W,56.0,N,NNE,20,15,44,28,1019.6,1014.3,,,20.5,26.6,No,Yes,0,1,0,1,0,0,20.75,12.1,6.1,16,-5.3,17.5,Dry (<=1 mm),Warm (20-30),Strong (50-70),1.28,0.81,-1.21,0.94,0.16,,0
2011-09-07,2011,9,Sep,3,Spring,2011-09,250,11.6,20.1,2.4,8.4,10.4,W,43.0,W,ESE,28,19,36,39,1019.2,1017.5,,,14.9,17.1,Yes,No,1,0,0,1,0,1,15.85,8.5,2.2,-3,-1.7,23.5,Light (1-10),Warm (20-30),Moderate (30-50),-0.5,-0.39,-0.57,-0.04,0.11,,0
2011-09-08,2011,9,Sep,3,Spring,2011-09,251,12.6,18.3,0.0,5.8,0.9,E,24.0,S,E,2,17,67,60,1020.9,1017.6,,,15.6,17.1,No,Yes,0,1,0,1,0,0,15.45,5.7,1.5,7,-3.3,9.5,Dry (<=1 mm),Mild (<20),Light (<30),-0.98,-0.0,0.65,-1.48,0.34,,0
2011-09-09,2011,9,Sep,3,Spring,2011-09,252,12.2,14.8,4.4,1.6,1.1,WSW,46.0,W,S,15,13,82,67,1009.0,1006.1,,,12.2,14.1,Yes,Yes,1,1,0,1,0,1,13.5,2.6,1.9,15,-2.9,14.0,Light (1-10),Mild (<20),Moderate (30-50),-1.91,-0.16,1.05,0.18,-1.24,,0
2011-09-10,2011,9,Sep,3,Spring,2011-09,253,7.4,16.9,1.6,2.3,7.8,W,57.0,WSW,WSW,31,31,39,31,1010.3,1008.2,,,11.5,15.3,Yes,No,1,0,0,1,0,1,12.15,9.5,3.8,8,-2.1,31.0,Light (1-10),Mild (<20),Strong (50-70),-1.35,-2.01,-1.03,1.01,-1.07,,0
2011-09-11,2011,9,Sep,3,Spring,2011-09,254,10.2,20.4,0.2,4.4,10.2,SW,50.0,WSW,SW,28,19,47,32,1013.0,1011.0,,,14.5,17.9,No,No,0,0,0,1,0,0,15.3,10.2,3.4,15,-2.0,23.5,Dry (<=1 mm),Warm (20-30),Strong (50-70),-0.42,-0.93,-0.98,0.48,-0.71,,0
2011-09-12,2011,9,Sep,3,Spring,2011-09,255,9.0,19.8,0.0,6.0,10.8,SW,46.0,W,ESE,19,19,48,43,1023.0,1022.6,,,14.0,17.1,No,No,0,0,0,1,0,0,14.4,10.8,3.1,5,-0.4,19.0,Dry (<=1 mm),Mild (<20),Moderate (30-50),-0.58,-1.39,-0.34,0.18,0.62,,0
2011-09-13,2011,9,Sep,3,Spring,2011-09,256,8.2,22.6,0.0,4.0,10.9,NW,35.0,WNW,E,11,19,57,50,1025.6,1019.9,,,13.5,19.1,No,No,0,0,0,1,0,0,15.4,14.4,5.6,7,-5.7,15.0,Dry (<=1 mm),Warm (20-30),Moderate (30-50),0.16,-1.7,0.07,-0.65,0.96,,0
2011-09-14,2011,9,Sep,3,Spring,2011-09,257,11.1,26.7,0.0,5.2,10.9,S,59.0,SE,WNW,6,24,37,14,1022.3,1017.0,,,19.0,26.0,No,No,0,0,0,1,0,0,18.9,15.6,7.0,23,-5.3,15.0,Dry (<=1 mm),Warm (20-30),Strong (50-70),1.25,-0.58,-2.02,1.16,0.52,,0
2011-09-15,2011,9,Sep,3,Spring,2011-09,258,15.2,19.3,0.0,6.8,9.1,SSE,37.0,SSE,E,19,20,75,62,1022.5,1018.1,,,16.2,18.1,No,No,0,0,0,1,0,0,17.25,4.1,1.9,13,-4.4,19.5,Dry (<=1 mm),Mild (<20),Moderate (30-50),-0.71,1.0,0.76,-0.5,0.55,,0
2011-09-16,2011,9,Sep,3,Spring,2011-09,259,11.4,21.4,0.0,4.8,7.6,W,41.0,WNW,ENE,13,17,49,49,1018.3,1012.5,,,17.8,20.1,No,No,0,0,0,1,0,0,16.4,10.0,2.3,0,-5.8,15.0,Dry (<=1 mm),Warm (20-30),Moderate (30-50),-0.16,-0.47,0.01,-0.19,-0.01,,0
2011-09-17,2011,9,Sep,3,Spring,2011-09,260,14.3,25.4,0.0,5.8,9.6,SSW,31.0,SSE,E,9,19,66,71,1017.3,1013.2,,,20.5,19.9,No,No,0,0,0,1,0,0,19.85,11.1,-0.6,-5,-4.1,14.0,Dry (<=1 mm),Warm (20-30),Moderate (30-50),0.91,0.65,1.28,-0.95,-0.14,,0
2011-09-18,2011,9,Sep,3,Spring,2011-09,261,15.7,30.6,0.0,6.8,10.5,S,59.0,ESE,SSE,6,31,27,59,1013.3,1015.9,,,25.4,21.9,No,No,0,0,0,1,0,0,23.15,14.9,-3.5,-32,2.6,18.5,Dry (<=1 mm),Hot (30-35),Strong (50-70),2.29,1.19,0.59,1.16,-0.67,,0
2011-09-19,2011,9,Sep,3,Spring,2011-09,262,14.6,26.0,0.0,3.8,9.8,NNE,56.0,ENE,NE,11,26,59,67,1020.6,1013.7,,,19.9,20.9,No,No,0,0,0,1,0,0,20.3,11.4,1.0,-8,-6.9,18.5,Dry (<=1 mm),Warm (20-30),Strong (50-70),1.07,0.77,1.05,0.94,0.3,,0
2011-09-20,2011,9,Sep,3,Spring,2011-09,263,17.5,28.1,0.0,8.0,10.0,W,78.0,N,WNW,22,43,31,20,1004.7,1006.5,,,25.6,23.0,No,No,0,0,0,1,0,0,22.8,10.6,-2.6,11,1.8,32.5,Dry (<=1 mm),Warm (20-30),Gale-force (>=70),1.63,1.89,-1.67,2.6,-1.81,,0
2011-09-21,2011,9,Sep,3,Spring,2011-09,264,11.9,22.7,0.0,9.0,11.0,W,41.0,WSW,E,17,17,36,42,1020.1,1017.5,,,18.0,19.3,No,No,0,0,0,1,0,0,17.3,10.8,1.3,-6,-2.6,17.0,Dry (<=1 mm),Warm (20-30),Moderate (30-50),0.19,-0.27,-0.4,-0.19,0.23,,0
2011-09-22,2011,9,Sep,3,Spring,2011-09,265,11.2,22.8,0.0,5.2,10.9,NNE,44.0,WNW,ENE,11,20,53,57,1024.0,1019.0,,,17.6,20.4,No,No,0,0,0,1,0,0,17.0,11.6,2.8,-4,-5.0,15.5,Dry (<=1 mm),Warm (20-30),Moderate (30-50),0.22,-0.55,0.47,0.03,0.75,,0
2011-09-23,2011,9,Sep,3,Spring,2011-09,266,12.7,32.5,0.0,5.6,9.5,SSE,70.0,W,W,15,17,44,14,1015.9,1012.8,,,22.8,30.4,No,No,0,0,0,1,0,0,22.6,19.8,7.6,30,-3.1,16.0,Dry (<=1 mm),Hot (30-35),Gale-force (>=70),2.8,0.03,-2.02,1.99,-0.33,,0
2011-09-24,2011,9,Sep,3,Spring,2011-09,267,14.3,17.7,0.2,8.2,0.4,SSE,39.0,ESE,ESE,15,19,65,76,1021.4,1017.8,,,16.5,16.3,No,Yes,0,1,0,1,0,0,16.0,3.4,-0.2,-11,-3.6,17.0,Dry (<=1 mm),Mild (<20),Moderate (30-50),-1.14,0.65,1.57,-0.34,0.4,,0
2011-09-25,2011,9,Sep,3,Spring,2011-09,268,13.1,17.3,23.8,6.8,0.0,ESE,61.0,SE,ESE,31,20,90,92,1018.6,1020.3,,,14.2,13.2,Yes,Yes,1,1,0,1,0,1,15.2,4.2,-1.0,-2,1.7,25.5,Moderate (10-25),Mild (<20),Strong (50-70),-1.25,0.19,2.5,1.31,0.03,,0
2011-09-26,2011,9,Sep,3,Spring,2011-09,269,12.3,19.7,30.0,4.0,7.2,ESE,44.0,SE,ESE,24,17,52,45,1024.8,1022.1,,,17.0,19.3,Yes,No,1,0,0,1,0,1,16.0,7.4,2.3,7,-2.7,20.5,Heavy (25-50),Mild (<20),Moderate (30-50),-0.61,-0.12,-0.22,0.03,0.85,,0
2011-09-27,2011,9,Sep,3,Spring,2011-09,270,10.7,20.8,0.4,5.0,9.3,ENE,41.0,W,NE,9,22,63,53,1023.1,1018.9,,,17.3,18.5,No,No,0,0,0,1,0,0,15.75,10.1,1.2,10,-4.2,15.5,Dry (<=1 mm),Warm (20-30),Moderate (30-50),-0.32,-0.74,0.24,-0.19,0.63,,0
2011-09-28,2011,9,Sep,3,Spring,2011-09,271,13.4,18.0,0.0,7.2,0.2,NNE,31.0,N,ENE,9,11,59,84,1015.7,1010.6,,,17.3,15.8,No,Yes,0,1,0,1,0,0,15.7,4.6,-1.5,-25,-5.1,10.0,Dry (<=1 mm),Mild (<20),Moderate (30-50),-1.06,0.3,2.04,-0.95,-0.35,,0
2011-09-29,2011,9,Sep,3,Spring,2011-09,272,15.5,22.0,7.8,1.4,5.1,W,72.0,NNW,WNW,19,31,74,38,997.8,996.3,,,17.5,16.9,Yes,No,1,0,0,1,0,1,18.75,6.5,-0.6,36,-1.5,25.0,Light (1-10),Warm (20-30),Gale-force (>=70),0.0,1.12,-0.63,2.14,-2.73,,0
2011-09-30,2011,9,Sep,3,Spring,2011-09,273,12.2,20.8,0.8,7.0,8.0,W,63.0,WNW,W,28,33,43,27,1003.8,1002.8,,,15.8,20.2,No,No,0,0,0,1,0,0,16.5,8.6,4.4,16,-1.0,30.5,Dry (<=1 mm),Warm (20-30),Strong (50-70),-0.32,-0.16,-1.26,1.46,-1.93,,0
2011-10-01,2011,10,Oct,4,Spring,2011-10,274,10.8,20.0,0.2,6.6,5.2,SSW,48.0,SSW,SE,2,17,49,46,1006.5,1005.0,,,15.8,18.3,No,Yes,0,1,0,1,0,0,15.4,9.2,2.5,3,-1.5,9.5,Dry (<=1 mm),Warm (20-30),Moderate (30-50),-0.8,-1.39,-0.26,0.24,-1.74,,0
2011-10-02,2011,10,Oct,4,Spring,2011-10,275,11.4,17.1,9.8,6.4,0.2,SSE,67.0,SSW,SSE,30,31,88,63,1012.8,1016.7,,,13.1,15.2,Yes,Yes,1,1,0,1,0,1,14.25,5.7,2.1,25,3.9,30.5,Light (1-10),Mild (<20),Strong (50-70),-1.45,-1.18,0.7,1.6,-0.85,,0
2011-10-03,2011,10,Oct,4,Spring,2011-10,276,10.3,18.4,4.6,4.2,7.2,S,50.0,WSW,S,17,28,76,50,1023.0,1021.3,,,13.3,17.5,Yes,No,1,0,0,1,0,1,14.35,8.1,4.2,26,-1.7,22.5,Light (1-10),Mild (<20),Strong (50-70),-1.15,-1.56,-0.03,0.38,0.59,,0
2011-10-04,2011,10,Oct,4,Spring,2011-10,277,10.7,19.9,0.2,6.0,5.9,SSE,35.0,W,SSE,19,20,73,47,1024.6,1022.9,,,13.3,19.4,No,No,0,0,0,1,0,0,15.3,9.2,6.1,26,-1.7,19.5,Dry (<=1 mm),Mild (<20),Moderate (30-50),-0.82,-1.42,-0.2,-0.7,0.81,,0
2011-10-05,2011,10,Oct,4,Spring,2011-10,278,10.0,20.1,0.2,4.0,2.9,WNW,24.0,W,E,20,15,76,47,1022.6,1018.2,,,13.5,17.8,No,No,0,0,0,1,0,0,15.05,10.1,4.3,29,-4.4,17.5,Dry (<=1 mm),Warm (20-30),Light (<30),-0.77,-1.67,-0.2,-1.49,0.53,,0
2011-10-06,2011,10,Oct,4,Spring,2011-10,279,13.3,19.0,0.0,3.0,0.9,NNE,22.0,W,NE,7,15,67,62,1016.5,1013.5,,,15.4,17.9,No,Yes,0,1,0,1,0,0,16.15,5.7,2.5,5,-3.0,11.0,Dry (<=1 mm),Mild (<20),Light (<30),-1.02,-0.51,0.64,-1.63,-0.33,,0
2011-10-07,2011,10,Oct,4,Spring,2011-10,280,14.4,21.0,2.2,2.2,6.3,E,24.0,WNW,E,9,19,88,64,1013.6,1010.2,,,15.7,20.0,Yes,Yes,1,1,0,1,0,1,17.7,6.6,4.3,24,-3.4,14.0,Light (1-10),Warm (20-30),Light (<30),-0.57,-0.13,0.76,-1.49,-0.74,,0
2011-10-08,2011,10,Oct,4,Spring,2011-10,281,15.4,21.6,2.0,4.0,5.0,ESE,31.0,WNW,SSE,9,20,93,74,1011.3,1009.4,,,16.1,19.0,Yes,No,1,0,0,1,0,1,18.5,6.2,2.9,19,-1.9,14.5,Light (1-10),Warm (20-30),Moderate (30-50),-0.44,0.22,1.32,-0.98,-1.06,,0
2011-10-09,2011,10,Oct,4,Spring,2011-10,282,13.2,23.6,1.0,4.0,6.0,WSW,54.0,W,SW,11,20,89,31,1008.1,1004.9,,,15.7,21.3,No,No,0,0,0,1,0,0,18.4,10.4,5.6,58,-3.2,15.5,Dry (<=1 mm),Warm (20-30),Strong (50-70),0.01,-0.55,-1.11,0.67,-1.51,,0
2011-10-10,2011,10,Oct,4,Spring,2011-10,283,12.0,22.0,0.2,4.4,6.9,E,30.0,WNW,E,13,22,77,62,1010.0,1006.5,,,14.4,18.2,No,No,0,0,0,1,0,0,17.0,10.0,3.8,15,-3.5,17.5,Dry (<=1 mm),Warm (20-30),Moderate (30-50),-0.35,-0.97,0.64,-1.05,-1.25,,0
2011-10-11,2011,10,Oct,4,Spring,2011-10,284,12.2,21.1,0.0,5.4,10.3,WSW,56.0,WSW,ESE,28,19,39,36,1011.1,1009.5,,,15.6,19.6,No,No,0,0,0,1,0,0,16.65,8.9,4.0,3,-1.6,23.5,Dry (<=1 mm),Warm (20-30),Strong (50-70),-0.55,-0.9,-0.82,0.81,-1.09,,0
2011-10-12,2011,10,Oct,4,Spring,2011-10,285,10.9,21.1,0.0,5.4,7.2,ESE,41.0,W,ESE,17,22,49,65,1017.4,1017.0,,,15.6,17.5,No,No,0,0,0,1,0,0,16.0,10.2,1.9,-16,-0.4,19.5,Dry (<=1 mm),Warm (20-30),Moderate (30-50),-0.55,-1.35,0.81,-0.27,-0.2,,0
2011-10-13,2011,10,Oct,4,Spring,2011-10,286,14.9,20.1,0.2,4.4,3.1,E,33.0,W,E,2,24,70,51,1023.2,1021.3,,,16.8,19.7,No,No,0,0,0,1,0,0,17.5,5.2,2.9,19,-1.9,13.0,Dry (<=1 mm),Warm (20-30),Moderate (30-50),-0.77,0.04,0.02,-0.84,0.62,,0
2011-10-14,2011,10,Oct,4,Spring,2011-10,287,16.6,19.4,0.0,4.6,0.0,ENE,35.0,ENE,ENE,20,22,65,70,1020.8,1017.4,,,17.4,17.8,No,Yes,0,1,0,1,0,0,18.0,2.8,0.4,-5,-3.4,21.0,Dry (<=1 mm),Mild (<20),Moderate (30-50),-0.93,0.64,1.1,-0.7,0.28,,0
2011-10-15,2011,10,Oct,4,Spring,2011-10,288,17.1,24.6,7.2,4.2,7.6,ENE,39.0,NE,ENE,2,15,84,68,1010.7,1007.5,,,19.2,21.7,Yes,No,1,0,0,1,0,1,20.85,7.5,2.5,16,-3.2,8.5,Light (1-10),Warm (20-30),Moderate (30-50),0.23,0.81,0.98,-0.41,-1.15,,0
2011-10-16,2011,10,Oct,4,Spring,2011-10,289,17.1,23.3,0.2,3.4,11.6,SSW,37.0,S,SE,15,24,62,51,1014.1,1014.8,,,20.4,21.9,No,Yes,0,1,0,1,0,0,20.2,6.2,1.5,11,0.7,19.5,Dry (<=1 mm),Warm (20-30),Moderate (30-50),-0.06,0.81,0.02,-0.55,-0.67,,0
2011-10-17,2011,10,Oct,4,Spring,2011-10,290,13.2,20.5,3.2,7.0,8.9,S,43.0,SSE,SE,24,20,52,38,1031.2,1031.8,,,16.2,19.6,Yes,No,1,0,0,1,0,1,16.85,7.3,3.4,14,0.6,22.0,Light (1-10),Warm (20-30),Moderate (30-50),-0.68,-0.55,-0.71,-0.12,1.75,,0
2011-10-18,2011,10,Oct,4,Spring,2011-10,291,13.0,19.9,0.2,8.0,8.2,E,28.0,SW,E,4,17,57,42,1034.8,1031.6,,,17.7,19.2,No,No,0,0,0,1,0,0,16.45,6.9,1.5,15,-3.2,10.5,Dry (<=1 mm),Mild (<20),Light (<30),-0.82,-0.62,-0.49,-1.2,2.25,,0
2011-10-19,2011,10,Oct,4,Spring,2011-10,292,12.3,21.4,0.0,4.0,12.0,NE,35.0,W,ENE,13,24,67,55,1031.4,1027.8,,,16.9,20.9,No,No,0,0,0,1,0,0,16.85,9.1,4.0,12,-3.6,18.5,Dry (<=1 mm),Warm (20-30),Moderate (30-50),-0.48,-0.86,0.25,-0.7,1.77,,0
2011-10-20,2011,10,Oct,4,Spring,2011-10,293,13.5,23.5,0.0,8.0,12.4,NNE,48.0,W,ENE,6,22,100,50,1028.0,1023.5,,,18.0,23.0,No,No,0,0,0,1,0,0,18.5,10.0,5.0,50,-4.5,14.0,Dry (<=1 mm),Warm (20-30),Moderate (30-50),-0.01,-0.44,-0.03,0.24,1.29,,0
2011-10-21,2011,10,Oct,4,Spring,2011-10,294,15.9,30.1,0.2,7.6,12.2,SSW,33.0,WNW,ENE,11,9,59,39,1023.8,1021.4,,,20.5,26.3,No,No,0,0,0,1,0,0,23.0,14.2,5.8,20,-2.4,10.0,Dry (<=1 mm),Hot (30-35),Moderate (30-50),1.47,0.39,-0.65,-0.84,0.7,,0
2011-10-22,2011,10,Oct,4,Spring,2011-10,295,17.6,24.6,0.0,8.8,8.2,SSW,31.0,N,E,2,19,76,64,1024.7,1021.5,,,19.6,23.1,No,No,0,0,0,1,0,0,21.1,7.0,3.5,12,-3.2,10.5,Dry (<=1 mm),Warm (20-30),Moderate (30-50),0.23,0.99,0.76,-0.98,0.83,,0
2011-10-23,2011,10,Oct,4,Spring,2011-10,296,19.0,24.8,0.0,4.8,9.5,ENE,30.0,SSW,ENE,2,19,80,71,1022.2,1017.9,,,20.5,22.4,No,No,0,0,0,1,0,0,21.9,5.8,1.9,9,-4.3,10.5,Dry (<=1 mm),Warm (20-30),Moderate (30-50),0.28,1.48,1.15,-1.05,0.48,,0
2011-10-24,2011,10,Oct,4,Spring,2011-10,297,18.0,34.3,0.0,4.8,12.1,NW,44.0,ESE,NNW,7,28,53,21,1013.7,1007.7,,,24.8,33.8,No,No,0,0,0,1,0,0,26.15,16.3,9.0,32,-6.0,17.5,Dry (<=1 mm),Hot (30-35),Moderate (30-50),2.41,1.13,-1.67,-0.05,-0.72,,0
2011-10-25,2011,10,Oct,4,Spring,2011-10,298,18.7,19.5,0.8,11.8,0.3,SSE,59.0,SSE,SSE,26,33,81,86,1010.6,1013.6,,,19.4,16.9,No,Yes,0,1,0,1,1,0,19.1,0.8,-2.5,-5,3.0,29.5,Dry (<=1 mm),Mild (<20),Strong (50-70),-0.91,1.37,2.0,1.03,-1.16,,0
2011-10-26,2011,10,Oct,4,Spring,2011-10,299,14.2,18.6,2.8,4.0,0.0,SSE,41.0,SSE,SE,11,20,78,52,1022.7,1022.3,,,14.9,17.2,Yes,Yes,1,1,0,1,0,1,16.4,4.4,2.3,26,-0.4,15.5,Light (1-10),Mild (<20),Moderate (30-50),-1.11,-0.2,0.08,-0.27,0.55,,0
2011-10-27,2011,10,Oct,4,Spring,2011-10,300,13.9,19.6,2.2,3.2,4.3,ESE,39.0,ESE,E,19,19,59,50,1024.0,1021.9,,,18.4,19.3,Yes,No,1,0,0,1,0,1,16.75,5.7,0.9,9,-2.1,19.0,Light (1-10),Mild (<20),Moderate (30-50),-0.89,-0.31,-0.03,-0.41,0.73,,0
2011-10-28,2011,10,Oct,4,Spring,2011-10,301,16.8,21.7,0.0,4.6,8.3,ENE,43.0,NE,ENE,11,30,67,58,1019.8,1015.5,,,19.0,21.2,No,No,0,0,0,1,0,0,19.25,4.9,2.2,9,-4.3,20.5,Dry (<=1 mm),Warm (20-30),Moderate (30-50),-0.42,0.71,0.42,-0.12,0.14,,0
2011-10-29,2011,10,Oct,4,Spring,2011-10,302,17.6,28.2,0.0,6.2,5.1,NNE,35.0,SE,ESE,4,11,70,69,1011.1,1008.9,,,21.7,24.1,No,No,0,0,0,1,0,0,22.9,10.6,2.4,1,-2.2,7.5,Dry (<=1 mm),Warm (20-30),Moderate (30-50),1.04,0.99,1.04,-0.7,-1.09,,0
2011-10-30,2011,10,Oct,4,Spring,2011-10,303,18.1,25.8,0.0,5.6,8.1,S,59.0,S,E,6,22,75,99,1012.1,1009.5,,,21.6,21.6,No,No,0,0,0,1,0,0,21.95,7.7,0.0,-24,-2.6,14.0,Dry (<=1 mm),Warm (20-30),Strong (50-70),0.5,1.16,2.73,1.03,-0.95,,0
2011-10-31,2011,10,Oct,4,Spring,2011-10,304,14.4,22.7,0.0,6.2,12.0,SSE,48.0,SW,SE,19,26,100,45,1020.8,1019.7,,,18.6,20.2,No,No,0,0,0,1,0,0,18.55,8.3,1.6,55,-1.1,22.5,Dry (<=1 mm),Warm (20-30),Moderate (30-50),-0.19,-0.13,-0.32,0.24,0.28,,0
2011-11-01,2011,11,Nov,4,Spring,2011-11,305,15.1,20.7,0.4,5.4,6.7,S,28.0,SSE,ESE,15,17,73,55,1020.1,1016.0,,,16.2,19.8,No,No,0,0,0,1,0,0,17.9,5.6,3.6,18,-4.1,16.0,Dry (<=1 mm),Warm (20-30),Light (<30),-1.06,-0.97,-0.19,-1.44,0.74,,0
2011-11-02,2011,11,Nov,4,Spring,2011-11,306,14.3,24.0,0.0,5.8,11.4,S,43.0,WNW,SE,15,26,64,46,1011.3,1009.4,,,19.3,22.7,No,Yes,0,1,0,1,0,0,19.15,9.7,3.4,18,-1.9,20.5,Dry (<=1 mm),Warm (20-30),Moderate (30-50),-0.21,-1.31,-0.81,-0.14,-0.66,,0
2011-11-03,2011,11,Nov,4,Spring,2011-11,307,13.8,18.4,11.4,4.6,3.4,SE,39.0,E,ESE,19,11,88,50,1013.0,1013.8,,,14.5,18.0,Yes,Yes,1,1,0,1,0,1,16.1,4.6,3.5,38,0.8,15.0,Moderate (10-25),Mild (<20),Moderate (30-50),-1.65,-1.53,-0.53,-0.49,-0.39,,0
2011-11-04,2011,11,Nov,4,Spring,2011-11,308,13.9,21.5,3.8,2.6,9.3,ESE,30.0,WNW,ESE,7,17,60,55,1019.3,1018.1,,,18.0,20.4,Yes,No,1,0,0,1,0,1,17.7,7.6,2.4,5,-1.2,12.0,Light (1-10),Warm (20-30),Moderate (30-50),-0.86,-1.49,-0.19,-1.27,0.61,,0
2011-11-05,2011,11,Nov,4,Spring,2011-11,309,15.3,24.1,0.2,6.4,12.6,ENE,43.0,NNW,NE,11,26,62,67,1019.6,1015.0,,,20.3,21.5,No,No,0,0,0,1,0,0,19.7,8.8,1.2,-5,-4.6,18.5,Dry (<=1 mm),Warm (20-30),Moderate (30-50),-0.19,-0.88,0.63,-0.14,0.66,,0
2011-11-06,2011,11,Nov,4,Spring,2011-11,310,17.7,28.9,0.0,7.2,8.3,NE,31.0,ESE,NNE,6,17,56,58,1013.1,1009.2,,,23.9,25.8,No,No,0,0,0,1,0,0,23.3,11.2,1.9,-2,-3.9,11.5,Dry (<=1 mm),Warm (20-30),Moderate (30-50),1.05,0.17,0.01,-1.18,-0.37,,0
2011-11-07,2011,11,Nov,4,Spring,2011-11,311,21.2,29.5,0.0,8.2,7.0,E,28.0,WNW,E,9,11,54,57,1013.2,1012.2,,,26.5,25.6,No,No,0,0,0,1,0,0,25.35,8.3,-0.9,-3,-1.0,10.0,Dry (<=1 mm),Warm (20-30),Light (<30),1.2,1.69,-0.06,-1.44,-0.36,,0
2011-11-08,2011,11,Nov,4,Spring,2011-11,312,19.4,28.9,0.6,5.2,7.4,W,63.0,W,NNE,9,24,78,63,1014.4,1008.8,,,23.3,27.0,No,Yes,0,1,0,1,0,0,24.15,9.5,3.7,15,-5.6,16.5,Dry (<=1 mm),Warm (20-30),Strong (50-70),1.05,0.91,0.35,1.59,-0.17,,0
2011-11-09,2011,11,Nov,4,Spring,2011-11,313,19.7,29.0,19.8,10.8,8.8,NNE,43.0,W,E,9,13,77,63,1014.4,1011.2,,,24.2,27.6,Yes,No,1,0,0,1,0,1,24.35,9.3,3.4,14,-3.2,11.0,Moderate (10-25),Warm (20-30),Moderate (30-50),1.07,1.04,0.35,-0.14,-0.17,,0
2011-11-10,2011,11,Nov,4,Spring,2011-11,314,24.2,30.4,0.0,10.2,5.0,SSE,52.0,WNW,SW,11,20,61,43,1011.6,1011.5,,,24.4,28.2,No,No,0,0,0,1,0,0,27.3,6.2,3.8,18,-0.1,15.5,Dry (<=1 mm),Hot (30-35),Strong (50-70),1.43,3.0,-1.01,0.64,-0.61,Warm night,1
2011-11-11,2011,11,Nov,4,Spring,2011-11,315,18.3,23.3,0.4,6.2,11.6,ENE,39.0,E,E,15,24,46,51,1024.7,1022.5,,,21.5,22.5,No,No,0,0,0,1,0,0,20.8,5.0,1.0,-5,-2.2,19.5,Dry (<=1 mm),Warm (20-30),Moderate (30-50),-0.39,0.43,-0.46,-0.49,1.47,,0
2011-11-12,2011,11,Nov,4,Spring,2011-11,316,19.3,24.7,0.0,9.0,8.1,NNE,35.0,NNE,E,20,17,64,56,1019.4,1015.1,,,21.2,23.4,No,No,0,0,0,1,0,0,22.0,5.4,2.2,8,-4.3,18.5,Dry (<=1 mm),Warm (20-30),Moderate (30-50),-0.03,0.86,-0.12,-0.84,0.63,,0
2011-11-15,2011,11,Nov,4,Spring,2011-11,319,18.8,24.6,0.0,8.6,11.7,NE,46.0,E,E,11,24,52,50,1019.3,1016.6,,,23.0,23.3,No,No,0,0,0,1,0,0,21.7,5.8,0.3,2,-2.7,17.5,Dry (<=1 mm),Warm (20-30),Moderate (30-50),-0.06,0.65,-0.53,0.12,0.61,,0
2011-11-16,2011,11,Nov,4,Spring,2011-11,320,19.1,22.1,0.0,10.0,1.1,S,65.0,SSW,SSW,13,22,77,73,1017.0,1018.7,,,21.2,20.7,No,Yes,0,1,0,1,0,0,20.6,3.0,-0.5,4,1.7,17.5,Dry (<=1 mm),Warm (20-30),Strong (50-70),-0.7,0.78,1.03,1.76,0.25,,0
2011-11-17,2011,11,Nov,4,Spring,2011-11,321,15.9,21.4,12.8,2.4,0.0,ESE,22.0,E,ESE,9,11,93,94,1020.5,1018.7,,,17.2,17.9,Yes,Yes,1,1,0,1,0,1,18.65,5.5,0.7,-1,-1.8,10.0,Moderate (10-25),Warm (20-30),Light (<30),-0.88,-0.62,2.47,-1.96,0.8,,0
2011-11-18,2011,11,Nov,4,Spring,2011-11,322,17.1,23.7,1.8,0.4,9.6,ENE,30.0,E,E,4,22,77,68,1018.6,1016.1,,,21.3,22.9,Yes,No,1,0,0,1,0,1,20.4,6.6,1.6,9,-2.5,13.0,Light (1-10),Warm (20-30),Moderate (30-50),-0.29,-0.1,0.69,-1.27,0.5,,0
2011-11-19,2011,11,Nov,4,Spring,2011-11,323,18.1,27.5,0.0,6.2,12.9,NNE,48.0,E,NNE,15,17,76,64,1015.3,1010.4,,,22.9,26.6,No,No,0,0,0,1,0,0,22.8,9.4,3.7,12,-4.9,16.0,Dry (<=1 mm),Warm (20-30),Moderate (30-50),0.69,0.34,0.42,0.29,-0.02,,0
2011-11-20,2011,11,Nov,4,Spring,2011-11,324,19.6,28.0,0.0,8.8,7.0,W,74.0,ENE,E,9,9,78,57,1010.2,1007.4,,,22.6,26.1,No,Yes,0,1,0,1,0,0,23.8,8.4,3.5,21,-2.8,9.0,Dry (<=1 mm),Warm (20-30),Gale-force (>=70),0.82,0.99,-0.06,2.54,-0.83,,0
2011-11-21,2011,11,Nov,4,Spring,2011-11,325,17.5,22.3,2.4,4.8,0.4,NE,31.0,ENE,NE,9,17,62,63,1018.4,1015.2,,,20.4,21.2,Yes,Yes,1,1,0,1,0,1,19.9,4.8,0.8,-1,-3.2,13.0,Light (1-10),Warm (20-30),Moderate (30-50),-0.65,0.08,0.35,-1.18,0.47,,0
2011-11-22,2011,11,Nov,4,Spring,2011-11,326,17.8,21.9,4.8,4.4,0.2,SSE,41.0,W,SSE,7,22,85,75,1011.0,1008.8,,,19.6,21.8,Yes,Yes,1,1,0,1,0,1,19.85,4.1,2.2,10,-2.2,14.5,Light (1-10),Warm (20-30),Moderate (30-50),-0.75,0.21,1.17,-0.32,-0.71,,0
2011-11-23,2011,11,Nov,4,Spring,2011-11,327,14.8,18.3,38.8,7.4,0.1,SE,48.0,SSE,SSE,19,24,93,86,1016.4,1019.7,,,15.6,17.2,Yes,Yes,1,1,0,1,0,1,16.55,3.5,1.6,7,3.3,21.5,Heavy (25-50),Mild (<20),Moderate (30-50),-1.68,-1.1,1.92,0.29,0.15,,0
2011-11-24,2011,11,Nov,4,Spring,2011-11,328,15.3,18.3,14.8,3.4,0.0,ESE,43.0,SE,ESE,19,24,75,76,1026.6,1025.7,,,17.4,17.3,Yes,Yes,1,1,0,1,0,1,16.8,3.0,-0.1,-1,-0.9,21.5,Moderate (10-25),Mild (<20),Moderate (30-50),-1.68,-0.88,1.24,-0.14,1.77,,0
2011-11-25,2011,11,Nov,4,Spring,2011-11,329,15.4,20.0,7.6,2.4,0.0,E,52.0,E,ESE,24,15,89,89,1021.8,1020.4,,,18.3,18.6,Yes,Yes,1,1,0,1,0,1,17.7,4.6,0.3,0,-1.4,19.5,Light (1-10),Warm (20-30),Strong (50-70),-1.24,-0.84,2.12,0.64,1.01,,0
2011-11-26,2011,11,Nov,4,Spring,2011-11,330,18.1,26.8,22.0,3.2,5.5,NE,59.0,NNE,ENE,28,30,95,73,1007.6,1003.9,,,19.9,24.3,Yes,Yes,1,1,0,1,0,1,22.45,8.7,4.4,22,-3.7,29.0,Moderate (10-25),Warm (20-30),Strong (50-70),0.51,0.34,1.03,1.24,-1.24,,0
2011-11-27,2011,11,Nov,4,Spring,2011-11,331,18.6,29.8,6.8,7.4,12.5,WNW,54.0,WNW,WSW,26,26,42,34,1006.7,1007.9,,,23.4,27.2,Yes,No,1,0,0,1,0,1,24.2,11.2,3.8,8,1.2,26.0,Light (1-10),Warm (20-30),Strong (50-70),1.28,0.56,-1.62,0.81,-1.39,,0
2011-11-28,2011,11,Nov,4,Spring,2011-11,332,17.0,26.9,0.0,6.6,12.9,NE,46.0,N,NE,13,24,55,63,1017.4,1015.6,,,23.6,24.4,No,No,0,0,0,1,0,0,21.95,9.9,0.8,-8,-1.8,18.5,Dry (<=1 mm),Warm (20-30),Moderate (30-50),0.53,-0.14,0.35,0.12,0.31,,0
2011-11-29,2011,11,Nov,4,Spring,2011-11,333,19.7,26.2,0.0,9.4,8.0,NE,65.0,NE,NE,9,22,66,76,1017.1,1014.2,,,24.6,24.6,No,No,0,0,0,1,0,0,22.95,6.5,0.0,-10,-2.9,15.5,Dry (<=1 mm),Warm (20-30),Strong (50-70),0.35,1.04,1.24,1.76,0.26,,0
2011-11-30,2011,11,Nov,4,Spring,2011-11,334,20.7,31.6,0.0,7.2,2.2,SW,54.0,NNE,NW,17,22,77,41,1010.5,1009.1,,,23.7,30.6,No,Yes,0,1,0,1,0,0,26.15,10.9,6.9,36,-1.4,19.5,Dry (<=1 mm),Hot (30-35),Strong (50-70),1.74,1.47,-1.15,0.81,-0.78,,0
2011-12-01,2011,12,Dec,4,Summer,2011-12,335,15.8,21.9,1.4,9.0,8.7,S,57.0,S,SSE,22,22,51,41,1020.7,1020.6,,,17.5,20.9,Yes,Yes,1,1,0,1,0,1,18.85,6.1,3.4,10,-0.1,22.0,Light (1-10),Warm (20-30),Strong (50-70),-1.14,-1.24,-1.13,0.98,1.12,,0
2011-12-02,2011,12,Dec,4,Summer,2011-12,336,14.1,21.1,1.4,8.0,8.2,SSE,52.0,SSW,S,22,30,63,50,1022.2,1020.8,,,16.6,20.7,Yes,No,1,0,0,1,0,1,17.6,7.0,4.1,13,-1.4,26.0,Light (1-10),Warm (20-30),Strong (50-70),-1.37,-1.99,-0.52,0.57,1.38,,0
2011-12-03,2011,12,Dec,4,Summer,2011-12,337,13.9,22.2,0.0,6.8,11.3,NNE,39.0,W,E,13,24,57,45,1020.4,1016.9,,,17.6,21.2,No,No,0,0,0,1,0,0,18.05,8.3,3.6,12,-3.5,18.5,Dry (<=1 mm),Warm (20-30),Moderate (30-50),-1.05,-2.08,-0.86,-0.51,1.07,,0
2011-12-04,2011,12,Dec,4,Summer,2011-12,338,15.6,21.1,0.0,7.2,3.9,SSE,63.0,SSW,SSE,20,28,70,72,1014.3,1015.0,,,19.9,16.3,No,Yes,0,1,0,1,0,0,18.35,5.5,-3.6,-2,0.7,24.0,Dry (<=1 mm),Warm (20-30),Strong (50-70),-1.37,-1.33,0.98,1.48,0.04,,0
2011-12-05,2011,12,Dec,4,Summer,2011-12,339,11.8,19.0,4.8,7.6,4.5,W,41.0,S,SSW,24,17,61,69,1021.1,1019.9,,,15.9,16.4,Yes,Yes,1,1,0,1,0,1,15.4,7.2,0.5,-8,-1.2,20.5,Light (1-10),Mild (<20),Moderate (30-50),-1.98,-3.02,0.77,-0.34,1.19,Cold night,1
2011-12-06,2011,12,Dec,4,Summer,2011-12,340,12.6,19.1,5.4,2.8,0.5,ESE,30.0,SSW,SE,15,17,77,58,1020.1,1017.9,,,15.3,17.4,Yes,Yes,1,1,0,1,0,1,15.85,6.5,2.1,19,-2.2,16.0,Light (1-10),Mild (<20),Moderate (30-50),-1.95,-2.66,0.03,-1.25,1.02,,0
2011-12-07,2011,12,Dec,4,Summer,2011-12,341,12.1,22.0,2.2,4.0,3.2,ESE,35.0,WNW,ESE,11,24,64,71,1016.3,1014.0,,,17.7,19.1,Yes,Yes,1,1,0,1,0,1,17.05,9.9,1.4,-7,-2.3,17.5,Light (1-10),Warm (20-30),Moderate (30-50),-1.11,-2.88,0.91,-0.84,0.38,,0
2011-12-08,2011,12,Dec,4,Summer,2011-12,342,16.2,22.3,23.6,3.2,0.2,SSE,22.0,SE,E,4,11,86,63,1014.2,1013.1,,,18.0,21.8,Yes,No,1,0,0,1,0,1,19.25,6.1,3.8,23,-1.1,7.5,Moderate (10-25),Warm (20-30),Light (<30),-1.02,-1.06,0.37,-1.91,0.02,,0
2011-12-09,2011,12,Dec,4,Summer,2011-12,343,16.7,23.9,0.6,3.4,10.9,ENE,28.0,W,E,9,17,81,57,1014.9,1013.3,,,20.0,22.9,No,No,0,0,0,1,0,0,20.3,7.2,2.9,24,-1.6,13.0,Dry (<=1 mm),Warm (20-30),Light (<30),-0.56,-0.84,-0.04,-1.42,0.14,,0
2011-12-10,2011,12,Dec,4,Summer,2011-12,344,17.7,23.5,0.2,5.8,3.1,E,24.0,NNE,E,2,13,74,65,1011.5,1008.0,,,20.7,22.4,No,No,0,0,0,1,0,0,20.6,5.8,1.7,9,-3.5,7.5,Dry (<=1 mm),Warm (20-30),Light (<30),-0.68,-0.39,0.5,-1.75,-0.44,,0
2011-12-11,2011,12,Dec,4,Summer,2011-12,345,18.3,25.6,0.0,3.8,6.5,SSE,37.0,ENE,NNE,2,13,69,89,1003.8,1002.1,,,23.0,20.5,No,Yes,0,1,0,1,0,0,21.95,7.3,-2.5,-20,-1.7,7.5,Dry (<=1 mm),Warm (20-30),Moderate (30-50),-0.07,-0.13,2.13,-0.67,-1.74,,0
2011-12-12,2011,12,Dec,4,Summer,2011-12,346,17.5,19.3,12.6,4.8,0.0,S,46.0,SSE,SSE,20,19,92,77,1006.9,1006.3,,,17.7,18.8,Yes,Yes,1,1,0,1,0,1,18.4,1.8,1.1,15,-0.6,19.5,Moderate (10-25),Mild (<20),Moderate (30-50),-1.9,-0.48,1.32,0.07,-1.21,,0
2011-12-13,2011,12,Dec,4,Summer,2011-12,347,16.4,23.4,4.2,2.0,6.8,SSW,48.0,SSW,SSE,19,31,62,49,1007.9,1007.9,,,19.2,23.2,Yes,No,1,0,0,1,0,1,19.9,7.0,4.0,13,0.0,25.0,Light (1-10),Warm (20-30),Moderate (30-50),-0.7,-0.97,-0.59,0.24,-1.04,,0
2011-12-14,2011,12,Dec,4,Summer,2011-12,348,15.2,22.2,0.4,8.0,10.5,SE,46.0,SSW,S,20,22,60,49,1015.8,1016.2,,,19.0,19.7,No,No,0,0,0,1,0,0,18.7,7.0,0.7,11,0.4,21.0,Dry (<=1 mm),Warm (20-30),Moderate (30-50),-1.05,-1.5,-0.59,0.07,0.29,,0
2011-12-15,2011,12,Dec,4,Summer,2011-12,349,15.5,22.6,0.2,7.8,12.2,ESE,31.0,SSE,ESE,13,20,59,48,1019.7,1018.0,,,19.6,21.4,No,No,0,0,0,1,0,0,19.05,7.1,1.8,11,-1.7,16.5,Dry (<=1 mm),Warm (20-30),Moderate (30-50),-0.94,-1.37,-0.65,-1.17,0.95,,0
2011-12-16,2011,12,Dec,4,Summer,2011-12,350,14.7,21.6,0.0,7.2,6.8,SE,30.0,ESE,SE,15,17,64,48,1021.4,1020.8,,,18.9,20.8,No,No,0,0,0,1,0,0,18.15,6.9,1.9,16,-0.6,16.0,Dry (<=1 mm),Warm (20-30),Moderate (30-50),-1.23,-1.73,-0.65,-1.25,1.24,,0
2011-12-17,2011,12,Dec,4,Summer,2011-12,351,17.0,21.7,0.0,5.4,10.7,ESE,26.0,ESE,E,15,20,50,47,1023.1,1021.4,,,20.8,21.3,No,No,0,0,0,1,0,0,19.35,4.7,0.5,3,-1.7,17.5,Dry (<=1 mm),Warm (20-30),Light (<30),-1.2,-0.7,-0.72,-1.58,1.53,,0
2011-12-18,2011,12,Dec,4,Summer,2011-12,352,15.8,23.2,0.0,7.6,3.1,NE,44.0,W,NE,11,24,67,51,1020.0,1016.2,,,18.7,22.2,No,No,0,0,0,1,0,0,19.5,7.4,3.5,16,-3.8,17.5,Dry (<=1 mm),Warm (20-30),Moderate (30-50),-0.76,-1.24,-0.45,-0.09,1.0,,0
2011-12-19,2011,12,Dec,4,Summer,2011-12,353,18.6,22.8,0.0,7.0,1.7,NNE,46.0,NNW,NNE,9,24,77,75,1011.2,1008.0,,,20.2,21.7,No,Yes,0,1,0,1,0,0,20.7,4.2,1.5,2,-3.2,16.5,Dry (<=1 mm),Warm (20-30),Moderate (30-50),-0.88,0.01,1.18,0.07,-0.49,,0
2011-12-20,2011,12,Dec,4,Summer,2011-12,354,18.4,24.3,14.8,2.2,6.6,SW,37.0,SSW,SE,20,22,79,63,1013.2,1014.4,,,19.9,22.8,Yes,No,1,0,0,1,0,1,21.35,5.9,2.9,16,1.2,21.0,Moderate (10-25),Warm (20-30),Moderate (30-50),-0.44,-0.08,0.37,-0.67,-0.15,,0
2011-12-21,2011,12,Dec,4,Summer,2011-12,355,18.7,25.0,0.0,6.8,5.5,ESE,33.0,SSW,ESE,9,24,71,57,1018.3,1016.6,,,20.6,23.5,No,No,0,0,0,1,0,0,21.85,6.3,2.9,14,-1.7,16.5,Dry (<=1 mm),Warm (20-30),Moderate (30-50),-0.24,0.05,-0.04,-1.0,0.72,,0
2011-12-22,2011,12,Dec,4,Summer,2011-12,356,19.2,22.9,0.0,4.6,2.1,ENE,20.0,SE,ENE,9,13,76,77,1018.5,1017.0,,,20.1,19.7,No,Yes,0,1,0,1,0,0,21.05,3.7,-0.4,-1,-1.5,11.0,Dry (<=1 mm),Warm (20-30),Light (<30),-0.85,0.27,1.32,-2.08,0.75,,0
2011-12-23,2011,12,Dec,4,Summer,2011-12,357,18.7,25.0,5.2,3.0,5.4,E,31.0,ESE,E,9,20,79,69,1014.9,1012.9,,,22.7,24.2,Yes,No,1,0,0,1,0,1,21.85,6.3,1.5,10,-2.0,14.5,Light (1-10),Warm (20-30),Moderate (30-50),-0.24,0.05,0.77,-1.17,0.14,,0
2011-12-24,2011,12,Dec,4,Summer,2011-12,358,19.7,26.2,0.4,2.6,10.9,ENE,33.0,E,E,15,19,75,62,1013.9,1012.5,,,23.7,25.1,No,No,0,0,0,1,0,0,22.95,6.5,1.4,13,-1.4,17.0,Dry (<=1 mm),Warm (20-30),Moderate (30-50),0.11,0.5,0.3,-1.0,-0.03,,0
2011-12-25,2011,12,Dec,4,Summer,2011-12,359,19.1,26.6,0.0,7.2,12.7,NE,52.0,NE,NE,15,31,65,62,1012.1,1009.8,,,24.0,25.0,No,No,0,0,0,1,0,0,22.85,7.5,1.0,3,-2.3,23.0,Dry (<=1 mm),Warm (20-30),Strong (50-70),0.22,0.23,0.3,0.57,-0.33,,0
2011-12-26,2011,12,Dec,4,Summer,2011-12,360,20.0,26.8,0.0,9.0,4.7,S,59.0,NNE,ENE,17,9,61,68,1006.4,1004.2,,,24.5,24.4,No,No,0,0,0,1,0,0,23.4,6.8,-0.1,-7,-2.2,13.0,Dry (<=1 mm),Warm (20-30),Strong (50-70),0.28,0.63,0.71,1.15,-1.3,,0
2011-12-27,2011,12,Dec,4,Summer,2011-12,361,19.1,23.7,0.4,6.8,4.7,SSE,50.0,S,S,24,24,69,64,1010.0,1010.7,,,20.1,21.3,No,No,0,0,0,1,0,0,21.4,4.6,1.2,5,0.7,24.0,Dry (<=1 mm),Warm (20-30),Strong (50-70),-0.62,0.23,0.43,0.4,-0.69,,0
2011-12-28,2011,12,Dec,4,Summer,2011-12,362,18.3,24.4,0.0,7.2,12.5,SSE,50.0,SSW,S,20,17,60,52,1013.8,1011.8,,,20.8,23.9,No,No,0,0,0,1,0,0,21.35,6.1,3.1,8,-2.0,18.5,Dry (<=1 mm),Warm (20-30),Strong (50-70),-0.41,-0.13,-0.38,0.4,-0.05,,0
2011-12-29,2011,12,Dec,4,Summer,2011-12,363,17.5,25.0,0.0,7.0,10.8,SSE,43.0,SSW,SSE,15,24,69,39,1014.4,1014.9,,,20.7,23.8,No,No,0,0,0,1,0,0,21.25,7.5,3.1,30,0.5,19.5,Dry (<=1 mm),Warm (20-30),Moderate (30-50),-0.24,-0.48,-1.27,-0.17,0.06,,0
2011-12-30,2011,12,Dec,4,Summer,2011-12,364,17.1,25.1,0.6,8.8,11.7,ESE,37.0,W,ESE,13,20,74,48,1019.4,1019.5,,,19.3,23.9,No,No,0,0,0,1,0,0,21.1,8.0,4.6,26,0.1,16.5,Dry (<=1 mm),Warm (20-30),Moderate (30-50),-0.21,-0.66,-0.65,-0.67,0.9,,0
2011-12-31,2011,12,Dec,4,Summer,2011-12,365,16.9,23.6,0.0,7.0,5.8,ENE,28.0,W,E,13,19,69,54,1020.8,1018.8,,,20.5,22.8,No,No,0,0,0,1,0,0,20.25,6.7,2.3,15,-2.0,16.0,Dry (<=1 mm),Warm (20-30),Light (<30),-0.65,-0.75,-0.25,-1.42,1.14,,0
2012-01-01,2012,1,Jan,1,Summer,2012-01,1,16.0,25.3,0.0,5.6,13.1,ENE,41.0,NNW,ENE,17,26,56,48,1017.9,1015.3,,,22.2,25.0,No,No,0,0,0,1,0,0,20.65,9.3,2.8,8,-2.6,21.5,Dry (<=1 mm),Warm (20-30),Moderate (30-50),-0.57,-2.03,-0.75,-0.27,0.72,,0
2012-01-02,2012,1,Jan,1,Summer,2012-01,2,18.1,26.5,0.0,10.2,13.2,NE,43.0,NNE,ENE,15,24,54,52,1018.4,1016.5,,,24.1,25.4,No,No,0,0,0,1,0,0,22.3,8.4,1.3,2,-1.9,19.5,Dry (<=1 mm),Warm (20-30),Moderate (30-50),-0.25,-1.04,-0.46,-0.08,0.81,,0
2012-01-03,2012,1,Jan,1,Summer,2012-01,3,20.6,26.8,0.0,7.2,12.6,NE,44.0,NE,NE,15,24,58,57,1018.3,1015.4,,,24.1,25.5,No,No,0,0,0,1,0,0,23.7,6.2,1.4,1,-2.9,19.5,Dry (<=1 mm),Warm (20-30),Moderate (30-50),-0.18,0.14,-0.11,0.02,0.8,,0
2012-01-04,2012,1,Jan,1,Summer,2012-01,4,20.7,29.4,0.0,13.4,8.4,S,67.0,E,E,15,9,69,59,1012.6,1010.2,,,25.0,27.8,No,No,0,0,0,1,0,0,25.05,8.7,2.8,10,-2.4,12.0,Dry (<=1 mm),Warm (20-30),Strong (50-70),0.5,0.19,0.04,2.18,-0.27,,0
2012-01-05,2012,1,Jan,1,Summer,2012-01,5,20.0,24.8,0.0,9.0,3.9,SSE,44.0,S,E,11,17,61,61,1018.0,1014.2,,,22.3,23.4,No,No,0,0,0,1,0,0,22.4,4.8,1.1,0,-3.8,14.0,Dry (<=1 mm),Warm (20-30),Moderate (30-50),-0.7,-0.14,0.18,0.02,0.74,,0
2012-01-06,2012,1,Jan,1,Summer,2012-01,6,18.5,22.4,0.8,6.6,3.4,SSW,56.0,S,SSE,24,28,75,57,1015.1,1016.4,,,19.3,21.5,No,No,0,0,0,1,0,0,20.45,3.9,2.2,18,1.3,26.0,Dry (<=1 mm),Warm (20-30),Strong (50-70),-1.32,-0.85,-0.11,1.15,0.2,,0
2012-01-07,2012,1,Jan,1,Summer,2012-01,7,15.1,24.8,0.0,7.2,12.7,ENE,43.0,W,ENE,11,28,64,52,1015.6,1012.1,,,20.0,23.8,No,No,0,0,0,1,0,0,19.95,9.7,3.8,12,-3.5,19.5,Dry (<=1 mm),Warm (20-30),Moderate (30-50),-0.7,-2.45,-0.46,-0.08,0.29,,0
2012-01-08,2012,1,Jan,1,Summer,2012-01,8,20.0,26.4,0.0,8.8,1.0,NE,43.0,W,NNE,7,20,73,66,1009.3,1003.5,,,22.1,25.6,No,Yes,0,1,0,1,0,0,23.2,6.4,3.5,7,-5.8,13.5,Dry (<=1 mm),Warm (20-30),Moderate (30-50),-0.28,-0.14,0.53,-0.08,-0.89,,0
2012-01-09,2012,1,Jan,1,Summer,2012-01,9,20.8,27.5,31.6,3.0,12.5,S,41.0,SSW,ESE,22,24,79,59,1006.8,1005.7,,,22.4,25.8,Yes,No,1,0,0,1,0,1,24.15,6.7,3.4,20,-1.1,23.0,Heavy (25-50),Warm (20-30),Moderate (30-50),0.01,0.23,0.04,-0.27,-1.35,,0
2012-01-10,2012,1,Jan,1,Summer,2012-01,10,19.4,29.8,0.2,9.0,7.4,W,35.0,W,E,17,30,38,28,1009.7,1006.8,,,22.6,29.4,No,No,0,0,0,1,0,0,24.6,10.4,6.8,10,-2.9,23.5,Dry (<=1 mm),Warm (20-30),Moderate (30-50),0.61,-0.43,-2.17,-0.83,-0.81,,0
2012-01-11,2012,1,Jan,1,Summer,2012-01,11,19.7,27.6,0.0,8.6,10.9,WSW,70.0,WNW,W,15,39,36,18,1004.1,1001.5,,,23.5,26.9,No,No,0,0,0,1,0,0,23.65,7.9,3.4,18,-2.6,27.0,Dry (<=1 mm),Warm (20-30),Gale-force (>=70),0.03,-0.28,-2.88,2.47,-1.86,,0
2012-01-12,2012,1,Jan,1,Summer,2012-01,12,13.9,23.2,0.0,13.2,13.4,SW,43.0,WSW,SE,22,24,43,39,1015.7,1015.6,,,17.6,21.2,No,No,0,0,0,1,0,0,18.55,9.3,3.6,4,-0.1,23.0,Dry (<=1 mm),Warm (20-30),Moderate (30-50),-1.12,-3.01,-1.39,-0.08,0.31,Cold night,1
2012-01-13,2012,1,Jan,1,Summer,2012-01,13,14.7,25.0,0.0,7.8,11.3,ENE,43.0,WNW,E,15,26,56,52,1017.3,1013.5,,,19.7,24.1,No,No,0,0,0,1,0,0,19.85,10.3,4.4,4,-3.8,20.5,Dry (<=1 mm),Warm (20-30),Moderate (30-50),-0.65,-2.64,-0.46,-0.08,0.61,,0
2012-01-14,2012,1,Jan,1,Summer,2012-01,14,18.4,23.4,0.0,9.4,0.2,ESE,39.0,SE,E,11,13,68,60,1017.2,1015.8,,,20.5,22.4,No,Yes,0,1,0,1,0,0,20.9,5.0,1.9,8,-1.4,12.0,Dry (<=1 mm),Warm (20-30),Moderate (30-50),-1.06,-0.9,0.11,-0.45,0.59,,0
2012-01-15,2012,1,Jan,1,Summer,2012-01,15,17.3,22.9,29.0,11.0,1.2,ENE,56.0,ESE,ESE,28,24,95,67,1019.4,1019.2,,,17.8,21.9,Yes,Yes,1,1,0,1,0,1,20.1,5.6,4.1,28,-0.2,26.0,Heavy (25-50),Warm (20-30),Strong (50-70),-1.19,-1.41,0.6,1.15,1.0,,0
2012-01-16,2012,1,Jan,1,Summer,2012-01,16,17.5,24.3,18.6,3.4,9.5,E,39.0,NNW,E,13,26,84,70,1022.9,1022.1,,,20.4,23.2,Yes,Yes,1,1,0,1,0,1,20.9,6.8,2.8,14,-0.8,19.5,Moderate (10-25),Warm (20-30),Moderate (30-50),-0.83,-1.32,0.82,-0.45,1.65,,0
2012-01-17,2012,1,Jan,1,Summer,2012-01,17,18.7,26.1,6.0,6.0,12.3,ENE,35.0,ENE,E,20,20,59,61,1023.3,1021.1,,,23.9,25.0,Yes,No,1,0,0,1,0,1,22.4,7.4,1.1,-2,-2.2,20.0,Light (1-10),Warm (20-30),Moderate (30-50),-0.36,-0.75,0.18,-0.83,1.73,,0
2012-01-18,2012,1,Jan,1,Summer,2012-01,18,20.0,26.9,0.0,7.2,9.4,ENE,33.0,SSW,E,2,22,75,63,1017.6,1014.3,,,23.1,26.1,No,No,0,0,0,1,0,0,23.45,6.9,3.0,12,-3.3,12.0,Dry (<=1 mm),Warm (20-30),Moderate (30-50),-0.15,-0.14,0.32,-1.02,0.66,,0
2012-01-20,2012,1,Jan,1,Summer,2012-01,20,20.7,25.7,0.0,7.0,7.2,E,28.0,SSE,E,19,19,75,58,1017.3,1015.0,,,23.1,25.2,No,No,0,0,0,1,0,0,23.2,5.0,2.1,17,-2.3,19.0,Dry (<=1 mm),Warm (20-30),Light (<30),-0.46,0.19,-0.04,-1.49,0.61,,0
2012-01-21,2012,1,Jan,1,Summer,2012-01,21,21.8,24.8,0.0,4.8,3.0,SE,31.0,E,NNE,13,2,73,82,1015.4,1015.8,,,22.6,22.6,No,Yes,0,1,0,1,0,0,23.3,3.0,0.0,-9,0.4,7.5,Dry (<=1 mm),Warm (20-30),Moderate (30-50),-0.7,0.7,1.67,-1.21,0.25,,0
2012-01-22,2012,1,Jan,1,Summer,2012-01,22,19.7,26.6,12.0,4.6,8.7,ESE,44.0,ESE,SE,31,24,65,50,1021.4,1021.5,,,22.9,25.7,Yes,No,1,0,0,1,0,1,23.15,6.9,2.8,15,0.1,27.5,Moderate (10-25),Warm (20-30),Moderate (30-50),-0.23,-0.28,-0.6,0.02,1.37,,0
2012-01-23,2012,1,Jan,1,Summer,2012-01,23,19.6,24.5,0.2,9.8,7.0,W,41.0,ESE,ESE,30,20,60,55,1022.7,1021.1,,,22.9,23.5,No,No,0,0,0,1,0,0,22.05,4.9,0.6,5,-1.6,25.0,Dry (<=1 mm),Warm (20-30),Moderate (30-50),-0.78,-0.33,-0.25,-0.27,1.62,,0
2012-01-24,2012,1,Jan,1,Summer,2012-01,24,20.5,23.7,0.0,7.6,0.2,ESE,35.0,W,SSE,6,7,76,84,1018.5,1016.5,,,21.7,21.7,No,Yes,0,1,0,1,0,0,22.1,3.2,0.0,-8,-2.0,6.5,Dry (<=1 mm),Warm (20-30),Moderate (30-50),-0.99,0.09,1.81,-0.83,0.83,,0
2012-01-25,2012,1,Jan,1,Summer,2012-01,25,20.7,24.5,7.2,2.4,0.0,NNE,35.0,NNE,E,7,13,84,91,1014.3,1013.0,,,23.7,22.7,Yes,Yes,1,1,0,1,0,1,22.6,3.8,-1.0,-7,-1.3,10.0,Light (1-10),Warm (20-30),Moderate (30-50),-0.78,0.19,2.31,-0.83,0.05,,0
2012-01-26,2012,1,Jan,1,Summer,2012-01,26,20.8,26.9,29.6,7.8,3.3,E,26.0,SSE,E,13,15,90,68,1014.0,1013.4,,,22.5,26.4,Yes,Yes,1,1,0,1,0,1,23.85,6.1,3.9,22,-0.6,14.0,Heavy (25-50),Warm (20-30),Light (<30),-0.15,0.23,0.68,-1.68,-0.01,,0
2012-01-27,2012,1,Jan,1,Summer,2012-01,27,21.8,25.3,2.0,2.8,2.5,ESE,46.0,ESE,ESE,30,28,80,70,1017.5,1016.8,,,23.5,24.1,Yes,No,1,0,0,1,0,1,23.55,3.5,0.6,10,-0.7,29.0,Light (1-10),Warm (20-30),Moderate (30-50),-0.57,0.7,0.82,0.21,0.65,,0
2012-01-28,2012,1,Jan,1,Summer,2012-01,28,21.6,26.6,0.2,6.2,3.5,ENE,31.0,ESE,E,19,19,68,81,1015.9,1013.2,,,23.5,23.7,No,No,0,0,0,1,0,0,24.1,5.0,0.2,-13,-2.7,19.0,Dry (<=1 mm),Warm (20-30),Moderate (30-50),-0.23,0.61,1.6,-1.21,0.35,,0
2012-01-29,2012,1,Jan,1,Summer,2012-01,29,22.0,27.3,0.0,6.6,6.4,NE,50.0,NNE,NE,20,28,74,62,1011.5,1008.8,,,23.8,26.1,No,Yes,0,1,0,1,0,0,24.65,5.3,2.3,12,-2.7,24.0,Dry (<=1 mm),Warm (20-30),Strong (50-70),-0.05,0.8,0.25,0.58,-0.47,,0
2012-01-30,2012,1,Jan,1,Summer,2012-01,30,21.7,33.2,1.4,8.8,9.4,NNE,56.0,NE,NNW,17,24,69,52,1002.2,998.7,,,26.5,31.2,Yes,No,1,0,0,1,0,1,27.45,11.5,4.7,17,-3.5,20.5,Light (1-10),Hot (30-35),Strong (50-70),1.49,0.66,-0.46,1.15,-2.21,,0
2012-01-31,2012,1,Jan,1,Summer,2012-01,31,25.3,28.8,0.0,11.2,2.4,SSE,44.0,SW,SE,19,28,50,68,1005.2,1008.0,,,27.2,24.4,No,Yes,0,1,0,1,1,0,27.05,3.5,-2.8,-18,2.8,23.5,Dry (<=1 mm),Warm (20-30),Moderate (30-50),0.35,2.35,0.68,0.02,-1.65,,0
2012-02-01,2012,2,Feb,1,Summer,2012-02,32,18.4,21.9,8.8,5.6,0.0,SE,48.0,SE,ESE,26,28,87,66,1014.4,1013.7,,,18.8,21.2,Yes,Yes,1,1,0,1,0,1,20.15,3.5,2.4,21,-0.7,27.0,Light (1-10),Warm (20-30),Moderate (30-50),-1.56,-0.85,0.41,0.71,-0.2,,0
2012-02-02,2012,2,Feb,1,Summer,2012-02,33,18.5,20.2,5.4,2.8,0.0,ESE,39.0,SE,SE,17,17,72,82,1012.0,1010.5,,,20.1,18.5,Yes,Yes,1,1,0,1,0,1,19.35,1.7,-1.6,-10,-1.5,17.0,Light (1-10),Warm (20-30),Moderate (30-50),-2.1,-0.8,1.67,-0.18,-0.63,,0
2012-02-03,2012,2,Feb,1,Summer,2012-02,34,16.7,21.0,49.8,1.4,0.0,SSW,35.0,W,WSW,15,9,95,83,1006.8,1004.6,,,17.1,20.7,Yes,Yes,1,1,0,1,0,1,18.85,4.3,3.6,12,-2.2,12.0,Heavy (25-50),Warm (20-30),Moderate (30-50),-1.85,-1.66,1.75,-0.58,-1.55,,0
2012-02-04,2012,2,Feb,1,Summer,2012-02,35,17.0,25.9,6.0,0.2,10.7,ESE,24.0,WNW,ESE,13,17,92,61,1005.1,1003.6,,,19.9,25.6,Yes,No,1,0,0,1,0,1,21.45,8.9,5.7,31,-1.5,15.0,Light (1-10),Warm (20-30),Light (<30),-0.31,-1.52,0.01,-1.66,-1.85,,0
2012-02-05,2012,2,Feb,1,Summer,2012-02,36,18.2,26.8,0.2,6.6,13.0,NE,41.0,W,E,11,28,84,70,1003.9,1000.5,,,22.2,25.3,No,No,0,0,0,1,0,0,22.5,8.6,3.1,14,-3.4,19.5,Dry (<=1 mm),Warm (20-30),Moderate (30-50),-0.03,-0.95,0.73,0.02,-2.07,,0
2012-02-06,2012,2,Feb,1,Summer,2012-02,37,20.4,24.8,0.0,8.8,7.5,S,59.0,S,SSW,24,37,76,63,1002.4,1002.9,,,22.3,23.8,No,Yes,0,1,0,1,0,0,22.6,4.4,1.5,13,0.5,30.5,Dry (<=1 mm),Warm (20-30),Strong (50-70),-0.65,0.1,0.17,1.8,-2.33,,0
2012-02-07,2012,2,Feb,1,Summer,2012-02,38,19.4,24.0,2.2,5.6,0.6,ESE,39.0,SSW,ESE,13,28,91,63,1007.5,1007.2,,,19.6,23.2,Yes,Yes,1,1,0,1,0,1,21.7,4.6,3.6,28,-0.3,20.5,Light (1-10),Warm (20-30),Moderate (30-50),-0.9,-0.37,0.17,-0.18,-1.43,,0
2012-02-08,2012,2,Feb,1,Summer,2012-02,39,19.2,24.5,1.4,4.0,0.4,ESE,30.0,SE,ESE,17,19,68,66,1011.2,1011.5,,,22.3,23.2,Yes,No,1,0,0,1,0,1,21.85,5.3,0.9,2,0.3,18.0,Light (1-10),Warm (20-30),Moderate (30-50),-0.75,-0.47,0.41,-1.07,-0.77,,0
2012-02-09,2012,2,Feb,1,Summer,2012-02,40,18.9,25.8,0.2,2.8,8.0,ENE,43.0,E,E,17,26,71,60,1013.7,1012.2,,,22.2,24.6,No,Yes,0,1,0,1,0,0,22.35,6.9,2.4,11,-1.5,21.5,Dry (<=1 mm),Warm (20-30),Moderate (30-50),-0.34,-0.61,-0.06,0.22,-0.33,,0
2012-02-10,2012,2,Feb,1,Summer,2012-02,41,19.9,25.7,3.8,5.8,4.4,NE,46.0,N,NE,17,24,74,63,1012.3,1009.9,,,22.3,24.3,Yes,Yes,1,1,0,1,0,1,22.8,5.8,2.0,11,-2.4,20.5,Light (1-10),Warm (20-30),Moderate (30-50),-0.37,-0.14,0.17,0.51,-0.58,,0
2012-02-11,2012,2,Feb,1,Summer,2012-02,42,19.6,25.3,2.2,6.8,7.9,SSW,46.0,WNW,W,7,11,87,81,1011.4,1010.7,,,20.4,18.1,Yes,Yes,1,1,0,1,1,1,22.45,5.7,-2.3,6,-0.7,9.0,Light (1-10),Warm (20-30),Moderate (30-50),-0.5,-0.28,1.59,0.51,-0.74,,0
2012-02-12,2012,2,Feb,1,Summer,2012-02,43,16.6,25.8,3.2,4.8,8.7,E,31.0,WNW,E,15,19,80,60,1015.3,1013.4,,,19.7,25.0,Yes,Yes,1,1,0,1,0,1,21.2,9.2,5.3,20,-1.9,17.0,Light (1-10),Warm (20-30),Moderate (30-50),-0.34,-1.71,-0.06,-0.97,-0.04,,0
2012-02-13,2012,2,Feb,1,Summer,2012-02,44,18.6,25.4,1.8,4.8,9.1,ENE,31.0,W,ESE,9,20,87,66,1018.2,1016.7,,,19.9,23.8,Yes,No,1,0,0,1,0,1,22.0,6.8,3.9,21,-1.5,14.5,Light (1-10),Warm (20-30),Moderate (30-50),-0.46,-0.76,0.41,-0.97,0.47,,0
2012-02-14,2012,2,Feb,1,Summer,2012-02,45,19.2,24.8,0.0,4.0,7.2,ESE,31.0,S,ESE,6,19,83,59,1021.2,1020.3,,,20.8,23.3,No,No,0,0,0,1,0,0,22.0,5.6,2.5,24,-0.9,12.5,Dry (<=1 mm),Warm (20-30),Moderate (30-50),-0.65,-0.47,-0.14,-0.97,1.0,,0
2012-02-15,2012,2,Feb,1,Summer,2012-02,46,19.1,25.3,0.6,5.0,10.8,E,28.0,E,ENE,15,19,56,52,1021.8,1019.9,,,22.7,25.0,No,No,0,0,0,1,0,0,22.2,6.2,2.3,4,-1.9,17.0,Dry (<=1 mm),Warm (20-30),Light (<30),-0.5,-0.52,-0.7,-1.27,1.11,,0
2012-02-16,2012,2,Feb,1,Summer,2012-02,47,18.5,26.7,0.0,7.4,11.3,NE,41.0,N,NE,13,26,68,47,1020.0,1017.9,,,22.8,26.0,No,No,0,0,0,1,0,0,22.6,8.2,3.2,21,-2.1,19.5,Dry (<=1 mm),Warm (20-30),Moderate (30-50),-0.06,-0.8,-1.09,0.02,0.79,,0
2012-02-17,2012,2,Feb,1,Summer,2012-02,48,19.0,27.4,0.0,8.6,7.6,ENE,39.0,ENE,ENE,7,22,62,67,1017.4,1015.7,,,23.8,24.0,No,No,0,0,0,1,0,0,23.2,8.4,0.2,-5,-1.7,14.5,Dry (<=1 mm),Warm (20-30),Moderate (30-50),0.16,-0.57,0.49,-0.18,0.33,,0
2012-02-18,2012,2,Feb,1,Summer,2012-02,49,19.4,27.5,0.6,6.4,8.5,ESE,31.0,SSW,SSE,13,22,73,60,1017.2,1016.6,,,23.0,26.8,No,No,0,0,0,1,0,0,23.45,8.1,3.8,13,-0.6,17.5,Dry (<=1 mm),Warm (20-30),Moderate (30-50),0.19,-0.37,-0.06,-0.97,0.29,,0
2012-02-19,2012,2,Feb,1,Summer,2012-02,50,19.9,27.1,0.0,6.6,9.6,NNE,39.0,WNW,E,6,24,75,66,1017.9,1014.1,,,23.0,25.6,No,Yes,0,1,0,1,0,0,23.5,7.2,2.6,9,-3.8,15.0,Dry (<=1 mm),Warm (20-30),Moderate (30-50),0.07,-0.14,0.41,-0.18,0.42,,0
2012-02-20,2012,2,Feb,1,Summer,2012-02,51,19.5,28.2,15.6,12.6,8.6,SSE,33.0,W,SE,9,19,81,60,1011.8,1010.6,,,22.8,27.2,Yes,Yes,1,1,0,1,0,1,23.85,8.7,4.4,21,-1.2,14.0,Moderate (10-25),Warm (20-30),Moderate (30-50),0.41,-0.33,-0.06,-0.77,-0.67,,0
2012-02-21,2012,2,Feb,1,Summer,2012-02,52,19.6,25.7,6.2,4.2,9.8,SSE,57.0,SSW,S,20,35,82,60,1010.3,1010.9,,,20.9,24.9,Yes,No,1,0,0,1,0,1,22.65,6.1,4.0,22,0.6,27.5,Light (1-10),Warm (20-30),Strong (50-70),-0.37,-0.28,-0.06,1.6,-0.93,,0
2012-02-22,2012,2,Feb,1,Summer,2012-02,53,17.3,26.5,0.2,7.0,10.7,SE,33.0,WSW,SE,13,22,69,55,1016.1,1015.4,,,20.1,25.8,No,No,0,0,0,1,0,0,21.9,9.2,5.7,14,-0.7,17.5,Dry (<=1 mm),Warm (20-30),Moderate (30-50),-0.12,-1.38,-0.46,-0.77,0.1,,0
2012-02-23,2012,2,Feb,1,Summer,2012-02,54,18.2,26.9,0.0,5.6,12.2,ENE,31.0,W,ENE,11,22,77,59,1019.8,1018.3,,,21.5,25.6,No,No,0,0,0,1,0,0,22.55,8.7,4.1,18,-1.5,16.5,Dry (<=1 mm),Warm (20-30),Moderate (30-50),0.01,-0.95,-0.14,-0.97,0.75,,0
2012-02-24,2012,2,Feb,1,Summer,2012-02,55,20.6,27.5,0.0,7.6,12.0,ENE,33.0,WNW,E,11,22,78,61,1022.6,1022.4,,,22.7,26.9,No,No,0,0,0,1,0,0,24.05,6.9,4.2,17,-0.2,16.5,Dry (<=1 mm),Warm (20-30),Moderate (30-50),0.19,0.2,0.01,-0.77,1.25,,0
2012-02-25,2012,2,Feb,1,Summer,2012-02,56,18.9,26.6,0.0,8.0,11.3,ENE,43.0,ESE,ENE,2,28,71,60,1023.6,1021.4,,,23.3,25.5,No,No,0,0,0,1,0,0,22.75,7.7,2.2,11,-2.2,15.0,Dry (<=1 mm),Warm (20-30),Moderate (30-50),-0.09,-0.61,-0.06,0.22,1.43,,0
2012-02-26,2012,2,Feb,1,Summer,2012-02,57,21.9,26.8,0.0,7.6,0.9,NNE,44.0,NE,NE,11,19,80,66,1020.8,1018.4,,,22.8,25.6,No,No,0,0,0,1,0,0,24.35,4.9,2.8,14,-2.4,15.0,Dry (<=1 mm),Warm (20-30),Moderate (30-50),-0.03,0.82,0.41,0.32,0.93,,0
2012-02-27,2012,2,Feb,1,Summer,2012-02,58,21.9,28.0,0.0,5.0,6.1,ENE,37.0,NE,ENE,6,22,73,55,1017.4,1014.8,,,23.6,27.5,No,No,0,0,0,1,0,0,24.95,6.1,3.9,18,-2.6,14.0,Dry (<=1 mm),Warm (20-30),Moderate (30-50),0.35,0.82,-0.46,-0.38,0.33,,0
2012-02-28,2012,2,Feb,1,Summer,2012-02,59,23.5,33.4,0.0,7.4,4.3,WNW,31.0,E,ESE,6,20,66,44,1013.3,1011.0,,,26.2,31.9,No,Yes,0,1,0,1,0,0,28.45,9.9,5.7,22,-2.3,13.0,Dry (<=1 mm),Hot (30-35),Moderate (30-50),2.05,1.58,-1.33,-0.97,-0.4,,0
2012-02-29,2012,2,Feb,1,Summer,2012-02,60,20.2,22.0,2.8,4.8,0.0,SE,52.0,SSW,SSW,20,15,89,92,1013.9,1012.5,,,20.5,21.1,Yes,Yes,1,1,0,1,0,1,21.1,1.8,0.6,-3,-1.4,17.5,Light (1-10),Warm (20-30),Strong (50-70),-1.53,0.01,2.46,1.11,-0.29,,0
2012-03-01,2012,3,Mar,1,Autumn,2012-03,61,20.1,29.5,27.6,1.6,2.1,SSW,67.0,NNW,ENE,17,17,90,58,1007.7,1001.4,,,21.3,29.2,Yes,Yes,1,1,0,1,0,1,24.8,9.4,7.9,32,-6.3,17.0,Heavy (25-50),Warm (20-30),Strong (50-70),1.48,0.58,-0.14,2.14,-1.95,,0
2012-03-02,2012,3,Mar,1,Autumn,2012-03,62,18.6,20.9,16.0,4.6,0.0,SSW,65.0,SSE,SE,17,20,88,83,1013.4,1015.4,,,19.5,19.4,Yes,Yes,1,1,0,1,0,1,19.75,2.3,-0.1,5,2.0,18.5,Moderate (10-25),Warm (20-30),Strong (50-70),-2.03,-0.12,1.79,1.97,-0.88,,0
2012-03-03,2012,3,Mar,1,Autumn,2012-03,63,18.0,22.6,16.8,2.8,0.0,ENE,48.0,E,NNE,26,17,66,81,1019.6,1018.5,,,20.9,19.9,Yes,Yes,1,1,0,1,0,1,20.3,4.6,-1.0,-15,-1.1,21.5,Moderate (10-25),Warm (20-30),Moderate (30-50),-1.34,-0.4,1.64,0.53,0.28,,0
2012-03-04,2012,3,Mar,1,Autumn,2012-03,64,18.9,27.3,2.2,2.0,7.0,NE,41.0,N,NE,11,24,75,65,1014.3,1009.8,,,22.4,26.4,Yes,Yes,1,1,0,1,0,1,23.1,8.4,4.0,10,-4.5,17.5,Light (1-10),Warm (20-30),Moderate (30-50),0.58,0.02,0.4,-0.07,-0.72,,0
2012-03-05,2012,3,Mar,1,Autumn,2012-03,65,20.0,27.4,14.8,5.8,11.0,SSE,39.0,SW,SE,17,26,59,58,1013.4,1014.0,,,22.7,25.9,Yes,No,1,0,0,1,0,1,23.7,7.4,3.2,1,0.6,21.5,Moderate (10-25),Warm (20-30),Moderate (30-50),0.62,0.53,-0.14,-0.24,-0.88,,0
2012-03-06,2012,3,Mar,1,Autumn,2012-03,66,19.5,24.7,0.0,8.4,9.4,SSE,44.0,S,SSE,17,28,66,53,1018.8,1018.0,,,21.4,23.9,No,No,0,0,0,1,0,0,22.1,5.2,2.5,13,-0.8,22.5,Dry (<=1 mm),Warm (20-30),Moderate (30-50),-0.48,0.3,-0.53,0.19,0.13,,0
2012-03-07,2012,3,Mar,1,Autumn,2012-03,67,17.1,23.3,0.0,6.6,7.8,SSW,54.0,SSW,S,33,22,62,60,1018.1,1015.7,,,19.0,21.3,No,Yes,0,1,0,1,0,0,20.2,6.2,2.3,2,-2.4,27.5,Dry (<=1 mm),Warm (20-30),Strong (50-70),-1.05,-0.82,0.02,1.03,-0.0,,0
2012-03-08,2012,3,Mar,1,Autumn,2012-03,68,15.0,21.2,109.4,4.8,2.3,NW,54.0,W,WSW,30,15,96,71,1005.4,1005.9,,,15.6,20.1,Yes,Yes,1,1,0,1,0,1,18.1,6.2,4.5,25,0.5,22.5,Very heavy (>50),Warm (20-30),Strong (50-70),-1.91,-1.8,0.87,1.03,-2.38,Extreme rain,1
2012-03-09,2012,3,Mar,1,Autumn,2012-03,69,14.9,28.4,18.0,1.2,10.7,WSW,48.0,W,W,13,24,75,39,1008.8,1007.9,,,18.5,27.0,Yes,No,1,0,0,1,0,1,21.65,13.5,8.5,36,-0.9,18.5,Moderate (10-25),Warm (20-30),Moderate (30-50),1.03,-1.84,-1.61,0.53,-1.75,,0
2012-03-10,2012,3,Mar,1,Autumn,2012-03,70,17.0,26.5,0.0,5.0,10.8,ESE,43.0,W,SE,11,26,82,61,1013.5,1014.4,,,20.1,24.7,No,No,0,0,0,1,0,0,21.75,9.5,4.6,21,0.9,18.5,Dry (<=1 mm),Warm (20-30),Moderate (30-50),0.25,-0.87,0.09,0.1,-0.87,,0
2012-03-11,2012,3,Mar,1,Autumn,2012-03,71,17.5,24.0,0.0,6.4,10.9,ENE,30.0,W,E,13,20,71,59,1019.0,1016.8,,,20.4,23.0,No,No,0,0,0,1,0,0,20.75,6.5,2.6,12,-2.2,16.5,Dry (<=1 mm),Warm (20-30),Moderate (30-50),-0.77,-0.63,-0.06,-1.0,0.17,,0
2012-03-12,2012,3,Mar,1,Autumn,2012-03,72,19.9,24.0,0.0,6.8,2.3,ENE,43.0,ESE,ENE,4,26,76,64,1020.2,1020.0,,,22.6,23.2,No,No,0,0,0,1,0,0,21.95,4.1,0.6,12,-0.2,15.0,Dry (<=1 mm),Warm (20-30),Moderate (30-50),-0.77,0.49,0.32,0.1,0.39,,0
2012-03-13,2012,3,Mar,1,Autumn,2012-03,73,16.8,25.6,0.0,4.0,11.1,NE,37.0,W,E,13,19,78,57,1022.3,1020.0,,,20.1,24.1,No,No,0,0,0,1,0,0,21.2,8.8,4.0,21,-2.3,16.0,Dry (<=1 mm),Warm (20-30),Moderate (30-50),-0.11,-0.96,-0.22,-0.41,0.78,,0
2012-03-14,2012,3,Mar,1,Autumn,2012-03,74,18.1,25.2,0.0,6.8,7.5,E,39.0,W,E,7,24,85,79,1020.6,1018.0,,,20.2,23.0,No,No,0,0,0,1,0,0,21.65,7.1,2.8,6,-2.6,15.5,Dry (<=1 mm),Warm (20-30),Moderate (30-50),-0.28,-0.35,1.48,-0.24,0.47,,0
2012-03-15,2012,3,Mar,1,Autumn,2012-03,75,20.2,26.2,0.0,4.6,8.5,NNE,44.0,ENE,NE,13,22,80,60,1017.2,1014.5,,,22.5,25.4,No,No,0,0,0,1,0,0,23.2,6.0,2.9,20,-2.7,17.5,Dry (<=1 mm),Warm (20-30),Moderate (30-50),0.13,0.63,0.02,0.19,-0.17,,0
2012-03-16,2012,3,Mar,1,Autumn,2012-03,76,20.1,28.0,0.0,7.8,10.3,NNE,43.0,ESE,ENE,6,15,81,69,1012.8,1009.4,,,22.6,25.5,No,Yes,0,1,0,1,0,0,24.05,7.9,2.9,12,-3.4,10.5,Dry (<=1 mm),Warm (20-30),Moderate (30-50),0.86,0.58,0.71,0.1,-1.0,,0
2012-03-17,2012,3,Mar,1,Autumn,2012-03,77,18.6,20.2,41.8,7.4,0.2,SSW,50.0,SSW,S,24,22,94,88,1014.0,1015.1,,,18.6,19.4,Yes,Yes,1,1,0,1,0,1,19.4,1.6,0.8,6,1.1,23.0,Heavy (25-50),Warm (20-30),Strong (50-70),-2.32,-0.12,2.18,0.7,-0.77,,0
2012-03-18,2012,3,Mar,1,Autumn,2012-03,78,17.1,23.0,2.4,3.8,7.2,S,57.0,SW,SSW,15,28,66,64,1022.3,1022.3,,,19.4,21.6,Yes,Yes,1,1,0,1,0,1,20.05,5.9,2.2,2,0.0,21.5,Light (1-10),Warm (20-30),Strong (50-70),-1.18,-0.82,0.32,1.29,0.78,,0
2012-03-19,2012,3,Mar,1,Autumn,2012-03,79,17.6,24.4,12.0,6.0,5.2,ESE,43.0,SE,SE,19,22,72,57,1023.7,1022.7,,,21.1,23.2,Yes,Yes,1,1,0,1,0,1,21.0,6.8,2.1,15,-1.0,20.5,Moderate (10-25),Warm (20-30),Moderate (30-50),-0.6,-0.59,-0.22,0.1,1.05,,0
2012-03-20,2012,3,Mar,1,Autumn,2012-03,80,18.9,24.7,1.2,3.6,5.6,E,31.0,SSW,E,6,19,84,53,1020.6,1016.7,,,19.6,24.0,Yes,No,1,0,0,1,0,1,21.8,5.8,4.4,31,-3.9,12.5,Light (1-10),Warm (20-30),Moderate (30-50),-0.48,0.02,-0.53,-0.92,0.47,,0
2012-03-21,2012,3,Mar,1,Autumn,2012-03,81,18.9,25.1,0.0,5.6,7.0,NE,37.0,NNW,NE,13,20,83,72,1010.8,1005.1,,,20.5,23.8,No,No,0,0,0,1,0,0,22.0,6.2,3.3,11,-5.7,16.5,Dry (<=1 mm),Warm (20-30),Moderate (30-50),-0.32,0.02,0.94,-0.41,-1.37,,0
2012-03-22,2012,3,Mar,1,Autumn,2012-03,82,18.3,20.0,0.0,4.8,0.0,S,63.0,SSW,SSW,17,13,79,75,1009.5,1007.9,,,18.6,19.1,No,No,0,0,0,1,0,0,19.15,1.7,0.5,4,-1.6,15.0,Dry (<=1 mm),Warm (20-30),Strong (50-70),-2.4,-0.26,1.17,1.8,-1.62,,0
2012-03-23,2012,3,Mar,1,Autumn,2012-03,83,17.6,26.3,0.4,1.4,10.9,W,57.0,WNW,WNW,11,20,84,31,1003.6,1001.7,,,19.5,26.1,No,No,0,0,0,1,0,0,21.95,8.7,6.6,53,-1.9,15.5,Dry (<=1 mm),Warm (20-30),Strong (50-70),0.17,-0.59,-2.23,1.29,-2.72,,0
2012-03-24,2012,3,Mar,1,Autumn,2012-03,84,13.9,25.2,0.0,6.6,11.1,W,44.0,W,S,22,15,47,26,1012.6,1011.8,,,16.1,24.2,No,No,0,0,0,1,0,0,19.55,11.3,8.1,21,-0.8,18.5,Dry (<=1 mm),Warm (20-30),Moderate (30-50),-0.28,-2.31,-2.61,0.19,-1.03,,0
2012-03-25,2012,3,Mar,1,Autumn,2012-03,85,14.5,23.2,0.0,7.8,5.7,SE,28.0,WNW,SE,13,15,76,55,1022.1,1021.0,,,16.5,20.8,No,No,0,0,0,1,0,0,18.85,8.7,4.3,21,-1.1,14.0,Dry (<=1 mm),Warm (20-30),Light (<30),-1.09,-2.03,-0.37,-1.17,0.75,,0
2012-03-26,2012,3,Mar,1,Autumn,2012-03,86,16.2,23.0,0.4,3.4,9.7,NE,37.0,SSW,ENE,2,22,77,60,1023.6,1021.2,,,19.5,22.7,No,No,0,0,0,1,0,0,19.6,6.8,3.2,17,-2.4,12.0,Dry (<=1 mm),Warm (20-30),Moderate (30-50),-1.18,-1.24,0.02,-0.41,1.03,,0
2012-03-27,2012,3,Mar,1,Autumn,2012-03,87,17.7,24.6,0.4,5.6,7.6,N,33.0,WNW,E,9,15,69,65,1023.6,1021.9,,,20.6,23.1,No,No,0,0,0,1,0,0,21.15,6.9,2.5,4,-1.7,12.0,Dry (<=1 mm),Warm (20-30),Moderate (30-50),-0.52,-0.54,0.4,-0.75,1.03,,0
2012-03-28,2012,3,Mar,1,Autumn,2012-03,88,19.4,22.5,0.0,5.6,0.4,E,31.0,E,ENE,9,6,77,84,1023.2,1020.3,,,20.4,20.4,No,Yes,0,1,0,1,0,0,20.95,3.1,0.0,-7,-2.9,7.5,Dry (<=1 mm),Warm (20-30),Moderate (30-50),-1.38,0.25,1.87,-0.92,0.95,,0
2012-03-29,2012,3,Mar,1,Autumn,2012-03,89,17.5,26.5,6.2,3.4,10.2,ENE,26.0,WNW,E,15,22,75,60,1019.4,1016.6,,,20.1,23.9,Yes,No,1,0,0,1,0,1,22.0,9.0,3.8,15,-2.8,18.5,Light (1-10),Warm (20-30),Light (<30),0.25,-0.63,0.02,-1.34,0.24,,0
2012-03-30,2012,3,Mar,1,Autumn,2012-03,90,16.7,24.8,0.2,4.0,7.2,W,22.0,W,ESE,19,13,84,55,1019.1,1016.9,,,17.5,24.3,No,No,0,0,0,1,0,0,20.75,8.1,6.8,29,-2.2,16.0,Dry (<=1 mm),Warm (20-30),Light (<30),-0.44,-1.01,-0.37,-1.68,0.18,,0
2012-03-31,2012,3,Mar,1,Autumn,2012-03,91,16.1,27.0,0.0,3.4,10.7,E,22.0,WNW,E,13,15,81,56,1018.9,1016.7,,,18.9,24.6,No,No,0,0,0,1,0,0,21.55,10.9,5.7,25,-2.2,14.0,Dry (<=1 mm),Warm (20-30),Light (<30),0.46,-1.29,-0.29,-1.68,0.15,,0
2012-04-01,2012,4,Apr,2,Autumn,2012-04,92,16.2,25.4,0.0,5.6,8.1,WSW,39.0,WNW,E,9,17,67,59,1018.3,1015.0,,,21.0,23.7,No,No,0,0,0,1,0,0,20.8,9.2,2.7,8,-3.3,13.0,Dry (<=1 mm),Warm (20-30),Moderate (30-50),0.68,0.37,0.09,0.12,-0.4,,0
2012-04-02,2012,4,Apr,2,Autumn,2012-04,93,17.6,26.7,0.6,3.8,10.6,W,20.0,W,ESE,9,15,75,64,1017.8,1014.7,,,21.7,24.0,No,No,0,0,0,1,0,0,22.15,9.1,2.3,11,-3.1,12.0,Dry (<=1 mm),Warm (20-30),Light (<30),1.15,0.98,0.42,-1.33,-0.49,,0
2012-04-03,2012,4,Apr,2,Autumn,2012-04,94,16.8,26.5,0.0,3.0,8.6,W,24.0,WNW,NE,13,17,88,56,1016.0,1013.6,,,18.6,25.6,No,No,0,0,0,1,0,0,21.65,9.7,7.0,32,-2.4,15.0,Dry (<=1 mm),Warm (20-30),Light (<30),1.08,0.63,-0.1,-1.02,-0.81,,0
2012-04-04,2012,4,Apr,2,Autumn,2012-04,95,18.6,25.7,0.0,6.0,10.8,ENE,31.0,NE,NE,11,17,60,62,1017.8,1016.3,,,24.6,24.5,No,No,0,0,0,1,0,0,22.15,7.1,-0.1,-2,-1.5,14.0,Dry (<=1 mm),Warm (20-30),Moderate (30-50),0.79,1.41,0.29,-0.49,-0.49,,0
2012-04-05,2012,4,Apr,2,Autumn,2012-04,96,19.0,25.6,0.0,3.2,10.4,ENE,28.0,SSE,E,2,20,64,54,1021.3,1019.2,,,23.8,24.4,No,No,0,0,0,1,0,0,22.3,6.6,0.6,10,-2.1,11.0,Dry (<=1 mm),Warm (20-30),Light (<30),0.76,1.59,-0.23,-0.72,0.13,,0
2012-04-06,2012,4,Apr,2,Autumn,2012-04,97,17.6,25.1,0.0,6.6,10.3,ENE,33.0,W,ENE,6,20,67,45,1021.6,1017.2,,,22.3,24.1,No,No,0,0,0,1,0,0,21.35,7.5,1.8,22,-4.4,13.0,Dry (<=1 mm),Warm (20-30),Moderate (30-50),0.58,0.98,-0.82,-0.34,0.19,,0
2012-04-07,2012,4,Apr,2,Autumn,2012-04,98,18.2,28.3,0.0,8.0,9.2,SSE,57.0,WSW,SSE,15,31,69,59,1015.2,1016.9,,,21.5,23.3,No,No,0,0,0,1,0,0,23.25,10.1,1.8,10,1.7,23.0,Dry (<=1 mm),Warm (20-30),Strong (50-70),1.72,1.24,0.09,1.49,-0.95,,0
2012-04-08,2012,4,Apr,2,Autumn,2012-04,99,20.1,24.3,0.0,8.0,0.5,W,44.0,NE,NE,17,15,62,72,1019.2,1013.6,,,22.0,23.4,No,Yes,0,1,0,1,0,0,22.2,4.2,1.4,-10,-5.6,16.0,Dry (<=1 mm),Warm (20-30),Moderate (30-50),0.29,2.07,0.94,0.5,-0.24,,0
2012-04-09,2012,4,Apr,2,Autumn,2012-04,100,14.1,24.8,6.4,3.8,10.7,SSE,61.0,WSW,W,28,19,41,28,1016.6,1013.6,,,17.6,24.6,Yes,No,1,0,0,1,0,1,19.45,10.7,7.0,13,-3.0,23.5,Light (1-10),Warm (20-30),Strong (50-70),0.47,-0.55,-1.92,1.79,-0.7,,0
2012-04-10,2012,4,Apr,2,Autumn,2012-04,101,10.1,19.1,0.0,7.0,10.2,SW,65.0,SSW,SSW,31,33,45,40,1024.5,1025.9,,,15.5,18.0,No,No,0,0,0,1,0,0,14.6,9.0,2.5,5,1.4,32.0,Dry (<=1 mm),Mild (<20),Strong (50-70),-1.58,-2.29,-1.14,2.1,0.7,,0
2012-04-11,2012,4,Apr,2,Autumn,2012-04,102,10.4,20.2,0.0,6.0,6.1,SSW,54.0,SSW,SSW,24,31,59,55,1030.6,1029.7,,,15.6,19.9,No,Yes,0,1,0,1,0,0,15.3,9.8,4.3,4,-0.9,27.5,Dry (<=1 mm),Warm (20-30),Strong (50-70),-1.18,-2.16,-0.17,1.26,1.79,,0
2012-04-12,2012,4,Apr,2,Autumn,2012-04,103,13.0,22.8,7.2,2.8,10.1,W,41.0,W,SE,17,15,80,54,1032.8,1030.9,,,16.4,22.2,Yes,No,1,0,0,1,0,1,17.9,9.8,5.8,26,-1.9,16.0,Light (1-10),Warm (20-30),Moderate (30-50),-0.25,-1.03,-0.23,0.27,2.18,,0
2012-04-13,2012,4,Apr,2,Autumn,2012-04,104,12.4,24.7,0.0,3.8,11.0,ENE,28.0,WNW,ENE,17,20,75,54,1031.9,1028.1,,,16.4,22.4,No,No,0,0,0,1,0,0,18.55,12.3,6.0,21,-3.8,18.5,Dry (<=1 mm),Warm (20-30),Light (<30),0.43,-1.29,-0.23,-0.72,2.02,,0
2012-04-14,2012,4,Apr,2,Autumn,2012-04,105,14.7,24.4,0.0,4.8,7.9,ENE,30.0,W,ENE,4,17,74,63,1028.2,1024.0,,,18.9,22.0,No,No,0,0,0,1,0,0,19.55,9.7,3.1,11,-4.2,10.5,Dry (<=1 mm),Warm (20-30),Moderate (30-50),0.33,-0.29,0.35,-0.57,1.36,,0
2012-04-15,2012,4,Apr,2,Autumn,2012-04,106,17.0,25.4,0.0,3.8,4.6,W,22.0,WNW,ENE,19,11,65,72,1025.2,1022.4,,,20.2,22.5,No,No,0,0,0,1,0,0,21.2,8.4,2.3,-7,-2.8,15.0,Dry (<=1 mm),Warm (20-30),Light (<30),0.68,0.72,0.94,-1.17,0.83,,0
2012-04-16,2012,4,Apr,2,Autumn,2012-04,107,15.9,25.8,0.0,4.8,7.8,S,35.0,WNW,SSE,11,20,63,58,1023.9,1021.7,,,19.0,23.5,No,Yes,0,1,0,1,0,0,20.85,9.9,4.5,5,-2.2,15.5,Dry (<=1 mm),Warm (20-30),Moderate (30-50),0.83,0.24,0.03,-0.19,0.6,,0
2012-04-17,2012,4,Apr,2,Autumn,2012-04,108,17.3,21.4,23.6,5.0,0.0,ESE,56.0,SSE,SE,20,9,91,85,1022.9,1020.6,,,18.6,19.1,Yes,Yes,1,1,0,1,0,1,19.35,4.1,0.5,6,-2.3,14.5,Moderate (10-25),Warm (20-30),Strong (50-70),-0.75,0.85,1.78,1.41,0.42,,0
2012-04-18,2012,4,Apr,2,Autumn,2012-04,109,17.2,21.1,48.8,3.2,0.2,NE,54.0,WSW,ENE,9,35,95,81,1021.1,1018.3,,,17.6,20.5,Yes,Yes,1,1,0,1,0,1,19.15,3.9,2.9,14,-2.8,22.0,Heavy (25-50),Warm (20-30),Strong (50-70),-0.86,0.8,1.52,1.26,0.1,,0
2012-04-19,2012,4,Apr,2,Autumn,2012-04,110,17.5,23.8,56.0,4.8,3.3,ENE,31.0,ENE,E,2,13,92,82,1019.7,1016.2,,,19.5,21.5,Yes,No,1,0,0,1,0,1,20.65,6.3,2.0,10,-3.5,7.5,Very heavy (>50),Warm (20-30),Moderate (30-50),0.11,0.93,1.59,-0.49,-0.15,Extreme rain,1
2012-04-20,2012,4,Apr,2,Autumn,2012-04,111,17.4,25.1,0.8,1.0,8.5,W,41.0,W,ENE,9,9,91,72,1016.5,1014.4,,,19.1,24.0,No,No,0,0,0,1,0,0,21.25,7.7,4.9,19,-2.1,9.0,Dry (<=1 mm),Warm (20-30),Moderate (30-50),0.58,0.89,0.94,0.27,-0.72,,0
2012-04-21,2012,4,Apr,2,Autumn,2012-04,112,18.2,24.9,0.0,4.0,5.6,SSW,26.0,SSW,SSE,19,19,92,72,1015.5,1012.8,,,19.8,23.4,No,No,0,0,0,1,0,0,21.55,6.7,3.6,20,-2.7,19.0,Dry (<=1 mm),Warm (20-30),Light (<30),0.51,1.24,0.94,-0.87,-0.9,,0
2012-04-23,2012,4,Apr,2,Autumn,2012-04,114,17.6,19.5,0.0,1.6,0.1,NW,33.0,NW,N,20,15,81,85,1014.0,1011.0,,,19.4,19.1,No,Yes,0,1,0,1,0,0,18.55,1.9,-0.3,-4,-3.0,17.5,Dry (<=1 mm),Mild (<20),Moderate (30-50),-1.43,0.98,1.78,-0.34,-1.17,,0
2012-04-24,2012,4,Apr,2,Autumn,2012-04,115,15.6,25.3,1.6,1.0,7.6,NW,74.0,W,W,13,41,79,47,1011.7,1009.2,,,18.4,19.8,Yes,Yes,1,1,0,1,0,1,20.45,9.7,1.4,32,-2.5,27.0,Light (1-10),Warm (20-30),Gale-force (>=70),0.65,0.11,-0.69,2.78,-1.57,,0
2012-04-25,2012,4,Apr,2,Autumn,2012-04,116,10.8,19.9,3.2,4.0,10.2,W,65.0,WNW,W,24,35,48,32,1011.6,1007.8,,,13.5,19.4,Yes,No,1,0,0,1,0,1,15.35,9.1,5.9,16,-3.8,29.5,Light (1-10),Mild (<20),Strong (50-70),-1.29,-1.99,-1.66,2.1,-1.59,,0
2012-04-26,2012,4,Apr,2,Autumn,2012-04,117,13.5,21.5,0.0,5.8,6.6,W,37.0,W,SSE,22,22,56,49,1018.5,1017.2,,,16.8,19.8,No,No,0,0,0,1,0,0,17.5,8.0,3.0,7,-1.3,22.0,Dry (<=1 mm),Warm (20-30),Moderate (30-50),-0.71,-0.81,-0.56,-0.03,-0.36,,0
2012-04-27,2012,4,Apr,2,Autumn,2012-04,118,12.9,22.8,0.0,3.4,10.3,W,22.0,W,ESE,19,17,68,57,1022.0,1020.5,,,15.4,21.5,No,No,0,0,0,1,0,0,17.85,9.9,6.1,11,-1.5,18.0,Dry (<=1 mm),Warm (20-30),Light (<30),-0.25,-1.07,-0.04,-1.17,0.26,,0
2012-04-28,2012,4,Apr,2,Autumn,2012-04,119,13.8,24.2,0.0,2.4,5.2,N,24.0,W,NE,15,11,80,51,1022.0,1017.4,,,16.0,23.0,No,No,0,0,0,1,0,0,19.0,10.4,7.0,29,-4.6,13.0,Dry (<=1 mm),Warm (20-30),Light (<30),0.25,-0.68,-0.43,-1.02,0.26,,0
2012-04-29,2012,4,Apr,2,Autumn,2012-04,120,13.1,19.1,0.0,3.0,6.6,S,56.0,SSW,SSE,17,28,73,52,1020.8,1021.9,,,17.7,18.7,No,No,0,0,0,1,0,0,16.1,6.0,1.0,21,1.1,22.5,Dry (<=1 mm),Mild (<20),Strong (50-70),-1.58,-0.99,-0.36,1.41,0.04,,0
2012-04-30,2012,4,Apr,2,Autumn,2012-04,121,10.9,20.2,0.0,5.4,3.5,W,30.0,W,ENE,20,11,70,43,1027.3,1025.0,,,13.5,19.9,No,No,0,0,0,1,0,0,15.55,9.3,6.4,27,-2.3,15.5,Dry (<=1 mm),Warm (20-30),Moderate (30-50),-1.18,-1.95,-0.95,-0.57,1.2,,0
2012-05-01,2012,5,May,2,Autumn,2012-05,122,12.7,22.1,0.0,2.4,9.5,ENE,31.0,WNW,NE,9,20,76,55,1027.2,1023.2,,,15.5,21.4,No,No,0,0,0,1,0,0,17.4,9.4,5.9,21,-4.0,14.5,Dry (<=1 mm),Warm (20-30),Moderate (30-50),0.37,0.28,0.19,-0.51,0.92,,0
2012-05-02,2012,5,May,2,Autumn,2012-05,123,12.4,22.3,0.0,3.6,9.0,W,31.0,W,ENE,15,20,79,64,1023.0,1018.4,,,15.6,22.1,No,No,0,0,0,1,0,0,17.35,9.9,6.5,15,-4.6,17.5,Dry (<=1 mm),Warm (20-30),Moderate (30-50),0.45,0.14,0.76,-0.51,0.28,,0
2012-05-03,2012,5,May,2,Autumn,2012-05,124,15.2,23.3,0.0,3.0,10.3,WSW,26.0,W,ESE,15,17,63,53,1019.7,1017.3,,,17.7,21.3,No,No,0,0,0,1,0,0,19.25,8.1,3.6,10,-2.4,16.0,Dry (<=1 mm),Warm (20-30),Light (<30),0.84,1.48,0.06,-0.92,-0.21,,0
2012-05-04,2012,5,May,2,Autumn,2012-05,125,11.5,22.4,0.0,5.0,10.3,W,31.0,W,ESE,20,19,45,38,1020.6,1016.8,,,13.7,20.9,No,No,0,0,0,1,0,0,16.95,10.9,7.2,7,-3.8,19.5,Dry (<=1 mm),Warm (20-30),Moderate (30-50),0.49,-0.29,-0.9,-0.51,-0.08,,0
2012-05-05,2012,5,May,2,Autumn,2012-05,126,11.8,20.9,0.0,3.0,6.8,SSW,48.0,W,S,20,26,64,55,1016.8,1013.2,,,15.1,20.3,No,No,0,0,0,1,0,0,16.35,9.1,5.2,9,-3.6,23.0,Dry (<=1 mm),Warm (20-30),Moderate (30-50),-0.1,-0.15,0.19,0.91,-0.65,,0
2012-05-06,2012,5,May,2,Autumn,2012-05,127,10.8,21.3,0.0,4.2,10.3,W,37.0,W,NE,24,13,65,37,1016.9,1014.2,,,12.9,21.0,No,No,0,0,0,1,0,0,16.05,10.5,8.1,28,-2.7,18.5,Dry (<=1 mm),Warm (20-30),Moderate (30-50),0.06,-0.63,-0.96,-0.01,-0.64,,0
2012-05-07,2012,5,May,2,Autumn,2012-05,128,11.2,18.5,0.0,3.0,0.7,SSW,30.0,W,SW,13,7,64,44,1018.2,1015.7,,,12.4,17.9,No,No,0,0,0,1,0,0,14.85,7.3,5.5,20,-2.5,10.0,Dry (<=1 mm),Mild (<20),Moderate (30-50),-1.03,-0.44,-0.52,-0.59,-0.44,,0
2012-05-08,2012,5,May,2,Autumn,2012-05,129,10.8,23.3,0.0,1.2,10.2,W,30.0,W,WNW,22,7,68,37,1018.7,1016.5,,,13.8,22.8,No,No,0,0,0,1,0,0,17.05,12.5,9.0,31,-2.2,14.5,Dry (<=1 mm),Warm (20-30),Moderate (30-50),0.84,-0.63,-0.96,-0.59,-0.36,,0
2012-05-09,2012,5,May,2,Autumn,2012-05,130,12.0,27.1,0.0,3.0,10.2,W,22.0,W,E,15,9,68,30,1021.1,1018.9,,,15.3,26.7,No,No,0,0,0,1,0,0,19.55,15.1,11.4,38,-2.2,12.0,Dry (<=1 mm),Warm (20-30),Light (<30),2.32,-0.05,-1.41,-1.26,-0.0,,0
2012-05-10,2012,5,May,2,Autumn,2012-05,131,14.1,29.1,0.0,3.8,10.2,W,28.0,W,ESE,22,19,67,50,1021.7,1019.4,,,16.7,26.3,No,No,0,0,0,1,0,0,21.6,15.0,9.6,17,-2.3,20.5,Dry (<=1 mm),Warm (20-30),Light (<30),3.1,0.95,-0.13,-0.76,0.09,Heat,1
2012-05-11,2012,5,May,2,Autumn,2012-05,132,14.3,24.9,0.0,4.0,5.2,W,28.0,W,E,9,7,63,43,1018.5,1013.8,,,16.5,24.7,No,No,0,0,0,1,0,0,19.6,10.6,8.2,20,-4.7,8.0,Dry (<=1 mm),Warm (20-30),Light (<30),1.46,1.05,-0.58,-0.76,-0.39,,0
2012-05-12,2012,5,May,2,Autumn,2012-05,133,13.8,20.7,0.0,2.6,6.8,WSW,54.0,WSW,WSW,17,6,60,28,1017.6,1014.1,,,15.1,19.2,No,No,0,0,0,1,0,0,17.25,6.9,4.1,32,-3.5,11.5,Dry (<=1 mm),Warm (20-30),Strong (50-70),-0.18,0.81,-1.54,1.41,-0.53,,0
2012-05-13,2012,5,May,2,Autumn,2012-05,134,9.9,18.1,0.0,5.4,10.1,W,70.0,WSW,W,31,39,42,35,1013.4,1011.5,,,13.5,16.8,No,No,0,0,0,1,0,0,14.0,8.2,3.3,7,-1.9,35.0,Dry (<=1 mm),Mild (<20),Gale-force (>=70),-1.19,-1.06,-1.09,2.74,-1.16,,0
2012-05-14,2012,5,May,2,Autumn,2012-05,135,9.1,18.6,0.0,4.6,10.1,W,43.0,W,SSW,20,22,49,40,1021.4,1021.5,,,11.8,17.2,No,No,0,0,0,1,0,0,13.85,9.5,5.4,9,0.1,21.0,Dry (<=1 mm),Mild (<20),Moderate (30-50),-0.99,-1.44,-0.77,0.49,0.04,,0
2012-05-15,2012,5,May,2,Autumn,2012-05,136,8.5,20.2,0.0,3.2,9.9,W,35.0,W,SSE,24,20,56,41,1024.3,1021.9,,,12.1,19.1,No,No,0,0,0,1,0,0,14.35,11.7,7.0,15,-2.4,22.0,Dry (<=1 mm),Warm (20-30),Moderate (30-50),-0.37,-1.73,-0.71,-0.18,0.48,,0
2012-05-16,2012,5,May,2,Autumn,2012-05,137,9.8,21.1,0.0,3.8,9.5,W,31.0,W,SSE,22,13,68,50,1025.0,1022.5,,,12.0,19.9,No,No,0,0,0,1,0,0,15.45,11.3,7.9,18,-2.5,17.5,Dry (<=1 mm),Warm (20-30),Moderate (30-50),-0.02,-1.11,-0.13,-0.51,0.59,,0
2012-05-17,2012,5,May,2,Autumn,2012-05,138,10.0,21.6,0.0,2.0,9.5,W,26.0,W,E,19,17,77,46,1025.0,1022.0,,,12.5,20.1,No,No,0,0,0,1,0,0,15.8,11.6,7.6,31,-3.0,18.0,Dry (<=1 mm),Warm (20-30),Light (<30),0.17,-1.01,-0.39,-0.92,0.59,,0
2012-05-18,2012,5,May,2,Autumn,2012-05,139,10.5,23.1,0.0,1.8,9.7,W,22.0,W,E,17,11,82,40,1025.1,1021.1,,,12.4,22.2,No,No,0,0,0,1,0,0,16.8,12.6,9.8,42,-4.0,14.0,Dry (<=1 mm),Warm (20-30),Light (<30),0.76,-0.77,-0.77,-1.26,0.6,,0
2012-05-19,2012,5,May,2,Autumn,2012-05,140,10.4,21.1,0.0,3.8,9.0,W,30.0,W,WNW,24,9,71,37,1023.1,1020.3,,,12.4,20.4,No,No,0,0,0,1,0,0,15.75,10.7,8.0,34,-2.8,16.5,Dry (<=1 mm),Warm (20-30),Moderate (30-50),-0.02,-0.82,-0.96,-0.59,0.3,,0
2012-05-20,2012,5,May,2,Autumn,2012-05,141,10.4,16.4,0.0,3.0,0.4,W,30.0,WNW,SSW,19,13,75,82,1026.1,1024.1,,,13.0,15.0,No,No,0,0,0,1,0,0,13.4,6.0,2.0,-7,-2.0,16.0,Dry (<=1 mm),Mild (<20),Moderate (30-50),-1.85,-0.82,1.92,-0.59,0.75,,0
2012-05-21,2012,5,May,2,Autumn,2012-05,142,12.2,20.9,0.4,0.4,8.5,W,26.0,W,NNE,20,13,78,52,1025.5,1021.6,,,13.6,20.6,No,No,0,0,0,1,0,0,16.55,8.7,7.0,26,-3.9,16.5,Dry (<=1 mm),Warm (20-30),Light (<30),-0.1,0.04,-0.0,-0.92,0.66,,0
2012-05-22,2012,5,May,2,Autumn,2012-05,143,9.8,20.9,0.0,3.0,10.0,WNW,33.0,W,WNW,20,13,70,64,1024.2,1020.7,,,11.8,20.5,No,No,0,0,0,1,0,0,15.35,11.1,8.7,6,-3.5,16.5,Dry (<=1 mm),Warm (20-30),Moderate (30-50),-0.1,-1.11,0.76,-0.34,0.47,,0
2012-05-23,2012,5,May,2,Autumn,2012-05,144,10.3,23.0,0.0,4.0,10.1,NW,24.0,W,N,11,17,69,88,1024.4,1020.2,,,13.2,21.7,No,No,0,0,0,1,0,0,16.65,12.7,8.5,-19,-4.2,14.0,Dry (<=1 mm),Warm (20-30),Light (<30),0.72,-0.87,2.3,-1.09,0.5,,0
2012-05-24,2012,5,May,2,Autumn,2012-05,145,9.6,17.1,0.0,4.0,2.4,W,37.0,WNW,W,7,7,79,93,1020.5,1018.7,,,12.2,13.7,No,Yes,0,1,0,1,0,0,13.35,7.5,1.5,-14,-1.8,7.0,Dry (<=1 mm),Mild (<20),Moderate (30-50),-1.58,-1.2,2.62,-0.01,-0.09,,0
2012-05-25,2012,5,May,2,Autumn,2012-05,146,12.2,18.6,13.8,1.0,4.3,WNW,59.0,NNW,NNW,24,24,77,37,1012.5,1008.8,,,15.7,18.4,Yes,No,1,0,0,1,0,1,15.4,6.4,2.7,40,-3.7,24.0,Moderate (10-25),Mild (<20),Strong (50-70),-0.99,0.04,-0.96,1.82,-1.3,,0
2012-05-26,2012,5,May,2,Autumn,2012-05,147,10.4,17.5,0.0,6.0,7.8,W,61.0,WNW,W,26,31,43,41,1013.9,1012.8,,,12.5,15.9,No,No,0,0,0,1,0,0,13.95,7.1,3.4,2,-1.1,28.5,Dry (<=1 mm),Mild (<20),Strong (50-70),-1.42,-0.82,-0.71,1.99,-1.09,,0
2012-05-27,2012,5,May,2,Autumn,2012-05,148,10.0,19.3,0.2,3.4,9.2,SW,41.0,W,S,22,19,65,50,1020.3,1019.5,,,12.3,17.9,No,No,0,0,0,1,0,0,14.65,9.3,5.6,15,-0.8,20.5,Dry (<=1 mm),Mild (<20),Moderate (30-50),-0.72,-1.01,-0.13,0.32,-0.12,,0
2012-05-28,2012,5,May,2,Autumn,2012-05,149,9.1,18.9,0.0,2.6,9.3,SSW,41.0,W,S,20,26,66,52,1026.5,1025.3,,,12.1,17.7,No,Yes,0,1,0,1,0,0,14.0,9.8,5.6,14,-1.2,23.0,Dry (<=1 mm),Mild (<20),Moderate (30-50),-0.88,-1.44,-0.0,0.32,0.81,,0
2012-05-29,2012,5,May,2,Autumn,2012-05,150,11.3,18.1,21.4,3.0,2.2,SSW,30.0,NW,S,9,17,94,69,1031.6,1030.6,,,12.1,16.6,Yes,Yes,1,1,0,1,0,1,14.7,6.8,4.5,25,-1.0,13.0,Moderate (10-25),Mild (<20),Moderate (30-50),-1.19,-0.39,1.08,-0.59,1.58,,0
2012-05-30,2012,5,May,2,Autumn,2012-05,151,10.4,18.5,1.4,1.0,6.6,W,26.0,W,SSE,19,13,80,63,1035.0,1032.5,,,12.8,17.3,Yes,No,1,0,0,1,0,1,14.45,8.1,4.5,17,-2.5,16.0,Light (1-10),Mild (<20),Light (<30),-1.03,-0.82,0.7,-0.92,2.1,,0
2012-05-31,2012,5,May,2,Autumn,2012-05,152,11.9,20.1,0.0,3.2,2.0,ENE,28.0,W,SSE,20,15,79,63,1033.6,1030.7,,,12.9,17.4,No,No,0,0,0,1,0,0,16.0,8.2,4.5,16,-2.9,17.5,Dry (<=1 mm),Warm (20-30),Light (<30),-0.41,-0.1,0.7,-0.76,1.88,,0
2012-06-01,2012,6,Jun,2,Winter,2012-06,153,11.6,18.8,0.2,1.0,1.2,NNE,24.0,WNW,ESE,15,6,89,67,1029.6,1025.7,,,12.8,18.2,No,No,0,0,0,1,0,0,15.2,7.2,5.4,22,-3.9,10.5,Dry (<=1 mm),Mild (<20),Light (<30),0.21,0.47,0.53,-1.08,1.04,,0
2012-06-02,2012,6,Jun,2,Winter,2012-06,154,12.8,16.8,0.2,0.6,0.0,SSW,24.0,WNW,ESE,13,6,91,94,1022.3,1018.7,,,14.9,15.8,No,Yes,0,1,0,1,0,0,14.8,4.0,0.9,-3,-3.6,9.5,Dry (<=1 mm),Mild (<20),Light (<30),-0.78,1.0,2.04,-1.08,0.1,,0
2012-06-03,2012,6,Jun,2,Winter,2012-06,155,14.0,15.3,27.4,1.6,0.0,SSE,24.0,WNW,SSE,11,15,96,94,1014.6,1010.6,,,14.2,15.2,Yes,Yes,1,1,0,1,0,1,14.65,1.3,1.0,2,-4.0,13.0,Heavy (25-50),Mild (<20),Light (<30),-1.51,1.53,2.04,-1.08,-0.9,,0
2012-06-04,2012,6,Jun,2,Winter,2012-06,156,12.8,20.6,11.2,0.2,8.1,W,35.0,W,WNW,13,9,91,57,1004.2,1000.4,,,14.3,18.7,Yes,No,1,0,0,1,0,1,16.7,7.8,4.4,34,-3.8,11.0,Moderate (10-25),Warm (20-30),Moderate (30-50),1.09,1.0,-0.03,-0.34,-2.24,,0
2012-06-05,2012,6,Jun,2,Winter,2012-06,157,9.0,16.1,0.0,4.2,4.0,SSE,76.0,WNW,W,15,33,53,64,1000.4,1000.7,,,12.0,12.4,No,Yes,0,1,0,1,0,0,12.55,7.1,0.4,-11,0.3,24.0,Dry (<=1 mm),Mild (<20),Gale-force (>=70),-1.12,-0.68,0.36,2.43,-2.73,,0
2012-06-06,2012,6,Jun,2,Winter,2012-06,158,10.4,16.0,19.2,2.6,5.0,S,72.0,SSW,SSE,28,28,70,79,1016.1,1017.9,,,14.0,13.7,Yes,Yes,1,1,0,1,0,1,13.2,5.6,-0.3,-9,1.8,28.0,Moderate (10-25),Mild (<20),Gale-force (>=70),-1.17,-0.06,1.2,2.16,-0.7,,0
2012-06-07,2012,6,Jun,2,Winter,2012-06,159,9.1,17.7,6.8,1.6,9.1,WSW,39.0,W,SSE,24,17,68,42,1023.2,1021.2,,,10.4,17.4,Yes,No,1,0,0,1,0,1,13.4,8.6,7.0,26,-2.0,20.5,Light (1-10),Mild (<20),Moderate (30-50),-0.33,-0.64,-0.87,-0.07,0.21,,0
2012-06-08,2012,6,Jun,2,Winter,2012-06,160,6.4,18.0,0.0,2.6,9.6,W,31.0,W,ENE,20,6,71,46,1026.0,1023.8,,,8.6,16.6,No,No,0,0,0,1,0,0,12.2,11.6,8.0,25,-2.2,13.0,Dry (<=1 mm),Mild (<20),Moderate (30-50),-0.19,-1.83,-0.64,-0.61,0.58,,0
2012-06-09,2012,6,Jun,2,Winter,2012-06,161,6.6,18.3,0.0,2.0,9.5,W,31.0,W,NNW,24,4,78,44,1026.7,1024.0,,,8.3,17.6,No,Yes,0,1,0,1,0,0,12.45,11.7,9.3,34,-2.7,14.0,Dry (<=1 mm),Mild (<20),Moderate (30-50),-0.04,-1.74,-0.75,-0.61,0.67,,0
2012-06-10,2012,6,Jun,2,Winter,2012-06,162,8.3,14.2,2.4,0.2,0.2,SE,30.0,W,WSW,15,6,87,87,1026.2,1023.4,,,10.0,13.6,Yes,Yes,1,1,0,1,0,1,11.25,5.9,3.6,0,-2.8,10.5,Light (1-10),Mild (<20),Moderate (30-50),-2.06,-0.99,1.65,-0.67,0.6,,0
2012-06-11,2012,6,Jun,2,Winter,2012-06,163,9.9,16.1,76.4,4.2,0.0,SE,41.0,W,SW,20,15,96,96,1022.5,1020.4,,,11.8,13.0,Yes,Yes,1,1,0,1,0,1,13.0,6.2,1.2,0,-2.1,17.5,Very heavy (>50),Mild (<20),Moderate (30-50),-1.12,-0.28,2.15,0.07,0.12,Extreme rain,1
2012-06-12,2012,6,Jun,2,Winter,2012-06,164,11.7,19.3,49.4,2.4,5.7,SE,50.0,SE,S,22,24,71,66,1020.5,1018.5,,,16.1,17.4,Yes,Yes,1,1,0,1,0,1,15.5,7.6,1.3,5,-2.0,23.0,Heavy (25-50),Mild (<20),Strong (50-70),0.45,0.51,0.47,0.68,-0.13,,0
2012-06-13,2012,6,Jun,2,Winter,2012-06,165,10.7,15.4,8.6,1.6,1.5,SW,30.0,WNW,W,13,11,95,91,1021.1,1019.2,,,12.1,14.8,Yes,Yes,1,1,0,1,0,1,13.05,4.7,2.7,4,-1.9,12.0,Light (1-10),Mild (<20),Moderate (30-50),-1.47,0.07,1.87,-0.67,-0.06,,0
2012-06-14,2012,6,Jun,2,Winter,2012-06,166,11.2,19.4,13.8,1.2,5.6,WNW,22.0,W,E,15,0,93,65,1019.4,1016.4,,,12.9,17.5,Yes,No,1,0,0,1,0,1,15.3,8.2,4.6,28,-3.0,7.5,Moderate (10-25),Mild (<20),Light (<30),0.5,0.29,0.42,-1.21,-0.28,,0
2012-06-15,2012,6,Jun,2,Winter,2012-06,167,11.4,20.9,0.0,1.6,3.5,N,24.0,W,NNE,11,13,89,52,1016.7,1013.2,,,11.8,20.4,No,No,0,0,0,1,0,0,16.15,9.5,8.6,37,-3.5,12.0,Dry (<=1 mm),Warm (20-30),Light (<30),1.24,0.38,-0.31,-1.08,-0.62,,0
2012-06-16,2012,6,Jun,2,Winter,2012-06,168,11.7,13.9,0.4,1.8,0.0,W,26.0,W,NNE,13,9,88,91,1018.2,1014.2,,,12.0,13.8,No,Yes,0,1,0,1,0,0,12.8,2.2,1.8,-3,-4.0,11.0,Dry (<=1 mm),Mild (<20),Light (<30),-2.2,0.51,1.87,-0.94,-0.43,,0
2012-06-17,2012,6,Jun,2,Winter,2012-06,169,10.1,18.5,8.4,0.8,9.7,W,50.0,W,W,15,30,68,38,1018.8,1016.6,,,12.1,18.3,Yes,No,1,0,0,1,0,1,14.3,8.4,6.2,30,-2.2,22.5,Light (1-10),Mild (<20),Strong (50-70),0.06,-0.19,-1.09,0.68,-0.35,,0
2012-06-18,2012,6,Jun,2,Winter,2012-06,170,9.8,19.8,0.0,3.4,9.6,WSW,30.0,WNW,W,19,17,66,36,1022.1,1019.7,,,11.6,19.0,No,No,0,0,0,1,0,0,14.8,10.0,7.4,30,-2.4,18.0,Dry (<=1 mm),Mild (<20),Moderate (30-50),0.7,-0.33,-1.2,-0.67,0.07,,0
2012-06-19,2012,6,Jun,2,Winter,2012-06,171,8.6,19.2,0.0,2.2,9.7,WSW,54.0,W,WSW,13,28,65,37,1019.6,1017.7,,,11.4,19.0,No,No,0,0,0,1,0,0,13.9,10.6,7.6,28,-1.9,20.5,Dry (<=1 mm),Mild (<20),Strong (50-70),0.41,-0.86,-1.14,0.95,-0.25,,0
2012-06-20,2012,6,Jun,2,Winter,2012-06,172,7.3,18.1,0.0,4.4,9.6,W,26.0,WNW,NE,13,4,74,45,1022.8,1017.9,,,9.1,17.2,No,No,0,0,0,1,0,0,12.7,10.8,8.1,29,-4.9,8.5,Dry (<=1 mm),Mild (<20),Light (<30),-0.14,-1.43,-0.7,-0.94,0.16,,0
2012-06-21,2012,6,Jun,2,Winter,2012-06,173,8.4,18.7,0.0,2.6,1.4,N,35.0,NW,NNE,2,17,70,47,1016.4,1010.7,,,10.7,18.4,No,No,0,0,0,1,0,0,13.55,10.3,7.7,23,-5.7,9.5,Dry (<=1 mm),Mild (<20),Moderate (30-50),0.16,-0.95,-0.59,-0.34,-0.66,,0
2012-06-22,2012,6,Jun,2,Winter,2012-06,174,10.7,17.2,0.0,5.0,1.2,NW,61.0,NNW,WNW,19,20,44,56,1006.6,1007.9,,,16.4,14.8,No,No,0,0,0,1,0,0,13.95,6.5,-1.6,-12,1.3,19.5,Dry (<=1 mm),Mild (<20),Strong (50-70),-0.58,0.07,-0.08,1.42,-1.93,,0
2012-06-23,2012,6,Jun,2,Winter,2012-06,175,8.0,17.0,0.0,2.0,9.6,WSW,43.0,W,WSW,17,15,66,32,1022.2,1021.2,,,9.3,16.2,No,No,0,0,0,1,0,0,12.5,9.0,6.9,34,-1.0,16.0,Dry (<=1 mm),Mild (<20),Moderate (30-50),-0.68,-1.12,-1.42,0.2,0.09,,0
2012-06-24,2012,6,Jun,2,Winter,2012-06,176,6.9,18.3,0.0,3.2,9.8,W,37.0,WNW,WSW,17,19,55,38,1028.1,1026.1,,,9.9,18.1,No,No,0,0,0,1,0,0,12.6,11.4,8.2,17,-2.0,18.0,Dry (<=1 mm),Mild (<20),Moderate (30-50),-0.04,-1.61,-1.09,-0.2,0.85,,0
2012-06-26,2012,6,Jun,2,Winter,2012-06,178,8.6,13.7,8.8,2.0,0.0,S,37.0,S,S,11,15,84,87,1030.7,1029.5,,,12.8,12.9,Yes,Yes,1,1,0,1,0,1,11.15,5.1,0.1,-3,-1.2,13.0,Light (1-10),Mild (<20),Moderate (30-50),-2.3,-0.86,1.65,-0.2,1.18,,0
2012-06-27,2012,6,Jun,2,Winter,2012-06,179,9.7,17.6,9.4,2.0,5.7,SSE,28.0,SSW,SE,7,15,84,58,1031.7,1028.6,,,12.4,15.8,Yes,No,1,0,0,1,0,1,13.65,7.9,3.4,26,-3.1,11.0,Light (1-10),Mild (<20),Light (<30),-0.38,-0.37,0.03,-0.81,1.31,,0
2012-06-28,2012,6,Jun,2,Winter,2012-06,180,9.0,18.5,0.0,1.0,4.6,W,26.0,W,ESE,19,9,89,66,1026.1,1020.8,,,10.5,16.8,No,Yes,0,1,0,1,0,0,13.75,9.5,6.3,23,-5.3,14.0,Dry (<=1 mm),Mild (<20),Light (<30),0.06,-0.68,0.47,-0.94,0.59,,0
2012-06-29,2012,6,Jun,2,Winter,2012-06,181,10.4,19.0,1.6,2.4,6.7,NNE,24.0,W,ENE,13,13,91,70,1016.1,1010.9,,,12.3,17.9,Yes,No,1,0,0,1,0,1,14.7,8.6,5.6,21,-5.2,13.0,Light (1-10),Mild (<20),Light (<30),0.31,-0.06,0.7,-1.08,-0.7,,0
2012-06-30,2012,6,Jun,2,Winter,2012-06,182,10.1,20.0,0.0,2.0,7.3,NNW,30.0,W,NW,19,13,79,41,1013.6,1011.4,,,12.1,18.0,No,No,0,0,0,1,0,0,15.05,9.9,5.9,38,-2.2,16.0,Dry (<=1 mm),Warm (20-30),Moderate (30-50),0.8,-0.19,-0.92,-0.67,-1.02,,0
2012-07-01,2012,7,Jul,3,Winter,2012-07,183,9.9,16.1,0.0,3.0,5.9,WSW,44.0,W,W,15,28,69,28,1016.2,1013.4,6.0,2.0,10.4,15.8,No,No,0,0,0,0,0,0,13.0,6.2,5.4,41,-2.8,21.5,Dry (<=1 mm),Mild (<20),Moderate (30-50),-0.8,0.44,-1.3,0.26,-0.72,,0
2012-07-02,2012,7,Jul,3,Winter,2012-07,184,7.5,16.8,0.0,3.8,9.6,W,52.0,W,WSW,28,24,56,36,1016.0,1015.5,1.0,3.0,11.3,16.1,No,No,0,0,0,0,0,0,12.15,9.3,4.8,20,-0.5,26.0,Dry (<=1 mm),Mild (<20),Strong (50-70),-0.51,-0.73,-0.81,0.87,-0.75,,0
2012-07-03,2012,7,Jul,3,Winter,2012-07,185,7.7,16.8,0.0,2.8,9.5,W,41.0,W,S,20,19,61,40,1020.3,1018.1,1.0,5.0,9.6,15.8,No,No,0,0,0,0,0,0,12.25,9.1,6.2,21,-2.2,19.5,Dry (<=1 mm),Mild (<20),Moderate (30-50),-0.51,-0.63,-0.57,0.03,-0.15,,0
2012-07-04,2012,7,Jul,3,Winter,2012-07,186,7.2,16.2,0.0,3.6,6.4,W,41.0,W,SSW,28,26,55,43,1024.6,1025.1,3.0,7.0,9.6,15.9,No,Yes,0,1,0,0,0,0,11.7,9.0,6.3,12,0.5,27.0,Dry (<=1 mm),Mild (<20),Moderate (30-50),-0.76,-0.87,-0.38,0.03,0.44,,0
2012-07-05,2012,7,Jul,3,Winter,2012-07,187,8.7,14.9,4.0,2.6,4.5,SSW,44.0,W,SSW,17,24,75,72,1031.0,1030.1,5.0,7.0,10.7,13.6,Yes,Yes,1,1,0,0,0,1,11.8,6.2,2.9,3,-0.9,20.5,Light (1-10),Mild (<20),Moderate (30-50),-1.31,-0.14,1.38,0.26,1.33,,0
2012-07-06,2012,7,Jul,3,Winter,2012-07,188,9.6,16.0,19.0,1.8,5.8,SSW,44.0,SW,S,17,22,89,52,1033.1,1031.4,4.0,2.0,11.0,15.3,Yes,Yes,1,1,0,0,0,1,12.8,6.4,4.3,37,-1.7,19.5,Moderate (10-25),Mild (<20),Moderate (30-50),-0.85,0.3,0.16,0.26,1.62,,0
2012-07-07,2012,7,Jul,3,Winter,2012-07,189,8.7,15.1,1.2,2.4,0.7,W,31.0,W,SW,24,11,86,71,1032.5,1030.5,7.0,7.0,9.9,13.9,Yes,No,1,0,0,0,0,1,11.9,6.4,4.0,15,-2.0,17.5,Light (1-10),Mild (<20),Moderate (30-50),-1.23,-0.14,1.32,-0.73,1.54,,0
2012-07-08,2012,7,Jul,3,Winter,2012-07,190,9.1,18.0,0.2,0.8,8.1,W,26.0,W,E,19,11,81,57,1031.2,1028.2,2.0,2.0,10.4,16.6,No,No,0,0,0,0,0,0,13.55,8.9,6.2,24,-3.0,15.0,Dry (<=1 mm),Mild (<20),Light (<30),-0.0,0.05,0.47,-1.11,1.36,,0
2012-07-09,2012,7,Jul,3,Winter,2012-07,191,8.3,17.0,0.0,1.2,9.6,ENE,24.0,WNW,NE,15,13,90,67,1030.4,1026.6,3.0,5.0,9.3,16.7,No,No,0,0,0,0,0,0,12.65,8.7,7.4,23,-3.8,14.0,Dry (<=1 mm),Mild (<20),Light (<30),-0.42,-0.34,1.08,-1.26,1.25,,0
2012-07-10,2012,7,Jul,3,Winter,2012-07,192,8.4,18.0,0.0,1.8,2.4,NE,44.0,W,NNE,9,22,92,67,1026.6,1021.1,7.0,7.0,10.2,17.6,No,Yes,0,1,0,0,0,0,13.2,9.6,7.4,25,-5.5,15.5,Dry (<=1 mm),Mild (<20),Moderate (30-50),-0.0,-0.29,1.08,0.26,0.72,,0
2012-07-11,2012,7,Jul,3,Winter,2012-07,193,10.2,20.6,5.4,3.4,8.6,W,31.0,WNW,NW,11,15,76,44,1020.1,1017.6,1.0,5.0,13.2,20.1,Yes,No,1,0,0,0,0,1,15.4,10.4,6.9,32,-2.5,13.0,Light (1-10),Warm (20-30),Moderate (30-50),1.09,0.59,-0.32,-0.73,-0.18,,0
2012-07-12,2012,7,Jul,3,Winter,2012-07,194,11.6,17.3,0.0,3.0,0.2,NNW,31.0,W,NNE,9,9,80,79,1017.5,1012.7,7.0,8.0,13.0,17.1,No,No,0,0,0,0,0,0,14.45,5.7,4.1,1,-4.8,9.0,Dry (<=1 mm),Mild (<20),Moderate (30-50),-0.3,1.27,1.81,-0.73,-0.54,,0
2012-07-13,2012,7,Jul,3,Winter,2012-07,195,12.9,22.9,0.2,0.4,6.3,N,39.0,NW,N,15,26,74,62,1011.6,1008.0,5.0,6.0,17.2,21.3,No,No,0,0,0,0,0,0,17.9,10.0,4.1,12,-3.6,20.5,Dry (<=1 mm),Warm (20-30),Moderate (30-50),2.07,1.9,0.77,-0.12,-1.36,,0
2012-07-14,2012,7,Jul,3,Winter,2012-07,196,11.1,20.2,0.0,3.2,9.5,NW,39.0,W,WNW,13,19,73,31,1013.2,1009.7,2.0,1.0,13.4,19.1,No,No,0,0,0,0,0,0,15.65,9.1,5.7,42,-3.5,16.0,Dry (<=1 mm),Warm (20-30),Moderate (30-50),0.93,1.03,-1.11,-0.12,-1.13,,0
2012-07-15,2012,7,Jul,3,Winter,2012-07,197,9.0,18.2,0.0,5.0,10.0,WSW,46.0,WNW,WSW,9,17,52,33,1016.9,1016.9,1.0,1.0,12.2,17.8,No,No,0,0,0,0,0,0,13.6,9.2,5.6,19,0.0,13.0,Dry (<=1 mm),Mild (<20),Moderate (30-50),0.08,0.0,-0.99,0.41,-0.62,,0
2012-07-16,2012,7,Jul,3,Winter,2012-07,198,9.4,20.3,0.0,2.6,9.9,W,43.0,W,ENE,24,11,62,36,1027.5,1025.4,0.0,0.0,11.3,18.3,No,No,0,0,0,0,0,0,14.85,10.9,7.0,26,-2.1,17.5,Dry (<=1 mm),Warm (20-30),Moderate (30-50),0.97,0.2,-0.81,0.19,0.85,,0
2012-07-17,2012,7,Jul,3,Winter,2012-07,199,8.1,21.0,0.0,3.6,9.7,N,35.0,WNW,N,13,17,82,34,1026.5,1021.5,1.0,0.0,9.8,20.4,No,No,0,0,0,0,0,0,14.55,12.9,10.6,48,-5.0,15.0,Dry (<=1 mm),Warm (20-30),Moderate (30-50),1.26,-0.44,-0.93,-0.42,0.71,,0
2012-07-18,2012,7,Jul,3,Winter,2012-07,200,9.3,20.7,0.0,3.2,7.9,WSW,31.0,W,SW,20,13,70,33,1019.4,1015.8,4.0,2.0,10.5,20.2,No,No,0,0,0,0,0,0,15.0,11.4,9.7,37,-3.6,16.5,Dry (<=1 mm),Warm (20-30),Moderate (30-50),1.14,0.15,-0.99,-0.73,-0.28,,0
2012-07-19,2012,7,Jul,3,Winter,2012-07,201,8.7,15.4,0.0,3.6,5.4,S,50.0,W,SSW,26,31,63,50,1020.2,1020.3,4.0,5.0,10.8,14.6,No,No,0,0,0,0,0,0,12.05,6.7,3.8,13,0.1,28.5,Dry (<=1 mm),Mild (<20),Strong (50-70),-1.1,-0.14,0.04,0.72,-0.16,,0
2012-07-20,2012,7,Jul,3,Winter,2012-07,202,5.8,17.3,0.0,2.8,9.8,SSW,35.0,W,SSW,22,19,65,38,1025.9,1024.7,1.0,1.0,8.1,16.6,No,Yes,0,1,0,0,0,0,11.55,11.5,8.5,27,-1.2,20.5,Dry (<=1 mm),Mild (<20),Moderate (30-50),-0.3,-1.56,-0.69,-0.42,0.62,,0
2012-07-21,2012,7,Jul,3,Winter,2012-07,203,8.1,14.9,5.0,2.0,1.4,SSW,52.0,SSW,SSW,17,22,81,54,1029.3,1028.5,8.0,7.0,13.3,14.8,Yes,Yes,1,1,0,0,0,1,11.5,6.8,1.5,27,-0.8,19.5,Light (1-10),Mild (<20),Strong (50-70),-1.31,-0.44,0.29,0.87,1.1,,0
2012-07-22,2012,7,Jul,3,Winter,2012-07,204,9.7,16.9,2.6,3.6,6.8,SE,48.0,W,S,20,20,92,62,1029.6,1027.6,6.0,6.0,10.6,16.2,Yes,Yes,1,1,0,0,0,1,13.3,7.2,5.6,30,-2.0,20.0,Light (1-10),Mild (<20),Moderate (30-50),-0.47,0.34,0.77,0.57,1.14,,0
2012-07-24,2012,7,Jul,3,Winter,2012-07,206,10.4,14.0,6.8,2.4,0.6,W,26.0,W,SSW,17,11,95,85,1027.9,1025.6,7.0,7.0,11.2,13.6,Yes,Yes,1,1,0,0,0,1,12.2,3.6,2.4,10,-2.3,14.0,Light (1-10),Mild (<20),Light (<30),-1.69,0.69,2.17,-1.11,0.9,,0
2012-07-25,2012,7,Jul,3,Winter,2012-07,207,8.7,19.6,4.4,0.2,6.5,N,30.0,W,ENE,17,20,93,50,1023.9,1019.3,8.0,2.0,10.0,18.0,Yes,No,1,0,0,0,0,1,14.15,10.9,8.0,43,-4.6,18.5,Light (1-10),Mild (<20),Moderate (30-50),0.67,-0.14,0.04,-0.8,0.35,,0
2012-07-26,2012,7,Jul,3,Winter,2012-07,208,10.0,19.5,0.0,3.8,3.9,NNW,31.0,N,NE,13,7,57,48,1015.4,1011.3,6.0,7.0,14.7,17.8,No,No,0,0,0,0,0,0,14.75,9.5,3.1,9,-4.1,10.0,Dry (<=1 mm),Mild (<20),Moderate (30-50),0.63,0.49,-0.08,-0.73,-0.83,,0
2012-07-27,2012,7,Jul,3,Winter,2012-07,209,8.7,17.4,0.4,2.4,10.0,W,41.0,W,W,15,20,74,32,1012.6,1009.8,0.0,3.0,11.3,17.0,No,No,0,0,0,0,0,0,13.05,8.7,5.7,42,-2.8,17.5,Dry (<=1 mm),Mild (<20),Moderate (30-50),-0.26,-0.14,-1.05,0.03,-1.22,,0
2012-07-28,2012,7,Jul,3,Winter,2012-07,210,7.8,19.4,0.0,4.0,9.7,WSW,44.0,W,S,22,11,68,45,1016.2,1015.7,1.0,4.0,9.8,16.7,No,No,0,0,0,0,0,0,13.6,11.6,6.9,23,-0.5,16.5,Dry (<=1 mm),Mild (<20),Moderate (30-50),0.59,-0.58,-0.26,0.26,-0.72,,0
2012-07-29,2012,7,Jul,3,Winter,2012-07,211,8.4,16.2,0.0,1.6,7.1,S,39.0,WNW,S,17,20,66,45,1022.5,1021.6,1.0,6.0,11.5,16.1,No,No,0,0,0,0,0,0,12.3,7.8,4.6,21,-0.9,18.5,Dry (<=1 mm),Mild (<20),Moderate (30-50),-0.76,-0.29,-0.26,-0.12,0.15,,0
2012-07-30,2012,7,Jul,3,Winter,2012-07,212,7.3,15.9,0.0,4.0,10.0,SSW,54.0,W,SSW,24,28,54,36,1024.2,1022.2,1.0,1.0,9.6,15.3,No,Yes,0,1,0,0,0,0,11.6,8.6,5.7,18,-2.0,26.0,Dry (<=1 mm),Mild (<20),Strong (50-70),-0.89,-0.83,-0.81,1.02,0.39,,0
2012-07-31,2012,7,Jul,3,Winter,2012-07,213,7.5,16.1,4.4,3.0,6.3,SW,44.0,W,SSW,26,24,60,52,1025.8,1022.9,6.0,6.0,9.9,13.7,Yes,No,1,0,0,0,0,1,11.8,8.6,3.8,8,-2.9,25.0,Light (1-10),Mild (<20),Moderate (30-50),-0.8,-0.73,0.16,0.26,0.61,,0
2012-08-01,2012,8,Aug,3,Winter,2012-08,214,7.0,16.2,0.0,2.4,8.3,SSW,43.0,W,S,22,22,62,38,1022.5,1019.5,2.0,2.0,9.5,15.7,No,No,0,0,0,0,0,0,11.6,9.2,6.2,24,-3.0,22.0,Dry (<=1 mm),Mild (<20),Moderate (30-50),-1.15,-1.25,-0.48,0.17,0.4,,0
2012-08-02,2012,8,Aug,3,Winter,2012-08,215,6.5,17.4,0.0,4.2,9.6,W,44.0,W,SE,26,9,58,37,1022.3,1018.5,1.0,3.0,9.2,15.8,No,No,0,0,0,0,0,0,11.95,10.9,6.6,21,-3.8,17.5,Dry (<=1 mm),Mild (<20),Moderate (30-50),-0.72,-1.47,-0.54,0.24,0.37,,0
2012-08-03,2012,8,Aug,3,Winter,2012-08,216,6.8,18.5,0.0,3.6,7.7,WNW,31.0,W,NW,9,11,58,32,1017.8,1014.4,7.0,1.0,9.7,18.1,No,No,0,0,0,0,0,0,12.65,11.7,8.4,26,-3.4,10.0,Dry (<=1 mm),Mild (<20),Moderate (30-50),-0.32,-1.34,-0.84,-0.68,-0.28,,0
2012-08-04,2012,8,Aug,3,Winter,2012-08,217,7.2,20.8,0.0,2.4,10.2,W,35.0,W,NW,22,6,60,27,1017.9,1014.3,3.0,2.0,9.9,20.3,No,No,0,0,0,0,0,0,14.0,13.6,10.4,33,-3.6,14.0,Dry (<=1 mm),Warm (20-30),Moderate (30-50),0.51,-1.15,-1.14,-0.4,-0.26,,0
2012-08-05,2012,8,Aug,3,Winter,2012-08,218,9.3,21.6,0.0,1.6,7.7,WSW,44.0,W,W,17,15,50,27,1016.1,1011.3,1.0,7.0,12.2,19.8,No,No,0,0,0,0,0,0,15.45,12.3,7.6,23,-4.8,16.0,Dry (<=1 mm),Warm (20-30),Moderate (30-50),0.8,-0.2,-1.14,0.24,-0.52,,0
2012-08-06,2012,8,Aug,3,Winter,2012-08,219,11.6,19.4,0.0,7.2,10.2,SSW,46.0,N,SW,2,17,45,22,1014.8,1014.9,1.0,1.0,14.3,18.4,No,No,0,0,0,0,0,0,15.5,7.8,4.1,23,0.1,9.5,Dry (<=1 mm),Mild (<20),Moderate (30-50),0.01,0.84,-1.44,0.39,-0.71,,0
2012-08-07,2012,8,Aug,3,Winter,2012-08,220,6.8,18.6,0.0,3.2,10.2,W,33.0,W,WNW,22,6,54,25,1024.4,1021.3,1.0,0.0,9.8,18.2,No,No,0,0,0,0,0,0,12.7,11.8,8.4,29,-3.1,14.0,Dry (<=1 mm),Mild (<20),Moderate (30-50),-0.28,-1.34,-1.26,-0.54,0.67,,0
2012-08-08,2012,8,Aug,3,Winter,2012-08,221,5.6,22.5,0.0,3.6,10.6,W,30.0,W,W,17,9,55,26,1022.0,1015.2,1.0,1.0,9.5,21.4,No,No,0,0,0,0,0,0,14.05,16.9,11.9,29,-6.8,13.0,Dry (<=1 mm),Warm (20-30),Moderate (30-50),1.13,-1.88,-1.2,-0.75,0.32,,0
2012-08-09,2012,8,Aug,3,Winter,2012-08,222,9.5,19.8,0.0,3.4,6.6,W,63.0,WNW,WSW,9,31,51,18,1014.7,1009.9,7.0,2.0,13.5,18.9,No,No,0,0,0,0,0,0,14.65,10.3,5.4,33,-4.8,20.0,Dry (<=1 mm),Mild (<20),Strong (50-70),0.15,-0.11,-1.68,1.6,-0.72,,0
2012-08-10,2012,8,Aug,3,Winter,2012-08,223,7.6,14.9,0.0,5.0,3.8,S,93.0,W,SSW,31,26,42,76,1015.4,1016.6,3.0,7.0,10.4,12.2,No,Yes,0,1,0,0,0,0,11.25,7.3,1.8,-34,1.2,28.5,Dry (<=1 mm),Mild (<20),Gale-force (>=70),-1.62,-0.97,1.82,3.74,-0.62,Extreme gust,1
2012-08-15,2012,8,Aug,3,Winter,2012-08,228,10.2,22.2,0.0,4.6,6.0,WNW,30.0,WNW,N,19,11,48,35,1016.8,1011.5,2.0,7.0,14.6,20.1,No,No,0,0,0,0,0,0,16.2,12.0,5.5,13,-5.3,15.0,Dry (<=1 mm),Warm (20-30),Moderate (30-50),1.02,0.2,-0.66,-0.75,-0.42,,0
2012-08-16,2012,8,Aug,3,Winter,2012-08,229,11.7,20.6,0.0,2.0,9.2,W,35.0,W,E,26,19,47,43,1014.7,1010.7,1.0,2.0,13.5,17.4,No,No,0,0,0,0,0,0,16.15,8.9,3.9,4,-4.0,22.5,Dry (<=1 mm),Warm (20-30),Moderate (30-50),0.44,0.88,-0.18,-0.4,-0.72,,0
2012-08-17,2012,8,Aug,3,Winter,2012-08,230,11.1,22.2,0.0,5.8,8.3,W,76.0,N,WNW,19,37,36,35,1007.7,1004.3,1.0,6.0,15.9,14.5,No,No,0,0,0,0,0,0,16.65,11.1,-1.4,1,-3.4,28.0,Dry (<=1 mm),Warm (20-30),Gale-force (>=70),1.02,0.61,-0.66,2.52,-1.73,,0
2012-08-18,2012,8,Aug,3,Winter,2012-08,231,9.6,18.1,0.0,6.6,10.4,W,61.0,NW,W,30,33,45,33,1007.0,1007.4,2.0,4.0,12.7,17.9,No,No,0,0,0,0,0,0,13.85,8.5,5.2,12,0.4,31.5,Dry (<=1 mm),Mild (<20),Strong (50-70),-0.46,-0.07,-0.78,1.46,-1.83,,0
2012-08-19,2012,8,Aug,3,Winter,2012-08,232,9.7,20.1,0.0,6.0,10.0,WSW,37.0,W,E,20,17,54,43,1020.3,1019.1,1.0,2.0,13.4,16.9,No,No,0,0,0,0,0,0,14.9,10.4,3.5,11,-1.2,18.5,Dry (<=1 mm),Warm (20-30),Moderate (30-50),0.26,-0.02,-0.18,-0.26,0.08,,0
2012-08-20,2012,8,Aug,3,Winter,2012-08,233,7.5,17.8,0.0,3.2,10.7,W,24.0,W,E,19,17,62,47,1024.3,1019.1,3.0,1.0,10.1,16.0,No,No,0,0,0,0,0,0,12.65,10.3,5.9,15,-5.2,18.0,Dry (<=1 mm),Mild (<20),Light (<30),-0.57,-1.02,0.07,-1.18,0.65,,0
2012-08-21,2012,8,Aug,3,Winter,2012-08,234,8.7,22.2,0.0,2.6,9.2,NNE,31.0,WNW,ENE,13,19,70,36,1020.6,1016.0,5.0,1.0,11.0,19.0,No,No,0,0,0,0,0,0,15.45,13.5,8.0,34,-4.6,16.0,Dry (<=1 mm),Warm (20-30),Moderate (30-50),1.02,-0.48,-0.6,-0.68,0.12,,0
2012-08-22,2012,8,Aug,3,Winter,2012-08,235,10.6,24.7,0.0,3.8,9.1,W,41.0,WNW,ENE,9,19,59,54,1015.5,1010.4,6.0,6.0,16.1,20.8,No,No,0,0,0,0,0,0,17.65,14.1,4.7,5,-5.1,14.0,Dry (<=1 mm),Warm (20-30),Moderate (30-50),1.92,0.39,0.49,0.03,-0.61,,0
2012-08-23,2012,8,Aug,3,Winter,2012-08,236,16.1,29.2,0.0,6.4,6.9,NW,91.0,WNW,NW,17,41,45,25,1009.5,1005.9,7.0,7.0,22.2,26.3,No,Yes,0,1,0,0,0,0,22.65,13.1,4.1,20,-3.6,29.0,Dry (<=1 mm),Warm (20-30),Gale-force (>=70),3.55,2.88,-1.26,3.59,-1.47,Heat; Extreme gust,1
2012-08-24,2012,8,Aug,3,Winter,2012-08,237,12.4,19.3,10.2,7.8,11.0,W,67.0,WNW,WNW,31,33,36,23,1014.2,1011.8,1.0,1.0,13.6,18.9,Yes,No,1,0,0,0,0,1,15.85,6.9,5.3,13,-2.4,32.0,Moderate (10-25),Mild (<20),Strong (50-70),-0.03,1.2,-1.38,1.88,-0.79,,0
2012-08-25,2012,8,Aug,3,Winter,2012-08,238,10.7,20.7,0.0,6.4,10.7,W,41.0,WNW,WNW,15,6,42,26,1018.0,1015.5,1.0,1.0,13.8,20.0,No,No,0,0,0,0,0,0,15.7,10.0,6.2,16,-2.5,10.5,Dry (<=1 mm),Warm (20-30),Moderate (30-50),0.48,0.43,-1.2,0.03,-0.25,,0
2012-08-26,2012,8,Aug,3,Winter,2012-08,239,8.3,20.9,0.0,4.4,10.0,W,33.0,W,E,19,15,48,41,1018.7,1016.9,3.0,3.0,11.7,17.2,No,No,0,0,0,0,0,0,14.6,12.6,5.5,7,-1.8,17.0,Dry (<=1 mm),Warm (20-30),Moderate (30-50),0.55,-0.66,-0.3,-0.54,-0.15,,0
2012-08-30,2012,8,Aug,3,Winter,2012-08,243,12.0,22.1,0.0,5.0,9.5,NW,54.0,W,WNW,9,30,47,18,1010.5,1008.9,5.0,6.0,17.2,21.2,No,No,0,0,0,0,0,0,17.05,10.1,4.0,29,-1.6,19.5,Dry (<=1 mm),Warm (20-30),Strong (50-70),0.98,1.02,-1.68,0.96,-1.33,,0
2012-08-31,2012,8,Aug,3,Winter,2012-08,244,9.7,18.4,0.0,6.2,7.6,SSW,59.0,W,W,26,24,39,24,1016.6,1013.7,1.0,6.0,12.8,16.6,No,No,0,0,0,0,0,0,14.05,8.7,3.8,15,-2.9,25.0,Dry (<=1 mm),Mild (<20),Strong (50-70),-0.36,-0.02,-1.32,1.31,-0.45,,0
2012-09-01,2012,9,Sep,3,Spring,2012-09,245,5.5,17.6,0.4,5.0,9.6,S,61.0,W,S,24,31,45,38,1021.9,1020.2,1.0,6.0,10.5,16.2,No,No,0,0,0,0,0,0,11.55,12.1,5.7,7,-1.7,27.5,Dry (<=1 mm),Mild (<20),Strong (50-70),-1.17,-2.75,-0.63,1.31,0.47,,0
2012-09-02,2012,9,Sep,3,Spring,2012-09,246,7.2,20.7,0.8,3.8,11.2,W,31.0,W,ENE,20,19,61,45,1024.3,1019.9,1.0,1.0,12.1,17.0,No,No,0,0,0,0,0,0,13.95,13.5,4.9,16,-4.4,19.5,Dry (<=1 mm),Warm (20-30),Moderate (30-50),-0.34,-2.09,-0.22,-0.95,0.79,,0
2012-09-03,2012,9,Sep,3,Spring,2012-09,247,7.5,22.8,0.0,3.4,10.8,WNW,28.0,W,E,17,15,52,37,1022.2,1019.8,0.0,1.0,13.3,19.6,No,No,0,0,0,0,0,0,15.15,15.3,6.3,15,-2.4,16.0,Dry (<=1 mm),Warm (20-30),Light (<30),0.22,-1.97,-0.69,-1.17,0.51,,0
2012-09-04,2012,9,Sep,3,Spring,2012-09,248,9.7,24.4,0.2,4.0,9.9,W,28.0,W,E,19,17,55,33,1022.9,1019.6,5.0,1.0,13.6,21.4,No,No,0,0,0,0,0,0,17.05,14.7,7.8,22,-3.3,18.0,Dry (<=1 mm),Warm (20-30),Light (<30),0.64,-1.12,-0.92,-1.17,0.6,,0
2012-09-05,2012,9,Sep,3,Spring,2012-09,249,11.1,28.3,0.0,5.2,10.6,NNW,57.0,NNW,NNW,15,31,28,13,1016.0,1007.3,1.0,0.0,20.8,27.5,No,No,0,0,0,0,0,0,19.7,17.2,6.7,15,-8.7,23.0,Dry (<=1 mm),Warm (20-30),Strong (50-70),1.68,-0.58,-2.08,1.01,-0.31,,0
2012-09-06,2012,9,Sep,3,Spring,2012-09,250,18.4,27.9,0.0,13.4,10.7,NW,54.0,WNW,WNW,28,22,28,10,1007.7,1005.3,0.0,0.0,21.5,27.6,No,No,0,0,0,0,0,0,23.15,9.5,6.1,18,-2.4,25.0,Dry (<=1 mm),Warm (20-30),Strong (50-70),1.57,2.23,-2.25,0.79,-1.41,,0
2012-09-07,2012,9,Sep,3,Spring,2012-09,251,16.4,21.7,0.0,10.8,8.7,W,72.0,WNW,WNW,20,39,22,22,1005.8,1006.2,0.0,5.0,21.3,18.4,No,No,0,0,0,0,0,0,19.05,5.3,-2.9,0,0.4,29.5,Dry (<=1 mm),Warm (20-30),Gale-force (>=70),-0.08,1.46,-1.55,2.14,-1.67,,0
2012-09-08,2012,9,Sep,3,Spring,2012-09,252,11.3,21.0,0.0,6.6,10.8,W,59.0,W,WSW,30,28,39,31,1014.5,1012.8,1.0,1.0,15.0,20.4,No,No,0,0,0,0,0,0,16.15,9.7,5.4,8,-1.7,29.0,Dry (<=1 mm),Warm (20-30),Strong (50-70),-0.26,-0.51,-1.03,1.16,-0.51,,0
2012-09-11,2012,9,Sep,3,Spring,2012-09,255,12.6,21.8,0.0,5.4,8.7,S,39.0,WNW,SSE,17,17,66,51,1025.0,1022.4,7.0,1.0,16.4,21.0,No,No,0,0,0,0,0,0,17.2,9.2,4.6,15,-2.6,17.0,Dry (<=1 mm),Warm (20-30),Moderate (30-50),-0.05,-0.0,0.12,-0.34,0.88,,0
2012-09-12,2012,9,Sep,3,Spring,2012-09,256,11.0,21.3,0.0,3.8,10.2,NE,43.0,W,NE,11,20,66,67,1023.1,1015.7,6.0,1.0,15.8,19.6,No,No,0,0,0,0,0,0,16.15,10.3,3.8,-1,-7.4,15.5,Dry (<=1 mm),Warm (20-30),Moderate (30-50),-0.18,-0.62,1.05,-0.04,0.63,,0
2012-09-13,2012,9,Sep,3,Spring,2012-09,257,14.0,24.7,0.0,5.6,2.7,SSW,63.0,N,S,20,33,39,83,1006.2,1007.3,4.0,8.0,21.0,15.0,No,Yes,0,1,0,0,0,0,19.35,10.7,-6.0,-44,1.1,26.5,Dry (<=1 mm),Warm (20-30),Strong (50-70),0.72,0.54,1.98,1.46,-1.61,,0
2012-09-14,2012,9,Sep,3,Spring,2012-09,258,7.9,18.5,3.8,3.0,11.3,WSW,37.0,W,ESE,20,17,50,36,1019.6,1017.1,1.0,1.0,13.5,16.9,Yes,No,1,0,0,0,0,1,13.2,10.6,3.4,14,-2.5,18.5,Light (1-10),Mild (<20),Moderate (30-50),-0.93,-1.82,-0.74,-0.5,0.16,,0
2012-09-15,2012,9,Sep,3,Spring,2012-09,259,9.2,20.1,0.0,5.2,10.7,SSE,37.0,W,SE,19,19,54,44,1024.9,1023.5,1.0,1.0,15.6,19.8,No,No,0,0,0,0,0,0,14.65,10.9,4.2,10,-1.4,19.0,Dry (<=1 mm),Warm (20-30),Moderate (30-50),-0.5,-1.32,-0.28,-0.5,0.87,,0
2012-09-16,2012,9,Sep,3,Spring,2012-09,260,10.5,21.0,0.0,3.2,10.3,NNE,41.0,N,NE,19,24,57,54,1021.9,1016.3,3.0,3.0,17.5,18.5,No,No,0,0,0,0,0,0,15.75,10.5,1.0,3,-5.6,21.5,Dry (<=1 mm),Warm (20-30),Moderate (30-50),-0.26,-0.82,0.3,-0.19,0.47,,0
2012-09-17,2012,9,Sep,3,Spring,2012-09,261,14.2,20.9,0.0,5.4,6.0,SSE,39.0,S,SSE,19,26,71,61,1019.4,1016.9,7.0,6.0,16.4,19.4,No,No,0,0,0,0,0,0,17.55,6.7,3.0,10,-2.5,22.5,Dry (<=1 mm),Warm (20-30),Moderate (30-50),-0.29,0.61,0.7,-0.34,0.14,,0
2012-09-18,2012,9,Sep,3,Spring,2012-09,262,12.4,20.6,0.0,3.6,7.7,E,37.0,W,E,9,20,63,66,1018.4,1013.8,1.0,5.0,17.9,18.2,No,Yes,0,1,0,0,0,0,16.5,8.2,0.3,-3,-4.6,14.5,Dry (<=1 mm),Warm (20-30),Moderate (30-50),-0.37,-0.08,0.99,-0.5,0.01,,0
2012-09-19,2012,9,Sep,3,Spring,2012-09,263,11.1,22.9,3.6,3.8,11.1,W,35.0,WNW,ESE,11,17,57,45,1016.0,1014.4,1.0,3.0,17.2,20.1,Yes,No,1,0,0,0,0,1,17.0,11.8,2.9,12,-1.6,14.0,Light (1-10),Warm (20-30),Moderate (30-50),0.24,-0.58,-0.22,-0.65,-0.31,,0
2012-09-20,2012,9,Sep,3,Spring,2012-09,264,12.1,20.5,0.2,6.0,9.4,ENE,30.0,W,E,13,22,73,60,1019.3,1014.7,6.0,2.0,15.6,19.7,No,No,0,0,0,0,0,0,16.3,8.4,4.1,13,-4.6,17.5,Dry (<=1 mm),Warm (20-30),Moderate (30-50),-0.4,-0.2,0.65,-1.02,0.12,,0
2012-09-21,2012,9,Sep,3,Spring,2012-09,265,13.8,22.2,0.0,4.4,4.6,WSW,37.0,NNE,ENE,4,13,83,46,1012.7,1009.8,7.0,1.0,15.5,21.9,No,No,0,0,0,0,0,0,18.0,8.4,6.4,37,-2.9,8.5,Dry (<=1 mm),Warm (20-30),Moderate (30-50),0.06,0.46,-0.16,-0.5,-0.75,,0
2012-09-22,2012,9,Sep,3,Spring,2012-09,266,12.4,22.7,0.8,4.8,10.9,ESE,33.0,WNW,SE,11,17,49,50,1016.2,1013.1,1.0,1.0,19.0,20.9,No,No,0,0,0,0,0,0,17.55,10.3,1.9,-1,-3.1,14.0,Dry (<=1 mm),Warm (20-30),Moderate (30-50),0.19,-0.08,0.07,-0.8,-0.29,,0
2012-09-23,2012,9,Sep,3,Spring,2012-09,267,11.2,23.8,0.0,4.4,11.1,SSW,39.0,SSW,NNE,2,17,64,46,1011.5,1005.4,0.0,1.0,17.8,23.5,No,No,0,0,0,0,0,0,17.5,12.6,5.7,18,-6.1,9.5,Dry (<=1 mm),Warm (20-30),Moderate (30-50),0.48,-0.55,-0.16,-0.34,-0.91,,0
2012-09-24,2012,9,Sep,3,Spring,2012-09,268,13.5,24.4,0.0,8.2,11.2,W,48.0,WSW,E,26,17,31,29,1012.6,1010.6,1.0,1.0,17.3,21.7,No,No,0,0,0,0,0,0,18.95,10.9,4.4,2,-2.0,21.5,Dry (<=1 mm),Warm (20-30),Moderate (30-50),0.64,0.34,-1.15,0.33,-0.76,,0
2012-09-25,2012,9,Sep,3,Spring,2012-09,269,12.0,19.1,0.2,3.2,3.8,ESE,33.0,W,ESE,13,26,51,63,1022.1,1020.0,2.0,6.0,15.0,16.8,No,No,0,0,0,0,0,0,15.55,7.1,1.8,-12,-2.1,19.5,Dry (<=1 mm),Mild (<20),Moderate (30-50),-0.77,-0.24,0.82,-0.8,0.5,,0
2012-09-26,2012,9,Sep,3,Spring,2012-09,270,14.6,20.7,0.4,4.2,8.3,ENE,44.0,S,ENE,4,33,67,59,1022.5,1019.0,6.0,1.0,17.8,19.6,No,No,0,0,0,0,0,0,17.65,6.1,1.8,8,-3.5,18.5,Dry (<=1 mm),Warm (20-30),Moderate (30-50),-0.34,0.77,0.59,0.03,0.55,,0
2012-09-27,2012,9,Sep,3,Spring,2012-09,271,14.1,22.8,0.2,6.8,6.7,NNE,46.0,NNE,NE,6,19,58,59,1018.7,1013.5,6.0,5.0,19.4,21.0,No,No,0,0,0,0,0,0,18.45,8.7,1.6,-1,-5.2,12.5,Dry (<=1 mm),Warm (20-30),Moderate (30-50),0.22,0.57,0.59,0.18,0.05,,0
2012-09-28,2012,9,Sep,3,Spring,2012-09,272,18.9,33.2,0.0,6.4,6.0,NNW,65.0,ENE,NW,22,22,63,29,1009.7,1003.5,5.0,7.0,21.7,31.2,No,Yes,0,1,0,0,0,0,26.05,14.3,9.5,34,-6.2,22.0,Dry (<=1 mm),Hot (30-35),Strong (50-70),2.98,2.43,-1.15,1.62,-1.15,,0
2012-09-30,2012,9,Sep,3,Spring,2012-09,274,9.9,22.4,0.0,8.4,11.5,W,48.0,WSW,ESE,31,26,29,30,1019.2,1018.0,0.0,1.0,15.4,20.3,No,No,0,0,0,0,0,0,16.15,12.5,4.9,-1,-1.2,28.5,Dry (<=1 mm),Warm (20-30),Moderate (30-50),0.11,-1.05,-1.09,0.33,0.11,,0
2012-10-01,2012,10,Oct,4,Spring,2012-10,275,9.8,19.9,0.0,6.8,9.8,SSE,30.0,WNW,E,11,20,51,53,1027.9,1025.5,1.0,1.0,16.4,18.0,No,No,0,0,0,0,0,0,14.85,10.1,1.6,-2,-2.4,15.5,Dry (<=1 mm),Mild (<20),Moderate (30-50),-0.82,-1.74,0.14,-1.05,1.28,,0
2012-10-02,2012,10,Oct,4,Spring,2012-10,276,12.7,20.3,0.6,5.0,10.6,W,26.0,S,E,11,17,58,45,1032.7,1029.2,4.0,1.0,17.5,18.5,No,No,0,0,0,0,0,0,16.5,7.6,1.0,13,-3.5,14.0,Dry (<=1 mm),Warm (20-30),Light (<30),-0.73,-0.72,-0.32,-1.34,1.96,,0
2012-10-03,2012,10,Oct,4,Spring,2012-10,277,11.2,27.8,0.2,5.8,11.3,NNE,31.0,W,E,13,7,53,40,1026.3,1020.5,1.0,7.0,18.7,24.0,No,No,0,0,0,0,0,0,19.5,16.6,5.3,13,-5.8,10.0,Dry (<=1 mm),Warm (20-30),Moderate (30-50),0.95,-1.25,-0.6,-0.98,1.05,,0
2012-10-04,2012,10,Oct,4,Spring,2012-10,278,14.5,32.2,0.0,7.2,11.4,WNW,37.0,W,WNW,9,11,39,16,1018.8,1013.1,0.0,0.0,23.9,31.9,No,No,0,0,0,0,0,0,23.35,17.7,8.0,23,-5.7,10.0,Dry (<=1 mm),Hot (30-35),Moderate (30-50),1.94,-0.1,-1.95,-0.55,-0.0,,0
2012-10-05,2012,10,Oct,4,Spring,2012-10,279,20.0,34.2,0.0,10.8,10.3,W,57.0,W,SSE,22,28,22,59,1014.0,1013.0,0.0,5.0,27.9,22.8,No,No,0,0,0,0,0,0,27.1,14.2,-5.1,-37,-1.0,25.0,Dry (<=1 mm),Hot (30-35),Strong (50-70),2.39,1.83,0.47,0.88,-0.68,,0
2012-10-06,2012,10,Oct,4,Spring,2012-10,280,15.6,18.3,0.0,7.6,0.0,NE,48.0,ESE,NE,9,11,90,81,1019.2,1014.6,8.0,7.0,16.0,17.2,No,Yes,0,1,0,0,0,0,16.95,2.7,1.2,9,-4.6,10.0,Dry (<=1 mm),Mild (<20),Moderate (30-50),-1.18,0.29,1.72,0.24,0.05,,0
2012-10-07,2012,10,Oct,4,Spring,2012-10,281,12.7,20.6,3.0,3.2,11.2,SSW,57.0,SW,SSE,17,28,39,32,1013.8,1013.7,1.0,1.0,16.1,19.3,Yes,No,1,0,0,0,0,1,16.65,7.9,3.2,7,-0.1,22.5,Light (1-10),Warm (20-30),Strong (50-70),-0.66,-0.72,-1.05,0.88,-0.71,,0
2012-10-08,2012,10,Oct,4,Spring,2012-10,282,13.6,18.2,0.2,7.8,5.9,SSE,35.0,NNW,ESE,7,19,60,46,1017.1,1013.4,6.0,6.0,15.3,17.5,No,No,0,0,0,0,0,0,15.9,4.6,2.2,14,-3.7,13.0,Dry (<=1 mm),Mild (<20),Moderate (30-50),-1.2,-0.41,-0.26,-0.7,-0.24,,0
2012-10-09,2012,10,Oct,4,Spring,2012-10,283,12.1,19.6,0.0,3.8,9.0,S,33.0,SSE,ESE,7,19,67,52,1012.8,1011.1,7.0,6.0,13.8,17.1,No,No,0,0,0,0,0,0,15.85,7.5,3.3,15,-1.7,13.0,Dry (<=1 mm),Mild (<20),Moderate (30-50),-0.89,-0.93,0.08,-0.84,-0.85,,0
2012-10-11,2012,10,Oct,4,Spring,2012-10,285,13.5,19.0,9.8,6.8,3.6,WSW,50.0,SE,E,4,9,83,58,1005.4,1004.1,8.0,7.0,14.6,18.2,Yes,Yes,1,1,0,0,0,1,16.25,5.5,3.6,25,-1.3,6.5,Light (1-10),Mild (<20),Strong (50-70),-1.02,-0.44,0.42,0.38,-1.9,,0
2012-10-12,2012,10,Oct,4,Spring,2012-10,286,8.5,16.0,3.4,2.0,4.3,SSW,74.0,W,SSW,35,22,84,87,1006.3,1010.7,5.0,7.0,8.7,12.2,Yes,Yes,1,1,0,0,0,1,12.25,7.5,3.5,-3,4.4,28.5,Light (1-10),Mild (<20),Gale-force (>=70),-1.69,-2.19,2.06,2.1,-1.77,,0
2012-10-13,2012,10,Oct,4,Spring,2012-10,287,8.6,20.1,4.4,4.0,11.0,SE,35.0,W,SE,26,20,47,39,1019.8,1019.3,1.0,1.0,14.3,18.9,Yes,No,1,0,0,0,0,1,14.35,11.5,4.6,8,-0.5,23.0,Light (1-10),Warm (20-30),Moderate (30-50),-0.77,-2.16,-0.65,-0.7,0.14,,0
2012-10-14,2012,10,Oct,4,Spring,2012-10,288,12.4,19.5,0.2,4.8,8.8,ESE,28.0,WNW,ESE,13,20,77,52,1025.6,1024.0,7.0,1.0,14.0,18.5,No,No,0,0,0,0,0,0,15.95,7.1,4.5,25,-1.6,16.5,Dry (<=1 mm),Mild (<20),Light (<30),-0.91,-0.83,0.08,-1.2,0.96,,0
2012-10-15,2012,10,Oct,4,Spring,2012-10,289,11.4,23.9,0.0,6.4,11.6,NNE,46.0,W,NE,9,19,65,41,1024.9,1020.9,0.0,2.0,16.3,23.2,No,No,0,0,0,0,0,0,17.65,12.5,6.9,24,-4.0,14.0,Dry (<=1 mm),Warm (20-30),Moderate (30-50),0.08,-1.18,-0.54,0.09,0.86,,0
2012-10-16,2012,10,Oct,4,Spring,2012-10,290,15.4,34.1,0.0,7.2,9.6,NNE,43.0,ESE,E,6,22,43,23,1018.4,1013.9,7.0,2.0,20.9,30.7,No,No,0,0,0,0,0,0,24.75,18.7,9.8,20,-4.5,14.0,Dry (<=1 mm),Hot (30-35),Moderate (30-50),2.36,0.22,-1.56,-0.12,-0.06,,0
2012-10-17,2012,10,Oct,4,Spring,2012-10,291,20.3,21.8,0.0,11.4,11.7,SSW,39.0,SE,ESE,22,24,62,46,1016.4,1016.4,5.0,6.0,21.7,20.8,No,No,0,0,0,0,0,0,21.05,1.5,-0.9,16,0.0,23.0,Dry (<=1 mm),Warm (20-30),Moderate (30-50),-0.39,1.93,-0.26,-0.41,-0.34,,0
2012-10-18,2012,10,Oct,4,Spring,2012-10,292,16.6,21.5,0.0,7.4,8.2,ENE,41.0,ENE,NE,15,22,58,56,1022.7,1019.6,7.0,1.0,19.4,20.4,No,No,0,0,0,0,0,0,19.05,4.9,1.0,2,-3.1,18.5,Dry (<=1 mm),Warm (20-30),Moderate (30-50),-0.46,0.64,0.31,-0.27,0.55,,0
2012-10-19,2012,10,Oct,4,Spring,2012-10,293,15.9,25.6,0.0,6.6,9.8,NE,31.0,WNW,E,11,19,78,56,1016.4,1011.6,7.0,4.0,17.7,24.1,No,No,0,0,0,0,0,0,20.75,9.7,6.4,22,-4.8,15.0,Dry (<=1 mm),Warm (20-30),Moderate (30-50),0.46,0.39,0.31,-0.98,-0.34,,0
2012-10-20,2012,10,Oct,4,Spring,2012-10,294,16.6,33.8,0.0,6.8,11.8,SSE,56.0,WNW,S,22,33,44,57,1007.8,1008.5,1.0,2.0,22.8,24.6,No,No,0,0,0,0,0,0,25.2,17.2,1.8,-13,0.7,27.5,Dry (<=1 mm),Hot (30-35),Strong (50-70),2.3,0.64,0.36,0.81,-1.56,,0
2012-10-21,2012,10,Oct,4,Spring,2012-10,295,14.9,27.4,0.0,5.0,5.0,S,46.0,W,WNW,13,20,66,23,1013.7,1009.5,4.0,7.0,19.9,26.9,No,No,0,0,0,0,0,0,21.15,12.5,7.0,43,-4.2,16.5,Dry (<=1 mm),Warm (20-30),Moderate (30-50),0.86,0.04,-1.56,0.09,-0.72,,0
2012-10-22,2012,10,Oct,4,Spring,2012-10,296,15.1,18.7,0.0,6.0,6.6,SSE,80.0,SSE,S,30,39,68,40,1016.2,1019.7,7.0,2.0,15.6,18.0,No,Yes,0,1,0,0,0,0,16.9,3.6,2.4,28,3.5,34.5,Dry (<=1 mm),Mild (<20),Gale-force (>=70),-1.09,0.11,-0.6,2.53,-0.37,,0
2012-10-23,2012,10,Oct,4,Spring,2012-10,297,11.8,19.5,7.4,2.0,10.1,SSE,41.0,SE,ESE,19,20,56,41,1027.4,1026.5,6.0,3.0,15.7,18.3,Yes,No,1,0,0,0,0,1,15.65,7.7,2.6,15,-0.9,19.5,Light (1-10),Mild (<20),Moderate (30-50),-0.91,-1.04,-0.54,-0.27,1.21,,0
2012-10-24,2012,10,Oct,4,Spring,2012-10,298,11.7,23.0,0.2,6.0,11.6,NE,46.0,W,NE,11,24,57,48,1024.3,1017.7,1.0,2.0,17.3,21.0,No,No,0,0,0,0,0,0,17.35,11.3,3.7,9,-6.6,17.5,Dry (<=1 mm),Warm (20-30),Moderate (30-50),-0.12,-1.07,-0.15,0.09,0.77,,0
2012-10-25,2012,10,Oct,4,Spring,2012-10,299,13.8,25.6,0.0,8.2,10.5,NE,30.0,W,E,9,19,63,46,1013.0,1006.6,3.0,6.0,18.2,24.8,No,No,0,0,0,0,0,0,19.7,11.8,6.6,17,-6.4,14.0,Dry (<=1 mm),Warm (20-30),Moderate (30-50),0.46,-0.34,-0.26,-1.05,-0.82,,0
2012-10-26,2012,10,Oct,4,Spring,2012-10,300,16.9,21.2,0.0,9.0,3.3,S,56.0,ESE,E,6,19,68,66,1010.6,1007.3,8.0,7.0,18.4,20.0,No,No,0,0,0,0,0,0,19.05,4.3,1.6,2,-3.3,12.5,Dry (<=1 mm),Warm (20-30),Strong (50-70),-0.53,0.74,0.87,0.81,-1.16,,0
2012-10-27,2012,10,Oct,4,Spring,2012-10,301,13.1,21.3,0.0,5.4,12.2,SSE,41.0,SSW,SE,7,24,39,40,1015.7,1016.4,1.0,1.0,18.0,19.1,No,No,0,0,0,0,0,0,17.2,8.2,1.1,-1,0.7,15.5,Dry (<=1 mm),Warm (20-30),Moderate (30-50),-0.5,-0.58,-0.6,-0.27,-0.44,,0
2012-10-28,2012,10,Oct,4,Spring,2012-10,302,15.3,19.8,0.0,9.2,5.3,SSE,30.0,ESE,E,13,15,51,47,1025.5,1024.3,7.0,8.0,17.0,19.1,No,No,0,0,0,0,0,0,17.55,4.5,2.1,4,-1.2,14.0,Dry (<=1 mm),Mild (<20),Moderate (30-50),-0.84,0.18,-0.2,-1.05,0.94,,0
2012-10-29,2012,10,Oct,4,Spring,2012-10,303,12.1,21.7,0.0,3.6,9.4,ENE,44.0,WNW,E,9,30,59,55,1025.1,1021.2,6.0,2.0,17.2,20.8,No,No,0,0,0,0,0,0,16.9,9.6,3.6,4,-3.9,19.5,Dry (<=1 mm),Warm (20-30),Moderate (30-50),-0.42,-0.93,0.25,-0.05,0.89,,0
2012-10-30,2012,10,Oct,4,Spring,2012-10,304,14.1,23.1,0.0,7.2,9.8,NE,43.0,WSW,ENE,2,24,65,48,1019.8,1015.7,5.0,6.0,18.6,22.4,No,No,0,0,0,0,0,0,18.6,9.0,3.8,17,-4.1,13.0,Dry (<=1 mm),Warm (20-30),Moderate (30-50),-0.1,-0.24,-0.15,-0.12,0.14,,0
2012-10-31,2012,10,Oct,4,Spring,2012-10,305,15.7,27.8,0.0,7.0,12.0,ENE,33.0,WNW,ESE,11,20,64,52,1016.1,1013.0,0.0,3.0,21.6,24.4,No,No,0,0,0,0,0,0,21.75,12.1,2.8,12,-3.1,15.5,Dry (<=1 mm),Warm (20-30),Moderate (30-50),0.95,0.32,0.08,-0.84,-0.38,,0
2012-11-01,2012,11,Nov,4,Spring,2012-11,306,16.8,33.3,0.0,8.0,5.2,W,52.0,WNW,E,9,20,55,57,1008.3,1002.0,7.0,7.0,22.6,24.7,No,No,0,0,0,0,0,0,25.05,16.5,2.1,-2,-6.3,14.5,Dry (<=1 mm),Hot (30-35),Strong (50-70),2.18,-0.23,-0.06,0.64,-1.13,,0
2012-11-02,2012,11,Nov,4,Spring,2012-11,307,16.1,21.9,0.0,10.8,12.2,SSE,54.0,S,SSE,28,26,44,38,1015.2,1015.5,2.0,1.0,18.1,20.3,No,Yes,0,1,0,0,0,0,19.0,5.8,2.2,6,0.3,27.0,Dry (<=1 mm),Warm (20-30),Strong (50-70),-0.75,-0.53,-1.35,0.81,-0.04,,0
2012-11-03,2012,11,Nov,4,Spring,2012-11,308,13.7,18.5,1.6,5.6,0.0,SE,31.0,WSW,ESE,6,17,82,58,1020.9,1020.1,7.0,8.0,15.5,17.8,Yes,Yes,1,1,0,0,0,1,16.1,4.8,2.3,24,-0.8,11.5,Light (1-10),Mild (<20),Moderate (30-50),-1.63,-1.58,0.01,-1.18,0.87,,0
2012-11-04,2012,11,Nov,4,Spring,2012-11,309,14.8,22.9,1.4,2.6,9.3,NE,41.0,WNW,ENE,6,26,80,63,1020.5,1017.5,4.0,4.0,18.3,21.9,Yes,No,1,0,0,0,0,1,18.85,8.1,3.6,17,-3.0,16.0,Light (1-10),Warm (20-30),Moderate (30-50),-0.5,-1.1,0.35,-0.32,0.8,,0
2012-11-05,2012,11,Nov,4,Spring,2012-11,310,17.0,25.1,0.2,5.2,10.0,NNE,52.0,ESE,NE,9,20,70,61,1018.7,1014.9,1.0,4.0,21.5,24.3,No,No,0,0,0,0,0,0,21.05,8.1,2.8,9,-3.8,14.5,Dry (<=1 mm),Warm (20-30),Strong (50-70),0.07,-0.14,0.22,0.64,0.52,,0
2012-11-06,2012,11,Nov,4,Spring,2012-11,311,19.6,25.4,0.0,9.0,8.9,NE,57.0,E,NE,15,30,65,61,1015.8,1012.7,6.0,4.0,24.0,23.9,No,No,0,0,0,0,0,0,22.5,5.8,-0.1,4,-3.1,22.5,Dry (<=1 mm),Warm (20-30),Strong (50-70),0.15,0.99,0.22,1.07,0.06,,0
2012-11-07,2012,11,Nov,4,Spring,2012-11,312,19.8,24.2,0.0,8.6,0.0,NE,35.0,NE,ENE,2,19,78,68,1013.8,1010.3,8.0,8.0,21.7,22.4,No,No,0,0,0,0,0,0,22.0,4.4,0.7,10,-3.5,10.5,Dry (<=1 mm),Warm (20-30),Moderate (30-50),-0.16,1.08,0.69,-0.84,-0.26,,0
2012-11-08,2012,11,Nov,4,Spring,2012-11,313,19.9,27.3,0.0,3.8,8.4,ESE,35.0,ENE,E,4,20,58,64,1011.9,1011.7,6.0,7.0,24.1,23.4,No,Yes,0,1,0,0,0,0,23.6,7.4,-0.7,-6,-0.2,12.0,Dry (<=1 mm),Warm (20-30),Moderate (30-50),0.64,1.12,0.42,-0.84,-0.56,,0
2012-11-09,2012,11,Nov,4,Spring,2012-11,314,18.5,27.1,9.2,4.2,9.8,S,50.0,W,ENE,9,17,77,86,1014.0,1012.6,5.0,5.0,22.2,20.9,Yes,Yes,1,1,0,0,0,1,22.8,8.6,-1.3,-9,-1.4,13.0,Light (1-10),Warm (20-30),Strong (50-70),0.58,0.51,1.92,0.46,-0.23,,0
2012-11-10,2012,11,Nov,4,Spring,2012-11,315,16.6,20.9,11.4,7.4,7.0,SSE,50.0,SSE,SSE,28,26,56,54,1022.7,1023.1,6.0,6.0,19.6,18.5,Yes,No,1,0,0,0,0,1,18.75,4.3,-1.1,2,0.4,27.0,Moderate (10-25),Warm (20-30),Strong (50-70),-1.01,-0.31,-0.26,0.46,1.15,,0
2012-11-11,2012,11,Nov,4,Spring,2012-11,316,13.1,21.4,0.2,9.6,12.7,ESE,31.0,ESE,ESE,13,19,42,45,1028.6,1026.6,1.0,2.0,19.4,20.8,No,No,0,0,0,0,0,0,17.25,8.3,1.4,-3,-2.0,16.0,Dry (<=1 mm),Warm (20-30),Moderate (30-50),-0.88,-1.84,-0.87,-1.18,2.09,,0
2012-11-12,2012,11,Nov,4,Spring,2012-11,317,13.0,23.7,0.0,6.0,11.3,NE,54.0,W,NE,13,31,55,51,1025.0,1019.7,4.0,7.0,19.4,22.0,No,No,0,0,0,0,0,0,18.35,10.7,2.6,4,-5.3,22.0,Dry (<=1 mm),Warm (20-30),Strong (50-70),-0.29,-1.88,-0.46,0.81,1.52,,0
2012-11-13,2012,11,Nov,4,Spring,2012-11,318,16.9,23.9,0.0,9.8,9.9,S,57.0,S,SSE,19,28,60,51,1020.3,1019.0,1.0,3.0,19.6,21.0,No,No,0,0,0,0,0,0,20.4,7.0,1.4,9,-1.3,23.5,Dry (<=1 mm),Warm (20-30),Strong (50-70),-0.24,-0.18,-0.46,1.07,0.77,,0
2012-11-14,2012,11,Nov,4,Spring,2012-11,319,15.9,20.7,0.0,8.0,0.3,E,31.0,E,E,15,20,80,71,1019.5,1017.4,8.0,8.0,16.9,18.4,No,No,0,0,0,0,0,0,18.3,4.8,1.5,9,-2.1,17.5,Dry (<=1 mm),Warm (20-30),Moderate (30-50),-1.06,-0.62,0.9,-1.18,0.64,,0
2012-11-15,2012,11,Nov,4,Spring,2012-11,320,16.2,24.7,0.2,4.2,7.2,ENE,35.0,NE,ENE,19,17,72,62,1014.7,1010.7,8.0,7.0,20.5,23.6,No,No,0,0,0,0,0,0,20.45,8.5,3.1,10,-4.0,18.0,Dry (<=1 mm),Warm (20-30),Moderate (30-50),-0.03,-0.49,0.28,-0.84,-0.12,,0
2012-11-16,2012,11,Nov,4,Spring,2012-11,321,17.2,18.0,0.4,5.0,0.0,SSW,41.0,SSW,SSE,11,9,86,81,1012.7,1011.0,8.0,8.0,17.2,17.5,No,Yes,0,1,0,0,0,0,17.6,0.8,0.3,5,-1.7,10.0,Dry (<=1 mm),Mild (<20),Moderate (30-50),-1.75,-0.05,1.58,-0.32,-0.44,,0
2012-11-17,2012,11,Nov,4,Spring,2012-11,322,15.1,21.3,10.4,2.4,7.0,SE,33.0,ESE,E,13,15,57,50,1016.7,1015.1,8.0,4.0,17.4,19.8,Yes,No,1,0,0,0,0,1,18.2,6.2,2.4,7,-1.6,14.0,Moderate (10-25),Warm (20-30),Moderate (30-50),-0.91,-0.97,-0.53,-1.01,0.2,,0
2012-11-18,2012,11,Nov,4,Spring,2012-11,323,15.3,23.1,0.0,6.0,12.2,S,70.0,W,NE,6,35,65,57,1012.9,1007.7,5.0,3.0,19.2,22.2,No,No,0,0,0,0,0,0,19.2,7.8,3.0,8,-5.2,20.5,Dry (<=1 mm),Warm (20-30),Gale-force (>=70),-0.44,-0.88,-0.06,2.2,-0.4,,0
2012-11-19,2012,11,Nov,4,Spring,2012-11,324,12.8,21.1,0.0,8.4,6.9,S,50.0,W,SSW,17,26,44,45,1014.2,1015.6,2.0,3.0,18.1,19.9,No,Yes,0,1,0,0,0,0,16.95,8.3,1.8,-1,1.4,21.5,Dry (<=1 mm),Warm (20-30),Strong (50-70),-0.96,-1.97,-0.87,0.46,-0.2,,0
2012-11-20,2012,11,Nov,4,Spring,2012-11,325,15.8,23.2,1.6,7.0,7.6,SSE,44.0,SSE,SE,28,22,61,50,1022.2,1021.6,7.0,3.0,18.9,21.8,Yes,No,1,0,0,0,0,1,19.5,7.4,2.9,11,-0.6,25.0,Light (1-10),Warm (20-30),Moderate (30-50),-0.42,-0.66,-0.53,-0.06,1.07,,0
2012-11-21,2012,11,Nov,4,Spring,2012-11,326,13.4,24.5,0.4,5.2,10.6,NNE,50.0,W,NE,9,24,60,59,1018.1,1012.2,7.0,6.0,19.8,22.3,No,No,0,0,0,0,0,0,18.95,11.1,2.5,1,-5.9,16.5,Dry (<=1 mm),Warm (20-30),Strong (50-70),-0.08,-1.71,0.08,0.46,0.42,,0
2012-11-22,2012,11,Nov,4,Spring,2012-11,327,17.1,20.7,0.0,9.0,0.3,SSW,72.0,SSE,SE,22,22,66,59,1017.1,1017.0,7.0,7.0,18.8,19.4,No,No,0,0,0,0,0,0,18.9,3.6,0.6,7,-0.1,22.0,Dry (<=1 mm),Warm (20-30),Gale-force (>=70),-1.06,-0.1,0.08,2.37,0.26,,0
2012-11-23,2012,11,Nov,4,Spring,2012-11,328,15.7,22.0,0.0,5.4,5.2,SSE,30.0,E,ESE,13,17,59,55,1020.3,1018.5,7.0,7.0,18.7,20.5,No,No,0,0,0,0,0,0,18.85,6.3,1.8,4,-1.8,15.0,Dry (<=1 mm),Warm (20-30),Moderate (30-50),-0.73,-0.71,-0.19,-1.27,0.77,,0
2012-11-24,2012,11,Nov,4,Spring,2012-11,329,16.4,25.4,0.0,5.2,10.8,ENE,39.0,ESE,E,9,28,67,63,1018.8,1014.8,5.0,1.0,21.0,23.8,No,No,0,0,0,0,0,0,20.9,9.0,2.8,4,-4.0,18.5,Dry (<=1 mm),Warm (20-30),Moderate (30-50),0.15,-0.4,0.35,-0.49,0.53,,0
2012-11-25,2012,11,Nov,4,Spring,2012-11,330,18.5,31.0,0.0,7.8,12.7,ENE,26.0,W,E,7,15,60,56,1013.9,1012.6,1.0,2.0,25.3,27.2,No,No,0,0,0,0,0,0,24.75,12.5,1.9,4,-1.3,11.0,Dry (<=1 mm),Hot (30-35),Light (<30),1.59,0.51,-0.12,-1.62,-0.24,,0
2012-11-26,2012,11,Nov,4,Spring,2012-11,331,20.7,27.2,0.0,9.4,2.9,WSW,41.0,S,ESE,7,20,74,69,1015.9,1012.3,8.0,7.0,22.5,24.1,No,Yes,0,1,0,0,0,0,23.95,6.5,1.6,5,-3.6,13.5,Dry (<=1 mm),Warm (20-30),Moderate (30-50),0.61,1.47,0.76,-0.32,0.07,,0
2012-11-27,2012,11,Nov,4,Spring,2012-11,332,19.8,24.1,3.6,4.4,1.0,NE,44.0,ESE,SE,6,13,80,74,1014.1,1014.7,7.0,7.0,22.4,22.4,Yes,Yes,1,1,0,0,0,1,21.95,4.3,0.0,6,0.6,9.5,Light (1-10),Warm (20-30),Moderate (30-50),-0.19,1.08,1.1,-0.06,-0.21,,0
2012-11-28,2012,11,Nov,4,Spring,2012-11,333,18.4,24.5,10.2,3.2,0.0,E,26.0,SE,ESE,9,13,84,74,1018.4,1016.5,7.0,7.0,20.5,21.9,Yes,Yes,1,1,0,0,0,1,21.45,6.1,1.4,10,-1.9,11.0,Moderate (10-25),Warm (20-30),Light (<30),-0.08,0.47,1.1,-1.62,0.47,,0
2012-11-29,2012,11,Nov,4,Spring,2012-11,334,19.9,27.0,1.2,2.4,8.3,NE,43.0,ESE,NE,6,20,71,63,1016.5,1013.6,6.0,2.0,23.6,26.2,Yes,No,1,0,0,0,0,1,23.45,7.1,2.6,8,-2.9,13.0,Light (1-10),Warm (20-30),Moderate (30-50),0.56,1.12,0.35,-0.14,0.17,,0
2012-11-30,2012,11,Nov,4,Spring,2012-11,335,21.3,29.5,0.0,7.0,6.7,E,44.0,W,ENE,15,24,73,62,1013.6,1010.4,6.0,6.0,25.9,28.0,No,No,0,0,0,0,0,0,25.4,8.2,2.1,11,-3.2,19.5,Dry (<=1 mm),Warm (20-30),Moderate (30-50),1.2,1.73,0.28,-0.06,-0.29,,0
2013-01-01,2013,1,Jan,1,Summer,2013-01,1,20.2,26.2,0.0,11.0,10.9,E,30.0,ESE,E,9,19,70,68,1012.0,1008.6,6.0,3.0,23.2,24.1,No,No,0,0,0,0,0,0,23.2,6.0,0.9,2,-3.4,14.0,Dry (<=1 mm),Warm (20-30),Moderate (30-50),-0.33,-0.05,0.68,-1.3,-0.38,,0
2013-01-02,2013,1,Jan,1,Summer,2013-01,2,20.3,22.9,0.0,7.4,0.9,S,52.0,SE,SE,17,24,70,61,1013.8,1015.1,7.0,7.0,21.8,21.1,No,No,0,0,0,0,0,0,21.6,2.6,-0.7,9,1.3,20.5,Dry (<=1 mm),Warm (20-30),Strong (50-70),-1.19,-0.0,0.18,0.77,-0.04,,0
2013-01-03,2013,1,Jan,1,Summer,2013-01,3,18.4,24.8,0.0,5.6,12.4,E,30.0,ESE,E,7,19,54,54,1018.8,1016.6,4.0,1.0,21.8,23.5,No,No,0,0,0,0,0,0,21.6,6.4,1.7,0,-2.2,13.0,Dry (<=1 mm),Warm (20-30),Moderate (30-50),-0.7,-0.9,-0.32,-1.3,0.89,,0
2013-01-04,2013,1,Jan,1,Summer,2013-01,4,18.3,26.6,0.0,9.0,13.1,NNE,52.0,NE,ENE,17,26,59,60,1016.7,1014.1,1.0,0.0,24.4,24.8,No,No,0,0,0,0,0,0,22.45,8.3,0.4,-1,-2.6,21.5,Dry (<=1 mm),Warm (20-30),Strong (50-70),-0.23,-0.94,0.11,0.77,0.5,,0
2013-01-05,2013,1,Jan,1,Summer,2013-01,5,20.9,28.3,0.0,9.6,12.7,NE,52.0,NE,ENE,9,17,56,56,1016.1,1014.3,0.0,1.0,25.2,27.2,No,No,0,0,0,0,0,0,24.6,7.4,2.0,0,-1.8,13.0,Dry (<=1 mm),Warm (20-30),Strong (50-70),0.21,0.28,-0.18,0.77,0.38,,0
2013-01-06,2013,1,Jan,1,Summer,2013-01,6,21.6,28.0,0.0,11.6,13.1,E,33.0,ENE,E,13,20,65,56,1021.0,1019.7,3.0,1.0,25.6,27.0,No,No,0,0,0,0,0,0,24.8,6.4,1.4,9,-1.3,16.5,Dry (<=1 mm),Warm (20-30),Moderate (30-50),0.14,0.61,-0.18,-1.02,1.3,,0
2013-01-07,2013,1,Jan,1,Summer,2013-01,7,21.4,27.5,0.0,8.0,9.0,NNE,46.0,S,E,9,20,74,65,1022.5,1018.4,8.0,1.0,23.2,25.9,No,No,0,0,0,0,0,0,24.45,6.1,2.7,9,-4.1,14.5,Dry (<=1 mm),Warm (20-30),Moderate (30-50),0.01,0.52,0.46,0.21,1.58,,0
2013-01-08,2013,1,Jan,1,Summer,2013-01,8,20.9,42.3,0.0,9.8,8.7,NNW,69.0,SSE,NW,4,28,52,14,1005.8,999.1,6.0,6.0,27.3,39.8,No,No,0,0,0,0,0,0,31.6,21.4,12.5,38,-6.7,16.0,Dry (<=1 mm),Extreme heat (>=35),Strong (50-70),3.87,0.28,-3.17,2.37,-1.54,Heat; Very dry,1
2013-01-09,2013,1,Jan,1,Summer,2013-01,9,21.1,25.0,0.0,18.4,6.1,SSE,50.0,S,SSE,24,28,64,44,999.3,1002.1,6.0,6.0,22.5,21.7,No,No,0,0,0,0,0,0,23.05,3.9,-0.8,20,2.8,26.0,Dry (<=1 mm),Warm (20-30),Strong (50-70),-0.65,0.37,-1.03,0.58,-2.75,,0
2013-01-10,2013,1,Jan,1,Summer,2013-01,10,20.2,25.4,0.0,8.4,1.4,ENE,37.0,ENE,ENE,17,24,63,54,1009.7,1009.6,7.0,7.0,22.3,24.3,No,No,0,0,0,0,0,0,22.8,5.2,2.0,9,-0.1,20.5,Dry (<=1 mm),Warm (20-30),Moderate (30-50),-0.54,-0.05,-0.32,-0.64,-0.81,,0
2013-01-11,2013,1,Jan,1,Summer,2013-01,11,21.2,29.6,0.0,6.2,10.0,NE,43.0,NE,ENE,4,15,62,59,1010.1,1005.5,3.0,5.0,25.0,27.3,No,No,0,0,0,0,0,0,25.4,8.4,2.3,3,-4.6,9.5,Dry (<=1 mm),Warm (20-30),Moderate (30-50),0.55,0.42,0.04,-0.08,-0.74,,0
2013-01-12,2013,1,Jan,1,Summer,2013-01,12,23.5,31.2,0.0,9.6,1.5,SSE,56.0,W,S,13,26,53,50,1005.8,1006.7,6.0,7.0,29.4,28.1,No,No,0,0,0,0,0,0,27.35,7.7,-1.3,3,0.9,19.5,Dry (<=1 mm),Hot (30-35),Strong (50-70),0.97,1.5,-0.6,1.15,-1.54,,0
2013-01-13,2013,1,Jan,1,Summer,2013-01,13,20.7,23.8,0.0,6.2,0.0,SSW,56.0,ESE,SSE,13,19,71,77,1011.5,1008.5,8.0,7.0,22.4,22.2,No,Yes,0,1,0,0,0,0,22.25,3.1,-0.2,-6,-3.0,16.0,Dry (<=1 mm),Warm (20-30),Strong (50-70),-0.96,0.19,1.32,1.15,-0.47,,0
2013-01-14,2013,1,Jan,1,Summer,2013-01,14,17.1,23.7,8.6,2.0,9.4,S,59.0,S,SSE,17,28,69,49,1015.2,1017.5,7.0,2.0,18.8,22.2,Yes,No,1,0,0,0,0,1,20.4,6.6,3.4,20,2.3,22.5,Light (1-10),Warm (20-30),Strong (50-70),-0.99,-1.51,-0.68,1.43,0.22,,0
2013-01-15,2013,1,Jan,1,Summer,2013-01,15,16.8,24.9,0.2,9.8,10.8,NE,41.0,NW,E,6,17,62,53,1019.4,1016.7,3.0,3.0,20.5,23.1,No,No,0,0,0,0,0,0,20.85,8.1,2.6,9,-2.7,11.5,Dry (<=1 mm),Warm (20-30),Moderate (30-50),-0.67,-1.65,-0.39,-0.27,1.0,,0
2013-01-16,2013,1,Jan,1,Summer,2013-01,16,19.1,27.2,0.0,6.6,11.4,E,31.0,WNW,E,7,24,64,65,1014.6,1011.8,3.0,4.0,23.2,24.9,No,No,0,0,0,0,0,0,23.15,8.1,1.7,-1,-2.8,15.5,Dry (<=1 mm),Warm (20-30),Moderate (30-50),-0.07,-0.57,0.46,-1.21,0.1,,0
2013-01-17,2013,1,Jan,1,Summer,2013-01,17,21.4,29.0,0.0,8.2,12.1,ENE,41.0,NW,E,2,26,75,67,1012.5,1007.9,5.0,1.0,24.3,26.5,No,No,0,0,0,0,0,0,25.2,7.6,2.2,8,-4.6,14.0,Dry (<=1 mm),Warm (20-30),Moderate (30-50),0.4,0.52,0.6,-0.27,-0.29,,0
2013-01-18,2013,1,Jan,1,Summer,2013-01,18,21.7,45.8,0.0,9.0,8.4,S,78.0,E,E,13,15,62,14,1002.9,997.9,0.0,3.0,28.9,44.7,No,No,0,0,0,0,0,0,33.75,24.1,15.8,48,-5.0,14.0,Dry (<=1 mm),Extreme heat (>=35),Gale-force (>=70),4.78,0.66,-3.17,3.22,-2.08,Heat; Very dry; Extreme gust,1
2013-01-19,2013,1,Jan,1,Summer,2013-01,19,21.5,24.8,0.0,12.6,2.3,SSE,50.0,S,SSE,19,20,65,59,1013.2,1013.8,6.0,8.0,22.7,22.4,No,No,0,0,0,0,0,0,23.15,3.3,-0.3,6,0.6,19.5,Dry (<=1 mm),Warm (20-30),Strong (50-70),-0.7,0.56,0.04,0.58,-0.16,,0
2013-01-20,2013,1,Jan,1,Summer,2013-01,20,20.2,24.3,0.2,5.0,0.0,SSE,28.0,SE,ESE,13,15,67,59,1017.3,1016.1,7.0,8.0,22.3,23.6,No,No,0,0,0,0,0,0,22.25,4.1,1.3,8,-1.2,14.0,Dry (<=1 mm),Warm (20-30),Light (<30),-0.83,-0.05,0.04,-1.49,0.61,,0
2013-01-21,2013,1,Jan,1,Summer,2013-01,21,20.7,26.6,0.2,4.2,5.3,ENE,37.0,ESE,NE,2,17,71,52,1015.8,1013.4,7.0,7.0,24.2,25.5,No,No,0,0,0,0,0,0,23.65,5.9,1.3,19,-2.4,9.5,Dry (<=1 mm),Warm (20-30),Moderate (30-50),-0.23,0.19,-0.46,-0.64,0.33,,0
2013-01-22,2013,1,Jan,1,Summer,2013-01,22,20.9,29.6,0.0,7.4,7.3,S,52.0,NNE,NE,17,17,63,63,1010.4,1007.4,2.0,7.0,26.5,26.5,No,No,0,0,0,0,0,0,25.25,8.7,0.0,0,-3.0,17.0,Dry (<=1 mm),Warm (20-30),Strong (50-70),0.55,0.28,0.32,0.77,-0.68,,0
2013-01-23,2013,1,Jan,1,Summer,2013-01,23,20.7,25.7,0.0,6.2,2.3,S,56.0,SSW,S,20,26,74,61,1015.3,1015.3,7.0,7.0,21.8,24.4,No,No,0,0,0,0,0,0,23.2,5.0,2.6,13,0.0,23.0,Dry (<=1 mm),Warm (20-30),Strong (50-70),-0.46,0.19,0.18,1.15,0.24,,0
2013-01-24,2013,1,Jan,1,Summer,2013-01,24,20.4,29.8,0.0,7.2,10.5,SSW,33.0,SSW,ESE,20,20,70,52,1017.5,1015.3,7.0,2.0,22.7,29.3,No,No,0,0,0,0,0,0,25.1,9.4,6.6,18,-2.2,20.0,Dry (<=1 mm),Warm (20-30),Moderate (30-50),0.61,0.05,-0.46,-1.02,0.65,,0
2013-01-25,2013,1,Jan,1,Summer,2013-01,25,21.6,29.2,0.0,4.6,12.8,ENE,44.0,N,E,11,26,69,64,1012.9,1010.5,2.0,1.0,25.8,27.6,No,No,0,0,0,0,0,0,25.4,7.6,1.8,5,-2.4,18.5,Dry (<=1 mm),Warm (20-30),Moderate (30-50),0.45,0.61,0.39,0.02,-0.21,,0
2013-01-26,2013,1,Jan,1,Summer,2013-01,26,23.7,28.2,0.0,11.4,8.3,NE,57.0,ENE,NE,17,30,73,70,1012.5,1011.1,7.0,6.0,26.5,27.0,No,Yes,0,1,0,0,0,0,25.95,4.5,0.5,3,-1.4,23.5,Dry (<=1 mm),Warm (20-30),Strong (50-70),0.19,1.6,0.82,1.24,-0.29,,0
2013-01-27,2013,1,Jan,1,Summer,2013-01,27,20.1,22.7,16.8,8.2,0.0,W,50.0,E,NNE,6,9,90,90,1009.2,1009.0,8.0,8.0,20.5,20.9,Yes,Yes,1,1,0,0,0,1,21.4,2.6,0.4,0,-0.2,7.5,Moderate (10-25),Warm (20-30),Strong (50-70),-1.25,-0.1,2.24,0.58,-0.9,,0
2013-01-28,2013,1,Jan,1,Summer,2013-01,28,20.5,23.0,15.8,2.2,0.0,NE,69.0,NE,ENE,7,24,88,92,1009.2,1008.1,8.0,8.0,22.7,21.6,Yes,Yes,1,1,0,0,0,1,21.75,2.5,-1.1,-4,-1.1,15.5,Moderate (10-25),Warm (20-30),Strong (50-70),-1.17,0.09,2.38,2.37,-0.9,,0
2013-01-29,2013,1,Jan,1,Summer,2013-01,29,19.3,26.2,95.2,4.8,4.5,E,70.0,WNW,SSE,11,24,93,71,1001.7,1004.9,8.0,6.0,21.5,24.0,Yes,No,1,0,0,0,0,1,22.75,6.9,2.5,22,3.2,17.5,Very heavy (>50),Warm (20-30),Gale-force (>=70),-0.33,-0.47,0.89,2.47,-2.3,Extreme rain,1
2013-01-30,2013,1,Jan,1,Summer,2013-01,30,19.8,26.0,0.8,5.6,8.5,ESE,28.0,SE,ESE,11,20,70,58,1014.7,1014.0,5.0,2.0,22.2,24.9,No,No,0,0,0,0,0,0,22.9,6.2,2.7,12,-0.7,15.5,Dry (<=1 mm),Warm (20-30),Light (<30),-0.39,-0.24,-0.04,-1.49,0.12,,0
2013-01-31,2013,1,Jan,1,Summer,2013-01,31,21.0,27.8,0.0,5.6,12.2,NE,54.0,N,NE,19,24,66,64,1013.2,1008.4,3.0,1.0,25.9,27.2,No,Yes,0,1,0,0,0,0,24.4,6.8,1.3,2,-4.8,21.5,Dry (<=1 mm),Warm (20-30),Strong (50-70),0.08,0.33,0.39,0.96,-0.16,,0
2013-03-01,2013,3,Mar,1,Autumn,2013-03,60,16.5,20.1,31.8,6.8,0.0,SSE,63.0,SE,SSE,26,26,86,85,1014.4,1016.2,8.0,8.0,19.5,18.7,Yes,Yes,1,1,0,0,0,1,18.3,3.6,-0.8,1,1.8,26.0,Heavy (25-50),Warm (20-30),Strong (50-70),-2.36,-1.1,1.95,1.8,-0.7,,0
2013-03-02,2013,3,Mar,1,Autumn,2013-03,61,17.9,23.1,15.2,6.2,0.1,SSE,57.0,SE,SSE,30,31,73,78,1021.0,1020.8,7.0,8.0,19.0,20.1,Yes,Yes,1,1,0,0,0,1,20.5,5.2,1.1,-5,-0.2,30.5,Moderate (10-25),Warm (20-30),Strong (50-70),-1.14,-0.45,1.41,1.29,0.54,,0
2013-03-03,2013,3,Mar,1,Autumn,2013-03,62,17.7,25.5,7.4,4.8,6.8,SE,56.0,SE,ESE,30,30,63,56,1021.6,1020.4,7.0,6.0,23.1,24.8,Yes,Yes,1,1,0,0,0,1,21.6,7.8,1.7,7,-1.2,30.0,Light (1-10),Warm (20-30),Strong (50-70),-0.16,-0.54,-0.29,1.2,0.65,,0
2013-03-04,2013,3,Mar,1,Autumn,2013-03,63,19.5,26.1,4.4,6.6,9.6,ESE,39.0,E,ESE,22,22,53,49,1021.9,1020.9,3.0,3.0,23.7,25.1,Yes,No,1,0,0,0,0,1,22.8,6.6,1.4,4,-1.0,22.0,Light (1-10),Warm (20-30),Moderate (30-50),0.09,0.3,-0.83,-0.24,0.71,,0
2013-03-05,2013,3,Mar,1,Autumn,2013-03,64,20.5,26.8,0.2,6.0,9.1,ENE,35.0,E,ENE,20,28,70,48,1021.7,1020.0,6.0,3.0,23.1,25.8,No,No,0,0,0,0,0,0,23.65,6.3,2.7,22,-1.7,24.0,Dry (<=1 mm),Warm (20-30),Moderate (30-50),0.37,0.77,-0.91,-0.58,0.67,,0
2013-03-06,2013,3,Mar,1,Autumn,2013-03,65,20.2,27.3,0.0,7.4,7.6,ENE,39.0,NNW,ENE,6,24,78,55,1020.9,1018.4,7.0,3.0,21.6,25.6,No,No,0,0,0,0,0,0,23.75,7.1,4.0,23,-2.5,15.0,Dry (<=1 mm),Warm (20-30),Moderate (30-50),0.58,0.63,-0.37,-0.24,0.52,,0
2013-03-07,2013,3,Mar,1,Autumn,2013-03,66,18.6,27.1,0.0,7.4,11.4,NE,39.0,WNW,NE,11,24,67,52,1019.9,1017.4,1.0,1.0,22.8,26.3,No,No,0,0,0,0,0,0,22.85,8.5,3.5,15,-2.5,17.5,Dry (<=1 mm),Warm (20-30),Moderate (30-50),0.5,-0.12,-0.6,-0.24,0.33,,0
2013-03-08,2013,3,Mar,1,Autumn,2013-03,67,20.3,26.8,0.0,7.8,6.1,E,31.0,W,E,9,20,67,57,1022.1,1020.5,4.0,4.0,22.4,26.2,No,No,0,0,0,0,0,0,23.55,6.5,3.8,10,-1.6,14.5,Dry (<=1 mm),Warm (20-30),Moderate (30-50),0.37,0.67,-0.22,-0.92,0.75,,0
2013-03-09,2013,3,Mar,1,Autumn,2013-03,68,21.2,27.2,0.6,6.8,6.6,ENE,39.0,W,ENE,13,24,75,53,1021.3,1019.0,5.0,3.0,22.5,26.0,No,No,0,0,0,0,0,0,24.2,6.0,3.5,22,-2.3,18.5,Dry (<=1 mm),Warm (20-30),Moderate (30-50),0.54,1.09,-0.53,-0.24,0.6,,0
2013-03-10,2013,3,Mar,1,Autumn,2013-03,69,19.6,28.0,0.0,7.4,9.8,ENE,35.0,W,ENE,7,20,67,49,1020.1,1017.5,5.0,5.0,22.3,25.5,No,No,0,0,0,0,0,0,23.8,8.4,3.2,18,-2.6,13.5,Dry (<=1 mm),Warm (20-30),Moderate (30-50),0.86,0.35,-0.83,-0.58,0.37,,0
2013-03-11,2013,3,Mar,1,Autumn,2013-03,70,20.7,27.4,0.0,7.8,9.3,ENE,35.0,W,E,9,26,72,64,1020.7,1019.6,5.0,5.0,23.2,25.4,No,No,0,0,0,0,0,0,24.05,6.7,2.2,8,-1.1,17.5,Dry (<=1 mm),Warm (20-30),Moderate (30-50),0.62,0.86,0.32,-0.58,0.48,,0
2013-03-12,2013,3,Mar,1,Autumn,2013-03,71,20.4,26.4,0.0,6.4,7.9,E,30.0,W,E,13,19,78,58,1021.0,1018.4,7.0,2.0,21.9,25.7,No,No,0,0,0,0,0,0,23.4,6.0,3.8,20,-2.6,16.0,Dry (<=1 mm),Warm (20-30),Moderate (30-50),0.21,0.72,-0.14,-1.0,0.54,,0
2013-03-13,2013,3,Mar,1,Autumn,2013-03,72,18.3,28.3,0.0,5.4,11.1,NE,46.0,W,NE,7,26,72,52,1014.5,1010.9,1.0,1.0,21.5,26.3,No,No,0,0,0,0,0,0,23.3,10.0,4.8,20,-3.6,16.5,Dry (<=1 mm),Warm (20-30),Moderate (30-50),0.99,-0.26,-0.6,0.36,-0.68,,0
2013-03-14,2013,3,Mar,1,Autumn,2013-03,73,20.8,24.3,0.0,7.8,1.3,SSW,43.0,SSE,SSW,7,11,72,68,1012.0,1011.2,6.0,7.0,23.1,24.0,No,No,0,0,0,0,0,0,22.55,3.5,0.9,4,-0.8,9.0,Dry (<=1 mm),Warm (20-30),Moderate (30-50),-0.65,0.91,0.63,0.1,-1.15,,0
2013-03-15,2013,3,Mar,1,Autumn,2013-03,74,19.7,25.0,1.0,2.6,2.0,SSW,43.0,SSW,SSW,24,26,78,70,1016.1,1015.7,7.0,7.0,20.8,22.5,No,No,0,0,0,0,0,0,22.35,5.3,1.7,8,-0.4,25.0,Dry (<=1 mm),Warm (20-30),Moderate (30-50),-0.36,0.39,0.79,0.1,-0.38,,0
2013-03-16,2013,3,Mar,1,Autumn,2013-03,75,20.1,28.7,0.2,4.2,10.7,E,31.0,N,E,11,20,70,65,1013.6,1008.9,1.0,3.0,23.3,25.8,No,No,0,0,0,0,0,0,24.4,8.6,2.5,5,-4.7,15.5,Dry (<=1 mm),Warm (20-30),Moderate (30-50),1.15,0.58,0.4,-0.92,-0.85,,0
2013-03-17,2013,3,Mar,1,Autumn,2013-03,76,18.7,24.0,0.0,6.8,10.8,SSW,65.0,SSW,SSW,24,31,48,35,1013.0,1015.0,2.0,1.0,19.2,23.2,No,No,0,0,0,0,0,0,21.35,5.3,4.0,13,2.0,27.5,Dry (<=1 mm),Warm (20-30),Strong (50-70),-0.77,-0.07,-1.92,1.97,-0.96,,0
2013-03-18,2013,3,Mar,1,Autumn,2013-03,77,13.9,23.8,0.0,8.6,10.2,SSW,41.0,W,ESE,20,24,55,44,1021.1,1020.2,2.0,2.0,16.8,22.3,No,No,0,0,0,0,0,0,18.85,9.9,5.5,11,-0.9,22.0,Dry (<=1 mm),Warm (20-30),Moderate (30-50),-0.85,-2.31,-1.22,-0.07,0.56,,0
2013-03-19,2013,3,Mar,1,Autumn,2013-03,78,14.3,24.7,0.0,6.4,10.7,ESE,28.0,W,ESE,17,19,66,48,1024.2,1022.8,2.0,3.0,16.3,23.0,No,No,0,0,0,0,0,0,19.5,10.4,6.7,18,-1.4,18.0,Dry (<=1 mm),Warm (20-30),Light (<30),-0.48,-2.12,-0.91,-1.17,1.14,,0
2013-03-20,2013,3,Mar,1,Autumn,2013-03,79,16.1,24.8,0.0,5.4,9.9,NE,37.0,WNW,E,13,20,71,53,1025.4,1022.3,3.0,3.0,19.3,24.5,No,No,0,0,0,0,0,0,20.45,8.7,5.2,18,-3.1,16.5,Dry (<=1 mm),Warm (20-30),Moderate (30-50),-0.44,-1.29,-0.53,-0.41,1.37,,0
2013-03-21,2013,3,Mar,1,Autumn,2013-03,80,18.5,26.3,0.0,6.6,8.0,NNE,54.0,NNE,NE,7,26,60,50,1019.4,1014.3,2.0,7.0,21.1,25.0,No,No,0,0,0,0,0,0,22.4,7.8,3.9,10,-5.1,16.5,Dry (<=1 mm),Warm (20-30),Strong (50-70),0.17,-0.17,-0.76,1.03,0.24,,0
2013-03-22,2013,3,Mar,1,Autumn,2013-03,81,21.1,31.8,0.0,6.8,4.4,NW,59.0,NNW,NNW,20,20,56,41,1013.5,1011.0,6.0,7.0,26.1,31.5,No,No,0,0,0,0,0,0,26.45,10.7,5.4,15,-2.5,20.0,Dry (<=1 mm),Hot (30-35),Strong (50-70),2.42,1.05,-1.45,1.46,-0.87,,0
2013-03-23,2013,3,Mar,1,Autumn,2013-03,82,21.6,27.0,1.0,8.4,8.5,ESE,30.0,ESE,E,4,24,73,73,1016.5,1013.7,4.0,5.0,24.2,24.0,No,No,0,0,0,0,0,0,24.3,5.4,-0.2,0,-2.8,14.0,Dry (<=1 mm),Warm (20-30),Moderate (30-50),0.46,1.28,1.02,-1.0,-0.3,,0
2013-03-24,2013,3,Mar,1,Autumn,2013-03,83,20.6,28.4,0.8,4.8,10.5,E,28.0,WNW,E,9,17,71,65,1015.9,1011.5,1.0,1.0,22.6,26.4,No,No,0,0,0,0,0,0,24.5,7.8,3.8,6,-4.4,13.0,Dry (<=1 mm),Warm (20-30),Light (<30),1.03,0.81,0.4,-1.17,-0.42,,0
2013-03-25,2013,3,Mar,1,Autumn,2013-03,84,17.9,30.0,0.0,7.0,11.0,S,30.0,WNW,S,19,13,57,49,1018.3,1017.5,1.0,2.0,21.8,29.5,No,No,0,0,0,0,0,0,23.95,12.1,7.7,8,-0.8,16.0,Dry (<=1 mm),Hot (30-35),Moderate (30-50),1.68,-0.45,-0.83,-1.0,0.03,,0
2013-03-26,2013,3,Mar,1,Autumn,2013-03,85,20.6,26.9,0.0,4.4,4.3,ENE,39.0,WNW,ENE,9,24,83,73,1019.4,1016.3,7.0,7.0,21.7,25.5,No,No,0,0,0,0,0,0,23.75,6.3,3.8,10,-3.1,16.5,Dry (<=1 mm),Warm (20-30),Moderate (30-50),0.42,0.81,1.02,-0.24,0.24,,0
2013-03-27,2013,3,Mar,1,Autumn,2013-03,86,20.8,27.7,0.0,5.4,10.8,NNE,48.0,W,ENE,0,22,75,64,1019.0,1015.7,1.0,1.0,23.4,26.7,No,No,0,0,0,0,0,0,24.25,6.9,3.3,11,-3.3,11.0,Dry (<=1 mm),Warm (20-30),Moderate (30-50),0.74,0.91,0.32,0.53,0.17,,0
2013-03-28,2013,3,Mar,1,Autumn,2013-03,87,21.5,33.5,0.0,7.0,7.3,W,37.0,E,E,2,11,71,34,1016.8,1012.1,1.0,7.0,23.4,30.9,No,Yes,0,1,0,0,0,0,27.5,12.0,7.5,37,-4.7,6.5,Dry (<=1 mm),Hot (30-35),Moderate (30-50),3.11,1.23,-1.99,-0.41,-0.25,Heat,1
2013-03-29,2013,3,Mar,1,Autumn,2013-03,88,16.7,22.3,3.0,8.0,8.3,SSE,44.0,SW,SSE,22,20,48,48,1018.5,1017.7,1.0,7.0,19.2,20.9,Yes,No,1,0,0,0,0,1,19.5,5.6,1.7,0,-0.8,21.0,Light (1-10),Warm (20-30),Moderate (30-50),-1.46,-1.01,-0.91,0.19,0.07,,0
2013-03-30,2013,3,Mar,1,Autumn,2013-03,89,14.8,23.6,0.0,5.2,10.6,NE,35.0,W,ENE,13,24,62,53,1017.6,1012.8,1.0,6.0,18.7,22.6,No,No,0,0,0,0,0,0,19.2,8.8,3.9,9,-4.8,18.5,Dry (<=1 mm),Warm (20-30),Moderate (30-50),-0.93,-1.89,-0.53,-0.58,-0.1,,0
2013-03-31,2013,3,Mar,1,Autumn,2013-03,90,17.9,25.4,0.0,5.0,7.3,SSE,44.0,WSW,S,13,28,78,38,1011.4,1010.8,7.0,6.0,18.3,24.4,No,Yes,0,1,0,0,0,0,21.65,7.5,6.1,40,-0.6,20.5,Dry (<=1 mm),Warm (20-30),Moderate (30-50),-0.2,-0.45,-1.68,0.19,-1.26,,0
2013-04-01,2013,4,Apr,2,Autumn,2013-04,91,17.4,24.3,2.8,6.6,5.8,W,26.0,WSW,E,13,17,83,56,1017.9,1015.5,6.0,3.0,18.6,23.5,Yes,No,1,0,0,0,0,1,20.85,6.9,4.9,27,-2.4,15.0,Light (1-10),Warm (20-30),Light (<30),0.29,0.89,-0.1,-0.87,-0.47,,0
2013-04-02,2013,4,Apr,2,Autumn,2013-04,92,16.3,26.2,0.0,3.8,10.9,SW,39.0,W,ESE,19,19,67,41,1016.0,1013.8,0.0,2.0,19.0,25.4,No,Yes,0,1,0,0,0,0,21.25,9.9,6.4,26,-2.2,19.0,Dry (<=1 mm),Warm (20-30),Moderate (30-50),0.97,0.41,-1.08,0.12,-0.81,,0
2013-04-03,2013,4,Apr,2,Autumn,2013-04,93,17.0,18.6,27.4,6.6,0.0,S,48.0,S,S,22,20,88,79,1020.9,1021.7,7.0,8.0,17.0,18.0,Yes,Yes,1,1,0,0,0,1,17.8,1.6,1.0,9,0.8,21.0,Heavy (25-50),Mild (<20),Moderate (30-50),-1.75,0.72,1.39,0.8,0.06,,0
2013-04-04,2013,4,Apr,2,Autumn,2013-04,94,15.7,20.9,61.4,5.0,0.4,SSW,31.0,SE,SE,17,9,93,89,1028.2,1027.8,8.0,8.0,16.6,17.7,Yes,Yes,1,1,0,0,0,1,18.3,5.2,1.1,4,-0.4,13.0,Very heavy (>50),Warm (20-30),Moderate (30-50),-0.93,0.15,2.04,-0.49,1.36,Extreme rain,1
2013-04-05,2013,4,Apr,2,Autumn,2013-04,95,15.6,23.6,18.4,0.8,4.3,W,24.0,WNW,ENE,9,7,83,55,1030.4,1028.4,7.0,6.0,17.5,22.9,Yes,Yes,1,1,0,0,0,1,19.6,8.0,5.4,28,-2.0,8.0,Moderate (10-25),Warm (20-30),Light (<30),0.04,0.11,-0.17,-1.02,1.75,,0
2013-04-06,2013,4,Apr,2,Autumn,2013-04,96,15.6,20.6,2.4,3.6,1.6,NE,31.0,W,SE,11,6,93,75,1028.0,1025.2,5.0,7.0,17.0,18.8,Yes,Yes,1,1,0,0,0,1,18.1,5.0,1.8,18,-2.8,8.5,Light (1-10),Warm (20-30),Moderate (30-50),-1.04,0.11,1.13,-0.49,1.32,,0
2013-04-07,2013,4,Apr,2,Autumn,2013-04,97,14.2,22.7,3.8,2.4,7.0,W,22.0,W,E,9,15,73,62,1024.5,1021.6,3.0,3.0,19.0,22.2,Yes,Yes,1,1,0,0,0,1,18.45,8.5,3.2,11,-2.9,12.0,Light (1-10),Warm (20-30),Light (<30),-0.28,-0.51,0.29,-1.17,0.7,,0
2013-04-08,2013,4,Apr,2,Autumn,2013-04,98,14.6,24.2,2.0,3.4,8.3,ESE,26.0,W,ESE,15,17,72,61,1025.3,1023.9,1.0,6.0,18.4,22.5,Yes,Yes,1,1,0,0,0,1,19.4,9.6,4.1,11,-1.4,16.0,Light (1-10),Warm (20-30),Light (<30),0.25,-0.33,0.22,-0.87,0.84,,0
2013-04-09,2013,4,Apr,2,Autumn,2013-04,99,15.6,22.0,5.2,2.4,3.6,WNW,24.0,WNW,ESE,15,6,90,73,1026.7,1024.3,6.0,3.0,16.7,20.7,Yes,Yes,1,1,0,0,0,1,18.8,6.4,4.0,17,-2.4,10.5,Light (1-10),Warm (20-30),Light (<30),-0.54,0.11,1.0,-1.02,1.09,,0
2013-04-10,2013,4,Apr,2,Autumn,2013-04,100,14.4,24.1,2.0,2.2,10.4,ENE,30.0,WNW,ENE,13,20,72,57,1024.8,1021.3,1.0,2.0,18.9,23.0,Yes,No,1,0,0,0,0,1,19.25,9.7,4.1,15,-3.5,16.5,Light (1-10),Warm (20-30),Moderate (30-50),0.22,-0.42,-0.04,-0.57,0.76,,0
2013-04-11,2013,4,Apr,2,Autumn,2013-04,101,15.2,25.3,0.0,4.6,10.8,NE,26.0,WNW,ENE,13,17,71,43,1023.5,1021.6,1.0,1.0,19.0,24.7,No,No,0,0,0,0,0,0,20.25,10.1,5.7,28,-1.9,15.0,Dry (<=1 mm),Warm (20-30),Light (<30),0.65,-0.07,-0.95,-0.87,0.52,,0
2013-04-12,2013,4,Apr,2,Autumn,2013-04,102,15.6,26.0,0.0,4.4,10.3,ENE,31.0,WNW,ENE,13,19,73,47,1025.9,1022.8,1.0,1.0,19.7,24.2,No,No,0,0,0,0,0,0,20.8,10.4,4.5,26,-3.1,16.0,Dry (<=1 mm),Warm (20-30),Moderate (30-50),0.9,0.11,-0.69,-0.49,0.95,,0
2013-04-13,2013,4,Apr,2,Autumn,2013-04,103,15.7,25.4,0.0,4.8,10.7,NE,35.0,W,NE,17,22,71,55,1021.5,1016.4,1.0,1.0,19.6,23.7,No,No,0,0,0,0,0,0,20.55,9.7,4.1,16,-5.1,19.5,Dry (<=1 mm),Warm (20-30),Moderate (30-50),0.68,0.15,-0.17,-0.19,0.17,,0
2013-04-14,2013,4,Apr,2,Autumn,2013-04,104,16.1,27.7,0.0,5.4,10.6,W,24.0,W,ENE,17,13,72,54,1013.9,1010.9,2.0,2.0,19.0,25.2,No,No,0,0,0,0,0,0,21.9,11.6,6.2,18,-3.0,15.0,Dry (<=1 mm),Warm (20-30),Light (<30),1.51,0.32,-0.23,-1.02,-1.18,,0
2013-04-15,2013,4,Apr,2,Autumn,2013-04,105,17.4,27.9,0.0,5.8,5.7,S,37.0,W,E,9,11,75,49,1010.1,1007.4,7.0,4.0,19.0,26.2,No,Yes,0,1,0,0,0,0,22.65,10.5,7.2,26,-2.7,10.0,Dry (<=1 mm),Warm (20-30),Moderate (30-50),1.58,0.89,-0.56,-0.03,-1.86,,0
2013-04-16,2013,4,Apr,2,Autumn,2013-04,106,16.9,22.0,7.0,3.2,4.4,SSW,41.0,W,S,17,20,88,69,1015.0,1013.5,8.0,6.0,17.2,21.4,Yes,No,1,0,0,0,0,1,19.45,5.1,4.2,19,-1.5,18.5,Light (1-10),Warm (20-30),Moderate (30-50),-0.54,0.67,0.74,0.27,-0.99,,0
2013-04-17,2013,4,Apr,2,Autumn,2013-04,107,14.2,23.6,0.0,4.0,7.7,SSE,30.0,WNW,SSE,13,17,75,65,1016.7,1014.0,1.0,7.0,17.7,21.9,No,No,0,0,0,0,0,0,18.9,9.4,4.2,10,-2.7,15.0,Dry (<=1 mm),Warm (20-30),Moderate (30-50),0.04,-0.51,0.48,-0.57,-0.68,,0
2013-04-18,2013,4,Apr,2,Autumn,2013-04,108,15.4,24.5,0.2,2.6,9.1,S,41.0,WNW,SSE,15,26,76,69,1014.7,1012.5,1.0,6.0,18.5,21.4,No,No,0,0,0,0,0,0,19.95,9.1,2.9,7,-2.2,20.5,Dry (<=1 mm),Warm (20-30),Moderate (30-50),0.36,0.02,0.74,0.27,-1.04,,0
2013-04-19,2013,4,Apr,2,Autumn,2013-04,109,13.3,20.2,0.4,4.6,10.5,SW,65.0,WSW,SSW,20,35,50,39,1014.7,1012.8,2.0,4.0,15.3,20.0,No,Yes,0,1,0,0,0,0,16.75,6.9,4.7,11,-1.9,27.5,Dry (<=1 mm),Warm (20-30),Strong (50-70),-1.18,-0.9,-1.21,2.1,-1.04,,0
2013-04-20,2013,4,Apr,2,Autumn,2013-04,110,12.2,19.0,33.6,4.8,1.2,SE,65.0,S,SSE,17,30,92,68,1013.7,1014.1,8.0,7.0,14.6,17.5,Yes,Yes,1,1,0,0,0,1,15.6,6.8,2.9,24,0.4,23.5,Heavy (25-50),Mild (<20),Strong (50-70),-1.61,-1.38,0.68,2.1,-1.22,,0
2013-04-21,2013,4,Apr,2,Autumn,2013-04,111,10.9,22.2,32.8,2.8,9.7,W,33.0,W,ESE,15,15,71,56,1016.1,1012.4,1.0,1.0,14.4,20.0,Yes,No,1,0,0,0,0,1,16.55,11.3,5.6,15,-3.7,15.0,Heavy (25-50),Warm (20-30),Moderate (30-50),-0.46,-1.95,-0.1,-0.34,-0.79,,0
2013-04-22,2013,4,Apr,2,Autumn,2013-04,112,13.9,24.7,0.2,2.6,8.1,WSW,41.0,WNW,W,13,11,85,39,1011.0,1006.9,6.0,2.0,14.6,24.2,No,No,0,0,0,0,0,0,19.3,10.8,9.6,46,-4.1,12.0,Dry (<=1 mm),Warm (20-30),Moderate (30-50),0.43,-0.64,-1.21,0.27,-1.7,,0
2013-04-23,2013,4,Apr,2,Autumn,2013-04,113,12.7,25.3,0.2,3.6,10.4,WSW,43.0,W,ESE,15,15,57,43,1012.7,1011.7,1.0,2.0,16.9,23.4,No,No,0,0,0,0,0,0,19.0,12.6,6.5,14,-1.0,15.0,Dry (<=1 mm),Warm (20-30),Moderate (30-50),0.65,-1.16,-0.95,0.42,-1.4,,0
2013-04-24,2013,4,Apr,2,Autumn,2013-04,114,12.3,23.8,0.0,3.6,10.8,W,35.0,W,ESE,20,13,62,27,1018.9,1015.9,1.0,1.0,15.5,23.4,No,No,0,0,0,0,0,0,18.05,11.5,7.9,35,-3.0,16.5,Dry (<=1 mm),Warm (20-30),Moderate (30-50),0.11,-1.33,-1.99,-0.19,-0.29,,0
2013-04-25,2013,4,Apr,2,Autumn,2013-04,115,12.5,23.2,0.0,4.8,10.1,W,33.0,W,ESE,20,17,52,45,1021.8,1019.5,2.0,1.0,15.1,20.3,No,No,0,0,0,0,0,0,17.85,10.7,5.2,7,-2.3,18.5,Dry (<=1 mm),Warm (20-30),Moderate (30-50),-0.1,-1.25,-0.82,-0.34,0.22,,0
2013-04-26,2013,4,Apr,2,Autumn,2013-04,116,14.0,27.2,0.0,3.4,10.7,W,41.0,W,SW,17,13,56,30,1022.6,1019.1,1.0,0.0,17.3,25.9,No,No,0,0,0,0,0,0,20.6,13.2,8.6,26,-3.5,15.0,Dry (<=1 mm),Warm (20-30),Moderate (30-50),1.33,-0.59,-1.79,0.27,0.36,,0
2013-04-27,2013,4,Apr,2,Autumn,2013-04,117,14.0,26.3,0.0,4.4,9.5,ENE,26.0,W,ENE,17,19,65,51,1022.0,1017.7,1.0,1.0,17.2,22.6,No,No,0,0,0,0,0,0,20.15,12.3,5.4,14,-4.3,18.0,Dry (<=1 mm),Warm (20-30),Light (<30),1.01,-0.59,-0.43,-0.87,0.26,,0
2013-04-28,2013,4,Apr,2,Autumn,2013-04,118,14.4,28.7,0.0,4.6,10.1,WNW,28.0,W,WNW,7,15,59,29,1019.0,1016.0,1.0,1.0,18.6,28.1,No,No,0,0,0,0,0,0,21.55,14.3,9.5,30,-3.0,11.0,Dry (<=1 mm),Warm (20-30),Light (<30),1.87,-0.42,-1.86,-0.72,-0.28,,0
2013-04-29,2013,4,Apr,2,Autumn,2013-04,119,15.9,26.5,0.0,6.2,9.3,WNW,26.0,WNW,ESE,13,13,59,73,1022.4,1020.9,1.0,3.0,18.5,22.6,No,No,0,0,0,0,0,0,21.2,10.6,4.1,-14,-1.5,13.0,Dry (<=1 mm),Warm (20-30),Light (<30),1.08,0.24,1.0,-0.87,0.33,,0
2013-04-30,2013,4,Apr,2,Autumn,2013-04,120,18.4,22.7,0.0,2.8,4.0,SSW,35.0,SSW,SSE,15,19,80,71,1025.6,1022.4,7.0,7.0,19.7,20.5,No,No,0,0,0,0,0,0,20.55,4.3,0.8,9,-3.2,17.0,Dry (<=1 mm),Warm (20-30),Moderate (30-50),-0.28,1.33,0.87,-0.19,0.9,,0
2013-05-01,2013,5,May,2,Autumn,2013-05,121,16.9,25.0,0.0,1.2,7.4,S,37.0,WNW,SE,15,17,86,61,1018.7,1014.3,7.0,5.0,18.1,24.2,No,No,0,0,0,0,0,0,20.95,8.1,6.1,25,-4.4,16.0,Dry (<=1 mm),Warm (20-30),Moderate (30-50),1.5,2.29,0.57,-0.01,-0.36,,0
2013-05-02,2013,5,May,2,Autumn,2013-05,122,14.4,20.3,0.0,5.6,7.4,S,46.0,W,S,13,20,53,51,1025.3,1025.2,1.0,4.0,15.1,18.7,No,No,0,0,0,0,0,0,17.35,5.9,3.6,2,-0.1,16.5,Dry (<=1 mm),Warm (20-30),Moderate (30-50),-0.33,1.09,-0.07,0.74,0.63,,0
2013-05-03,2013,5,May,2,Autumn,2013-05,123,11.1,22.9,0.0,3.0,10.2,N,31.0,WNW,ENE,19,19,72,51,1026.7,1020.5,1.0,7.0,14.0,20.9,No,No,0,0,0,0,0,0,17.0,11.8,6.9,21,-6.2,19.0,Dry (<=1 mm),Warm (20-30),Moderate (30-50),0.68,-0.48,-0.07,-0.51,0.84,,0
2013-05-04,2013,5,May,2,Autumn,2013-05,124,14.0,26.4,0.0,4.4,6.2,SSE,56.0,W,SSE,19,37,50,56,1017.9,1018.5,7.0,3.0,17.4,20.2,No,No,0,0,0,0,0,0,20.2,12.4,2.8,-6,0.6,28.0,Dry (<=1 mm),Warm (20-30),Strong (50-70),2.04,0.9,0.25,1.57,-0.48,,0
2013-05-05,2013,5,May,2,Autumn,2013-05,125,12.7,20.1,0.0,6.4,9.1,SSE,37.0,W,S,15,7,56,38,1025.1,1022.1,6.0,1.0,14.5,19.7,No,No,0,0,0,0,0,0,16.4,7.4,5.2,18,-3.0,11.0,Dry (<=1 mm),Warm (20-30),Moderate (30-50),-0.41,0.28,-0.9,-0.01,0.6,,0
2013-05-06,2013,5,May,2,Autumn,2013-05,126,10.8,20.1,0.0,3.4,8.2,SSW,35.0,W,S,13,17,68,60,1026.6,1024.5,3.0,7.0,14.3,19.2,No,No,0,0,0,0,0,0,15.45,9.3,4.9,8,-2.1,15.0,Dry (<=1 mm),Warm (20-30),Moderate (30-50),-0.41,-0.63,0.51,-0.18,0.83,,0
2013-05-07,2013,5,May,2,Autumn,2013-05,127,11.7,21.5,0.0,3.0,8.8,ESE,31.0,W,SSE,13,19,76,55,1028.7,1027.1,2.0,6.0,15.2,19.9,No,No,0,0,0,0,0,0,16.6,9.8,4.7,21,-1.6,16.0,Dry (<=1 mm),Warm (20-30),Moderate (30-50),0.13,-0.2,0.19,-0.51,1.14,,0
2013-05-08,2013,5,May,2,Autumn,2013-05,128,12.4,21.6,0.0,3.4,5.3,WNW,22.0,W,E,13,9,80,51,1031.1,1028.1,7.0,4.0,15.2,21.2,No,No,0,0,0,0,0,0,17.0,9.2,6.0,29,-3.0,11.0,Dry (<=1 mm),Warm (20-30),Light (<30),0.17,0.14,-0.07,-1.26,1.51,,0
2013-05-09,2013,5,May,2,Autumn,2013-05,129,12.1,23.2,0.0,1.8,10.2,W,24.0,W,ENE,17,13,79,54,1030.7,1027.4,1.0,1.0,14.7,22.0,No,No,0,0,0,0,0,0,17.65,11.1,7.3,25,-3.3,15.0,Dry (<=1 mm),Warm (20-30),Light (<30),0.8,-0.01,0.12,-1.09,1.45,,0
2013-05-10,2013,5,May,2,Autumn,2013-05,130,12.5,23.5,0.0,3.6,10.0,W,26.0,W,SE,20,13,77,53,1030.8,1028.4,1.0,1.0,14.3,22.9,No,No,0,0,0,0,0,0,18.0,11.0,8.6,24,-2.4,16.5,Dry (<=1 mm),Warm (20-30),Light (<30),0.91,0.19,0.06,-0.92,1.46,,0
2013-05-11,2013,5,May,2,Autumn,2013-05,131,13.0,22.1,0.0,2.0,4.3,ENE,31.0,W,ENE,22,22,77,69,1030.2,1027.5,5.0,6.0,15.2,20.8,No,No,0,0,0,0,0,0,17.55,9.1,5.6,8,-2.7,22.0,Dry (<=1 mm),Warm (20-30),Moderate (30-50),0.37,0.43,1.08,-0.51,1.37,,0
2013-05-12,2013,5,May,2,Autumn,2013-05,132,14.0,22.1,0.0,3.6,7.0,ENE,28.0,W,ENE,13,13,93,59,1027.2,1022.7,8.0,2.0,14.3,21.4,No,No,0,0,0,0,0,0,18.05,8.1,7.1,34,-4.5,13.0,Dry (<=1 mm),Warm (20-30),Light (<30),0.37,0.9,0.44,-0.76,0.92,,0
2013-05-13,2013,5,May,2,Autumn,2013-05,133,13.7,22.8,0.0,2.0,1.8,NNW,28.0,W,NNE,9,11,88,53,1018.9,1014.2,7.0,8.0,14.4,21.9,No,No,0,0,0,0,0,0,18.25,9.1,7.5,35,-4.7,10.0,Dry (<=1 mm),Warm (20-30),Light (<30),0.64,0.76,0.06,-0.76,-0.33,,0
2013-05-14,2013,5,May,2,Autumn,2013-05,134,14.2,21.3,0.0,2.4,6.9,W,41.0,W,SE,20,13,60,31,1013.8,1011.1,7.0,6.0,14.2,20.0,No,No,0,0,0,0,0,0,17.75,7.1,5.8,29,-2.7,16.5,Dry (<=1 mm),Warm (20-30),Moderate (30-50),0.06,1.0,-1.35,0.32,-1.1,,0
2013-05-15,2013,5,May,2,Autumn,2013-05,135,9.2,20.6,0.2,2.8,9.8,W,46.0,W,WNW,15,28,59,34,1013.2,1009.6,1.0,3.0,13.6,20.1,No,No,0,0,0,0,0,0,14.9,11.4,6.5,25,-3.6,21.5,Dry (<=1 mm),Warm (20-30),Moderate (30-50),-0.22,-1.39,-1.16,0.74,-1.19,,0
2013-05-16,2013,5,May,2,Autumn,2013-05,136,13.6,20.6,0.0,5.4,8.3,W,50.0,NNW,W,22,31,55,36,1010.3,1007.3,2.0,3.0,16.9,19.4,No,No,0,0,0,0,0,0,17.1,7.0,2.5,19,-3.0,26.5,Dry (<=1 mm),Warm (20-30),Strong (50-70),-0.22,0.71,-1.03,1.07,-1.63,,0
2013-05-17,2013,5,May,2,Autumn,2013-05,137,12.2,19.6,0.0,4.6,10.1,WSW,57.0,WSW,WSW,24,28,50,33,1011.9,1010.4,1.0,1.0,14.7,18.6,No,No,0,0,0,0,0,0,15.9,7.4,3.9,17,-1.5,26.0,Dry (<=1 mm),Mild (<20),Strong (50-70),-0.61,0.04,-1.22,1.65,-1.39,,0
2013-05-18,2013,5,May,2,Autumn,2013-05,138,11.1,20.6,0.0,3.8,10.1,WSW,41.0,W,W,17,22,53,31,1014.7,1011.8,1.0,1.0,13.2,19.1,No,No,0,0,0,0,0,0,15.85,9.5,5.9,22,-2.9,19.5,Dry (<=1 mm),Warm (20-30),Moderate (30-50),-0.22,-0.48,-1.35,0.32,-0.97,,0
2013-05-19,2013,5,May,2,Autumn,2013-05,139,9.8,20.2,0.0,3.6,9.1,W,39.0,W,W,20,20,54,30,1016.8,1014.1,2.0,1.0,12.1,19.0,No,No,0,0,0,0,0,0,15.0,10.4,6.9,24,-2.7,20.0,Dry (<=1 mm),Warm (20-30),Moderate (30-50),-0.37,-1.11,-1.41,0.16,-0.65,,0
2013-05-20,2013,5,May,2,Autumn,2013-05,140,10.1,20.7,0.0,4.0,8.5,W,44.0,W,WSW,19,22,61,37,1018.7,1014.7,4.0,3.0,11.3,19.6,No,No,0,0,0,0,0,0,15.4,10.6,8.3,24,-4.0,20.5,Dry (<=1 mm),Warm (20-30),Moderate (30-50),-0.18,-0.96,-0.96,0.57,-0.36,,0
2013-05-21,2013,5,May,2,Autumn,2013-05,141,10.1,22.5,0.0,4.0,9.1,W,54.0,W,SW,22,20,55,32,1015.3,1012.3,3.0,7.0,15.4,21.8,No,No,0,0,0,0,0,0,16.3,12.4,6.4,23,-3.0,21.0,Dry (<=1 mm),Warm (20-30),Strong (50-70),0.52,-0.96,-1.28,1.41,-0.88,,0
2013-05-22,2013,5,May,2,Autumn,2013-05,142,9.4,16.0,0.0,2.2,1.3,WNW,31.0,WNW,SSW,17,20,71,79,1015.0,1010.1,6.0,8.0,11.2,14.5,No,Yes,0,1,0,0,0,0,12.7,6.6,3.3,-8,-4.9,18.5,Dry (<=1 mm),Mild (<20),Moderate (30-50),-2.01,-1.3,1.72,-0.51,-0.92,,0
2013-05-23,2013,5,May,2,Autumn,2013-05,143,10.6,17.4,27.2,5.2,0.7,SSE,48.0,WSW,SE,11,22,93,71,1013.7,1012.7,7.0,6.0,13.4,16.4,Yes,Yes,1,1,0,0,0,1,14.0,6.8,3.0,22,-1.0,16.5,Heavy (25-50),Mild (<20),Moderate (30-50),-1.46,-0.72,1.21,0.91,-1.12,,0
2013-05-24,2013,5,May,2,Autumn,2013-05,144,12.7,20.6,30.6,2.4,5.8,SE,48.0,W,SSE,28,24,89,47,1019.1,1017.9,7.0,7.0,13.0,20.1,Yes,Yes,1,1,0,0,0,1,16.65,7.9,7.1,42,-1.2,26.0,Heavy (25-50),Warm (20-30),Moderate (30-50),-0.22,0.28,-0.32,0.91,-0.3,,0
2013-05-25,2013,5,May,2,Autumn,2013-05,145,10.6,21.3,20.0,3.8,9.4,W,41.0,W,SSE,22,15,83,50,1023.7,1022.1,1.0,1.0,12.2,20.8,Yes,No,1,0,0,0,0,1,15.95,10.7,8.6,33,-1.6,18.5,Moderate (10-25),Warm (20-30),Moderate (30-50),0.06,-0.72,-0.13,0.32,0.39,,0
2013-05-26,2013,5,May,2,Autumn,2013-05,146,9.5,21.3,0.0,1.8,10.1,W,30.0,W,NE,20,4,70,45,1025.7,1023.0,1.0,1.0,11.3,20.2,No,Yes,0,1,0,0,0,0,15.4,11.8,8.9,25,-2.7,12.0,Dry (<=1 mm),Warm (20-30),Moderate (30-50),0.06,-1.25,-0.45,-0.59,0.69,,0
2013-05-27,2013,5,May,2,Autumn,2013-05,147,10.6,20.2,3.4,3.2,7.1,SSW,41.0,W,SSE,22,24,84,58,1029.4,1028.2,5.0,5.0,11.6,19.4,Yes,Yes,1,1,0,0,0,1,15.4,9.6,7.8,26,-1.2,23.0,Light (1-10),Warm (20-30),Moderate (30-50),-0.37,-0.72,0.38,0.32,1.25,,0
2013-05-28,2013,5,May,2,Autumn,2013-05,148,11.6,19.3,28.6,1.2,3.2,ENE,30.0,WNW,E,11,15,94,75,1032.8,1030.2,8.0,8.0,12.9,17.8,Yes,No,1,0,0,0,0,1,15.45,7.7,4.9,19,-2.6,13.0,Heavy (25-50),Mild (<20),Moderate (30-50),-0.72,-0.24,1.47,-0.59,1.76,,0
2013-05-29,2013,5,May,2,Autumn,2013-05,149,11.3,21.1,0.2,2.0,4.9,W,20.0,W,ENE,15,15,94,60,1031.4,1027.8,8.0,3.0,12.3,20.6,No,No,0,0,0,0,0,0,16.2,9.8,8.3,34,-3.6,15.0,Dry (<=1 mm),Warm (20-30),Light (<30),-0.02,-0.39,0.51,-1.42,1.55,,0
2013-05-30,2013,5,May,2,Autumn,2013-05,150,11.7,21.4,0.0,2.6,5.7,E,24.0,WNW,ENE,15,7,90,67,1029.3,1025.9,4.0,5.0,12.8,20.0,No,No,0,0,0,0,0,0,16.55,9.7,7.2,23,-3.4,11.0,Dry (<=1 mm),Warm (20-30),Light (<30),0.1,-0.2,0.96,-1.09,1.24,,0
2013-05-31,2013,5,May,2,Autumn,2013-05,151,11.8,24.9,0.0,1.6,9.1,W,41.0,W,NNE,9,13,84,40,1028.0,1023.8,1.0,5.0,13.9,24.1,No,No,0,0,0,0,0,0,18.35,13.1,10.2,44,-4.2,11.0,Dry (<=1 mm),Warm (20-30),Moderate (30-50),1.46,-0.15,-0.77,0.32,1.04,,0
2013-06-01,2013,6,Jun,2,Winter,2013-06,152,13.9,21.2,0.0,4.0,3.0,NW,52.0,N,N,11,17,62,61,1019.4,1014.1,6.0,7.0,18.7,19.9,No,Yes,0,1,0,0,0,0,17.55,7.3,1.2,1,-5.3,14.0,Dry (<=1 mm),Warm (20-30),Strong (50-70),1.39,1.49,0.19,0.81,-0.28,,0
2013-06-02,2013,6,Jun,2,Winter,2013-06,153,14.4,15.8,14.8,3.0,1.8,S,81.0,W,SW,20,24,92,68,1006.1,1009.8,8.0,7.0,14.7,14.0,Yes,Yes,1,1,0,0,1,1,15.1,1.4,-0.7,24,3.7,22.0,Moderate (10-25),Mild (<20),Gale-force (>=70),-1.27,1.71,0.59,2.77,-1.99,,0
2013-06-03,2013,6,Jun,2,Winter,2013-06,154,9.9,19.5,34.4,4.6,9.7,W,41.0,W,SSE,24,13,57,44,1020.5,1018.9,1.0,1.0,11.7,19.1,Yes,No,1,0,0,0,0,1,14.7,9.6,7.4,13,-1.6,18.5,Heavy (25-50),Mild (<20),Moderate (30-50),0.55,-0.28,-0.75,0.07,-0.13,,0
2013-06-04,2013,6,Jun,2,Winter,2013-06,155,10.3,21.1,0.0,3.6,9.3,W,41.0,W,S,24,9,66,53,1026.3,1023.8,3.0,1.0,12.2,20.7,No,No,0,0,0,0,0,0,15.7,10.8,8.5,13,-2.5,16.5,Dry (<=1 mm),Warm (20-30),Moderate (30-50),1.34,-0.11,-0.25,0.07,0.61,,0
2013-06-05,2013,6,Jun,2,Winter,2013-06,156,10.5,19.3,0.0,3.4,2.3,W,26.0,WNW,ENE,7,13,87,70,1025.8,1021.6,8.0,7.0,11.7,18.3,No,No,0,0,0,0,0,0,14.9,8.8,6.6,17,-4.2,10.0,Dry (<=1 mm),Mild (<20),Light (<30),0.45,-0.02,0.7,-0.94,0.55,,0
2013-06-06,2013,6,Jun,2,Winter,2013-06,157,11.7,20.1,0.0,1.6,2.3,NNW,26.0,W,NNE,15,6,61,59,1022.8,1020.0,7.0,8.0,14.9,19.2,No,No,0,0,0,0,0,0,15.9,8.4,4.3,2,-2.8,10.5,Dry (<=1 mm),Warm (20-30),Light (<30),0.85,0.51,0.08,-0.94,0.16,,0
2013-06-07,2013,6,Jun,2,Winter,2013-06,158,14.9,22.2,0.0,2.0,1.8,SSE,41.0,NNW,SSW,20,15,70,55,1019.8,1018.5,8.0,6.0,18.5,21.6,No,No,0,0,0,0,0,0,18.55,7.3,3.1,15,-1.3,17.5,Dry (<=1 mm),Warm (20-30),Moderate (30-50),1.88,1.93,-0.14,0.07,-0.22,,0
2013-06-08,2013,6,Jun,2,Winter,2013-06,159,13.5,19.2,0.0,3.0,1.5,SSE,43.0,W,SE,19,11,73,53,1030.7,1028.6,7.0,7.0,14.2,17.5,No,No,0,0,0,0,0,0,16.35,5.7,3.3,20,-2.1,15.0,Dry (<=1 mm),Mild (<20),Moderate (30-50),0.41,1.31,-0.25,0.2,1.18,,0
2013-06-09,2013,6,Jun,2,Winter,2013-06,160,11.0,18.9,0.0,7.0,6.9,ENE,26.0,W,ENE,13,15,80,63,1028.6,1024.3,4.0,7.0,12.6,18.4,No,No,0,0,0,0,0,0,14.95,7.9,5.8,17,-4.3,14.0,Dry (<=1 mm),Mild (<20),Light (<30),0.26,0.2,0.31,-0.94,0.91,,0
2013-06-10,2013,6,Jun,2,Winter,2013-06,161,10.5,21.5,0.0,1.4,3.9,NNW,28.0,W,WNW,13,17,90,67,1021.6,1018.7,2.0,8.0,11.1,18.5,No,No,0,0,0,0,0,0,16.0,11.0,7.4,23,-2.9,15.0,Dry (<=1 mm),Warm (20-30),Light (<30),1.54,-0.02,0.53,-0.81,0.01,,0
2013-06-11,2013,6,Jun,2,Winter,2013-06,162,10.5,19.6,0.8,0.2,8.5,W,30.0,W,WNW,17,9,94,54,1021.0,1017.6,3.0,6.0,11.3,18.4,No,No,0,0,0,0,0,0,15.05,9.1,7.1,40,-3.4,13.0,Dry (<=1 mm),Mild (<20),Moderate (30-50),0.6,-0.02,-0.2,-0.67,-0.07,,0
2013-06-12,2013,6,Jun,2,Winter,2013-06,163,10.4,16.0,0.0,2.0,1.0,W,41.0,WNW,W,13,19,85,90,1015.1,1009.7,7.0,6.0,11.6,15.8,No,Yes,0,1,0,0,0,0,13.2,5.6,4.2,-5,-5.4,16.0,Dry (<=1 mm),Mild (<20),Moderate (30-50),-1.17,-0.06,1.81,0.07,-0.83,,0
2013-06-13,2013,6,Jun,2,Winter,2013-06,164,10.6,20.9,8.4,0.6,8.6,NW,48.0,WNW,WNW,15,20,89,45,1007.0,1004.3,3.0,3.0,13.4,20.1,Yes,No,1,0,0,0,0,1,15.75,10.3,6.7,44,-2.7,17.5,Light (1-10),Warm (20-30),Moderate (30-50),1.24,0.03,-0.7,0.54,-1.88,,0
2013-06-14,2013,6,Jun,2,Winter,2013-06,165,11.7,20.1,0.0,3.6,7.0,W,46.0,NNW,WSW,17,22,64,46,1005.2,1002.9,2.0,6.0,14.0,18.5,No,No,0,0,0,0,0,0,15.9,8.4,4.5,18,-2.3,19.5,Dry (<=1 mm),Warm (20-30),Moderate (30-50),0.85,0.51,-0.64,0.41,-2.11,,0
2013-06-15,2013,6,Jun,2,Winter,2013-06,166,13.0,17.6,0.0,4.0,5.0,WSW,43.0,WSW,SSW,24,11,58,46,1009.9,1009.9,4.0,7.0,13.8,17.3,No,No,0,0,0,0,0,0,15.3,4.6,3.5,12,0.0,17.5,Dry (<=1 mm),Mild (<20),Moderate (30-50),-0.38,1.09,-0.64,0.2,-1.5,,0
2013-06-16,2013,6,Jun,2,Winter,2013-06,167,9.7,19.1,0.0,3.2,9.5,W,41.0,W,S,24,15,59,50,1014.4,1011.6,2.0,4.0,11.8,16.6,No,No,0,0,0,0,0,0,14.4,9.4,4.8,9,-2.8,19.5,Dry (<=1 mm),Mild (<20),Moderate (30-50),0.36,-0.37,-0.42,0.07,-0.92,,0
2013-06-17,2013,6,Jun,2,Winter,2013-06,168,8.5,17.7,0.0,3.8,3.8,S,44.0,W,SW,26,17,65,56,1009.5,1008.3,6.0,6.0,11.0,15.7,No,No,0,0,0,0,0,0,13.1,9.2,4.7,9,-1.2,21.5,Dry (<=1 mm),Mild (<20),Moderate (30-50),-0.33,-0.9,-0.08,0.27,-1.55,,0
2013-06-18,2013,6,Jun,2,Winter,2013-06,169,8.0,19.2,0.0,1.6,8.0,S,43.0,W,S,26,17,76,52,1013.5,1012.2,1.0,2.0,9.6,16.1,No,Yes,0,1,0,0,0,0,13.6,11.2,6.5,24,-1.3,21.5,Dry (<=1 mm),Mild (<20),Moderate (30-50),0.41,-1.12,-0.31,0.2,-1.04,,0
2013-06-19,2013,6,Jun,2,Winter,2013-06,170,8.7,16.1,15.6,3.2,0.0,S,52.0,W,SSW,24,26,80,65,1021.7,1021.3,6.0,7.0,10.5,14.3,Yes,Yes,1,1,0,0,0,1,12.4,7.4,3.8,15,-0.4,25.0,Moderate (10-25),Mild (<20),Strong (50-70),-1.12,-0.81,0.42,0.81,0.02,,0
2013-06-20,2013,6,Jun,2,Winter,2013-06,171,8.7,16.6,1.4,2.8,7.2,SSW,39.0,W,SSW,26,20,71,57,1024.2,1021.0,3.0,6.0,9.9,15.6,Yes,No,1,0,0,0,0,1,12.65,7.9,5.7,14,-3.2,23.0,Light (1-10),Mild (<20),Moderate (30-50),-0.87,-0.81,-0.03,-0.07,0.34,,0
2013-06-21,2013,6,Jun,2,Winter,2013-06,172,8.0,17.3,0.0,2.0,8.1,W,31.0,W,SSW,19,15,79,58,1021.6,1019.1,5.0,2.0,9.6,16.1,No,Yes,0,1,0,0,0,0,12.65,9.3,6.5,21,-2.5,17.0,Dry (<=1 mm),Mild (<20),Moderate (30-50),-0.53,-1.12,0.03,-0.61,0.01,,0
2013-06-22,2013,6,Jun,2,Winter,2013-06,173,7.7,13.5,1.2,2.4,0.0,SE,39.0,W,SSW,26,17,87,83,1024.9,1024.2,7.0,7.0,7.9,11.9,Yes,Yes,1,1,0,0,0,1,10.6,5.8,4.0,4,-0.7,21.5,Light (1-10),Mild (<20),Moderate (30-50),-2.4,-1.26,1.42,-0.07,0.43,,0
2013-06-23,2013,6,Jun,2,Winter,2013-06,174,7.6,13.9,56.2,0.4,0.2,SSE,41.0,WNW,SSW,7,19,93,90,1028.5,1026.7,7.0,7.0,11.0,11.9,Yes,Yes,1,1,0,0,0,1,10.75,6.3,0.9,3,-1.8,13.0,Very heavy (>50),Mild (<20),Moderate (30-50),-2.2,-1.3,1.81,0.07,0.9,Extreme rain,1
2013-06-24,2013,6,Jun,2,Winter,2013-06,175,9.6,13.8,53.4,0.2,0.1,W,39.0,W,WNW,17,11,91,77,1021.7,1017.9,7.0,7.0,10.2,13.1,Yes,Yes,1,1,0,0,0,1,11.7,4.2,2.9,14,-3.8,14.0,Very heavy (>50),Mild (<20),Moderate (30-50),-2.25,-0.42,1.09,-0.07,0.02,,0
2013-06-25,2013,6,Jun,2,Winter,2013-06,176,10.0,16.7,5.0,2.4,0.2,SSE,41.0,W,W,17,9,93,90,1016.3,1014.8,8.0,6.0,10.6,13.8,Yes,Yes,1,1,0,0,0,1,13.35,6.7,3.2,3,-1.5,13.0,Light (1-10),Mild (<20),Moderate (30-50),-0.83,-0.24,1.81,0.07,-0.68,,0
2013-06-26,2013,6,Jun,2,Winter,2013-06,177,10.5,19.8,15.6,1.4,4.3,SSE,52.0,SE,SE,31,20,84,63,1019.8,1020.0,7.0,7.0,16.7,19.2,Yes,No,1,0,0,0,0,1,15.15,9.3,2.5,21,0.2,25.5,Moderate (10-25),Mild (<20),Strong (50-70),0.7,-0.02,0.31,0.81,-0.22,,0
2013-06-27,2013,6,Jun,2,Winter,2013-06,178,12.8,18.8,0.8,3.4,2.4,WNW,26.0,W,ESE,15,19,93,64,1022.9,1020.7,7.0,7.0,13.4,17.6,No,Yes,0,1,0,0,0,0,15.8,6.0,4.2,29,-2.2,17.0,Dry (<=1 mm),Mild (<20),Light (<30),0.21,1.0,0.36,-0.94,0.18,,0
2013-06-28,2013,6,Jun,2,Winter,2013-06,179,12.9,16.1,16.8,2.8,0.0,ESE,41.0,W,ENE,9,15,93,83,1023.7,1022.5,7.0,7.0,13.3,16.0,Yes,Yes,1,1,0,0,0,1,14.5,3.2,2.7,10,-1.2,12.0,Moderate (10-25),Mild (<20),Moderate (30-50),-1.12,1.05,1.42,0.07,0.28,,0
2013-06-29,2013,6,Jun,2,Winter,2013-06,180,12.7,14.2,41.0,3.2,0.0,E,28.0,SSE,SSE,9,9,90,87,1024.8,1023.0,8.0,8.0,13.6,13.2,Yes,Yes,1,1,0,0,0,1,13.45,1.5,-0.4,3,-1.8,9.0,Heavy (25-50),Mild (<20),Light (<30),-2.06,0.96,1.65,-0.81,0.42,,0
2013-06-30,2013,6,Jun,2,Winter,2013-06,181,11.3,17.1,51.0,2.0,2.2,SE,37.0,W,SSW,11,9,94,82,1025.7,1023.5,7.0,5.0,12.4,16.6,Yes,Yes,1,1,0,0,0,1,14.2,5.8,4.2,12,-2.2,10.0,Very heavy (>50),Mild (<20),Moderate (30-50),-0.63,0.34,1.37,-0.2,0.54,,0
2013-07-01,2013,7,Jul,3,Winter,2013-07,182,8.8,20.1,9.8,0.8,9.8,W,26.0,W,E,20,7,89,56,1024.4,1021.9,1.0,1.0,10.3,18.5,Yes,No,1,0,0,0,0,1,14.45,11.3,8.2,33,-2.5,13.5,Light (1-10),Warm (20-30),Light (<30),0.88,-0.09,0.41,-1.11,0.42,,0
2013-07-02,2013,7,Jul,3,Winter,2013-07,183,8.8,19.9,0.0,2.2,9.8,W,33.0,W,WNW,20,4,77,46,1024.9,1021.0,1.0,2.0,10.2,18.9,No,No,0,0,0,0,0,0,14.35,11.1,8.7,31,-3.9,12.0,Dry (<=1 mm),Mild (<20),Moderate (30-50),0.8,-0.09,-0.2,-0.57,0.49,,0
2013-07-03,2013,7,Jul,3,Winter,2013-07,184,8.1,19.8,0.0,2.2,9.5,W,26.0,WNW,NNE,19,13,82,53,1024.4,1020.8,1.0,0.0,9.5,19.2,No,No,0,0,0,0,0,0,13.95,11.7,9.7,29,-3.6,16.0,Dry (<=1 mm),Mild (<20),Light (<30),0.76,-0.44,0.23,-1.11,0.42,,0
2013-07-04,2013,7,Jul,3,Winter,2013-07,185,8.5,23.4,0.0,2.6,9.8,NW,43.0,NNW,NNW,17,22,57,38,1016.3,1011.5,0.0,1.0,14.7,22.6,No,No,0,0,0,0,0,0,15.95,14.9,7.9,19,-4.8,19.5,Dry (<=1 mm),Warm (20-30),Moderate (30-50),2.28,-0.24,-0.69,0.19,-0.7,,0
2013-07-05,2013,7,Jul,3,Winter,2013-07,186,14.7,19.5,0.0,4.0,9.7,W,65.0,NW,W,20,33,54,30,1010.9,1010.8,1.0,1.0,16.0,18.5,No,No,0,0,0,0,0,0,17.1,4.8,2.5,24,-0.1,26.5,Dry (<=1 mm),Mild (<20),Strong (50-70),0.63,2.78,-1.17,1.86,-1.45,,0
2013-07-06,2013,7,Jul,3,Winter,2013-07,187,7.8,17.4,0.0,4.2,9.8,WSW,37.0,WNW,WNW,13,19,57,31,1020.1,1018.1,0.0,0.0,10.2,17.1,No,No,0,0,0,0,0,0,12.6,9.6,6.9,26,-2.0,16.0,Dry (<=1 mm),Mild (<20),Moderate (30-50),-0.26,-0.58,-1.11,-0.27,-0.18,,0
2013-07-07,2013,7,Jul,3,Winter,2013-07,188,7.4,19.1,0.0,4.0,9.5,W,35.0,W,WSW,19,11,62,35,1026.9,1025.6,1.0,1.0,10.0,17.7,No,No,0,0,0,0,0,0,13.25,11.7,7.7,27,-1.3,15.0,Dry (<=1 mm),Mild (<20),Moderate (30-50),0.46,-0.78,-0.87,-0.42,0.76,,0
2013-07-08,2013,7,Jul,3,Winter,2013-07,189,7.4,19.2,0.0,2.2,9.1,W,33.0,W,SSE,19,17,68,36,1031.7,1029.9,0.0,3.0,9.3,17.7,No,Yes,0,1,0,0,0,0,13.3,11.8,8.4,32,-1.8,18.0,Dry (<=1 mm),Mild (<20),Moderate (30-50),0.5,-0.78,-0.81,-0.57,1.43,,0
2013-07-09,2013,7,Jul,3,Winter,2013-07,190,8.7,13.6,1.6,3.0,1.0,W,30.0,W,SSW,19,17,83,84,1035.0,1033.6,5.0,7.0,9.3,11.8,Yes,Yes,1,1,0,0,0,1,11.15,4.9,2.5,-1,-1.4,18.0,Light (1-10),Mild (<20),Moderate (30-50),-1.86,-0.14,2.11,-0.8,1.88,,0
2013-07-10,2013,7,Jul,3,Winter,2013-07,191,8.9,15.9,8.0,1.2,2.7,W,24.0,W,SSE,17,13,84,71,1033.5,1031.6,7.0,6.0,10.3,14.8,Yes,No,1,0,0,0,0,1,12.4,7.0,4.5,13,-1.9,15.0,Light (1-10),Mild (<20),Light (<30),-0.89,-0.05,1.32,-1.26,1.68,,0
2013-07-11,2013,7,Jul,3,Winter,2013-07,192,8.2,18.4,0.0,1.2,8.2,W,30.0,W,E,20,9,91,62,1035.3,1032.2,2.0,5.0,9.1,17.0,No,No,0,0,0,0,0,0,13.3,10.2,7.9,29,-3.1,14.5,Dry (<=1 mm),Mild (<20),Moderate (30-50),0.17,-0.39,0.77,-0.8,1.93,,0
2013-07-12,2013,7,Jul,3,Winter,2013-07,193,8.3,20.2,0.2,1.2,8.4,W,30.0,W,WNW,17,6,92,46,1031.1,1027.1,1.0,1.0,9.6,19.2,No,No,0,0,0,0,0,0,14.25,11.9,9.6,46,-4.0,11.5,Dry (<=1 mm),Warm (20-30),Moderate (30-50),0.93,-0.34,-0.2,-0.8,1.34,,0
2013-07-13,2013,7,Jul,3,Winter,2013-07,194,8.3,17.4,0.0,3.0,5.0,WNW,26.0,W,E,15,2,85,61,1029.2,1027.3,7.0,6.0,10.9,17.3,No,No,0,0,0,0,0,0,12.85,9.1,6.4,24,-1.9,8.5,Dry (<=1 mm),Mild (<20),Light (<30),-0.26,-0.34,0.71,-1.11,1.08,,0
2013-07-14,2013,7,Jul,3,Winter,2013-07,195,8.9,18.4,0.0,1.0,8.5,W,24.0,W,NE,11,15,88,60,1028.4,1025.4,4.0,8.0,10.7,17.5,No,No,0,0,0,0,0,0,13.65,9.5,6.8,28,-3.0,13.0,Dry (<=1 mm),Mild (<20),Light (<30),0.17,-0.05,0.65,-1.26,0.97,,0
2013-07-15,2013,7,Jul,3,Winter,2013-07,196,10.7,22.0,0.2,3.6,1.7,NNW,33.0,NW,NNW,4,13,78,58,1024.6,1021.9,7.0,7.0,15.4,19.4,No,Yes,0,1,0,0,0,0,16.35,11.3,4.0,20,-2.7,8.5,Dry (<=1 mm),Warm (20-30),Moderate (30-50),1.69,0.83,0.53,-0.57,0.44,,0
2013-07-16,2013,7,Jul,3,Winter,2013-07,197,14.4,21.6,1.4,0.2,3.4,NW,26.0,W,NE,9,13,88,67,1024.7,1022.1,7.0,4.0,15.1,19.6,Yes,Yes,1,1,0,0,0,1,18.0,7.2,4.5,21,-2.6,11.0,Light (1-10),Warm (20-30),Light (<30),1.52,2.64,1.08,-1.11,0.46,,0
2013-07-17,2013,7,Jul,3,Winter,2013-07,198,13.0,24.3,4.8,1.8,8.7,NE,22.0,W,E,9,9,85,48,1023.8,1020.6,4.0,3.0,14.5,23.0,Yes,No,1,0,0,0,0,1,18.65,11.3,8.5,37,-3.2,9.0,Light (1-10),Warm (20-30),Light (<30),2.66,1.95,-0.08,-1.41,0.33,,0
2013-07-18,2013,7,Jul,3,Winter,2013-07,199,13.3,22.6,0.0,2.4,3.9,NNE,30.0,W,NE,7,13,85,72,1022.9,1019.4,7.0,7.0,15.1,19.4,No,No,0,0,0,0,0,0,17.95,9.3,4.3,13,-3.5,10.0,Dry (<=1 mm),Warm (20-30),Moderate (30-50),1.94,2.1,1.38,-0.8,0.21,,0
2013-07-19,2013,7,Jul,3,Winter,2013-07,200,15.0,20.4,0.0,3.2,1.6,NNW,57.0,NE,N,15,17,66,73,1015.7,1011.7,4.0,7.0,18.1,17.5,No,No,0,0,0,0,0,0,17.7,5.4,-0.6,-7,-4.0,16.0,Dry (<=1 mm),Warm (20-30),Strong (50-70),1.01,2.93,1.44,1.25,-0.79,,0
2013-07-20,2013,7,Jul,3,Winter,2013-07,201,14.5,20.4,0.8,2.4,8.9,NNW,48.0,N,NW,17,26,65,38,1009.3,1005.4,2.0,2.0,16.5,19.8,No,No,0,0,0,0,0,0,17.45,5.9,3.3,27,-3.9,21.5,Dry (<=1 mm),Warm (20-30),Moderate (30-50),1.01,2.68,-0.69,0.57,-1.67,,0
2013-07-21,2013,7,Jul,3,Winter,2013-07,202,8.5,16.3,0.2,6.4,10.1,NW,54.0,NW,WNW,24,31,49,29,1016.0,1013.2,1.0,1.0,11.0,16.0,No,No,0,0,0,0,0,0,12.4,7.8,5.0,20,-2.8,27.5,Dry (<=1 mm),Mild (<20),Strong (50-70),-0.72,-0.24,-1.24,1.02,-0.75,,0
2013-07-22,2013,7,Jul,3,Winter,2013-07,203,8.7,17.2,0.0,3.8,9.9,WNW,54.0,WNW,W,17,26,54,28,1019.4,1016.3,2.0,2.0,12.2,16.6,No,No,0,0,0,0,0,0,12.95,8.5,4.4,26,-3.1,21.5,Dry (<=1 mm),Mild (<20),Strong (50-70),-0.34,-0.14,-1.3,1.02,-0.28,,0
2013-07-23,2013,7,Jul,3,Winter,2013-07,204,7.1,17.7,0.0,3.2,8.0,WSW,44.0,W,WSW,17,19,60,42,1019.9,1018.5,1.0,7.0,11.0,15.9,No,No,0,0,0,0,0,0,12.4,10.6,4.9,18,-1.4,18.0,Dry (<=1 mm),Mild (<20),Moderate (30-50),-0.13,-0.92,-0.44,0.26,-0.21,,0
2013-07-24,2013,7,Jul,3,Winter,2013-07,205,10.1,17.0,0.0,4.0,4.8,SSW,48.0,WSW,SSW,17,20,61,46,1026.6,1026.4,1.0,6.0,12.3,16.6,No,No,0,0,0,0,0,0,13.55,6.9,4.3,15,-0.2,18.5,Dry (<=1 mm),Mild (<20),Moderate (30-50),-0.42,0.54,-0.2,0.57,0.72,,0
2013-07-25,2013,7,Jul,3,Winter,2013-07,206,7.4,19.6,0.0,3.0,8.6,WNW,33.0,W,E,20,9,72,38,1029.8,1026.6,1.0,3.0,8.8,17.9,No,No,0,0,0,0,0,0,13.5,12.2,9.1,34,-3.2,14.5,Dry (<=1 mm),Mild (<20),Moderate (30-50),0.67,-0.78,-0.69,-0.57,1.16,,0
2013-07-26,2013,7,Jul,3,Winter,2013-07,207,7.9,20.3,0.0,3.4,9.3,WNW,22.0,WNW,WNW,15,7,75,32,1025.9,1023.3,5.0,1.0,9.2,19.5,No,No,0,0,0,0,0,0,14.1,12.4,10.3,43,-2.6,11.0,Dry (<=1 mm),Warm (20-30),Light (<30),0.97,-0.53,-1.05,-1.41,0.62,,0
2013-07-27,2013,7,Jul,3,Winter,2013-07,208,7.4,18.7,0.0,1.8,9.9,W,28.0,W,E,22,15,62,56,1031.0,1028.2,1.0,1.0,9.4,17.8,No,No,0,0,0,0,0,0,13.05,11.3,8.4,6,-2.8,18.5,Dry (<=1 mm),Mild (<20),Light (<30),0.29,-0.78,0.41,-0.95,1.33,,0
2013-07-28,2013,7,Jul,3,Winter,2013-07,209,8.3,18.8,0.0,3.6,6.8,NNE,26.0,WNW,E,7,17,84,64,1029.8,1025.8,6.0,6.0,9.7,18.1,No,No,0,0,0,0,0,0,13.55,10.5,8.4,20,-4.0,12.0,Dry (<=1 mm),Mild (<20),Light (<30),0.33,-0.34,0.9,-1.11,1.16,,0
2013-07-29,2013,7,Jul,3,Winter,2013-07,210,9.7,24.0,0.0,2.6,10.2,NNW,37.0,N,N,22,11,53,35,1025.2,1020.8,6.0,1.0,17.6,23.3,No,No,0,0,0,0,0,0,16.85,14.3,5.7,18,-4.4,16.5,Dry (<=1 mm),Warm (20-30),Moderate (30-50),2.53,0.34,-0.87,-0.27,0.53,,0
2013-07-30,2013,7,Jul,3,Winter,2013-07,211,11.1,21.5,0.0,3.4,3.4,SSW,48.0,W,ENE,13,6,73,49,1019.9,1017.8,6.0,5.0,12.8,19.7,No,Yes,0,1,0,0,0,0,16.3,10.4,6.9,24,-2.1,9.5,Dry (<=1 mm),Warm (20-30),Moderate (30-50),1.47,1.03,-0.02,0.57,-0.21,,0
2013-07-31,2013,7,Jul,3,Winter,2013-07,212,12.6,18.4,5.6,2.6,8.1,S,43.0,SSW,S,20,22,82,61,1023.9,1022.7,7.0,4.0,13.9,17.0,Yes,No,1,0,0,0,0,1,15.5,5.8,3.1,21,-1.2,21.0,Light (1-10),Mild (<20),Moderate (30-50),0.17,1.76,0.71,0.19,0.35,,0
2013-08-01,2013,8,Aug,3,Winter,2013-08,213,8.1,19.6,0.0,3.4,10.1,W,30.0,WNW,ESE,24,15,71,54,1023.3,1020.1,2.0,3.0,11.0,17.5,No,No,0,0,0,0,0,0,13.85,11.5,6.5,17,-3.2,19.5,Dry (<=1 mm),Mild (<20),Moderate (30-50),0.08,-0.75,0.49,-0.75,0.51,,0
2013-08-02,2013,8,Aug,3,Winter,2013-08,214,9.1,20.3,0.0,2.2,6.8,W,31.0,W,W,15,19,83,31,1018.0,1012.7,7.0,3.0,10.9,19.7,No,No,0,0,0,0,0,0,14.7,11.2,8.8,52,-5.3,17.0,Dry (<=1 mm),Warm (20-30),Moderate (30-50),0.33,-0.29,-0.9,-0.68,-0.25,,0
2013-08-03,2013,8,Aug,3,Winter,2013-08,215,10.4,19.6,0.0,3.6,10.0,NW,37.0,W,W,7,4,51,29,1016.0,1012.1,4.0,1.0,13.5,19.2,No,No,0,0,0,0,0,0,15.0,9.2,5.7,22,-3.9,5.5,Dry (<=1 mm),Mild (<20),Moderate (30-50),0.08,0.29,-1.02,-0.26,-0.54,,0
2013-08-04,2013,8,Aug,3,Winter,2013-08,216,10.9,19.9,0.0,4.2,8.5,WSW,44.0,NW,WSW,9,24,54,29,1013.6,1012.2,6.0,5.0,14.0,18.0,No,No,0,0,0,0,0,0,15.4,9.0,4.0,25,-1.4,16.5,Dry (<=1 mm),Mild (<20),Moderate (30-50),0.19,0.52,-1.02,0.24,-0.88,,0
2013-08-05,2013,8,Aug,3,Winter,2013-08,217,9.5,21.0,0.0,3.8,10.0,WNW,50.0,WNW,WNW,11,15,52,34,1017.6,1013.6,1.0,2.0,13.1,20.4,No,No,0,0,0,0,0,0,15.25,11.5,7.3,18,-4.0,13.0,Dry (<=1 mm),Warm (20-30),Strong (50-70),0.59,-0.11,-0.72,0.67,-0.31,,0
2013-08-06,2013,8,Aug,3,Winter,2013-08,218,11.9,23.9,0.0,5.6,8.7,NNW,52.0,NW,WNW,20,17,48,30,1011.9,1008.0,5.0,5.0,16.4,22.1,No,No,0,0,0,0,0,0,17.9,12.0,5.7,18,-3.9,18.5,Dry (<=1 mm),Warm (20-30),Strong (50-70),1.64,0.97,-0.96,0.81,-1.13,,0
2013-08-07,2013,8,Aug,3,Winter,2013-08,219,10.8,17.9,0.8,4.8,8.3,WSW,35.0,W,ESE,17,15,57,49,1013.6,1009.3,2.0,7.0,13.0,16.0,No,Yes,0,1,0,0,0,0,14.35,7.1,3.0,8,-4.3,16.0,Dry (<=1 mm),Mild (<20),Moderate (30-50),-0.54,0.48,0.19,-0.4,-0.88,,0
2013-08-08,2013,8,Aug,3,Winter,2013-08,220,9.3,13.1,9.6,3.8,1.3,SSW,57.0,W,SSW,24,24,85,74,1008.3,1009.8,7.0,7.0,9.3,12.6,Yes,Yes,1,1,0,0,0,1,11.2,3.8,3.3,11,1.5,24.0,Light (1-10),Mild (<20),Strong (50-70),-2.27,-0.2,1.69,1.17,-1.64,,0
2013-08-09,2013,8,Aug,3,Winter,2013-08,221,7.0,17.4,4.2,0.6,6.7,W,35.0,W,NW,20,9,60,43,1018.9,1014.0,4.0,7.0,11.2,17.1,Yes,No,1,0,0,0,0,1,12.2,10.4,5.9,17,-4.9,14.5,Light (1-10),Mild (<20),Moderate (30-50),-0.72,-1.25,-0.18,-0.4,-0.12,,0
2013-08-10,2013,8,Aug,3,Winter,2013-08,222,10.5,23.5,0.0,4.0,10.6,W,31.0,W,NW,11,11,46,33,1016.0,1013.4,0.0,1.0,13.4,23.5,No,No,0,0,0,0,0,0,17.0,13.0,10.1,13,-2.6,11.0,Dry (<=1 mm),Warm (20-30),Moderate (30-50),1.49,0.34,-0.78,-0.68,-0.54,,0
2013-08-11,2013,8,Aug,3,Winter,2013-08,223,9.0,21.8,0.0,3.8,10.4,WSW,31.0,WNW,E,13,11,61,38,1018.2,1013.5,1.0,1.0,12.7,19.2,No,No,0,0,0,0,0,0,15.4,12.8,6.5,23,-4.7,12.0,Dry (<=1 mm),Warm (20-30),Moderate (30-50),0.88,-0.34,-0.48,-0.68,-0.22,,0
2013-08-12,2013,8,Aug,3,Winter,2013-08,224,12.0,24.4,0.2,3.8,5.4,W,94.0,N,W,9,48,40,40,1005.8,1004.2,3.0,7.0,19.6,18.9,No,No,0,0,0,0,0,0,18.2,12.4,-0.7,0,-1.6,28.5,Dry (<=1 mm),Warm (20-30),Gale-force (>=70),1.82,1.02,-0.36,3.81,-2.0,Extreme gust,1
2013-08-13,2013,8,Aug,3,Winter,2013-08,225,9.6,22.8,0.0,5.8,10.8,W,35.0,NNW,WNW,13,9,35,25,1013.7,1012.2,1.0,1.0,14.5,22.2,No,No,0,0,0,0,0,0,16.2,13.2,7.7,10,-1.5,11.0,Dry (<=1 mm),Warm (20-30),Moderate (30-50),1.24,-0.07,-1.26,-0.4,-0.87,,0
2013-08-14,2013,8,Aug,3,Winter,2013-08,226,12.5,24.1,0.0,4.2,10.7,NNW,39.0,NNW,WNW,24,17,39,22,1013.6,1007.7,2.0,1.0,15.9,23.9,No,No,0,0,0,0,0,0,18.3,11.6,8.0,17,-5.9,20.5,Dry (<=1 mm),Warm (20-30),Moderate (30-50),1.71,1.25,-1.44,-0.11,-0.88,,0
2013-08-15,2013,8,Aug,3,Winter,2013-08,227,10.5,18.7,0.0,8.0,10.7,W,57.0,WSW,S,24,19,42,29,1019.0,1019.8,1.0,1.0,12.3,17.7,No,No,0,0,0,0,0,0,14.6,8.2,5.4,13,0.8,21.5,Dry (<=1 mm),Mild (<20),Strong (50-70),-0.25,0.34,-1.02,1.17,-0.11,,0
2013-08-16,2013,8,Aug,3,Winter,2013-08,228,7.3,20.6,0.0,3.6,10.7,NE,41.0,WNW,ENE,17,26,61,36,1023.7,1016.9,0.0,0.0,10.8,19.1,No,No,0,0,0,0,0,0,13.95,13.3,8.3,25,-6.8,21.5,Dry (<=1 mm),Warm (20-30),Moderate (30-50),0.44,-1.11,-0.6,0.03,0.57,,0
2013-08-17,2013,8,Aug,3,Winter,2013-08,229,10.7,24.4,0.0,6.2,10.5,WNW,57.0,NNE,W,20,26,41,34,1010.1,1006.7,1.0,4.0,17.6,22.6,No,No,0,0,0,0,0,0,17.55,13.7,5.0,7,-3.4,23.0,Dry (<=1 mm),Warm (20-30),Strong (50-70),1.82,0.43,-0.72,1.17,-1.38,,0
2013-08-18,2013,8,Aug,3,Winter,2013-08,230,11.3,23.3,0.0,6.6,10.7,WNW,39.0,NW,NNW,15,20,38,28,1016.9,1011.9,0.0,1.0,16.2,22.8,No,No,0,0,0,0,0,0,17.3,12.0,6.6,10,-5.0,17.5,Dry (<=1 mm),Warm (20-30),Moderate (30-50),1.42,0.7,-1.08,-0.11,-0.41,,0
2013-08-19,2013,8,Aug,3,Winter,2013-08,231,13.6,20.9,0.0,7.8,9.9,W,59.0,N,WNW,7,39,33,25,1009.7,1007.0,2.0,5.0,17.0,19.8,No,No,0,0,0,0,0,0,17.25,7.3,2.8,8,-2.7,23.0,Dry (<=1 mm),Warm (20-30),Strong (50-70),0.55,1.74,-1.26,1.31,-1.44,,0
2013-08-20,2013,8,Aug,3,Winter,2013-08,232,8.4,16.6,0.0,6.2,10.8,WSW,56.0,WSW,WSW,26,22,43,26,1013.7,1011.9,1.0,1.0,10.7,15.4,No,No,0,0,0,0,0,0,12.5,8.2,4.7,17,-1.8,24.0,Dry (<=1 mm),Mild (<20),Strong (50-70),-1.01,-0.61,-1.2,1.1,-0.87,,0
2013-08-21,2013,8,Aug,3,Winter,2013-08,233,7.6,18.1,0.0,3.0,10.3,W,50.0,W,W,20,20,50,30,1016.3,1013.4,2.0,3.0,11.3,17.5,No,No,0,0,0,0,0,0,12.85,10.5,6.2,20,-2.9,20.0,Dry (<=1 mm),Mild (<20),Strong (50-70),-0.46,-0.97,-0.96,0.67,-0.49,,0
2013-08-22,2013,8,Aug,3,Winter,2013-08,234,7.6,18.1,0.0,5.6,6.7,W,50.0,N,WNW,19,24,48,32,1013.8,1010.2,7.0,7.0,12.5,17.7,No,No,0,0,0,0,0,0,12.85,10.5,5.2,16,-3.6,21.5,Dry (<=1 mm),Mild (<20),Strong (50-70),-0.46,-0.97,-0.84,0.67,-0.85,,0
2013-08-23,2013,8,Aug,3,Winter,2013-08,235,11.8,18.6,0.0,4.0,2.5,WNW,56.0,NW,WNW,20,28,50,42,1010.2,1008.5,7.0,7.0,14.8,17.4,No,No,0,0,0,0,0,0,15.2,6.8,2.6,8,-1.7,24.0,Dry (<=1 mm),Mild (<20),Strong (50-70),-0.28,0.93,-0.24,1.1,-1.37,,0
2013-08-24,2013,8,Aug,3,Winter,2013-08,236,12.2,22.7,0.0,4.0,10.8,W,35.0,WSW,ESE,26,19,52,42,1020.1,1020.0,2.0,4.0,15.9,21.8,No,No,0,0,0,0,0,0,17.45,10.5,5.9,10,-0.1,22.5,Dry (<=1 mm),Warm (20-30),Moderate (30-50),1.2,1.11,-0.24,-0.4,0.05,,0
2013-08-25,2013,8,Aug,3,Winter,2013-08,237,9.9,23.6,0.0,4.2,10.7,SW,35.0,WNW,E,17,17,72,53,1024.0,1020.4,1.0,1.0,12.7,19.6,No,No,0,0,0,0,0,0,16.75,13.7,6.9,19,-3.6,17.0,Dry (<=1 mm),Warm (20-30),Moderate (30-50),1.53,0.07,0.43,-0.4,0.61,,0
2013-08-26,2013,8,Aug,3,Winter,2013-08,238,10.3,22.0,0.0,3.6,9.6,W,33.0,WNW,WNW,20,11,54,30,1024.6,1020.4,3.0,6.0,14.2,21.6,No,No,0,0,0,0,0,0,16.15,11.7,7.4,24,-4.2,15.5,Dry (<=1 mm),Warm (20-30),Moderate (30-50),0.95,0.25,-0.96,-0.54,0.7,,0
2013-08-27,2013,8,Aug,3,Winter,2013-08,239,11.5,21.9,0.0,2.2,9.4,W,24.0,W,ESE,15,15,58,60,1022.0,1018.6,4.0,2.0,15.4,19.9,No,No,0,0,0,0,0,0,16.7,10.4,4.5,-2,-3.4,15.0,Dry (<=1 mm),Warm (20-30),Light (<30),0.91,0.79,0.85,-1.18,0.32,,0
2013-08-28,2013,8,Aug,3,Winter,2013-08,240,11.8,23.3,0.0,3.0,10.8,SSE,39.0,W,SSE,20,24,72,38,1021.5,1020.2,1.0,2.0,14.9,22.1,No,No,0,0,0,0,0,0,17.55,11.5,7.2,34,-1.3,22.0,Dry (<=1 mm),Warm (20-30),Moderate (30-50),1.42,0.93,-0.48,-0.11,0.25,,0
2013-08-29,2013,8,Aug,3,Winter,2013-08,241,11.4,21.8,0.0,3.8,6.7,NNE,56.0,WNW,NE,17,17,69,59,1024.4,1019.4,6.0,7.0,15.3,20.0,No,No,0,0,0,0,0,0,16.6,10.4,4.7,10,-5.0,17.0,Dry (<=1 mm),Warm (20-30),Strong (50-70),0.88,0.75,0.79,1.1,0.67,,0
2013-08-30,2013,8,Aug,3,Winter,2013-08,242,15.2,24.7,0.0,5.2,10.2,N,39.0,N,ENE,22,6,46,53,1015.1,1011.4,1.0,1.0,21.7,23.5,No,No,0,0,0,0,0,0,19.95,9.5,1.8,-7,-3.7,14.0,Dry (<=1 mm),Warm (20-30),Moderate (30-50),1.92,2.47,0.43,-0.11,-0.67,,0
2013-08-31,2013,8,Aug,3,Winter,2013-08,243,14.9,24.5,0.0,5.8,8.2,W,30.0,WNW,SE,22,11,60,34,1021.5,1020.0,7.0,4.0,15.9,23.6,No,No,0,0,0,0,0,0,19.7,9.6,7.7,26,-1.5,16.5,Dry (<=1 mm),Warm (20-30),Moderate (30-50),1.85,2.33,-0.72,-0.75,0.25,,0
2013-09-01,2013,9,Sep,3,Spring,2013-09,244,11.4,22.2,0.0,4.8,10.1,ENE,26.0,WNW,E,17,20,57,62,1028.5,1026.6,1.0,1.0,15.8,20.6,No,No,0,0,0,0,0,0,16.8,10.8,4.8,-5,-1.9,18.5,Dry (<=1 mm),Warm (20-30),Light (<30),0.06,-0.47,0.76,-1.32,1.35,,0
2013-09-02,2013,9,Sep,3,Spring,2013-09,245,12.2,22.0,0.0,4.0,11.0,NE,28.0,W,NE,19,17,71,41,1031.2,1029.1,6.0,2.0,15.9,21.4,No,No,0,0,0,0,0,0,17.1,9.8,5.5,30,-2.1,18.0,Dry (<=1 mm),Warm (20-30),Light (<30),0.0,-0.16,-0.45,-1.17,1.7,,0
2013-09-03,2013,9,Sep,3,Spring,2013-09,246,12.0,21.9,0.0,4.2,10.4,ENE,31.0,WNW,ENE,11,20,66,56,1034.0,1031.3,1.0,1.0,16.4,21.2,No,No,0,0,0,0,0,0,16.95,9.9,4.8,10,-2.7,15.5,Dry (<=1 mm),Warm (20-30),Moderate (30-50),-0.02,-0.24,0.41,-0.95,2.07,,0
2013-09-04,2013,9,Sep,3,Spring,2013-09,247,12.2,21.1,0.0,3.8,10.1,NE,41.0,W,NE,13,20,75,52,1033.6,1028.7,1.0,1.0,15.7,20.7,No,No,0,0,0,0,0,0,16.65,8.9,5.0,23,-4.9,16.5,Dry (<=1 mm),Warm (20-30),Moderate (30-50),-0.24,-0.16,0.18,-0.19,2.02,,0
2013-09-05,2013,9,Sep,3,Spring,2013-09,248,12.2,28.8,0.0,5.8,10.1,W,28.0,W,WNW,13,11,62,29,1027.3,1023.0,1.0,5.0,17.7,28.5,No,No,0,0,0,0,0,0,20.5,16.6,10.8,33,-4.3,12.0,Dry (<=1 mm),Warm (20-30),Light (<30),1.81,-0.16,-1.15,-1.17,1.19,,0
2013-09-06,2013,9,Sep,3,Spring,2013-09,249,16.0,23.3,0.0,5.0,8.5,WNW,24.0,SSW,E,13,15,74,70,1026.9,1023.1,7.0,7.0,20.5,21.2,No,No,0,0,0,0,0,0,19.65,7.3,0.7,4,-3.8,14.0,Dry (<=1 mm),Warm (20-30),Light (<30),0.35,1.31,1.22,-1.48,1.13,,0
2013-09-07,2013,9,Sep,3,Spring,2013-09,250,15.4,31.1,0.0,3.2,9.1,SSE,39.0,W,ENE,13,15,74,23,1022.4,1018.1,5.0,4.0,19.2,29.9,No,No,0,0,0,0,0,0,23.25,15.7,10.7,51,-4.3,14.0,Dry (<=1 mm),Hot (30-35),Moderate (30-50),2.42,1.08,-1.5,-0.34,0.54,,0
2013-09-08,2013,9,Sep,3,Spring,2013-09,251,17.0,21.2,0.0,4.6,1.7,SSE,41.0,SSE,ESE,13,13,78,73,1026.2,1023.0,7.0,7.0,17.5,18.7,No,No,0,0,0,0,0,0,19.1,4.2,1.2,5,-3.2,13.0,Dry (<=1 mm),Warm (20-30),Moderate (30-50),-0.21,1.69,1.4,-0.19,1.04,,0
2013-09-09,2013,9,Sep,3,Spring,2013-09,252,15.3,26.1,0.0,2.2,5.1,NNW,33.0,N,NE,9,11,70,69,1021.0,1014.0,2.0,7.0,21.1,22.5,No,No,0,0,0,0,0,0,20.7,10.8,1.4,1,-7.0,10.0,Dry (<=1 mm),Warm (20-30),Moderate (30-50),1.09,1.04,1.17,-0.8,0.35,,0
2013-09-10,2013,9,Sep,3,Spring,2013-09,253,20.1,31.6,0.0,7.4,9.7,NNW,74.0,NW,WNW,33,31,24,14,1005.5,1000.4,2.0,4.0,25.9,30.6,No,No,0,0,0,0,0,0,25.85,11.5,4.7,10,-5.1,32.0,Dry (<=1 mm),Hot (30-35),Gale-force (>=70),2.56,2.89,-2.02,2.29,-1.71,,0
2013-09-11,2013,9,Sep,3,Spring,2013-09,254,14.7,25.0,0.0,11.6,6.8,WNW,43.0,W,WSW,28,15,38,22,1011.7,1008.7,5.0,3.0,16.9,24.5,No,No,0,0,0,0,0,0,19.85,10.3,7.6,16,-3.0,21.5,Dry (<=1 mm),Warm (20-30),Moderate (30-50),0.8,0.81,-1.55,-0.04,-0.88,,0
2013-09-12,2013,9,Sep,3,Spring,2013-09,255,12.1,23.6,0.0,6.4,10.2,S,74.0,W,SW,15,6,41,27,1015.2,1010.1,1.0,4.0,17.5,22.4,No,No,0,0,0,0,0,0,17.85,11.5,4.9,14,-5.1,10.5,Dry (<=1 mm),Warm (20-30),Gale-force (>=70),0.43,-0.2,-1.26,2.29,-0.42,,0
2013-09-13,2013,9,Sep,3,Spring,2013-09,256,10.0,18.5,0.0,5.6,6.1,SSW,41.0,SW,ENE,20,24,67,56,1021.9,1018.1,7.0,7.0,14.9,16.9,No,Yes,0,1,0,0,0,0,14.25,8.5,2.0,11,-3.8,22.0,Dry (<=1 mm),Mild (<20),Moderate (30-50),-0.93,-1.01,0.41,-0.19,0.47,,0
2013-09-14,2013,9,Sep,3,Spring,2013-09,257,14.1,22.9,2.2,3.4,8.4,ENE,54.0,W,S,17,24,75,59,1011.2,1009.1,5.0,3.0,17.0,20.2,Yes,No,1,0,0,0,0,1,18.5,8.8,3.2,16,-2.1,20.5,Light (1-10),Warm (20-30),Strong (50-70),0.24,0.57,0.59,0.79,-0.95,,0
2013-09-15,2013,9,Sep,3,Spring,2013-09,258,12.8,18.8,0.0,4.0,6.2,WSW,33.0,S,ENE,6,17,74,66,1018.4,1016.3,7.0,5.0,16.4,17.9,No,Yes,0,1,0,0,0,0,15.8,6.0,1.5,8,-2.1,11.5,Dry (<=1 mm),Mild (<20),Moderate (30-50),-0.85,0.07,0.99,-0.8,0.01,,0
2013-09-16,2013,9,Sep,3,Spring,2013-09,259,14.6,17.7,1.2,2.2,0.0,ENE,80.0,S,ENE,6,35,75,91,1016.0,1010.0,8.0,8.0,16.5,16.5,Yes,Yes,1,1,0,0,0,1,16.15,3.1,0.0,-16,-6.0,20.5,Light (1-10),Mild (<20),Gale-force (>=70),-1.14,0.77,2.44,2.75,-0.31,,0
2013-09-17,2013,9,Sep,3,Spring,2013-09,260,15.2,23.9,32.2,4.8,5.7,WNW,57.0,N,NNW,22,28,73,42,1000.8,998.3,6.0,5.0,17.7,23.2,Yes,No,1,0,0,0,0,1,19.55,8.7,5.5,31,-2.5,25.0,Heavy (25-50),Warm (20-30),Strong (50-70),0.51,1.0,-0.4,1.01,-2.33,,0
2013-09-18,2013,9,Sep,3,Spring,2013-09,261,15.2,25.3,0.0,6.8,10.7,W,48.0,NW,W,20,28,53,28,1002.0,1000.0,6.0,1.0,20.7,24.7,No,No,0,0,0,0,0,0,20.25,10.1,4.0,25,-2.0,24.0,Dry (<=1 mm),Warm (20-30),Moderate (30-50),0.88,1.0,-1.21,0.33,-2.17,,0
2013-09-19,2013,9,Sep,3,Spring,2013-09,262,14.2,23.4,0.2,7.6,11.2,WNW,63.0,W,WNW,9,46,31,21,1005.7,1002.9,0.0,1.0,19.9,22.9,No,No,0,0,0,0,0,0,18.8,9.2,3.0,10,-2.8,27.5,Dry (<=1 mm),Warm (20-30),Strong (50-70),0.38,0.61,-1.61,1.46,-1.68,,0
2013-09-20,2013,9,Sep,3,Spring,2013-09,263,11.4,21.6,0.0,6.2,10.3,WSW,69.0,NNW,SW,13,24,34,30,1007.9,1006.2,2.0,6.0,18.6,18.9,No,No,0,0,0,0,0,0,16.5,10.2,0.3,4,-1.7,18.5,Dry (<=1 mm),Warm (20-30),Strong (50-70),-0.1,-0.47,-1.09,1.92,-1.39,,0
2013-09-21,2013,9,Sep,3,Spring,2013-09,264,11.3,22.0,0.0,7.0,11.0,W,37.0,W,ESE,22,19,49,42,1014.8,1012.2,1.0,2.0,16.8,20.1,No,No,0,0,0,0,0,0,16.65,10.7,3.3,7,-2.6,20.5,Dry (<=1 mm),Warm (20-30),Moderate (30-50),0.0,-0.51,-0.4,-0.5,-0.47,,0
2013-09-22,2013,9,Sep,3,Spring,2013-09,265,11.0,25.2,0.0,4.6,10.5,E,28.0,WNW,ENE,11,20,57,51,1014.9,1011.6,1.0,2.0,16.9,21.6,No,No,0,0,0,0,0,0,18.1,14.2,4.7,6,-3.3,15.5,Dry (<=1 mm),Warm (20-30),Light (<30),0.85,-0.62,0.12,-1.17,-0.46,,0
2013-09-23,2013,9,Sep,3,Spring,2013-09,266,12.9,24.4,0.0,5.4,10.9,ENE,24.0,W,E,7,13,55,54,1012.0,1007.3,1.0,1.0,19.1,22.8,No,No,0,0,0,0,0,0,18.65,11.5,3.7,1,-4.7,10.0,Dry (<=1 mm),Warm (20-30),Light (<30),0.64,0.11,0.3,-1.48,-0.84,,0
2013-09-24,2013,9,Sep,3,Spring,2013-09,267,17.5,28.4,0.0,7.4,5.3,WSW,39.0,E,ENE,2,9,32,32,1004.1,1000.4,7.0,5.0,22.4,26.9,No,No,0,0,0,0,0,0,22.95,10.9,4.5,0,-3.7,5.5,Dry (<=1 mm),Warm (20-30),Moderate (30-50),1.71,1.89,-0.98,-0.34,-1.89,,0
2013-09-25,2013,9,Sep,3,Spring,2013-09,268,15.6,28.8,0.0,6.4,10.7,NNE,43.0,W,NE,9,20,40,32,1009.8,1006.0,0.0,1.0,23.4,27.3,No,No,0,0,0,0,0,0,22.2,13.2,3.9,8,-3.8,14.5,Dry (<=1 mm),Warm (20-30),Moderate (30-50),1.81,1.15,-0.98,-0.04,-1.14,,0
2013-09-26,2013,9,Sep,3,Spring,2013-09,269,16.2,31.8,0.0,8.4,11.4,W,41.0,NW,WNW,17,35,30,20,1002.9,1005.8,0.0,0.0,26.9,26.3,No,No,0,0,0,0,0,0,24.0,15.6,-0.6,10,2.9,26.0,Dry (<=1 mm),Hot (30-35),Moderate (30-50),2.61,1.39,-1.67,-0.19,-2.05,,0
2013-09-27,2013,9,Sep,3,Spring,2013-09,270,12.7,22.6,0.0,12.2,11.4,W,46.0,W,E,19,19,29,39,1019.9,1016.6,0.0,0.0,18.1,19.9,No,No,0,0,0,0,0,0,17.65,9.9,1.8,-10,-3.3,19.0,Dry (<=1 mm),Warm (20-30),Moderate (30-50),0.16,0.03,-0.57,0.18,0.2,,0
2013-09-28,2013,9,Sep,3,Spring,2013-09,271,11.7,29.3,0.0,8.0,11.5,W,76.0,W,W,13,39,47,13,1011.1,1005.2,1.0,1.0,18.9,27.9,No,No,0,0,0,0,0,0,20.5,17.6,9.0,34,-5.9,26.0,Dry (<=1 mm),Warm (20-30),Gale-force (>=70),1.94,-0.35,-2.08,2.45,-0.96,,0
2013-09-29,2013,9,Sep,3,Spring,2013-09,272,14.4,22.8,0.0,9.8,10.8,W,41.0,W,E,13,22,34,35,1017.4,1014.8,1.0,1.0,19.4,20.8,No,No,0,0,0,0,0,0,18.6,8.4,1.4,-1,-2.6,17.5,Dry (<=1 mm),Warm (20-30),Moderate (30-50),0.22,0.69,-0.8,-0.19,-0.13,,0
2013-09-30,2013,9,Sep,3,Spring,2013-09,273,12.4,27.4,0.0,6.4,10.6,NNE,35.0,W,NE,6,17,46,35,1016.6,1010.7,6.0,3.0,20.3,26.2,No,No,0,0,0,0,0,0,19.9,15.0,5.9,11,-5.9,11.5,Dry (<=1 mm),Warm (20-30),Moderate (30-50),1.44,-0.08,-0.8,-0.65,-0.23,,0
2013-10-01,2013,10,Oct,4,Spring,2013-10,274,20.2,32.2,0.0,8.6,3.0,NW,85.0,NNW,WNW,35,41,33,32,1003.8,1005.0,7.0,7.0,24.7,26.4,No,No,0,0,0,0,0,0,26.2,12.0,1.7,1,1.2,38.0,Dry (<=1 mm),Hot (30-35),Gale-force (>=70),1.94,1.9,-1.05,2.89,-2.12,,0
2013-10-02,2013,10,Oct,4,Spring,2013-10,275,13.0,26.6,0.0,9.8,11.2,NNW,48.0,NNW,ENE,17,15,31,26,1015.6,1007.6,1.0,7.0,20.8,26.0,No,No,0,0,0,0,0,0,19.8,13.6,5.2,5,-8.0,16.0,Dry (<=1 mm),Warm (20-30),Moderate (30-50),0.68,-0.62,-1.39,0.24,-0.46,,0
2013-10-03,2013,10,Oct,4,Spring,2013-10,276,15.2,18.9,0.0,10.0,3.7,WSW,65.0,WSW,S,30,24,41,41,1010.9,1014.3,2.0,4.0,17.7,17.2,No,Yes,0,1,0,0,0,0,17.05,3.7,-0.5,0,3.4,27.0,Dry (<=1 mm),Mild (<20),Strong (50-70),-1.04,0.15,-0.54,1.46,-1.12,,0
2013-10-04,2013,10,Oct,4,Spring,2013-10,277,9.7,20.4,5.0,3.8,10.6,WSW,39.0,WNW,ESE,15,15,45,37,1022.4,1019.1,2.0,1.0,16.1,19.3,Yes,No,1,0,0,0,0,1,15.05,10.7,3.2,8,-3.3,15.0,Light (1-10),Warm (20-30),Moderate (30-50),-0.71,-1.77,-0.77,-0.41,0.5,,0
2013-10-05,2013,10,Oct,4,Spring,2013-10,278,11.3,25.0,0.0,5.2,9.2,E,28.0,W,E,15,13,56,41,1016.5,1010.4,4.0,6.0,17.8,23.4,No,No,0,0,0,0,0,0,18.15,13.7,5.6,15,-6.1,14.0,Dry (<=1 mm),Warm (20-30),Light (<30),0.32,-1.21,-0.54,-1.2,-0.33,,0
2013-10-06,2013,10,Oct,4,Spring,2013-10,279,14.1,29.8,0.0,5.6,11.2,SSW,33.0,WNW,E,9,17,41,24,1010.5,1005.0,2.0,3.0,20.1,28.9,No,No,0,0,0,0,0,0,21.95,15.7,8.8,17,-5.5,13.0,Dry (<=1 mm),Warm (20-30),Moderate (30-50),1.4,-0.24,-1.5,-0.84,-1.18,,0
2013-10-07,2013,10,Oct,4,Spring,2013-10,280,15.8,21.9,0.0,9.8,10.4,SE,52.0,SSW,SSE,26,33,60,44,1011.2,1010.8,2.0,2.0,18.3,20.3,No,No,0,0,0,0,0,0,18.85,6.1,2.0,16,-0.4,29.5,Dry (<=1 mm),Warm (20-30),Strong (50-70),-0.37,0.36,-0.37,0.52,-1.08,,0
2013-10-08,2013,10,Oct,4,Spring,2013-10,281,14.3,21.9,0.0,5.8,11.2,SSE,44.0,WNW,SSE,9,22,58,49,1014.0,1015.8,1.0,5.0,17.7,19.8,No,No,0,0,0,0,0,0,18.1,7.6,2.1,9,1.8,15.5,Dry (<=1 mm),Warm (20-30),Moderate (30-50),-0.37,-0.17,-0.09,-0.05,-0.68,,0
2013-10-09,2013,10,Oct,4,Spring,2013-10,282,12.3,27.3,0.0,5.0,11.9,ENE,30.0,W,NE,13,15,59,36,1019.0,1013.1,0.0,0.0,17.6,25.7,No,No,0,0,0,0,0,0,19.8,15.0,8.1,23,-5.9,14.0,Dry (<=1 mm),Warm (20-30),Moderate (30-50),0.84,-0.86,-0.82,-1.05,0.02,,0
2013-10-10,2013,10,Oct,4,Spring,2013-10,283,17.6,37.3,0.0,10.0,10.0,S,74.0,NW,WNW,15,22,22,10,1009.7,1003.1,7.0,1.0,27.3,37.1,No,No,0,0,0,0,0,0,27.45,19.7,9.8,12,-6.6,18.5,Dry (<=1 mm),Extreme heat (>=35),Gale-force (>=70),3.08,0.99,-2.29,2.1,-1.29,Heat,1
2013-10-11,2013,10,Oct,4,Spring,2013-10,284,17.9,22.1,0.0,13.2,10.0,SSE,61.0,SSE,ENE,24,19,64,49,1013.1,1012.7,5.0,1.0,18.4,20.5,No,No,0,0,0,0,0,0,20.0,4.2,2.1,15,-0.4,21.5,Dry (<=1 mm),Warm (20-30),Strong (50-70),-0.33,1.09,-0.09,1.17,-0.81,,0
2013-10-12,2013,10,Oct,4,Spring,2013-10,285,14.3,24.7,0.0,5.8,11.2,ENE,31.0,WNW,ENE,13,24,63,62,1016.0,1009.5,0.0,0.0,18.5,23.3,No,No,0,0,0,0,0,0,19.5,10.4,4.8,1,-6.5,18.5,Dry (<=1 mm),Warm (20-30),Moderate (30-50),0.26,-0.17,0.64,-0.98,-0.4,,0
2013-10-13,2013,10,Oct,4,Spring,2013-10,286,17.5,35.0,0.0,6.6,10.8,WNW,80.0,WNW,WNW,11,46,45,10,1002.2,996.3,2.0,1.0,24.7,34.2,No,Yes,0,1,0,0,0,0,26.25,17.5,9.5,35,-5.9,28.5,Dry (<=1 mm),Extreme heat (>=35),Gale-force (>=70),2.57,0.95,-2.29,2.53,-2.35,,0
2013-10-14,2013,10,Oct,4,Spring,2013-10,287,13.1,20.7,5.0,15.2,6.7,WSW,44.0,SSW,ESE,28,24,44,34,1014.5,1014.4,5.0,2.0,14.8,19.3,Yes,No,1,0,0,0,0,1,16.9,7.6,4.5,10,-0.1,26.0,Light (1-10),Warm (20-30),Moderate (30-50),-0.64,-0.58,-0.94,-0.05,-0.61,,0
2013-10-15,2013,10,Oct,4,Spring,2013-10,288,10.7,24.3,0.0,5.8,12.1,E,33.0,WNW,NE,15,20,40,32,1022.6,1018.7,1.0,0.0,15.4,21.5,No,No,0,0,0,0,0,0,17.5,13.6,6.1,8,-3.9,17.5,Dry (<=1 mm),Warm (20-30),Moderate (30-50),0.17,-1.42,-1.05,-0.84,0.53,,0
2013-10-16,2013,10,Oct,4,Spring,2013-10,289,12.7,28.3,0.0,6.4,11.7,NE,48.0,NNE,ENE,9,35,33,32,1018.9,1012.4,1.0,1.0,21.1,25.1,No,No,0,0,0,0,0,0,20.5,15.6,4.0,1,-6.5,22.0,Dry (<=1 mm),Warm (20-30),Moderate (30-50),1.06,-0.72,-1.05,0.24,0.01,,0
2013-10-17,2013,10,Oct,4,Spring,2013-10,290,19.6,33.6,0.0,11.2,5.2,NW,80.0,N,WNW,31,43,23,10,1005.9,1003.3,7.0,7.0,27.5,31.5,No,No,0,0,0,0,0,0,26.6,14.0,4.0,13,-2.6,37.0,Dry (<=1 mm),Hot (30-35),Gale-force (>=70),2.25,1.69,-2.29,2.53,-1.82,,0
2013-10-18,2013,10,Oct,4,Spring,2013-10,291,13.7,22.1,0.0,13.4,11.2,SW,41.0,W,E,15,22,30,43,1025.8,1025.1,2.0,2.0,17.9,19.7,No,No,0,0,0,0,0,0,17.9,8.4,1.8,-13,-0.7,18.5,Dry (<=1 mm),Warm (20-30),Moderate (30-50),-0.33,-0.37,-0.43,-0.27,0.98,,0
2013-10-19,2013,10,Oct,4,Spring,2013-10,292,12.6,22.4,0.0,6.8,12.1,ENE,37.0,WNW,E,13,28,57,43,1028.1,1024.4,0.0,0.0,17.6,21.3,No,No,0,0,0,0,0,0,17.5,9.8,3.7,14,-3.7,20.5,Dry (<=1 mm),Warm (20-30),Moderate (30-50),-0.26,-0.76,-0.43,-0.55,1.31,,0
2013-10-20,2013,10,Oct,4,Spring,2013-10,293,15.5,24.4,0.0,7.2,10.9,NNE,48.0,W,ENE,4,19,65,59,1021.5,1016.5,0.0,5.0,20.7,23.4,No,No,0,0,0,0,0,0,19.95,8.9,2.7,6,-5.0,11.5,Dry (<=1 mm),Warm (20-30),Moderate (30-50),0.19,0.25,0.47,0.24,0.38,,0
2013-10-21,2013,10,Oct,4,Spring,2013-10,294,16.6,28.9,0.0,6.2,10.3,NNE,37.0,W,ESE,11,15,56,48,1016.3,1011.9,0.0,6.0,21.4,26.7,No,No,0,0,0,0,0,0,22.75,12.3,5.3,8,-4.4,13.0,Dry (<=1 mm),Warm (20-30),Moderate (30-50),1.2,0.64,-0.15,-0.55,-0.36,,0
2013-10-22,2013,10,Oct,4,Spring,2013-10,295,19.5,27.0,0.0,9.4,0.6,SW,50.0,SSW,ESE,20,7,72,65,1016.2,1011.7,7.0,8.0,21.4,24.2,No,Yes,0,1,0,0,0,0,23.25,7.5,2.8,7,-4.5,13.5,Dry (<=1 mm),Warm (20-30),Strong (50-70),0.77,1.65,0.81,0.38,-0.37,,0
2013-10-23,2013,10,Oct,4,Spring,2013-10,296,20.1,33.6,3.6,2.8,11.9,NW,63.0,NNW,W,28,31,47,16,1004.8,1002.3,3.0,1.0,27.0,32.9,Yes,No,1,0,0,0,0,1,26.85,13.5,5.9,31,-2.5,29.5,Light (1-10),Hot (30-35),Strong (50-70),2.25,1.86,-1.95,1.31,-1.98,,0
2013-10-24,2013,10,Oct,4,Spring,2013-10,297,16.4,25.9,0.0,12.4,12.5,W,70.0,WSW,WSW,20,31,41,18,1011.7,1012.9,1.0,1.0,20.2,23.7,No,No,0,0,0,0,0,0,21.15,9.5,3.5,23,1.2,25.5,Dry (<=1 mm),Warm (20-30),Gale-force (>=70),0.53,0.57,-1.84,1.81,-1.01,,0
2013-10-25,2013,10,Oct,4,Spring,2013-10,298,12.2,23.4,0.0,10.8,10.4,E,35.0,WSW,E,20,26,28,31,1023.2,1019.2,1.0,0.0,16.0,20.7,No,No,0,0,0,0,0,0,17.8,11.2,4.7,-3,-4.0,23.0,Dry (<=1 mm),Warm (20-30),Moderate (30-50),-0.03,-0.9,-1.11,-0.7,0.62,,0
2013-10-26,2013,10,Oct,4,Spring,2013-10,299,14.0,23.9,0.0,8.8,11.6,WSW,44.0,WSW,ESE,28,26,34,42,1020.9,1019.1,7.0,1.0,17.2,21.6,No,No,0,0,0,0,0,0,18.95,9.9,4.4,-8,-1.8,27.0,Dry (<=1 mm),Warm (20-30),Moderate (30-50),0.08,-0.27,-0.49,-0.05,0.29,,0
2013-10-27,2013,10,Oct,4,Spring,2013-10,300,14.6,22.3,0.0,6.0,9.1,ESE,37.0,NW,E,17,20,51,55,1022.5,1020.4,3.0,7.0,20.5,20.5,No,Yes,0,1,0,0,0,0,18.45,7.7,0.0,-4,-2.1,18.5,Dry (<=1 mm),Warm (20-30),Moderate (30-50),-0.28,-0.06,0.25,-0.55,0.52,,0
2013-10-28,2013,10,Oct,4,Spring,2013-10,301,15.6,22.3,28.2,3.2,5.7,ENE,61.0,ENE,E,15,19,81,61,1019.5,1014.3,7.0,2.0,19.5,22.2,Yes,No,1,0,0,0,0,1,18.95,6.7,2.7,20,-5.2,17.0,Heavy (25-50),Warm (20-30),Strong (50-70),-0.28,0.29,0.59,1.17,0.09,,0
2013-10-29,2013,10,Oct,4,Spring,2013-10,302,16.4,26.3,0.0,4.8,5.0,S,93.0,W,E,15,0,78,68,1006.6,1008.7,7.0,7.0,19.5,18.9,No,No,0,0,0,0,0,0,21.35,9.9,-0.6,10,2.1,7.5,Dry (<=1 mm),Warm (20-30),Gale-force (>=70),0.62,0.57,0.98,3.46,-1.73,Extreme gust,1
2013-10-30,2013,10,Oct,4,Spring,2013-10,303,13.2,22.2,0.4,7.4,12.0,W,41.0,W,E,0,0,57,49,1019.6,1018.0,6.0,2.0,16.7,21.7,No,No,0,0,0,0,0,0,17.7,9.0,5.0,8,-1.6,0.0,Dry (<=1 mm),Warm (20-30),Moderate (30-50),-0.3,-0.55,-0.09,-0.27,0.11,,0
2013-10-31,2013,10,Oct,4,Spring,2013-10,304,15.4,22.2,0.0,5.4,9.8,W,41.0,W,E,0,0,62,56,1022.0,1019.3,5.0,1.0,18.2,21.1,No,No,0,0,0,0,0,0,18.8,6.8,2.9,6,-2.7,0.0,Dry (<=1 mm),Warm (20-30),Moderate (30-50),-0.3,0.22,0.31,-0.27,0.45,,0
2013-11-01,2013,11,Nov,4,Spring,2013-11,305,17.3,21.7,0.0,8.0,7.7,W,41.0,W,E,0,0,63,61,1023.8,1020.2,7.0,7.0,19.0,21.0,No,No,0,0,0,0,0,0,19.5,4.4,2.0,2,-3.6,0.0,Dry (<=1 mm),Warm (20-30),Moderate (30-50),-0.8,-0.01,0.22,-0.32,1.33,,0
2013-11-02,2013,11,Nov,4,Spring,2013-11,306,15.9,26.1,0.0,5.6,7.1,W,41.0,W,E,0,0,71,63,1018.2,1012.5,7.0,7.0,19.3,23.5,No,No,0,0,0,0,0,0,21.0,10.2,4.2,8,-5.7,0.0,Dry (<=1 mm),Warm (20-30),Moderate (30-50),0.33,-0.62,0.35,-0.32,0.44,,0
2013-11-03,2013,11,Nov,4,Spring,2013-11,307,18.7,34.2,0.0,7.6,7.4,W,41.0,W,E,0,0,49,11,1010.3,1006.1,7.0,6.0,23.8,32.8,No,No,0,0,0,0,0,0,26.45,15.5,9.0,38,-4.2,0.0,Dry (<=1 mm),Hot (30-35),Moderate (30-50),2.41,0.6,-3.19,-0.32,-0.82,Very dry,1
2013-11-04,2013,11,Nov,4,Spring,2013-11,308,14.8,20.5,0.0,11.2,11.7,W,41.0,W,E,0,0,34,38,1022.5,1024.0,1.0,1.0,17.0,19.0,No,No,0,0,0,0,0,0,17.65,5.7,2.0,-4,1.5,0.0,Dry (<=1 mm),Warm (20-30),Moderate (30-50),-1.11,-1.1,-1.35,-0.32,1.12,,0
2013-11-05,2013,11,Nov,4,Spring,2013-11,309,15.0,21.4,0.0,9.8,4.3,ESE,33.0,W,ESE,0,20,58,47,1028.0,1026.5,7.0,5.0,16.6,19.1,No,No,0,0,0,0,0,0,18.2,6.4,2.5,11,-1.5,10.0,Dry (<=1 mm),Warm (20-30),Moderate (30-50),-0.88,-1.01,-0.74,-1.01,1.99,,0
2013-11-06,2013,11,Nov,4,Spring,2013-11,310,11.8,21.4,0.0,4.6,12.2,ENE,43.0,W,E,11,30,58,51,1024.3,1019.2,1.0,1.0,17.4,20.7,No,No,0,0,0,0,0,0,16.6,9.6,3.3,7,-5.1,20.5,Dry (<=1 mm),Warm (20-30),Moderate (30-50),-0.88,-2.4,-0.46,-0.14,1.41,,0
2013-11-07,2013,11,Nov,4,Spring,2013-11,311,15.0,26.2,0.0,8.0,11.9,NNE,48.0,W,ENE,11,22,59,51,1017.1,1012.2,0.0,1.0,20.6,24.7,No,No,0,0,0,0,0,0,20.6,11.2,4.1,8,-4.9,16.5,Dry (<=1 mm),Warm (20-30),Moderate (30-50),0.35,-1.01,-0.46,0.29,0.26,,0
2013-11-08,2013,11,Nov,4,Spring,2013-11,312,17.9,28.1,0.0,9.4,8.3,W,63.0,W,NNE,4,28,43,44,1011.0,1006.4,3.0,6.0,24.5,27.6,No,No,0,0,0,0,0,0,23.0,10.2,3.1,-1,-4.6,16.0,Dry (<=1 mm),Warm (20-30),Strong (50-70),0.84,0.25,-0.94,1.59,-0.71,,0
2013-11-09,2013,11,Nov,4,Spring,2013-11,313,22.3,33.3,0.0,10.4,9.5,SSE,48.0,WNW,SE,9,20,46,37,1006.4,1006.6,4.0,3.0,24.8,28.4,No,Yes,0,1,0,0,0,0,27.8,11.0,3.6,9,0.2,14.5,Dry (<=1 mm),Hot (30-35),Moderate (30-50),2.18,2.17,-1.42,0.29,-1.44,,0
2013-11-10,2013,11,Nov,4,Spring,2013-11,314,15.7,18.9,11.6,9.6,0.7,SE,50.0,SSW,SE,15,22,87,62,1017.5,1017.2,8.0,7.0,15.8,18.7,Yes,Yes,1,1,0,0,0,1,17.3,3.2,2.9,25,-0.3,18.5,Moderate (10-25),Mild (<20),Strong (50-70),-1.52,-0.71,0.28,0.46,0.33,,0
2013-11-11,2013,11,Nov,4,Spring,2013-11,315,15.1,18.4,39.6,9.4,0.0,SE,54.0,SSE,SSE,31,28,91,91,1018.1,1016.4,8.0,7.0,16.0,17.3,Yes,Yes,1,1,0,0,0,1,16.75,3.3,1.3,0,-1.7,29.5,Heavy (25-50),Mild (<20),Strong (50-70),-1.65,-0.97,2.26,0.81,0.42,,0
2013-11-12,2013,11,Nov,4,Spring,2013-11,316,15.6,22.8,20.2,1.8,4.9,ENE,28.0,N,E,4,6,92,66,1013.2,1011.8,8.0,7.0,17.4,21.9,Yes,Yes,1,1,0,0,0,1,19.2,7.2,4.5,26,-1.4,5.0,Moderate (10-25),Warm (20-30),Light (<30),-0.52,-0.75,0.56,-1.44,-0.36,,0
2013-11-13,2013,11,Nov,4,Spring,2013-11,317,15.1,27.6,7.4,3.2,13.0,ENE,37.0,W,E,20,24,59,59,1014.4,1011.2,1.0,3.0,20.7,23.2,Yes,No,1,0,0,0,0,1,21.35,12.5,2.5,0,-3.2,22.0,Light (1-10),Warm (20-30),Moderate (30-50),0.71,-0.97,0.08,-0.66,-0.17,,0
2013-11-14,2013,11,Nov,4,Spring,2013-11,318,16.9,27.0,0.0,9.6,13.2,ENE,33.0,WNW,E,15,20,32,45,1014.1,1011.3,0.0,1.0,22.5,23.7,No,No,0,0,0,0,0,0,21.95,10.1,1.2,-13,-2.8,17.5,Dry (<=1 mm),Warm (20-30),Moderate (30-50),0.56,-0.18,-0.87,-1.01,-0.21,,0
2013-11-15,2013,11,Nov,4,Spring,2013-11,319,15.9,23.3,0.0,7.8,8.0,ESE,69.0,NNW,SE,2,26,68,62,1015.8,1014.6,3.0,6.0,20.7,22.6,No,Yes,0,1,0,0,0,0,19.6,7.4,1.9,6,-1.2,14.0,Dry (<=1 mm),Warm (20-30),Strong (50-70),-0.39,-0.62,0.28,2.11,0.06,,0
2013-11-16,2013,11,Nov,4,Spring,2013-11,320,15.7,21.7,23.0,4.8,5.6,SSE,50.0,SSE,SSE,19,33,74,75,1016.0,1014.5,7.0,7.0,18.0,18.8,Yes,Yes,1,1,0,0,0,1,18.7,6.0,0.8,-1,-1.5,26.0,Moderate (10-25),Warm (20-30),Strong (50-70),-0.8,-0.71,1.17,0.46,0.09,,0
2013-11-17,2013,11,Nov,4,Spring,2013-11,321,14.8,18.0,40.8,5.6,0.0,SSE,50.0,SSW,SSE,22,17,83,83,1015.5,1014.5,7.0,8.0,16.4,16.8,Yes,Yes,1,1,0,0,0,1,16.4,3.2,0.4,0,-1.0,19.5,Heavy (25-50),Mild (<20),Strong (50-70),-1.75,-1.1,1.72,0.46,0.01,,0
2013-11-18,2013,11,Nov,4,Spring,2013-11,322,15.2,20.0,11.2,4.0,0.0,S,59.0,S,SSE,30,24,80,91,1013.3,1010.5,8.0,8.0,17.9,18.4,Yes,Yes,1,1,0,0,0,1,17.6,4.8,0.5,-11,-2.8,27.0,Moderate (10-25),Warm (20-30),Strong (50-70),-1.24,-0.92,2.26,1.24,-0.34,,0
2013-11-19,2013,11,Nov,4,Spring,2013-11,323,16.4,25.4,17.6,2.0,10.3,S,39.0,SSW,SSE,17,17,79,55,1011.4,1010.3,6.0,2.0,20.0,24.5,Yes,No,1,0,0,0,0,1,20.9,9.0,4.5,24,-1.1,17.0,Moderate (10-25),Warm (20-30),Moderate (30-50),0.15,-0.4,-0.19,-0.49,-0.64,,0
2013-11-20,2013,11,Nov,4,Spring,2013-11,324,16.6,24.9,0.2,6.8,12.0,E,33.0,W,E,11,22,71,66,1012.4,1010.7,4.0,1.0,20.8,24.2,No,No,0,0,0,0,0,0,20.75,8.3,3.4,5,-1.7,16.5,Dry (<=1 mm),Warm (20-30),Moderate (30-50),0.02,-0.31,0.56,-1.01,-0.48,,0
2013-11-21,2013,11,Nov,4,Spring,2013-11,325,20.1,24.6,0.0,6.2,9.8,ENE,52.0,NNE,NE,15,24,64,64,1012.8,1010.4,6.0,5.0,23.6,23.5,No,Yes,0,1,0,0,0,0,22.35,4.5,-0.1,0,-2.4,19.5,Dry (<=1 mm),Warm (20-30),Strong (50-70),-0.06,1.21,0.42,0.64,-0.42,,0
2013-11-22,2013,11,Nov,4,Spring,2013-11,326,19.9,24.3,3.0,9.8,2.9,NE,69.0,NE,NNE,28,39,79,67,1009.1,1006.6,7.0,7.0,21.1,22.6,Yes,Yes,1,1,0,0,0,1,22.1,4.4,1.5,12,-2.5,33.5,Light (1-10),Warm (20-30),Strong (50-70),-0.14,1.12,0.63,2.11,-1.01,,0
2013-11-23,2013,11,Nov,4,Spring,2013-11,327,18.1,25.0,7.4,4.0,9.3,NE,31.0,WNW,NE,9,7,78,60,1005.8,1003.2,3.0,5.0,21.7,22.6,Yes,Yes,1,1,0,0,0,1,21.55,6.9,0.9,18,-2.6,8.0,Light (1-10),Warm (20-30),Moderate (30-50),0.04,0.34,0.15,-1.18,-1.53,,0
2013-11-24,2013,11,Nov,4,Spring,2013-11,328,16.8,23.8,3.6,5.0,13.0,SE,41.0,SSE,SE,7,20,58,51,1006.3,1005.2,1.0,2.0,20.8,22.7,Yes,No,1,0,0,0,0,1,20.3,7.0,1.9,7,-1.1,13.5,Light (1-10),Warm (20-30),Moderate (30-50),-0.26,-0.23,-0.46,-0.32,-1.45,,0
2013-11-25,2013,11,Nov,4,Spring,2013-11,329,16.4,23.3,0.0,8.2,10.3,SSW,61.0,SW,S,6,35,57,69,1008.1,1009.1,3.0,7.0,20.8,20.0,No,Yes,0,1,0,0,0,0,19.85,6.9,-0.8,-12,1.0,20.5,Dry (<=1 mm),Warm (20-30),Strong (50-70),-0.39,-0.4,0.76,1.42,-1.17,,0
2013-11-26,2013,11,Nov,4,Spring,2013-11,330,14.7,22.9,4.2,7.4,7.7,SSE,41.0,WSW,SSE,13,22,61,46,1016.7,1016.4,7.0,1.0,17.0,22.2,Yes,No,1,0,0,0,0,1,18.8,8.2,5.2,15,-0.3,17.5,Light (1-10),Warm (20-30),Moderate (30-50),-0.5,-1.14,-0.81,-0.32,0.2,,0
2013-11-27,2013,11,Nov,4,Spring,2013-11,331,13.7,23.9,0.0,5.6,12.6,E,30.0,WNW,E,13,20,52,48,1018.3,1014.8,1.0,1.0,19.5,22.5,No,No,0,0,0,0,0,0,18.8,10.2,3.0,4,-3.5,16.5,Dry (<=1 mm),Warm (20-30),Moderate (30-50),-0.24,-1.58,-0.67,-1.27,0.45,,0
2013-11-28,2013,11,Nov,4,Spring,2013-11,332,16.6,26.5,0.0,8.0,11.2,NNE,46.0,NNE,NE,9,19,56,60,1011.7,1005.0,6.0,7.0,23.3,25.6,No,No,0,0,0,0,0,0,21.55,9.9,2.3,-4,-6.7,14.0,Dry (<=1 mm),Warm (20-30),Moderate (30-50),0.43,-0.31,0.15,0.12,-0.59,,0
2013-11-29,2013,11,Nov,4,Spring,2013-11,333,19.5,20.9,0.2,10.6,0.0,S,59.0,SSE,S,13,19,72,83,1005.8,1008.8,8.0,7.0,20.9,17.1,No,Yes,0,1,0,0,1,0,20.2,1.4,-3.8,-11,3.0,16.0,Dry (<=1 mm),Warm (20-30),Strong (50-70),-1.01,0.95,1.72,1.24,-1.53,,0
2013-11-30,2013,11,Nov,4,Spring,2013-11,334,14.9,22.9,2.8,3.4,7.3,SW,44.0,S,SE,22,20,59,49,1018.8,1019.5,7.0,2.0,18.5,21.9,Yes,No,1,0,0,0,0,1,18.9,8.0,3.4,10,0.7,21.0,Light (1-10),Warm (20-30),Moderate (30-50),-0.5,-1.05,-0.6,-0.06,0.53,,0
2013-12-01,2013,12,Dec,4,Summer,2013-12,335,14.0,22.7,0.0,7.0,7.5,ESE,35.0,WNW,E,6,17,64,49,1025.1,1024.3,5.0,4.0,19.0,21.8,No,No,0,0,0,0,0,0,18.35,8.7,2.8,15,-0.8,11.5,Dry (<=1 mm),Warm (20-30),Moderate (30-50),-0.91,-2.04,-0.59,-0.84,1.87,,0
2013-12-02,2013,12,Dec,4,Summer,2013-12,336,15.2,24.1,0.0,5.0,12.1,ENE,37.0,E,ENE,11,22,52,44,1022.5,1019.6,4.0,5.0,21.3,23.3,No,No,0,0,0,0,0,0,19.65,8.9,2.0,8,-2.9,16.5,Dry (<=1 mm),Warm (20-30),Moderate (30-50),-0.5,-1.5,-0.93,-0.67,1.43,,0
2013-12-03,2013,12,Dec,4,Summer,2013-12,337,15.2,24.6,0.0,8.0,13.3,ENE,48.0,N,NE,11,30,51,52,1017.6,1013.5,2.0,1.0,22.8,23.4,No,No,0,0,0,0,0,0,19.9,9.4,0.6,-1,-4.1,20.5,Dry (<=1 mm),Warm (20-30),Moderate (30-50),-0.36,-1.5,-0.38,0.24,0.6,,0
2013-12-04,2013,12,Dec,4,Summer,2013-12,338,17.8,27.8,0.0,8.8,7.9,NNE,54.0,ENE,E,13,15,61,63,1006.3,1000.5,5.0,7.0,23.5,24.9,No,Yes,0,1,0,0,0,0,22.8,10.0,1.4,-2,-5.8,14.0,Dry (<=1 mm),Warm (20-30),Strong (50-70),0.57,-0.35,0.37,0.74,-1.32,,0
2013-12-05,2013,12,Dec,4,Summer,2013-12,339,19.0,26.3,4.0,8.0,8.4,W,78.0,SSW,W,4,48,80,32,996.7,996.9,7.0,6.0,21.5,22.3,Yes,No,1,0,0,0,0,1,22.65,7.3,0.8,48,0.2,26.0,Light (1-10),Warm (20-30),Gale-force (>=70),0.14,0.19,-1.74,2.72,-2.94,,0
2013-12-06,2013,12,Dec,4,Summer,2013-12,340,12.7,22.9,0.0,10.0,13.6,WSW,59.0,W,ESE,26,24,37,39,1011.7,1013.3,1.0,1.0,17.1,22.0,No,No,0,0,0,0,0,0,17.8,10.2,4.9,-2,1.6,25.0,Dry (<=1 mm),Warm (20-30),Strong (50-70),-0.85,-2.62,-1.27,1.15,-0.4,,0
2013-12-07,2013,12,Dec,4,Summer,2013-12,341,13.6,25.0,0.0,7.6,12.6,NNE,30.0,W,E,13,22,47,45,1020.4,1018.3,3.0,6.0,20.0,23.9,No,No,0,0,0,0,0,0,19.3,11.4,3.9,2,-2.1,17.5,Dry (<=1 mm),Warm (20-30),Moderate (30-50),-0.24,-2.22,-0.86,-1.25,1.07,,0
2013-12-08,2013,12,Dec,4,Summer,2013-12,342,16.2,25.6,0.0,7.2,11.4,NE,46.0,E,NE,9,26,58,45,1019.0,1013.5,3.0,2.0,22.6,25.3,No,No,0,0,0,0,0,0,20.9,9.4,2.7,13,-5.5,17.5,Dry (<=1 mm),Warm (20-30),Moderate (30-50),-0.07,-1.06,-0.86,0.07,0.84,,0
2013-12-09,2013,12,Dec,4,Summer,2013-12,343,19.3,29.8,0.0,10.0,4.1,N,56.0,ESE,NE,6,6,52,46,1009.1,1004.0,7.0,7.0,25.4,29.2,No,No,0,0,0,0,0,0,24.55,10.5,3.8,6,-5.1,6.0,Dry (<=1 mm),Warm (20-30),Strong (50-70),1.15,0.32,-0.79,0.9,-0.84,,0
2013-12-10,2013,12,Dec,4,Summer,2013-12,344,23.0,33.0,0.0,8.0,12.0,W,54.0,WNW,ESE,24,13,34,33,1002.5,1002.6,1.0,1.0,28.6,30.4,No,No,0,0,0,0,0,0,28.0,10.0,1.8,1,0.1,18.5,Dry (<=1 mm),Hot (30-35),Strong (50-70),2.08,1.96,-1.67,0.74,-1.96,,0
2013-12-11,2013,12,Dec,4,Summer,2013-12,345,18.1,28.0,0.0,11.2,13.2,ENE,31.0,WSW,E,13,24,31,40,1009.7,1005.0,1.0,3.0,23.7,24.9,No,No,0,0,0,0,0,0,23.05,9.9,1.2,-9,-4.7,18.5,Dry (<=1 mm),Warm (20-30),Moderate (30-50),0.63,-0.21,-1.2,-1.17,-0.74,,0
2013-12-12,2013,12,Dec,4,Summer,2013-12,346,19.9,24.8,0.0,10.4,9.7,NE,46.0,E,ENE,15,28,69,59,1011.9,1009.8,6.0,2.0,20.6,24.0,No,No,0,0,0,0,0,0,22.35,4.9,3.4,10,-2.1,21.5,Dry (<=1 mm),Warm (20-30),Moderate (30-50),-0.3,0.59,0.09,0.07,-0.37,,0
2013-12-13,2013,12,Dec,4,Summer,2013-12,347,18.9,26.3,0.0,6.8,13.0,ENE,46.0,ESE,ENE,9,30,63,63,1012.5,1009.8,1.0,1.0,24.3,25.1,No,No,0,0,0,0,0,0,22.6,7.4,0.8,0,-2.7,19.5,Dry (<=1 mm),Warm (20-30),Moderate (30-50),0.14,0.14,0.37,0.07,-0.27,,0
2013-12-14,2013,12,Dec,4,Summer,2013-12,348,20.6,26.7,0.0,8.8,9.8,SSE,50.0,S,SSE,30,31,65,56,1014.8,1015.0,3.0,5.0,23.7,23.6,No,Yes,0,1,0,0,0,0,23.65,6.1,-0.1,9,0.2,30.5,Dry (<=1 mm),Warm (20-30),Strong (50-70),0.25,0.9,-0.11,0.4,0.12,,0
2013-12-15,2013,12,Dec,4,Summer,2013-12,349,19.1,24.6,1.2,7.8,2.0,ESE,30.0,NE,E,2,19,81,59,1018.6,1016.9,7.0,5.0,20.1,23.8,Yes,Yes,1,1,0,0,0,1,21.85,5.5,3.7,22,-1.7,10.5,Light (1-10),Warm (20-30),Moderate (30-50),-0.36,0.23,0.09,-1.25,0.77,,0
2013-12-16,2013,12,Dec,4,Summer,2013-12,350,18.7,24.8,2.2,7.0,6.4,ENE,35.0,NE,ENE,9,24,83,60,1020.6,1019.2,7.0,3.0,20.1,23.9,Yes,No,1,0,0,0,0,1,21.75,6.1,3.8,23,-1.4,16.5,Light (1-10),Warm (20-30),Moderate (30-50),-0.3,0.05,0.16,-0.84,1.11,,0
2013-12-17,2013,12,Dec,4,Summer,2013-12,351,18.7,26.0,0.2,3.6,11.9,NE,44.0,NNE,ENE,9,30,60,52,1021.8,1019.5,6.0,1.0,22.5,24.7,No,No,0,0,0,0,0,0,22.35,7.3,2.2,8,-2.3,19.5,Dry (<=1 mm),Warm (20-30),Moderate (30-50),0.05,0.05,-0.38,-0.09,1.31,,0
2013-12-18,2013,12,Dec,4,Summer,2013-12,352,20.6,26.0,0.0,10.0,12.9,ENE,33.0,ENE,ENE,15,26,57,54,1024.2,1022.9,3.0,1.0,24.5,24.5,No,No,0,0,0,0,0,0,23.3,5.4,0.0,3,-1.3,20.5,Dry (<=1 mm),Warm (20-30),Moderate (30-50),0.05,0.9,-0.25,-1.0,1.72,,0
2013-12-19,2013,12,Dec,4,Summer,2013-12,353,18.9,26.4,0.0,9.0,12.9,NNE,56.0,NE,NE,17,28,60,59,1022.5,1018.8,2.0,1.0,23.1,25.1,No,No,0,0,0,0,0,0,22.65,7.5,2.0,1,-3.7,22.5,Dry (<=1 mm),Warm (20-30),Strong (50-70),0.17,0.14,0.09,0.9,1.43,,0
2013-12-20,2013,12,Dec,4,Summer,2013-12,354,20.3,33.5,0.0,10.0,10.1,ENE,43.0,E,E,6,9,59,40,1016.3,1011.6,2.0,3.0,26.2,31.4,No,No,0,0,0,0,0,0,26.9,13.2,5.2,19,-4.7,7.5,Dry (<=1 mm),Hot (30-35),Moderate (30-50),2.23,0.76,-1.2,-0.17,0.38,,0
2013-12-21,2013,12,Dec,4,Summer,2013-12,355,21.5,27.8,0.0,11.6,9.9,SSE,57.0,SSW,SSE,28,37,59,57,1016.8,1015.4,6.0,1.0,25.1,26.5,No,No,0,0,0,0,0,0,24.65,6.3,1.4,2,-1.4,32.5,Dry (<=1 mm),Warm (20-30),Strong (50-70),0.57,1.3,-0.04,0.98,0.46,,0
2013-12-22,2013,12,Dec,4,Summer,2013-12,356,21.7,28.7,0.0,8.0,6.9,NNE,52.0,NE,E,9,9,67,66,1012.6,1008.3,7.0,7.0,25.5,26.8,No,No,0,0,0,0,0,0,25.2,7.0,1.3,1,-4.3,9.0,Dry (<=1 mm),Warm (20-30),Strong (50-70),0.83,1.39,0.57,0.57,-0.25,,0
2013-12-23,2013,12,Dec,4,Summer,2013-12,357,22.4,36.0,0.0,7.6,4.0,S,57.0,ESE,ESE,11,9,61,34,1007.2,1004.3,7.0,7.0,27.5,31.5,No,No,0,0,0,0,0,0,29.2,13.6,4.0,27,-2.9,10.0,Dry (<=1 mm),Extreme heat (>=35),Strong (50-70),2.95,1.7,-1.61,0.98,-1.16,,0
2013-12-24,2013,12,Dec,4,Summer,2013-12,358,19.2,22.9,0.0,6.6,0.0,SSE,41.0,SSE,SSE,24,17,58,56,1018.3,1018.5,7.0,7.0,21.8,22.1,No,No,0,0,0,0,0,0,21.05,3.7,0.3,2,0.2,20.5,Dry (<=1 mm),Warm (20-30),Moderate (30-50),-0.85,0.27,-0.11,-0.34,0.72,,0
2013-12-25,2013,12,Dec,4,Summer,2013-12,359,18.7,21.5,0.6,3.6,0.0,ENE,35.0,W,NE,6,13,85,88,1019.3,1016.4,8.0,8.0,18.9,20.1,No,Yes,0,1,0,0,0,0,20.1,2.8,1.2,-3,-2.9,9.5,Dry (<=1 mm),Warm (20-30),Moderate (30-50),-1.26,0.05,2.07,-0.84,0.89,,0
2013-12-26,2013,12,Dec,4,Summer,2013-12,360,18.7,26.6,21.0,1.2,9.5,SW,43.0,SSW,ESE,13,24,82,51,1012.3,1010.5,7.0,1.0,21.5,25.2,Yes,Yes,1,1,0,0,0,1,22.65,7.9,3.7,31,-1.8,18.5,Moderate (10-25),Warm (20-30),Moderate (30-50),0.22,0.05,-0.45,-0.17,-0.3,,0
2013-12-27,2013,12,Dec,4,Summer,2013-12,361,17.9,24.8,1.8,6.2,10.5,ENE,31.0,W,ENE,9,22,78,64,1012.5,1010.7,5.0,5.0,21.0,24.3,Yes,No,1,0,0,0,0,1,21.35,6.9,3.3,14,-1.8,15.5,Light (1-10),Warm (20-30),Moderate (30-50),-0.3,-0.3,0.43,-1.17,-0.27,,0
2013-12-28,2013,12,Dec,4,Summer,2013-12,362,19.4,25.5,0.0,5.6,12.4,NNE,54.0,ENE,NE,19,28,62,63,1012.3,1007.6,4.0,1.0,23.6,24.9,No,No,0,0,0,0,0,0,22.45,6.1,1.3,-1,-4.7,23.5,Dry (<=1 mm),Warm (20-30),Strong (50-70),-0.1,0.36,0.37,0.74,-0.3,,0
2013-12-29,2013,12,Dec,4,Summer,2013-12,363,20.0,24.6,0.0,10.2,11.7,SSE,78.0,SSE,SSE,39,28,65,47,1009.5,1012.9,2.0,1.0,21.4,23.5,No,No,0,0,0,0,0,0,22.3,4.6,2.1,18,3.4,33.5,Dry (<=1 mm),Warm (20-30),Gale-force (>=70),-0.36,0.63,-0.72,2.72,-0.77,,0
2013-12-30,2013,12,Dec,4,Summer,2013-12,364,18.8,24.2,0.0,11.4,10.2,ENE,43.0,E,ENE,9,24,47,49,1015.3,1011.7,5.0,1.0,22.1,23.4,No,No,0,0,0,0,0,0,21.5,5.4,1.3,-2,-3.6,16.5,Dry (<=1 mm),Warm (20-30),Moderate (30-50),-0.47,0.1,-0.59,-0.17,0.21,,0
2013-12-31,2013,12,Dec,4,Summer,2013-12,365,17.5,26.2,0.0,6.4,10.6,ESE,37.0,W,ESE,9,24,60,55,1013.2,1011.0,2.0,1.0,22.5,25.9,No,No,0,0,0,0,0,0,21.85,8.7,3.4,5,-2.2,16.5,Dry (<=1 mm),Warm (20-30),Moderate (30-50),0.11,-0.48,-0.18,-0.67,-0.15,,0
2014-01-01,2014,1,Jan,1,Summer,2014-01,1,20.5,27.1,0.0,7.4,5.9,W,41.0,NNE,NE,13,24,58,62,1014.6,1011.3,5.0,8.0,24.4,24.9,No,No,0,0,0,0,0,0,23.8,6.6,0.5,-4,-3.3,18.5,Dry (<=1 mm),Warm (20-30),Moderate (30-50),-0.1,0.09,0.25,-0.27,0.1,,0
2014-01-02,2014,1,Jan,1,Summer,2014-01,2,22.3,36.5,0.0,8.0,3.5,WSW,52.0,ESE,WSW,6,33,50,22,1003.6,1002.0,7.0,7.0,27.1,34.5,No,No,0,0,0,0,0,0,29.4,14.2,7.4,28,-1.6,19.5,Dry (<=1 mm),Extreme heat (>=35),Strong (50-70),2.35,0.94,-2.6,0.77,-1.95,,0
2014-01-03,2014,1,Jan,1,Summer,2014-01,3,21.0,26.2,0.2,5.6,5.6,ENE,37.0,ENE,ENE,13,26,62,52,1005.3,1000.0,7.0,6.0,22.2,24.8,No,No,0,0,0,0,0,0,23.6,5.2,2.6,10,-5.3,19.5,Dry (<=1 mm),Warm (20-30),Moderate (30-50),-0.33,0.33,-0.46,-0.64,-1.63,,0
2014-01-04,2014,1,Jan,1,Summer,2014-01,4,20.1,27.5,0.0,7.4,11.2,S,57.0,SSW,E,17,22,60,54,1003.4,1002.3,1.0,1.0,22.9,24.6,No,No,0,0,0,0,0,0,23.8,7.4,1.7,6,-1.1,19.5,Dry (<=1 mm),Warm (20-30),Strong (50-70),0.01,-0.1,-0.32,1.24,-1.99,,0
2014-01-05,2014,1,Jan,1,Summer,2014-01,5,20.8,26.0,0.0,8.2,12.2,NNE,59.0,NNE,NE,9,22,63,70,1010.5,1005.7,6.0,2.0,24.2,24.9,No,No,0,0,0,0,0,0,23.4,5.2,0.7,-7,-4.8,15.5,Dry (<=1 mm),Warm (20-30),Strong (50-70),-0.39,0.23,0.82,1.43,-0.66,,0
2014-01-06,2014,1,Jan,1,Summer,2014-01,6,19.6,32.0,0.0,9.4,12.8,W,43.0,WSW,SE,17,26,30,26,1008.9,1007.3,1.0,1.0,25.3,28.9,No,No,0,0,0,0,0,0,25.8,12.4,3.6,4,-1.6,21.5,Dry (<=1 mm),Hot (30-35),Moderate (30-50),1.18,-0.33,-2.31,-0.08,-0.96,,0
2014-01-07,2014,1,Jan,1,Summer,2014-01,7,18.3,21.6,0.0,11.4,1.7,SSE,44.0,SSE,SE,26,13,55,63,1018.3,1019.4,5.0,7.0,20.9,19.5,No,Yes,0,1,0,0,0,0,19.95,3.3,-1.4,-8,1.1,19.5,Dry (<=1 mm),Warm (20-30),Moderate (30-50),-1.53,-0.94,0.32,0.02,0.8,,0
2014-01-08,2014,1,Jan,1,Summer,2014-01,8,16.2,22.3,5.8,7.6,0.4,SE,35.0,SE,SE,11,15,68,60,1023.7,1022.4,7.0,7.0,18.3,20.5,Yes,No,1,0,0,0,0,1,19.25,6.1,2.2,8,-1.3,13.0,Light (1-10),Warm (20-30),Moderate (30-50),-1.35,-1.93,0.11,-0.83,1.8,,0
2014-01-09,2014,1,Jan,1,Summer,2014-01,9,18.1,23.2,0.0,3.8,2.0,E,33.0,ENE,ENE,17,20,49,53,1024.3,1023.1,7.0,7.0,21.1,22.4,No,No,0,0,0,0,0,0,20.65,5.1,1.3,-4,-1.2,18.5,Dry (<=1 mm),Warm (20-30),Moderate (30-50),-1.12,-1.04,-0.39,-1.02,1.92,,0
2014-01-10,2014,1,Jan,1,Summer,2014-01,10,19.0,25.7,0.4,6.6,9.3,ENE,41.0,ESE,ENE,4,26,66,59,1022.2,1019.6,6.0,3.0,22.3,23.8,No,No,0,0,0,0,0,0,22.35,6.7,1.5,7,-2.6,15.0,Dry (<=1 mm),Warm (20-30),Moderate (30-50),-0.46,-0.61,0.04,-0.27,1.52,,0
2014-01-11,2014,1,Jan,1,Summer,2014-01,11,19.1,29.1,0.0,7.2,10.9,ENE,35.0,W,NE,6,17,65,49,1018.9,1014.6,1.0,2.0,23.5,27.4,No,No,0,0,0,0,0,0,24.1,10.0,3.9,16,-4.3,11.5,Dry (<=1 mm),Warm (20-30),Moderate (30-50),0.42,-0.57,-0.68,-0.83,0.91,,0
2014-01-12,2014,1,Jan,1,Summer,2014-01,12,21.1,28.8,0.0,10.4,10.3,ESE,39.0,ENE,ESE,9,19,71,61,1017.7,1017.0,2.0,3.0,24.8,26.1,No,No,0,0,0,0,0,0,24.95,7.7,1.3,10,-0.7,14.0,Dry (<=1 mm),Warm (20-30),Moderate (30-50),0.35,0.37,0.18,-0.45,0.68,,0
2014-01-13,2014,1,Jan,1,Summer,2014-01,13,19.7,26.8,0.0,7.6,11.5,ESE,33.0,SW,ESE,7,17,66,53,1021.9,1020.2,6.0,2.0,21.9,24.7,No,No,0,0,0,0,0,0,23.25,7.1,2.8,13,-1.7,12.0,Dry (<=1 mm),Warm (20-30),Moderate (30-50),-0.18,-0.28,-0.39,-1.02,1.47,,0
2014-01-14,2014,1,Jan,1,Summer,2014-01,14,18.3,27.5,0.0,7.2,12.0,ENE,44.0,W,E,7,30,59,53,1022.3,1019.7,4.0,0.0,22.8,26.2,No,No,0,0,0,0,0,0,22.9,9.2,3.4,6,-2.6,18.5,Dry (<=1 mm),Warm (20-30),Moderate (30-50),0.01,-0.94,-0.39,0.02,1.54,,0
2014-01-15,2014,1,Jan,1,Summer,2014-01,15,21.2,28.8,0.0,10.0,12.8,NE,56.0,ESE,NE,2,22,62,53,1021.7,1018.2,0.0,1.0,25.6,28.2,No,No,0,0,0,0,0,0,25.0,7.6,2.6,9,-3.5,12.0,Dry (<=1 mm),Warm (20-30),Strong (50-70),0.35,0.42,-0.39,1.15,1.43,,0
2014-01-16,2014,1,Jan,1,Summer,2014-01,16,21.1,28.1,0.0,10.8,13.1,ENE,41.0,ENE,ENE,9,28,64,58,1019.2,1016.6,0.0,0.0,25.3,27.3,No,No,0,0,0,0,0,0,24.6,7.0,2.0,6,-2.6,18.5,Dry (<=1 mm),Warm (20-30),Moderate (30-50),0.16,0.37,-0.04,-0.27,0.96,,0
2014-01-17,2014,1,Jan,1,Summer,2014-01,17,21.3,27.7,0.0,10.4,12.8,NE,52.0,NNE,NE,6,26,67,57,1016.7,1014.0,2.0,0.0,24.2,27.2,No,No,0,0,0,0,0,0,24.5,6.4,3.0,10,-2.7,16.0,Dry (<=1 mm),Warm (20-30),Strong (50-70),0.06,0.47,-0.11,0.77,0.5,,0
2014-01-18,2014,1,Jan,1,Summer,2014-01,18,19.3,28.7,0.0,10.6,13.1,NE,52.0,ENE,ENE,7,22,65,51,1012.6,1009.4,0.0,0.0,25.1,28.3,No,No,0,0,0,0,0,0,24.0,9.4,3.2,14,-3.2,14.5,Dry (<=1 mm),Warm (20-30),Strong (50-70),0.32,-0.47,-0.53,0.77,-0.27,,0
2014-01-19,2014,1,Jan,1,Summer,2014-01,19,21.2,29.4,0.0,10.8,6.1,SSE,37.0,SE,SE,6,20,65,60,1010.0,1008.9,7.0,6.0,24.9,26.4,No,No,0,0,0,0,0,0,25.3,8.2,1.5,5,-1.1,13.0,Dry (<=1 mm),Warm (20-30),Moderate (30-50),0.5,0.42,0.11,-0.64,-0.75,,0
2014-01-20,2014,1,Jan,1,Summer,2014-01,20,21.7,25.9,0.0,4.2,2.8,S,37.0,SSE,ESE,11,24,71,65,1009.2,1008.0,6.0,7.0,24.1,25.1,No,Yes,0,1,0,0,0,0,23.8,4.2,1.0,6,-1.2,17.5,Dry (<=1 mm),Warm (20-30),Moderate (30-50),-0.41,0.66,0.46,-0.64,-0.9,,0
2014-01-21,2014,1,Jan,1,Summer,2014-01,21,19.8,25.0,5.0,5.0,0.6,E,33.0,E,E,20,15,79,68,1010.2,1008.0,7.0,7.0,21.6,23.9,Yes,Yes,1,1,0,0,0,1,22.4,5.2,2.3,11,-2.2,17.5,Light (1-10),Warm (20-30),Moderate (30-50),-0.65,-0.24,0.68,-1.02,-0.72,,0
2014-01-22,2014,1,Jan,1,Summer,2014-01,22,19.8,22.8,3.0,2.8,0.0,SSE,43.0,SE,SSE,15,24,74,60,1017.7,1019.9,7.0,7.0,21.8,22.3,Yes,No,1,0,0,0,0,1,21.3,3.0,0.5,14,2.2,19.5,Light (1-10),Warm (20-30),Moderate (30-50),-1.22,-0.24,0.11,-0.08,0.68,,0
2014-01-23,2014,1,Jan,1,Summer,2014-01,23,20.2,24.7,0.2,4.4,4.6,E,31.0,E,E,20,20,60,54,1023.2,1021.0,5.0,7.0,22.4,23.5,No,No,0,0,0,0,0,0,22.45,4.5,1.1,6,-2.2,20.0,Dry (<=1 mm),Warm (20-30),Moderate (30-50),-0.72,-0.05,-0.32,-1.21,1.71,,0
2014-01-24,2014,1,Jan,1,Summer,2014-01,24,19.7,26.3,0.0,7.4,1.5,NNE,52.0,NNE,NE,20,28,69,61,1014.0,1008.0,8.0,8.0,23.9,26.0,No,Yes,0,1,0,0,0,0,23.0,6.6,2.1,8,-6.0,24.0,Dry (<=1 mm),Warm (20-30),Strong (50-70),-0.31,-0.28,0.18,0.77,-0.01,,0
2014-01-25,2014,1,Jan,1,Summer,2014-01,25,19.3,25.3,2.4,5.6,8.0,SE,56.0,S,SSE,20,37,63,45,1012.0,1014.8,4.0,4.0,22.5,23.3,Yes,No,1,0,0,0,0,1,22.3,6.0,0.8,18,2.8,28.5,Light (1-10),Warm (20-30),Strong (50-70),-0.57,-0.47,-0.96,1.15,-0.38,,0
2014-01-26,2014,1,Jan,1,Summer,2014-01,26,17.2,22.3,0.2,8.6,2.3,SSE,31.0,SSW,E,7,19,77,48,1023.8,1024.1,7.0,7.0,18.1,21.1,No,No,0,0,0,0,0,0,19.75,5.1,3.0,29,0.3,13.0,Dry (<=1 mm),Warm (20-30),Moderate (30-50),-1.35,-1.46,-0.75,-1.21,1.82,,0
2014-01-27,2014,1,Jan,1,Summer,2014-01,27,16.0,25.5,0.2,3.6,12.7,NE,44.0,W,ENE,13,26,56,52,1024.4,1022.3,3.0,3.0,20.6,24.7,No,No,0,0,0,0,0,0,20.75,9.5,4.1,4,-2.1,19.5,Dry (<=1 mm),Warm (20-30),Moderate (30-50),-0.52,-2.03,-0.46,0.02,1.93,,0
2014-01-28,2014,1,Jan,1,Summer,2014-01,28,19.6,26.5,0.0,9.4,13.0,NE,57.0,NNE,NE,17,28,45,56,1021.5,1018.4,1.0,1.0,24.7,25.5,No,No,0,0,0,0,0,0,23.05,6.9,0.8,-11,-3.1,22.5,Dry (<=1 mm),Warm (20-30),Strong (50-70),-0.25,-0.33,-0.18,1.24,1.39,,0
2014-01-29,2014,1,Jan,1,Summer,2014-01,29,20.3,29.1,0.0,12.0,13.0,NE,44.0,NNE,NE,6,20,54,45,1017.0,1014.0,0.0,1.0,24.5,29.0,No,No,0,0,0,0,0,0,24.7,8.8,4.5,9,-3.0,13.0,Dry (<=1 mm),Warm (20-30),Moderate (30-50),0.42,-0.0,-0.96,0.02,0.55,,0
2014-01-30,2014,1,Jan,1,Summer,2014-01,30,21.7,27.9,0.0,9.6,13.0,NE,52.0,E,NE,13,30,56,44,1019.9,1016.8,3.0,0.0,25.2,27.6,No,No,0,0,0,0,0,0,24.8,6.2,2.4,12,-3.1,21.5,Dry (<=1 mm),Warm (20-30),Strong (50-70),0.11,0.66,-1.03,0.77,1.09,,0
2014-01-31,2014,1,Jan,1,Summer,2014-01,31,20.3,28.3,0.0,12.6,13.0,NE,44.0,NE,NE,17,26,51,45,1014.9,1012.0,1.0,1.0,24.7,27.2,No,No,0,0,0,0,0,0,24.3,8.0,2.5,6,-2.9,21.5,Dry (<=1 mm),Warm (20-30),Moderate (30-50),0.21,-0.0,-0.96,0.02,0.16,,0
2014-02-01,2014,2,Feb,1,Summer,2014-02,32,21.7,28.7,0.0,11.0,10.6,SSE,37.0,SSW,ESE,17,17,72,59,1015.2,1012.6,6.0,3.0,23.6,26.6,No,No,0,0,0,0,0,0,25.2,7.0,3.0,13,-2.6,17.0,Dry (<=1 mm),Warm (20-30),Moderate (30-50),0.57,0.72,-0.14,-0.38,-0.06,,0
2014-02-02,2014,2,Feb,1,Summer,2014-02,33,22.3,27.4,0.0,7.2,12.7,NE,43.0,NE,NE,22,26,67,55,1015.6,1014.3,3.0,1.0,24.6,26.4,No,No,0,0,0,0,0,0,24.85,5.1,1.8,12,-1.3,24.0,Dry (<=1 mm),Warm (20-30),Moderate (30-50),0.16,1.01,-0.46,0.22,0.01,,0
2014-02-03,2014,2,Feb,1,Summer,2014-02,34,21.3,27.1,0.0,12.0,11.6,NE,56.0,NNE,NE,26,33,55,51,1015.7,1012.0,1.0,0.0,24.9,25.9,No,No,0,0,0,0,0,0,24.2,5.8,1.0,4,-3.7,29.5,Dry (<=1 mm),Warm (20-30),Strong (50-70),0.07,0.53,-0.78,1.5,0.03,,0
2014-02-04,2014,2,Feb,1,Summer,2014-02,35,20.7,25.2,0.0,12.0,1.2,SSE,61.0,ESE,S,17,31,62,83,1017.1,1019.4,7.0,8.0,25.1,19.5,No,Yes,0,1,0,0,1,0,22.95,4.5,-5.6,-21,2.3,24.0,Dry (<=1 mm),Warm (20-30),Strong (50-70),-0.53,0.24,1.75,2.0,0.27,,0
2014-02-05,2014,2,Feb,1,Summer,2014-02,36,17.5,24.5,3.2,5.2,3.1,SSE,41.0,SSE,SSE,26,26,59,46,1023.9,1022.3,6.0,7.0,20.6,22.7,Yes,Yes,1,1,0,0,0,1,21.0,7.0,2.1,13,-1.6,26.0,Light (1-10),Warm (20-30),Moderate (30-50),-0.75,-1.28,-1.17,0.02,1.48,,0
2014-02-06,2014,2,Feb,1,Summer,2014-02,37,17.1,23.3,1.2,7.2,3.2,E,26.0,WSW,ESE,11,17,67,48,1020.3,1017.7,8.0,7.0,19.2,23.2,Yes,No,1,0,0,0,0,1,20.2,6.2,4.0,19,-2.6,14.0,Light (1-10),Warm (20-30),Light (<30),-1.12,-1.47,-1.01,-1.47,0.84,,0
2014-02-07,2014,2,Feb,1,Summer,2014-02,38,15.5,25.4,0.2,4.2,12.3,ENE,41.0,W,ENE,11,30,63,52,1017.7,1015.2,1.0,1.0,19.6,25.0,No,No,0,0,0,0,0,0,20.45,9.9,5.4,11,-2.5,20.5,Dry (<=1 mm),Warm (20-30),Moderate (30-50),-0.46,-2.23,-0.7,0.02,0.38,,0
2014-02-08,2014,2,Feb,1,Summer,2014-02,39,19.4,27.3,0.0,9.2,12.1,NE,44.0,SE,NE,2,26,59,53,1018.1,1016.3,0.0,0.0,24.3,25.9,No,No,0,0,0,0,0,0,23.35,7.9,1.6,6,-1.8,14.0,Dry (<=1 mm),Warm (20-30),Moderate (30-50),0.13,-0.37,-0.62,0.32,0.45,,0
2014-02-09,2014,2,Feb,1,Summer,2014-02,40,20.6,27.6,0.0,9.6,12.9,NE,48.0,ENE,NE,9,22,63,52,1018.9,1015.4,2.0,0.0,24.6,27.1,No,No,0,0,0,0,0,0,24.1,7.0,2.5,11,-3.5,15.5,Dry (<=1 mm),Warm (20-30),Moderate (30-50),0.23,0.2,-0.7,0.71,0.59,,0
2014-02-10,2014,2,Feb,1,Summer,2014-02,41,20.6,27.2,0.0,10.4,0.2,SSE,59.0,SSW,S,20,17,83,54,1019.5,1017.5,8.0,6.0,20.8,25.5,No,No,0,0,0,0,0,0,23.9,6.6,4.7,29,-2.0,18.5,Dry (<=1 mm),Warm (20-30),Strong (50-70),0.1,0.2,-0.54,1.8,0.7,,0
2014-02-11,2014,2,Feb,1,Summer,2014-02,42,20.1,27.7,0.0,7.2,4.0,SSE,31.0,S,SE,4,13,72,60,1017.6,1014.6,8.0,2.0,22.4,25.9,No,No,0,0,0,0,0,0,23.9,7.6,3.5,12,-3.0,8.5,Dry (<=1 mm),Warm (20-30),Moderate (30-50),0.26,-0.04,-0.06,-0.97,0.36,,0
2014-02-12,2014,2,Feb,1,Summer,2014-02,43,22.1,26.3,0.2,6.0,4.3,ESE,33.0,ESE,ESE,19,22,78,68,1016.5,1015.6,7.0,7.0,23.5,25.8,No,Yes,0,1,0,0,0,0,24.2,4.2,2.3,10,-0.9,20.5,Dry (<=1 mm),Warm (20-30),Moderate (30-50),-0.18,0.91,0.57,-0.77,0.17,,0
2014-02-13,2014,2,Feb,1,Summer,2014-02,44,21.5,27.0,3.4,4.6,7.5,ENE,39.0,NE,E,11,28,66,64,1015.1,1011.3,4.0,8.0,25.1,25.6,Yes,No,1,0,0,0,0,1,24.25,5.5,0.5,2,-3.8,19.5,Light (1-10),Warm (20-30),Moderate (30-50),0.04,0.63,0.25,-0.18,-0.08,,0
2014-02-14,2014,2,Feb,1,Summer,2014-02,45,20.8,23.5,1.0,8.8,0.0,ENE,28.0,NNE,ENE,6,17,81,79,1008.1,1006.4,8.0,8.0,21.6,22.8,No,No,0,0,0,0,0,0,22.15,2.7,1.2,2,-1.7,11.5,Dry (<=1 mm),Warm (20-30),Light (<30),-1.06,0.29,1.44,-1.27,-1.32,,0
2014-02-15,2014,2,Feb,1,Summer,2014-02,46,20.9,24.9,1.0,2.2,0.0,NE,26.0,E,ENE,2,17,88,82,1003.7,999.5,8.0,8.0,21.5,23.1,No,Yes,0,1,0,0,0,0,22.9,4.0,1.6,6,-4.2,9.5,Dry (<=1 mm),Warm (20-30),Light (<30),-0.62,0.34,1.67,-1.47,-2.1,,0
2014-02-16,2014,2,Feb,1,Summer,2014-02,47,21.4,25.0,6.0,2.4,0.0,SSE,54.0,S,SSE,6,24,78,83,999.5,1001.6,8.0,8.0,24.7,21.5,Yes,Yes,1,1,0,0,0,1,23.2,3.6,-3.2,-5,2.1,15.0,Light (1-10),Warm (20-30),Strong (50-70),-0.59,0.58,1.75,1.31,-2.85,,0
2014-02-17,2014,2,Feb,1,Summer,2014-02,48,18.4,26.4,21.8,7.0,8.3,SSW,31.0,SSW,ESE,13,20,90,56,1013.5,1013.3,7.0,4.0,19.0,23.7,Yes,No,1,0,0,0,0,1,22.4,8.0,4.7,34,-0.2,16.5,Moderate (10-25),Warm (20-30),Moderate (30-50),-0.15,-0.85,-0.38,-0.97,-0.36,,0
2014-02-18,2014,2,Feb,1,Summer,2014-02,49,18.9,24.7,0.0,2.4,2.7,E,26.0,NW,E,4,13,77,68,1013.0,1009.9,7.0,7.0,20.6,23.9,No,No,0,0,0,0,0,0,21.8,5.8,3.3,9,-3.1,8.5,Dry (<=1 mm),Warm (20-30),Light (<30),-0.68,-0.61,0.57,-1.47,-0.45,,0
2014-02-19,2014,2,Feb,1,Summer,2014-02,50,20.5,29.1,0.0,2.2,1.8,NNE,35.0,N,W,11,13,81,82,1004.8,1002.1,7.0,8.0,23.8,23.5,No,Yes,0,1,0,0,0,0,24.8,8.6,-0.3,-1,-2.7,12.0,Dry (<=1 mm),Warm (20-30),Moderate (30-50),0.7,0.15,1.67,-0.58,-1.91,,0
2014-02-20,2014,2,Feb,1,Summer,2014-02,51,20.4,29.1,13.2,4.2,11.2,WSW,33.0,SW,ESE,7,17,52,40,1007.8,1007.9,5.0,2.0,22.2,25.6,Yes,No,1,0,0,0,0,1,24.75,8.7,3.4,12,0.1,12.0,Moderate (10-25),Warm (20-30),Moderate (30-50),0.7,0.1,-1.64,-0.77,-1.38,,0
2014-02-21,2014,2,Feb,1,Summer,2014-02,52,18.0,27.0,0.0,11.4,11.9,ESE,41.0,W,SE,20,28,33,44,1016.0,1015.8,1.0,1.0,21.1,24.4,No,No,0,0,0,0,0,0,22.5,9.0,3.3,-11,-0.2,24.0,Dry (<=1 mm),Warm (20-30),Moderate (30-50),0.04,-1.04,-1.33,0.02,0.08,,0
2014-02-22,2014,2,Feb,1,Summer,2014-02,53,19.5,24.7,0.0,5.8,9.2,ESE,33.0,SE,ESE,9,24,63,56,1020.3,1019.2,7.0,4.0,22.0,23.1,No,No,0,0,0,0,0,0,22.1,5.2,1.1,7,-1.1,16.5,Dry (<=1 mm),Warm (20-30),Moderate (30-50),-0.68,-0.33,-0.38,-0.77,0.84,,0
2014-02-23,2014,2,Feb,1,Summer,2014-02,54,19.6,26.5,0.0,8.0,10.7,SE,37.0,SSE,SE,24,20,50,51,1023.4,1021.8,1.0,2.0,23.0,24.2,No,No,0,0,0,0,0,0,23.05,6.9,1.2,-1,-1.6,22.0,Dry (<=1 mm),Warm (20-30),Moderate (30-50),-0.12,-0.28,-0.78,-0.38,1.39,,0
2014-02-24,2014,2,Feb,1,Summer,2014-02,55,19.1,26.4,0.2,6.4,11.0,ENE,33.0,WNW,E,9,19,68,59,1020.7,1018.2,2.0,1.0,21.7,24.9,No,No,0,0,0,0,0,0,22.75,7.3,3.2,9,-2.5,14.0,Dry (<=1 mm),Warm (20-30),Moderate (30-50),-0.15,-0.52,-0.14,-0.77,0.91,,0
2014-02-25,2014,2,Feb,1,Summer,2014-02,56,19.5,26.7,0.0,7.4,11.8,NE,50.0,NNW,NE,6,30,72,54,1017.9,1013.6,3.0,1.0,23.2,26.1,No,No,0,0,0,0,0,0,23.1,7.2,2.9,18,-4.3,18.0,Dry (<=1 mm),Warm (20-30),Strong (50-70),-0.06,-0.33,-0.54,0.91,0.42,,0
2014-02-26,2014,2,Feb,1,Summer,2014-02,57,19.7,32.4,0.0,9.8,6.2,SSE,43.0,ESE,ENE,7,17,59,44,1011.8,1010.1,6.0,7.0,25.1,30.3,No,Yes,0,1,0,0,0,0,26.05,12.7,5.2,15,-1.7,12.0,Dry (<=1 mm),Hot (30-35),Moderate (30-50),1.73,-0.23,-1.33,0.22,-0.67,,0
2014-02-27,2014,2,Feb,1,Summer,2014-02,58,20.3,22.0,4.4,5.2,0.2,S,44.0,S,SSE,24,26,82,78,1017.3,1019.2,7.0,7.0,21.7,21.2,Yes,Yes,1,1,0,0,0,1,21.15,1.7,-0.5,4,1.9,25.0,Light (1-10),Warm (20-30),Moderate (30-50),-1.53,0.05,1.36,0.32,0.31,,0
2014-02-28,2014,2,Feb,1,Summer,2014-02,59,19.3,21.6,2.4,3.2,0.0,SE,44.0,SSE,SSE,20,20,86,68,1022.7,1022.5,8.0,7.0,19.7,21.0,Yes,Yes,1,1,0,0,0,1,20.45,2.3,1.3,18,-0.2,20.0,Light (1-10),Warm (20-30),Moderate (30-50),-1.66,-0.42,0.57,0.32,1.27,,0
2014-03-01,2014,3,Mar,1,Autumn,2014-03,60,18.2,22.7,10.4,1.6,0.0,NNE,26.0,WNW,ENE,2,11,90,75,1020.5,1019.1,7.0,8.0,19.6,22.0,Yes,Yes,1,1,0,0,0,1,20.45,4.5,2.4,15,-1.4,6.5,Moderate (10-25),Warm (20-30),Light (<30),-1.3,-0.31,1.17,-1.34,0.45,,0
2014-03-02,2014,3,Mar,1,Autumn,2014-03,61,17.9,22.8,6.6,2.4,1.2,ESE,41.0,SSW,S,11,17,85,86,1020.3,1020.6,7.0,8.0,19.3,19.8,Yes,Yes,1,1,0,0,0,1,20.35,4.9,0.5,-1,0.3,14.0,Light (1-10),Warm (20-30),Moderate (30-50),-1.26,-0.45,2.02,-0.07,0.41,,0
2014-03-03,2014,3,Mar,1,Autumn,2014-03,62,18.8,26.3,4.6,3.8,3.8,ESE,37.0,WNW,SE,11,11,70,75,1024.8,1024.5,3.0,7.0,21.7,22.2,Yes,Yes,1,1,0,0,0,1,22.55,7.5,0.5,-5,-0.3,11.0,Light (1-10),Warm (20-30),Moderate (30-50),0.17,-0.03,1.17,-0.41,1.25,,0
2014-03-04,2014,3,Mar,1,Autumn,2014-03,63,19.0,25.4,1.4,2.6,3.3,ENE,22.0,WNW,E,7,11,83,58,1026.1,1023.7,7.0,7.0,20.9,24.7,Yes,No,1,0,0,0,0,1,22.2,6.4,3.8,25,-2.4,9.0,Light (1-10),Warm (20-30),Light (<30),-0.2,0.07,-0.14,-1.68,1.5,,0
2014-03-05,2014,3,Mar,1,Autumn,2014-03,64,18.1,27.5,0.2,4.0,7.7,S,50.0,WNW,NE,4,15,69,62,1018.6,1014.0,1.0,3.0,21.9,26.6,No,Yes,0,1,0,0,0,0,22.8,9.4,4.7,7,-4.6,9.5,Dry (<=1 mm),Warm (20-30),Strong (50-70),0.66,-0.35,0.17,0.7,0.09,,0
2014-03-06,2014,3,Mar,1,Autumn,2014-03,65,21.0,26.8,1.6,7.0,5.8,SSW,46.0,SSW,S,20,22,75,58,1018.6,1018.3,7.0,7.0,22.3,25.8,Yes,No,1,0,0,0,0,1,23.9,5.8,3.5,17,-0.3,21.0,Light (1-10),Warm (20-30),Moderate (30-50),0.37,1.0,-0.14,0.36,0.09,,0
2014-03-07,2014,3,Mar,1,Autumn,2014-03,66,19.3,26.9,0.2,5.2,7.5,NNE,31.0,WNW,E,13,20,69,64,1020.3,1018.7,4.0,5.0,23.0,25.7,No,No,0,0,0,0,0,0,23.1,7.6,2.7,5,-1.6,16.5,Dry (<=1 mm),Warm (20-30),Moderate (30-50),0.42,0.21,0.32,-0.92,0.41,,0
2014-03-08,2014,3,Mar,1,Autumn,2014-03,67,21.6,27.2,0.0,5.6,8.9,ESE,39.0,NNE,ESE,13,22,63,64,1022.6,1021.5,7.0,2.0,23.8,24.7,No,No,0,0,0,0,0,0,24.4,5.6,0.9,-1,-1.1,17.5,Dry (<=1 mm),Warm (20-30),Moderate (30-50),0.54,1.28,0.32,-0.24,0.84,,0
2014-03-09,2014,3,Mar,1,Autumn,2014-03,68,19.6,27.1,0.0,6.4,11.1,E,31.0,W,E,6,20,68,53,1023.6,1020.9,4.0,3.0,22.8,25.7,No,No,0,0,0,0,0,0,23.35,7.5,2.9,15,-2.7,13.0,Dry (<=1 mm),Warm (20-30),Moderate (30-50),0.5,0.35,-0.53,-0.92,1.03,,0
2014-03-10,2014,3,Mar,1,Autumn,2014-03,69,21.9,27.5,0.2,6.8,11.0,ENE,37.0,NNE,E,11,26,60,55,1023.4,1021.5,3.0,2.0,25.6,26.4,No,No,0,0,0,0,0,0,24.7,5.6,0.8,5,-1.9,18.5,Dry (<=1 mm),Warm (20-30),Moderate (30-50),0.66,1.42,-0.37,-0.41,0.99,,0
2014-03-11,2014,3,Mar,1,Autumn,2014-03,70,19.6,27.8,0.0,8.6,10.8,NE,35.0,W,NE,9,20,67,46,1023.6,1021.3,1.0,1.0,22.8,26.3,No,No,0,0,0,0,0,0,23.7,8.2,3.5,21,-2.3,14.5,Dry (<=1 mm),Warm (20-30),Moderate (30-50),0.78,0.35,-1.07,-0.58,1.03,,0
2014-03-12,2014,3,Mar,1,Autumn,2014-03,71,19.2,29.2,0.0,8.2,6.2,SE,37.0,WNW,E,7,11,69,52,1018.1,1015.4,6.0,7.0,22.1,27.6,No,Yes,0,1,0,0,0,0,24.2,10.0,5.5,17,-2.7,9.0,Dry (<=1 mm),Warm (20-30),Moderate (30-50),1.35,0.16,-0.6,-0.41,-0.0,,0
2014-03-13,2014,3,Mar,1,Autumn,2014-03,72,18.5,27.0,27.8,7.0,6.2,S,44.0,SW,SE,15,15,81,56,1020.4,1018.2,6.0,3.0,19.6,26.0,Yes,No,1,0,0,0,0,1,22.75,8.5,6.4,25,-2.2,15.0,Heavy (25-50),Warm (20-30),Moderate (30-50),0.46,-0.17,-0.29,0.19,0.43,,0
2014-03-14,2014,3,Mar,1,Autumn,2014-03,73,19.3,26.3,0.2,4.0,7.9,NNE,43.0,NNW,ENE,7,30,70,55,1018.4,1014.7,6.0,1.0,22.7,25.2,No,No,0,0,0,0,0,0,22.8,7.0,2.5,15,-3.7,18.5,Dry (<=1 mm),Warm (20-30),Moderate (30-50),0.17,0.21,-0.37,0.1,0.05,,0
2014-03-15,2014,3,Mar,1,Autumn,2014-03,74,19.5,26.6,0.0,7.8,5.8,WSW,91.0,NNW,NE,7,17,64,62,1013.0,1008.4,4.0,7.0,22.5,25.8,No,Yes,0,1,0,0,0,0,23.05,7.1,3.3,2,-4.6,12.0,Dry (<=1 mm),Warm (20-30),Gale-force (>=70),0.29,0.3,0.17,4.18,-0.96,Extreme gust,1
2014-03-16,2014,3,Mar,1,Autumn,2014-03,75,19.2,29.3,5.4,5.8,5.8,W,57.0,WNW,WNW,9,13,57,74,1005.5,1004.7,2.0,7.0,24.2,22.5,Yes,Yes,1,1,0,0,0,1,24.25,10.1,-1.7,-17,-0.8,11.0,Light (1-10),Warm (20-30),Strong (50-70),1.4,0.16,1.1,1.29,-2.37,,0
2014-03-17,2014,3,Mar,1,Autumn,2014-03,76,15.1,28.0,5.0,6.2,11.2,NNE,35.0,W,ENE,15,26,47,25,1016.9,1015.0,1.0,1.0,19.4,27.5,Yes,No,1,0,0,0,0,1,21.55,12.9,8.1,22,-1.9,20.5,Light (1-10),Warm (20-30),Moderate (30-50),0.86,-1.75,-2.69,-0.58,-0.23,,0
2014-03-18,2014,3,Mar,1,Autumn,2014-03,77,16.1,29.7,0.2,7.2,10.4,NE,31.0,W,NE,19,19,58,33,1021.0,1018.7,1.0,5.0,19.9,28.7,No,No,0,0,0,0,0,0,22.9,13.6,8.8,25,-2.3,19.0,Dry (<=1 mm),Warm (20-30),Moderate (30-50),1.56,-1.29,-2.07,-0.92,0.54,,0
2014-03-19,2014,3,Mar,1,Autumn,2014-03,78,19.6,27.9,0.0,6.6,10.1,S,48.0,SSW,SSE,13,26,66,57,1023.9,1023.6,1.0,6.0,23.9,27.8,No,No,0,0,0,0,0,0,23.75,8.3,3.9,9,-0.3,19.5,Dry (<=1 mm),Warm (20-30),Moderate (30-50),0.82,0.35,-0.22,0.53,1.09,,0
2014-03-20,2014,3,Mar,1,Autumn,2014-03,79,21.7,27.0,0.0,6.2,9.2,E,33.0,W,E,0,22,58,54,1026.9,1024.2,3.0,3.0,25.5,26.4,No,No,0,0,0,0,0,0,24.35,5.3,0.9,4,-2.7,11.0,Dry (<=1 mm),Warm (20-30),Moderate (30-50),0.46,1.32,-0.45,-0.75,1.65,,0
2014-03-21,2014,3,Mar,1,Autumn,2014-03,80,20.4,26.8,1.0,6.0,5.2,NE,39.0,NNE,ENE,6,19,75,58,1022.5,1018.9,7.0,4.0,21.7,25.2,No,No,0,0,0,0,0,0,23.6,6.4,3.5,17,-3.6,12.5,Dry (<=1 mm),Warm (20-30),Moderate (30-50),0.37,0.72,-0.14,-0.24,0.82,,0
2014-03-22,2014,3,Mar,1,Autumn,2014-03,81,18.7,26.7,0.0,6.0,9.5,SSW,37.0,ESE,ENE,6,20,68,60,1017.8,1014.5,3.0,2.0,23.6,25.7,No,No,0,0,0,0,0,0,22.7,8.0,2.1,8,-3.3,13.0,Dry (<=1 mm),Warm (20-30),Moderate (30-50),0.33,-0.07,0.02,-0.41,-0.06,,0
2014-03-23,2014,3,Mar,1,Autumn,2014-03,82,20.3,27.0,0.0,5.2,7.2,NNW,41.0,SE,ENE,6,19,70,63,1017.6,1013.2,3.0,7.0,23.0,25.7,No,No,0,0,0,0,0,0,23.65,6.7,2.7,7,-4.4,12.5,Dry (<=1 mm),Warm (20-30),Moderate (30-50),0.46,0.67,0.25,-0.07,-0.1,,0
2014-03-24,2014,3,Mar,1,Autumn,2014-03,83,20.1,23.2,0.4,6.2,0.0,W,54.0,SSW,W,24,31,79,89,1016.4,1015.3,8.0,8.0,20.3,17.5,No,Yes,0,1,0,0,1,0,21.65,3.1,-2.8,-10,-1.1,27.5,Dry (<=1 mm),Warm (20-30),Strong (50-70),-1.09,0.58,2.26,1.03,-0.32,,0
2014-03-25,2014,3,Mar,1,Autumn,2014-03,84,17.1,25.2,6.8,4.2,6.5,ESE,35.0,W,ESE,11,9,82,67,1020.0,1019.6,1.0,7.0,19.8,24.7,Yes,No,1,0,0,0,0,1,21.15,8.1,4.9,15,-0.4,10.0,Light (1-10),Warm (20-30),Moderate (30-50),-0.28,-0.82,0.56,-0.58,0.35,,0
2014-03-26,2014,3,Mar,1,Autumn,2014-03,85,19.7,24.9,0.6,2.8,0.0,NE,37.0,WNW,E,11,9,89,72,1022.5,1021.2,7.0,7.0,21.2,24.4,No,Yes,0,1,0,0,0,0,22.3,5.2,3.2,17,-1.3,10.0,Dry (<=1 mm),Warm (20-30),Moderate (30-50),-0.4,0.39,0.94,-0.41,0.82,,0
2014-03-27,2014,3,Mar,1,Autumn,2014-03,86,20.6,22.2,18.0,2.8,0.0,N,35.0,NNE,N,2,7,89,77,1022.3,1020.0,8.0,8.0,21.2,20.3,Yes,Yes,1,1,0,0,1,1,21.4,1.6,-0.9,12,-2.3,4.5,Moderate (10-25),Warm (20-30),Moderate (30-50),-1.5,0.81,1.33,-0.58,0.78,,0
2014-03-28,2014,3,Mar,1,Autumn,2014-03,87,18.0,24.7,7.4,1.0,0.0,WSW,26.0,WNW,WSW,13,11,84,66,1017.0,1013.3,7.0,8.0,18.7,24.3,Yes,No,1,0,0,0,0,1,21.35,6.7,5.6,18,-3.7,12.0,Light (1-10),Warm (20-30),Light (<30),-0.48,-0.4,0.48,-1.34,-0.21,,0
2014-03-29,2014,3,Mar,1,Autumn,2014-03,88,18.7,25.7,0.8,3.6,5.6,SSE,41.0,W,SSE,15,24,80,59,1015.3,1015.0,6.0,7.0,20.6,24.4,No,No,0,0,0,0,0,0,22.2,7.0,3.8,21,-0.3,19.5,Dry (<=1 mm),Warm (20-30),Moderate (30-50),-0.07,-0.07,-0.06,-0.07,-0.53,,0
2014-03-30,2014,3,Mar,1,Autumn,2014-03,89,19.4,27.0,0.2,3.6,10.1,SE,35.0,WNW,ESE,11,22,69,55,1020.1,1019.2,3.0,3.0,22.4,27.0,No,Yes,0,1,0,0,0,0,23.2,7.6,4.6,14,-0.9,16.5,Dry (<=1 mm),Warm (20-30),Moderate (30-50),0.46,0.25,-0.37,-0.58,0.37,,0
2014-03-31,2014,3,Mar,1,Autumn,2014-03,90,17.5,25.0,3.6,5.0,10.2,W,26.0,WNW,ESE,15,15,79,64,1022.4,1019.7,3.0,6.0,19.6,23.5,Yes,No,1,0,0,0,0,1,21.25,7.5,3.9,15,-2.7,15.0,Light (1-10),Warm (20-30),Light (<30),-0.36,-0.63,0.32,-1.34,0.8,,0
2014-04-01,2014,4,Apr,2,Autumn,2014-04,91,17.5,26.4,0.0,3.2,6.2,NNE,31.0,WNW,ENE,13,17,78,66,1019.7,1017.5,7.0,7.0,20.5,24.6,No,No,0,0,0,0,0,0,21.95,8.9,4.1,12,-2.2,15.0,Dry (<=1 mm),Warm (20-30),Moderate (30-50),1.04,0.93,0.55,-0.49,-0.15,,0
2014-04-02,2014,4,Apr,2,Autumn,2014-04,92,18.1,26.0,0.0,4.8,10.9,E,26.0,WNW,E,11,20,91,67,1017.9,1014.6,2.0,1.0,18.9,24.7,No,No,0,0,0,0,0,0,22.05,7.9,5.8,24,-3.3,15.5,Dry (<=1 mm),Warm (20-30),Light (<30),0.9,1.2,0.61,-0.87,-0.47,,0
2014-04-03,2014,4,Apr,2,Autumn,2014-04,93,18.9,26.3,0.0,3.0,8.8,SSW,31.0,WNW,E,13,24,82,70,1017.5,1015.0,1.0,7.0,21.3,25.1,No,No,0,0,0,0,0,0,22.6,7.4,3.8,12,-2.5,18.5,Dry (<=1 mm),Warm (20-30),Moderate (30-50),1.01,1.55,0.81,-0.49,-0.54,,0
2014-04-04,2014,4,Apr,2,Autumn,2014-04,94,19.9,22.3,0.0,6.0,0.0,S,43.0,SSW,S,11,19,82,74,1018.5,1016.5,8.0,8.0,20.4,21.5,No,Yes,0,1,0,0,0,0,21.1,2.4,1.1,8,-2.0,15.0,Dry (<=1 mm),Warm (20-30),Moderate (30-50),-0.43,1.98,1.07,0.42,-0.36,,0
2014-04-05,2014,4,Apr,2,Autumn,2014-04,95,18.0,26.0,5.6,9.2,6.4,SSW,50.0,WNW,SSE,13,24,80,63,1018.8,1016.9,7.0,3.0,20.6,23.8,Yes,Yes,1,1,0,0,0,1,22.0,8.0,3.2,17,-1.9,18.5,Light (1-10),Warm (20-30),Strong (50-70),0.9,1.15,0.35,0.96,-0.31,,0
2014-04-06,2014,4,Apr,2,Autumn,2014-04,96,17.2,21.7,3.4,4.6,1.1,SSW,48.0,SW,SW,9,7,86,86,1020.9,1020.8,7.0,8.0,19.2,19.5,Yes,Yes,1,1,0,0,0,1,19.45,4.5,0.3,0,-0.1,8.0,Light (1-10),Warm (20-30),Moderate (30-50),-0.64,0.8,1.85,0.8,0.06,,0
2014-04-07,2014,4,Apr,2,Autumn,2014-04,97,15.3,22.4,16.0,4.2,3.3,SSE,39.0,WSW,SSE,13,9,83,63,1025.5,1023.6,6.0,6.0,16.9,21.1,Yes,Yes,1,1,0,0,0,1,18.85,7.1,4.2,20,-1.9,11.0,Moderate (10-25),Warm (20-30),Moderate (30-50),-0.39,-0.03,0.35,0.12,0.88,,0
2014-04-08,2014,4,Apr,2,Autumn,2014-04,98,17.2,23.2,5.0,5.2,1.2,W,22.0,WNW,E,13,13,77,53,1023.9,1020.1,7.0,6.0,19.6,22.9,Yes,No,1,0,0,0,0,1,20.2,6.0,3.3,24,-3.8,13.0,Light (1-10),Warm (20-30),Light (<30),-0.1,0.8,-0.3,-1.17,0.6,,0
2014-04-09,2014,4,Apr,2,Autumn,2014-04,99,15.9,24.1,0.0,0.4,4.6,ENE,22.0,WNW,E,13,17,68,58,1021.4,1017.9,7.0,7.0,20.4,23.2,No,No,0,0,0,0,0,0,20.0,8.2,2.8,10,-3.5,15.0,Dry (<=1 mm),Warm (20-30),Light (<30),0.22,0.24,0.03,-1.17,0.15,,0
2014-04-10,2014,4,Apr,2,Autumn,2014-04,100,17.8,24.7,0.0,2.6,0.0,W,17.0,W,E,11,7,74,82,1016.9,1012.7,7.0,8.0,20.2,20.0,No,Yes,0,1,0,0,0,0,21.25,6.9,-0.2,-8,-4.2,9.0,Dry (<=1 mm),Warm (20-30),Light (<30),0.43,1.07,1.59,-1.55,-0.65,,0
2014-04-11,2014,4,Apr,2,Autumn,2014-04,101,18.9,28.0,5.6,1.6,3.7,NW,37.0,NW,SW,22,9,64,55,1005.5,1002.9,5.0,7.0,24.1,25.7,Yes,Yes,1,1,0,0,0,1,23.45,9.1,1.6,9,-2.6,15.5,Light (1-10),Warm (20-30),Moderate (30-50),1.62,1.55,-0.17,-0.03,-2.68,,0
2014-04-12,2014,4,Apr,2,Autumn,2014-04,102,17.9,21.0,5.0,3.8,0.7,SSW,54.0,SW,SSW,26,22,76,74,1011.1,1011.9,7.0,6.0,19.1,20.0,Yes,Yes,1,1,0,0,0,1,19.45,3.1,0.9,2,0.8,24.0,Light (1-10),Warm (20-30),Strong (50-70),-0.89,1.11,1.07,1.26,-1.68,,0
2014-04-13,2014,4,Apr,2,Autumn,2014-04,103,16.0,20.6,3.8,1.4,1.0,SSE,52.0,SW,S,20,15,86,88,1016.8,1016.1,7.0,7.0,17.8,18.5,Yes,Yes,1,1,0,0,0,1,18.3,4.6,0.7,-2,-0.7,17.5,Light (1-10),Warm (20-30),Strong (50-70),-1.04,0.28,1.98,1.11,-0.67,,0
2014-04-14,2014,4,Apr,2,Autumn,2014-04,104,13.5,21.0,2.8,3.6,3.3,SSW,41.0,W,S,20,15,64,69,1020.4,1018.8,6.0,5.0,17.2,19.4,Yes,Yes,1,1,0,0,0,1,17.25,7.5,2.2,-5,-1.6,17.5,Light (1-10),Warm (20-30),Moderate (30-50),-0.89,-0.81,0.74,0.27,-0.03,,0
2014-04-15,2014,4,Apr,2,Autumn,2014-04,105,13.4,21.9,4.2,3.4,3.5,SSE,50.0,W,S,22,28,58,64,1020.7,1018.4,7.0,8.0,17.3,20.8,Yes,Yes,1,1,0,0,0,1,17.65,8.5,3.5,-6,-2.3,25.0,Light (1-10),Warm (20-30),Strong (50-70),-0.57,-0.85,0.42,0.96,0.03,,0
2014-04-16,2014,4,Apr,2,Autumn,2014-04,106,14.3,23.3,29.6,3.2,9.0,SW,43.0,W,S,20,22,69,57,1019.8,1017.3,5.0,3.0,17.7,21.9,Yes,No,1,0,0,0,0,1,18.8,9.0,4.2,12,-2.5,21.0,Heavy (25-50),Warm (20-30),Moderate (30-50),-0.07,-0.46,-0.04,0.42,-0.13,,0
2014-04-17,2014,4,Apr,2,Autumn,2014-04,107,13.1,23.7,0.0,5.2,9.0,SSE,41.0,W,SSE,19,22,65,39,1019.6,1017.4,5.0,1.0,17.2,23.1,No,No,0,0,0,0,0,0,18.4,10.6,5.9,26,-2.2,20.5,Dry (<=1 mm),Warm (20-30),Moderate (30-50),0.07,-0.99,-1.21,0.27,-0.17,,0
2014-04-18,2014,4,Apr,2,Autumn,2014-04,108,13.5,26.5,0.0,2.2,10.8,WSW,35.0,WNW,WNW,15,13,68,31,1016.3,1011.7,2.0,3.0,16.7,26.1,No,No,0,0,0,0,0,0,20.0,13.0,9.4,37,-4.6,14.0,Dry (<=1 mm),Warm (20-30),Moderate (30-50),1.08,-0.81,-1.73,-0.19,-0.76,,0
2014-04-19,2014,4,Apr,2,Autumn,2014-04,109,15.0,22.7,0.0,3.8,10.7,SSE,41.0,SSW,SSE,17,22,60,42,1016.4,1014.8,1.0,1.0,19.2,20.8,No,No,0,0,0,0,0,0,18.85,7.7,1.6,18,-1.6,19.5,Dry (<=1 mm),Warm (20-30),Moderate (30-50),-0.28,-0.16,-1.01,0.27,-0.74,,0
2014-04-20,2014,4,Apr,2,Autumn,2014-04,110,13.2,22.9,0.0,5.2,10.4,WSW,28.0,W,ENE,17,17,61,56,1018.4,1014.7,3.0,1.0,16.3,21.9,No,No,0,0,0,0,0,0,18.05,9.7,5.6,5,-3.7,17.0,Dry (<=1 mm),Warm (20-30),Light (<30),-0.21,-0.94,-0.1,-0.72,-0.38,,0
2014-04-21,2014,4,Apr,2,Autumn,2014-04,111,13.2,25.3,0.0,4.0,9.7,W,35.0,W,ESE,20,15,48,31,1021.1,1018.5,1.0,3.0,15.9,24.4,No,No,0,0,0,0,0,0,19.25,12.1,8.5,17,-2.6,17.5,Dry (<=1 mm),Warm (20-30),Moderate (30-50),0.65,-0.94,-1.73,-0.19,0.1,,0
2014-04-22,2014,4,Apr,2,Autumn,2014-04,112,12.4,25.8,0.0,4.0,7.9,W,20.0,WNW,W,17,11,67,32,1018.7,1014.9,7.0,7.0,15.8,24.4,No,No,0,0,0,0,0,0,19.1,13.4,8.6,35,-3.8,14.0,Dry (<=1 mm),Warm (20-30),Light (<30),0.83,-1.29,-1.66,-1.33,-0.33,,0
2014-04-23,2014,4,Apr,2,Autumn,2014-04,113,13.4,26.1,0.0,4.2,9.0,W,24.0,W,ESE,20,13,59,36,1017.6,1014.9,7.0,3.0,17.6,24.0,No,No,0,0,0,0,0,0,19.75,12.7,6.4,23,-2.7,16.5,Dry (<=1 mm),Warm (20-30),Light (<30),0.94,-0.85,-1.4,-1.02,-0.52,,0
2014-04-24,2014,4,Apr,2,Autumn,2014-04,114,14.1,29.9,0.0,3.8,9.1,SE,41.0,WNW,WNW,15,6,53,28,1013.7,1011.3,6.0,7.0,19.3,28.9,No,Yes,0,1,0,0,0,0,22.0,15.8,9.6,25,-2.4,10.5,Dry (<=1 mm),Warm (20-30),Moderate (30-50),2.3,-0.55,-1.92,0.27,-1.22,,0
2014-04-25,2014,4,Apr,2,Autumn,2014-04,115,17.6,20.9,6.8,4.6,3.2,SSE,39.0,S,ENE,7,15,84,67,1023.2,1019.2,8.0,1.0,17.7,20.7,Yes,Yes,1,1,0,0,0,1,19.25,3.3,3.0,17,-4.0,11.0,Light (1-10),Warm (20-30),Moderate (30-50),-0.93,0.98,0.61,0.12,0.47,,0
2014-04-26,2014,4,Apr,2,Autumn,2014-04,116,15.5,23.1,9.2,2.0,1.2,S,30.0,N,WNW,7,6,72,63,1015.0,1011.5,7.0,7.0,18.2,22.6,Yes,No,1,0,0,0,0,1,19.3,7.6,4.4,9,-3.5,6.5,Light (1-10),Warm (20-30),Moderate (30-50),-0.14,0.06,0.35,-0.57,-0.99,,0
2014-04-27,2014,4,Apr,2,Autumn,2014-04,117,16.9,17.9,0.4,2.2,0.0,SSW,35.0,SSE,S,19,15,83,87,1023.5,1023.1,5.0,7.0,17.9,17.0,No,Yes,0,1,0,0,0,0,17.4,1.0,-0.9,-4,-0.4,17.0,Dry (<=1 mm),Mild (<20),Moderate (30-50),-2.01,0.67,1.91,-0.19,0.52,,0
2014-04-28,2014,4,Apr,2,Autumn,2014-04,118,15.0,20.6,20.2,1.0,2.8,W,20.0,W,NNE,11,11,75,67,1025.9,1022.1,6.0,6.0,17.4,20.4,Yes,No,1,0,0,0,0,1,17.8,5.6,3.0,8,-3.8,11.0,Moderate (10-25),Warm (20-30),Light (<30),-1.04,-0.16,0.61,-1.33,0.95,,0
2014-04-29,2014,4,Apr,2,Autumn,2014-04,119,14.9,25.7,0.0,3.0,8.5,NNW,31.0,NNW,NE,13,15,71,61,1017.7,1013.3,1.0,7.0,18.4,23.6,No,Yes,0,1,0,0,0,0,20.3,10.8,5.2,10,-4.4,14.0,Dry (<=1 mm),Warm (20-30),Moderate (30-50),0.79,-0.2,0.22,-0.49,-0.51,,0
2014-04-30,2014,4,Apr,2,Autumn,2014-04,120,18.2,25.3,3.4,5.0,7.1,WSW,44.0,WSW,SSW,15,20,83,28,1012.5,1011.4,7.0,2.0,18.6,24.3,Yes,No,1,0,0,0,0,1,21.75,7.1,5.7,55,-1.1,17.5,Light (1-10),Warm (20-30),Moderate (30-50),0.65,1.24,-1.92,0.5,-1.43,,0
2014-05-01,2014,5,May,2,Autumn,2014-05,121,11.3,23.0,0.0,5.2,10.2,W,31.0,W,ESE,19,15,59,44,1017.7,1013.8,1.0,1.0,14.7,19.6,No,No,0,0,0,0,0,0,17.15,11.7,4.9,15,-3.9,17.0,Dry (<=1 mm),Warm (20-30),Moderate (30-50),0.72,-0.39,-0.52,-0.51,-0.51,,0
2014-05-02,2014,5,May,2,Autumn,2014-05,122,13.3,22.2,0.0,2.8,7.3,W,46.0,W,W,17,19,71,35,1006.9,1001.9,2.0,6.0,16.1,21.5,No,Yes,0,1,0,0,0,0,17.75,8.9,5.4,36,-5.0,18.0,Dry (<=1 mm),Warm (20-30),Moderate (30-50),0.41,0.57,-1.09,0.74,-2.14,,0
2014-05-03,2014,5,May,2,Autumn,2014-05,123,11.7,15.7,1.2,5.6,1.1,W,57.0,NW,W,13,35,81,46,996.5,994.8,7.0,7.0,12.7,14.8,Yes,Yes,1,1,0,0,0,1,13.7,4.0,2.1,35,-1.7,24.0,Light (1-10),Mild (<20),Strong (50-70),-2.12,-0.2,-0.39,1.65,-3.71,Low pressure,1
2014-05-04,2014,5,May,2,Autumn,2014-05,124,10.8,20.5,3.8,3.8,8.5,W,54.0,W,W,20,31,61,31,1001.9,1003.7,5.0,1.0,15.0,19.3,Yes,No,1,0,0,0,0,1,15.65,9.7,4.3,30,1.8,25.5,Light (1-10),Warm (20-30),Strong (50-70),-0.25,-0.63,-1.35,1.41,-2.9,,0
2014-05-05,2014,5,May,2,Autumn,2014-05,125,10.3,20.9,0.0,5.4,10.4,W,39.0,W,NW,22,7,54,32,1017.9,1016.8,1.0,3.0,12.8,20.2,No,No,0,0,0,0,0,0,15.6,10.6,7.4,22,-1.1,14.5,Dry (<=1 mm),Warm (20-30),Moderate (30-50),-0.1,-0.87,-1.28,0.16,-0.48,,0
2014-05-06,2014,5,May,2,Autumn,2014-05,126,10.7,23.4,0.0,3.4,8.2,W,39.0,W,ENE,26,6,58,35,1021.2,1018.5,5.0,3.0,14.6,21.6,No,No,0,0,0,0,0,0,17.05,12.7,7.0,23,-2.7,16.0,Dry (<=1 mm),Warm (20-30),Moderate (30-50),0.88,-0.67,-1.09,0.16,0.01,,0
2014-05-07,2014,5,May,2,Autumn,2014-05,127,11.2,20.7,0.0,3.2,9.7,S,43.0,W,S,20,20,59,41,1023.8,1022.9,3.0,2.0,13.9,19.3,No,No,0,0,0,0,0,0,15.95,9.5,5.4,18,-0.9,20.0,Dry (<=1 mm),Warm (20-30),Moderate (30-50),-0.18,-0.44,-0.71,0.49,0.41,,0
2014-05-08,2014,5,May,2,Autumn,2014-05,128,11.1,21.0,0.0,5.8,6.2,SSW,46.0,W,SSE,19,19,66,65,1026.2,1024.3,2.0,6.0,14.2,18.2,No,Yes,0,1,0,0,0,0,16.05,9.9,4.0,1,-1.9,19.0,Dry (<=1 mm),Warm (20-30),Moderate (30-50),-0.06,-0.48,0.83,0.74,0.77,,0
2014-05-09,2014,5,May,2,Autumn,2014-05,129,11.8,21.9,7.4,3.0,3.0,W,26.0,WNW,E,9,13,84,62,1026.3,1023.6,4.0,7.0,13.9,18.8,Yes,No,1,0,0,0,0,1,16.85,10.1,4.9,22,-2.7,11.0,Light (1-10),Warm (20-30),Light (<30),0.29,-0.15,0.64,-0.92,0.78,,0
2014-05-10,2014,5,May,2,Autumn,2014-05,130,12.0,24.8,0.4,2.2,5.2,NW,35.0,W,N,13,13,80,51,1023.9,1020.0,3.0,7.0,14.5,21.4,No,No,0,0,0,0,0,0,18.4,12.8,6.9,29,-3.9,13.0,Dry (<=1 mm),Warm (20-30),Moderate (30-50),1.42,-0.05,-0.07,-0.18,0.42,,0
2014-05-11,2014,5,May,2,Autumn,2014-05,131,14.4,22.9,0.8,2.0,8.3,SSE,41.0,W,SSW,15,20,76,59,1022.2,1022.1,1.0,3.0,16.7,19.9,No,No,0,0,0,0,0,0,18.65,8.5,3.2,17,-0.1,17.5,Dry (<=1 mm),Warm (20-30),Moderate (30-50),0.68,1.09,0.44,0.32,0.16,,0
2014-05-12,2014,5,May,2,Autumn,2014-05,132,12.6,23.0,0.0,4.0,8.8,SSE,37.0,W,S,17,20,73,51,1030.1,1028.5,3.0,2.0,16.7,22.7,No,Yes,0,1,0,0,0,0,17.8,10.4,6.0,22,-1.6,18.5,Dry (<=1 mm),Warm (20-30),Moderate (30-50),0.72,0.23,-0.07,-0.01,1.36,,0
2014-05-13,2014,5,May,2,Autumn,2014-05,133,13.7,23.0,11.2,4.8,8.8,W,26.0,W,E,20,9,74,52,1030.5,1027.2,1.0,3.0,15.6,21.0,Yes,No,1,0,0,0,0,1,18.35,9.3,5.4,22,-3.3,14.5,Moderate (10-25),Warm (20-30),Light (<30),0.72,0.76,-0.0,-0.92,1.42,,0
2014-05-14,2014,5,May,2,Autumn,2014-05,134,12.6,23.2,0.2,1.8,9.5,ENE,28.0,WNW,NE,13,17,78,54,1029.3,1025.8,1.0,2.0,14.8,21.4,No,No,0,0,0,0,0,0,17.9,10.6,6.6,24,-3.5,15.0,Dry (<=1 mm),Warm (20-30),Light (<30),0.8,0.23,0.12,-0.76,1.24,,0
2014-05-15,2014,5,May,2,Autumn,2014-05,135,11.7,22.9,0.0,4.0,10.0,WNW,24.0,W,E,15,13,82,51,1028.7,1025.3,1.0,1.0,13.7,21.5,No,No,0,0,0,0,0,0,17.3,11.2,7.8,31,-3.4,14.0,Dry (<=1 mm),Warm (20-30),Light (<30),0.68,-0.2,-0.07,-1.09,1.14,,0
2014-05-16,2014,5,May,2,Autumn,2014-05,136,12.0,25.3,0.0,3.2,9.9,W,28.0,W,ENE,19,13,75,40,1029.4,1027.0,0.0,1.0,14.6,23.3,No,No,0,0,0,0,0,0,18.65,13.3,8.7,35,-2.4,16.0,Dry (<=1 mm),Warm (20-30),Light (<30),1.62,-0.05,-0.77,-0.76,1.25,,0
2014-05-17,2014,5,May,2,Autumn,2014-05,137,12.0,24.2,0.0,4.0,9.1,NNE,26.0,WNW,ENE,11,13,72,55,1030.4,1026.7,6.0,3.0,14.3,22.4,No,No,0,0,0,0,0,0,18.1,12.2,8.1,17,-3.7,12.0,Dry (<=1 mm),Warm (20-30),Light (<30),1.19,-0.05,0.19,-0.92,1.4,,0
2014-05-18,2014,5,May,2,Autumn,2014-05,138,13.0,24.8,0.0,3.4,2.8,W,20.0,W,W,15,7,69,41,1028.3,1025.2,7.0,7.0,14.8,24.4,No,No,0,0,0,0,0,0,18.9,11.8,9.6,28,-3.1,11.0,Dry (<=1 mm),Warm (20-30),Light (<30),1.42,0.43,-0.71,-1.42,1.08,,0
2014-05-19,2014,5,May,2,Autumn,2014-05,139,13.1,26.1,0.0,2.4,7.5,WNW,24.0,W,WNW,19,7,72,33,1026.0,1022.4,7.0,1.0,15.8,25.8,No,No,0,0,0,0,0,0,19.6,13.0,10.0,39,-3.6,13.0,Dry (<=1 mm),Warm (20-30),Light (<30),1.93,0.47,-1.22,-1.09,0.74,,0
2014-05-20,2014,5,May,2,Autumn,2014-05,140,14.4,25.5,0.0,3.2,4.7,W,24.0,W,WNW,17,7,69,41,1022.9,1019.6,7.0,7.0,16.2,25.2,No,No,0,0,0,0,0,0,19.95,11.1,9.0,28,-3.3,12.0,Dry (<=1 mm),Warm (20-30),Light (<30),1.69,1.09,-0.71,-1.09,0.27,,0
2014-05-21,2014,5,May,2,Autumn,2014-05,141,14.8,23.5,0.0,3.6,9.8,W,26.0,WNW,ESE,13,13,66,58,1024.4,1022.6,2.0,2.0,17.5,22.6,No,No,0,0,0,0,0,0,19.15,8.7,5.1,8,-1.8,13.0,Dry (<=1 mm),Warm (20-30),Light (<30),0.91,1.29,0.38,-0.92,0.5,,0
2014-05-22,2014,5,May,2,Autumn,2014-05,142,13.1,27.1,0.0,2.2,9.4,W,24.0,W,W,13,6,82,30,1023.5,1018.7,1.0,1.0,14.9,26.8,No,No,0,0,0,0,0,0,20.1,14.0,11.9,52,-4.8,9.5,Dry (<=1 mm),Warm (20-30),Light (<30),2.32,0.47,-1.41,-1.09,0.36,,0
2014-05-23,2014,5,May,2,Autumn,2014-05,143,13.9,25.1,0.0,4.0,8.0,W,22.0,W,WNW,11,13,64,41,1017.9,1013.0,3.0,5.0,16.5,23.8,No,No,0,0,0,0,0,0,19.5,11.2,7.3,23,-4.9,12.0,Dry (<=1 mm),Warm (20-30),Light (<30),1.54,0.86,-0.71,-1.26,-0.48,,0
2014-05-24,2014,5,May,2,Autumn,2014-05,144,15.7,25.2,0.0,4.8,7.4,WSW,35.0,W,SSW,13,15,62,45,1015.4,1014.0,2.0,6.0,17.7,22.6,No,No,0,0,0,0,0,0,20.45,9.5,4.9,17,-1.4,14.0,Dry (<=1 mm),Warm (20-30),Moderate (30-50),1.58,1.72,-0.45,-0.18,-0.86,,0
2014-05-25,2014,5,May,2,Autumn,2014-05,145,15.5,26.9,0.0,3.4,7.1,W,26.0,W,ESE,19,17,75,43,1018.3,1017.1,5.0,2.0,17.2,24.9,No,No,0,0,0,0,0,0,21.2,11.4,7.7,32,-1.2,18.0,Dry (<=1 mm),Warm (20-30),Light (<30),2.24,1.62,-0.58,-0.92,-0.42,,0
2014-05-26,2014,5,May,2,Autumn,2014-05,146,14.1,23.6,0.0,3.4,9.4,NNE,30.0,WNW,ENE,13,17,81,59,1023.4,1020.9,6.0,6.0,16.3,23.3,No,No,0,0,0,0,0,0,18.85,9.5,7.0,22,-2.5,15.0,Dry (<=1 mm),Warm (20-30),Moderate (30-50),0.95,0.95,0.44,-0.59,0.35,,0
2014-05-27,2014,5,May,2,Autumn,2014-05,147,16.0,24.0,0.0,2.6,3.0,N,48.0,NNE,NNE,11,26,68,46,1018.0,1010.8,7.0,7.0,19.4,23.8,No,No,0,0,0,0,0,0,20.0,8.0,4.4,22,-7.2,18.5,Dry (<=1 mm),Warm (20-30),Moderate (30-50),1.11,1.86,-0.39,0.91,-0.47,,0
2014-05-28,2014,5,May,2,Autumn,2014-05,148,17.1,24.1,0.0,5.6,9.6,NW,48.0,NW,WNW,22,26,54,31,1013.8,1013.5,1.0,1.0,19.3,23.2,No,No,0,0,0,0,0,0,20.6,7.0,3.9,23,-0.3,24.0,Dry (<=1 mm),Warm (20-30),Moderate (30-50),1.15,2.39,-1.35,0.91,-1.1,,0
2014-05-29,2014,5,May,2,Autumn,2014-05,149,12.8,21.3,0.0,5.4,7.7,S,35.0,W,S,20,22,59,61,1023.1,1022.1,2.0,5.0,15.3,19.7,No,No,0,0,0,0,0,0,17.05,8.5,4.4,-2,-1.0,21.0,Dry (<=1 mm),Warm (20-30),Moderate (30-50),0.06,0.33,0.57,-0.18,0.3,,0
2014-05-30,2014,5,May,2,Autumn,2014-05,150,14.5,21.4,0.0,4.4,5.2,SSW,33.0,W,S,19,17,71,58,1026.8,1024.5,6.0,3.0,15.9,20.7,No,Yes,0,1,0,0,0,0,17.95,6.9,4.8,13,-2.3,18.0,Dry (<=1 mm),Warm (20-30),Moderate (30-50),0.1,1.14,0.38,-0.34,0.86,,0
2014-05-31,2014,5,May,2,Autumn,2014-05,151,14.3,20.7,2.4,1.0,7.5,NNE,31.0,WNW,ENE,15,17,86,61,1026.9,1022.8,5.0,4.0,15.2,20.0,Yes,Yes,1,1,0,0,0,1,17.5,6.4,4.8,25,-4.1,16.0,Light (1-10),Warm (20-30),Moderate (30-50),-0.18,1.05,0.57,-0.51,0.87,,0
2014-06-01,2014,6,Jun,2,Winter,2014-06,152,14.8,20.7,11.2,5.0,0.4,W,46.0,NW,W,7,26,87,70,1020.5,1018.0,7.0,8.0,17.0,17.8,Yes,No,1,0,0,0,0,1,17.75,5.9,0.8,17,-2.5,16.5,Moderate (10-25),Warm (20-30),Moderate (30-50),1.14,1.89,0.7,0.41,-0.13,,0
2014-06-02,2014,6,Jun,2,Winter,2014-06,153,12.4,22.3,1.0,2.0,5.9,W,30.0,W,WNW,11,9,85,54,1017.2,1014.9,7.0,3.0,14.5,19.9,No,No,0,0,0,0,0,0,17.35,9.9,5.4,31,-2.3,10.0,Dry (<=1 mm),Warm (20-30),Moderate (30-50),1.93,0.82,-0.2,-0.67,-0.56,,0
2014-06-03,2014,6,Jun,2,Winter,2014-06,154,10.5,20.3,0.0,1.8,9.9,W,39.0,WSW,WNW,9,17,70,42,1018.4,1016.2,1.0,1.0,13.2,19.5,No,No,0,0,0,0,0,0,15.4,9.8,6.3,28,-2.2,13.0,Dry (<=1 mm),Warm (20-30),Moderate (30-50),0.95,-0.02,-0.87,-0.07,-0.41,,0
2014-06-04,2014,6,Jun,2,Winter,2014-06,155,11.2,22.3,0.0,3.6,9.6,W,33.0,W,SSE,24,13,69,53,1024.1,1022.9,1.0,3.0,13.6,22.0,No,Yes,0,1,0,0,0,0,16.75,11.1,8.4,16,-1.2,18.5,Dry (<=1 mm),Warm (20-30),Moderate (30-50),1.93,0.29,-0.25,-0.47,0.33,,0
2014-06-05,2014,6,Jun,2,Winter,2014-06,156,13.6,19.8,8.6,4.0,0.4,SSE,30.0,W,SSW,19,11,91,80,1025.7,1024.1,8.0,7.0,15.3,18.0,Yes,Yes,1,1,0,0,0,1,16.7,6.2,2.7,11,-1.6,15.0,Light (1-10),Mild (<20),Moderate (30-50),0.7,1.35,1.26,-0.67,0.54,,0
2014-06-06,2014,6,Jun,2,Winter,2014-06,157,14.5,15.5,13.2,7.2,0.5,S,48.0,SSW,SSW,22,17,86,85,1026.3,1024.8,7.0,7.0,15.3,14.9,Yes,Yes,1,1,0,0,0,1,15.0,1.0,-0.4,1,-1.5,19.5,Moderate (10-25),Mild (<20),Moderate (30-50),-1.42,1.75,1.53,0.54,0.61,,0
2014-06-07,2014,6,Jun,2,Winter,2014-06,158,10.1,19.4,6.8,2.4,7.8,SSW,39.0,W,SSW,26,19,67,60,1027.2,1025.0,2.0,6.0,12.2,17.8,Yes,No,1,0,0,0,0,1,14.75,9.3,5.6,7,-2.2,22.5,Light (1-10),Mild (<20),Moderate (30-50),0.5,-0.19,0.14,-0.07,0.73,,0
2014-06-08,2014,6,Jun,2,Winter,2014-06,159,10.5,17.7,0.0,3.6,6.3,SSE,46.0,W,SSW,17,24,65,59,1026.9,1025.8,3.0,7.0,11.9,16.0,No,Yes,0,1,0,0,0,0,14.1,7.2,4.1,6,-1.1,20.5,Dry (<=1 mm),Mild (<20),Moderate (30-50),-0.33,-0.02,0.08,0.41,0.69,,0
2014-06-09,2014,6,Jun,2,Winter,2014-06,160,8.6,18.4,2.2,2.6,5.1,SSE,46.0,W,SE,22,17,71,73,1028.4,1027.3,1.0,7.0,10.4,16.9,Yes,Yes,1,1,0,0,0,1,13.5,9.8,6.5,-2,-1.1,19.5,Light (1-10),Mild (<20),Moderate (30-50),0.01,-0.86,0.86,0.41,0.89,,0
2014-06-10,2014,6,Jun,2,Winter,2014-06,161,10.4,19.2,13.8,2.0,3.6,SSE,31.0,W,SE,20,19,91,49,1030.5,1027.4,7.0,1.0,13.0,18.8,Yes,Yes,1,1,0,0,0,1,14.8,8.8,5.8,42,-3.1,19.5,Moderate (10-25),Mild (<20),Moderate (30-50),0.41,-0.06,-0.47,-0.61,1.16,,0
2014-06-11,2014,6,Jun,2,Winter,2014-06,162,10.4,19.6,5.6,2.2,5.6,W,24.0,WNW,SSE,19,9,86,62,1026.6,1022.8,6.0,6.0,11.9,17.7,Yes,No,1,0,0,0,0,1,15.0,9.2,5.8,24,-3.8,14.0,Light (1-10),Mild (<20),Light (<30),0.6,-0.06,0.25,-1.08,0.65,,0
2014-06-12,2014,6,Jun,2,Winter,2014-06,163,11.1,20.4,0.0,1.0,5.8,W,30.0,W,NNE,15,9,86,52,1022.0,1018.9,7.0,6.0,12.1,19.5,No,No,0,0,0,0,0,0,15.75,9.3,7.4,34,-3.1,12.0,Dry (<=1 mm),Warm (20-30),Moderate (30-50),1.0,0.25,-0.31,-0.67,0.06,,0
2014-06-13,2014,6,Jun,2,Winter,2014-06,164,10.7,20.9,0.0,2.4,3.3,N,28.0,W,N,15,15,85,48,1019.4,1015.0,7.0,7.0,11.8,20.4,No,Yes,0,1,0,0,0,0,15.8,10.2,8.6,37,-4.4,15.0,Dry (<=1 mm),Warm (20-30),Light (<30),1.24,0.07,-0.53,-0.81,-0.28,,0
2014-06-14,2014,6,Jun,2,Winter,2014-06,165,11.8,19.9,5.0,2.4,3.9,W,31.0,WNW,W,17,19,89,53,1012.1,1009.2,8.0,2.0,14.3,19.2,Yes,No,1,0,0,0,0,1,15.85,8.1,4.9,36,-2.9,18.0,Light (1-10),Mild (<20),Moderate (30-50),0.75,0.56,-0.25,-0.61,-1.22,,0
2014-06-15,2014,6,Jun,2,Winter,2014-06,166,10.3,17.2,0.2,2.6,1.2,W,54.0,NW,WSW,13,22,65,49,1008.9,1008.3,7.0,7.0,13.0,16.9,No,No,0,0,0,0,0,0,13.75,6.9,3.9,16,-0.6,17.5,Dry (<=1 mm),Mild (<20),Strong (50-70),-0.58,-0.11,-0.47,0.95,-1.63,,0
2014-06-16,2014,6,Jun,2,Winter,2014-06,167,9.3,19.5,0.4,0.8,9.7,SW,44.0,W,WNW,15,11,78,36,1020.8,1018.4,1.0,1.0,11.3,19.4,No,No,0,0,0,0,0,0,14.4,10.2,8.1,42,-2.4,13.0,Dry (<=1 mm),Mild (<20),Moderate (30-50),0.55,-0.55,-1.2,0.27,-0.1,,0
2014-06-17,2014,6,Jun,2,Winter,2014-06,168,10.0,19.8,0.0,4.4,9.1,WSW,43.0,W,SSW,20,19,63,46,1023.4,1024.0,1.0,5.0,13.5,17.8,No,No,0,0,0,0,0,0,14.9,9.8,4.3,17,0.6,19.5,Dry (<=1 mm),Mild (<20),Moderate (30-50),0.7,-0.24,-0.64,0.2,0.24,,0
2014-06-18,2014,6,Jun,2,Winter,2014-06,169,11.4,20.4,0.0,1.8,9.4,W,35.0,W,ESE,22,11,67,51,1030.1,1027.9,1.0,1.0,12.5,18.7,No,No,0,0,0,0,0,0,15.9,9.0,6.2,16,-2.2,16.5,Dry (<=1 mm),Warm (20-30),Moderate (30-50),1.0,0.38,-0.36,-0.34,1.11,,0
2014-06-19,2014,6,Jun,2,Winter,2014-06,170,10.6,21.5,0.0,1.8,8.5,W,24.0,WNW,NE,15,13,81,57,1027.8,1022.9,3.0,3.0,12.0,19.8,No,No,0,0,0,0,0,0,16.05,10.9,7.8,24,-4.9,14.0,Dry (<=1 mm),Warm (20-30),Light (<30),1.54,0.03,-0.03,-1.08,0.81,,0
2014-06-20,2014,6,Jun,2,Winter,2014-06,171,12.0,21.3,0.0,4.6,6.3,WSW,28.0,N,W,6,6,66,54,1019.9,1015.9,2.0,6.0,15.5,19.6,No,No,0,0,0,0,0,0,16.65,9.3,4.1,12,-4.0,6.0,Dry (<=1 mm),Warm (20-30),Light (<30),1.44,0.65,-0.2,-0.81,-0.21,,0
2014-06-21,2014,6,Jun,2,Winter,2014-06,172,10.5,21.9,0.0,2.4,9.5,W,30.0,WNW,W,22,11,79,31,1020.4,1018.5,1.0,1.0,11.8,21.4,No,No,0,0,0,0,0,0,16.2,11.4,9.6,48,-1.9,16.5,Dry (<=1 mm),Warm (20-30),Moderate (30-50),1.74,-0.02,-1.48,-0.67,-0.15,,0
2014-06-22,2014,6,Jun,2,Winter,2014-06,173,11.1,19.7,0.0,3.4,4.4,W,26.0,WNW,NNE,15,4,79,49,1023.0,1020.0,7.0,1.0,11.9,19.6,No,No,0,0,0,0,0,0,15.4,8.6,7.7,30,-3.0,9.5,Dry (<=1 mm),Mild (<20),Light (<30),0.65,0.25,-0.47,-0.94,0.19,,0
2014-06-23,2014,6,Jun,2,Winter,2014-06,174,10.0,16.6,0.0,0.6,1.8,N,37.0,NNW,N,15,22,76,57,1014.9,1008.6,7.0,7.0,13.5,15.8,No,No,0,0,0,0,0,0,13.3,6.6,2.3,19,-6.3,18.5,Dry (<=1 mm),Mild (<20),Moderate (30-50),-0.87,-0.24,-0.03,-0.2,-0.86,,0
2014-06-24,2014,6,Jun,2,Winter,2014-06,175,11.5,16.7,0.0,6.2,9.7,WNW,81.0,NW,WNW,28,33,47,35,1007.1,1003.4,1.0,1.0,12.1,16.1,No,No,0,0,0,0,0,0,14.1,5.2,4.0,12,-3.7,30.5,Dry (<=1 mm),Mild (<20),Gale-force (>=70),-0.83,0.43,-1.26,2.77,-1.86,,0
2014-06-25,2014,6,Jun,2,Winter,2014-06,176,11.1,18.1,0.0,4.0,9.7,W,76.0,W,W,31,39,45,35,1012.2,1012.8,1.0,1.0,14.8,17.7,No,No,0,0,0,0,0,0,14.6,7.0,2.9,10,0.6,35.0,Dry (<=1 mm),Mild (<20),Gale-force (>=70),-0.14,0.25,-1.26,2.43,-1.21,,0
2014-06-26,2014,6,Jun,2,Winter,2014-06,177,10.7,22.2,0.0,4.8,9.8,WNW,41.0,WNW,WNW,17,15,47,31,1018.8,1017.9,1.0,5.0,15.1,21.1,No,No,0,0,0,0,0,0,16.45,11.5,6.0,16,-0.9,16.0,Dry (<=1 mm),Warm (20-30),Moderate (30-50),1.88,0.07,-1.48,0.07,-0.35,,0
2014-06-27,2014,6,Jun,2,Winter,2014-06,178,10.4,21.2,0.0,4.0,8.1,N,30.0,NW,NNE,11,9,68,39,1021.0,1015.1,7.0,7.0,12.1,20.4,No,No,0,0,0,0,0,0,15.8,10.8,8.3,29,-5.9,10.0,Dry (<=1 mm),Warm (20-30),Moderate (30-50),1.39,-0.06,-1.03,-0.67,-0.07,,0
2014-06-28,2014,6,Jun,2,Winter,2014-06,179,12.0,22.8,0.0,5.0,6.9,W,96.0,N,NW,28,20,36,34,1007.2,999.9,7.0,2.0,15.8,20.3,No,No,0,0,0,0,0,0,17.4,10.8,4.5,2,-7.3,24.0,Dry (<=1 mm),Warm (20-30),Gale-force (>=70),2.18,0.65,-1.31,3.78,-1.85,Extreme gust,1
2014-06-29,2014,6,Jun,2,Winter,2014-06,180,10.0,16.4,0.0,7.0,9.6,NW,69.0,NW,NW,28,28,45,37,1004.5,1004.8,1.0,3.0,12.1,15.5,No,No,0,0,0,0,0,0,13.2,6.4,3.4,8,0.3,28.0,Dry (<=1 mm),Mild (<20),Strong (50-70),-0.97,-0.24,-1.14,1.96,-2.2,,0
2014-06-30,2014,6,Jun,2,Winter,2014-06,181,9.4,16.1,0.0,3.8,9.4,WSW,50.0,W,WSW,24,22,53,29,1015.1,1015.7,1.0,1.0,11.4,16.0,No,No,0,0,0,0,0,0,12.75,6.7,4.6,24,0.6,23.0,Dry (<=1 mm),Mild (<20),Strong (50-70),-1.12,-0.5,-1.59,0.68,-0.83,,0
2014-07-01,2014,7,Jul,3,Winter,2014-07,182,8.9,19.1,0.0,3.0,9.3,W,33.0,W,W,20,7,64,36,1025.0,1024.0,1.0,1.0,10.1,18.3,No,No,0,0,0,0,0,0,14.0,10.2,8.2,28,-1.0,13.5,Dry (<=1 mm),Mild (<20),Moderate (30-50),0.46,-0.05,-0.81,-0.57,0.5,,0
2014-07-02,2014,7,Jul,3,Winter,2014-07,183,7.4,20.2,0.0,3.8,9.6,W,37.0,W,SSE,28,13,67,36,1027.6,1025.2,1.0,1.0,9.6,19.2,No,No,0,0,0,0,0,0,13.8,12.8,9.6,31,-2.4,20.5,Dry (<=1 mm),Warm (20-30),Moderate (30-50),0.93,-0.78,-0.81,-0.27,0.86,,0
2014-07-03,2014,7,Jul,3,Winter,2014-07,184,6.7,18.3,0.0,1.2,9.6,W,28.0,W,ENE,19,13,71,54,1027.3,1023.3,1.0,1.0,9.1,17.2,No,No,0,0,0,0,0,0,12.5,11.6,8.1,17,-4.0,16.0,Dry (<=1 mm),Mild (<20),Light (<30),0.12,-1.12,0.29,-0.95,0.82,,0
2014-07-04,2014,7,Jul,3,Winter,2014-07,185,6.7,20.4,0.0,2.4,9.9,NW,30.0,W,ESE,9,7,71,33,1021.3,1016.6,0.0,1.0,9.3,19.6,No,No,0,0,0,0,0,0,13.55,13.7,10.3,38,-4.7,8.0,Dry (<=1 mm),Warm (20-30),Moderate (30-50),1.01,-1.12,-0.99,-0.8,-0.01,,0
2014-07-05,2014,7,Jul,3,Winter,2014-07,186,8.2,18.0,0.0,3.6,9.6,W,48.0,W,WNW,17,28,62,33,1016.2,1012.0,1.0,1.0,10.1,17.3,No,No,0,0,0,0,0,0,13.1,9.8,7.2,29,-4.2,22.5,Dry (<=1 mm),Mild (<20),Moderate (30-50),-0.0,-0.39,-0.99,0.57,-0.72,,0
2014-07-06,2014,7,Jul,3,Winter,2014-07,187,8.2,18.1,0.0,4.0,9.9,W,43.0,W,WSW,17,24,59,36,1013.6,1010.8,1.0,1.0,11.6,16.2,No,No,0,0,0,0,0,0,13.15,9.9,4.6,23,-2.8,20.5,Dry (<=1 mm),Mild (<20),Moderate (30-50),0.04,-0.39,-0.81,0.19,-1.08,,0
2014-07-07,2014,7,Jul,3,Winter,2014-07,188,8.3,19.5,0.0,3.0,9.2,W,43.0,W,WSW,17,19,59,35,1014.4,1011.9,1.0,2.0,10.7,18.8,No,No,0,0,0,0,0,0,13.9,11.2,8.1,24,-2.5,18.0,Dry (<=1 mm),Mild (<20),Moderate (30-50),0.63,-0.34,-0.87,0.19,-0.97,,0
2014-07-08,2014,7,Jul,3,Winter,2014-07,189,7.9,18.7,0.0,3.8,9.7,W,33.0,W,E,20,6,66,51,1016.6,1012.2,1.0,1.0,9.0,16.2,No,No,0,0,0,0,0,0,13.3,10.8,7.2,15,-4.4,13.0,Dry (<=1 mm),Mild (<20),Moderate (30-50),0.29,-0.53,0.1,-0.57,-0.66,,0
2014-07-09,2014,7,Jul,3,Winter,2014-07,190,6.6,21.3,0.0,2.6,9.4,W,67.0,NNW,NNE,11,22,49,22,1007.6,999.6,0.0,1.0,11.9,20.7,No,No,0,0,0,0,0,0,13.95,14.7,8.8,27,-8.0,16.5,Dry (<=1 mm),Warm (20-30),Strong (50-70),1.39,-1.17,-1.66,2.01,-1.91,,0
2014-07-10,2014,7,Jul,3,Winter,2014-07,191,8.8,17.3,0.2,5.8,9.8,WNW,61.0,WNW,W,15,37,52,32,1005.8,1005.1,1.0,2.0,11.9,16.8,No,No,0,0,0,0,0,0,13.05,8.5,4.9,20,-0.7,26.0,Dry (<=1 mm),Mild (<20),Strong (50-70),-0.3,-0.09,-1.05,1.55,-2.16,,0
2014-07-11,2014,7,Jul,3,Winter,2014-07,192,9.0,18.5,0.0,4.0,9.9,W,35.0,WNW,W,17,19,58,32,1017.4,1016.0,1.0,0.0,11.8,18.2,No,No,0,0,0,0,0,0,13.75,9.5,6.4,26,-1.4,18.0,Dry (<=1 mm),Mild (<20),Moderate (30-50),0.21,0.0,-1.05,-0.42,-0.55,,0
2014-07-12,2014,7,Jul,3,Winter,2014-07,193,6.4,18.5,0.2,3.4,9.5,W,44.0,WNW,WSW,11,26,64,33,1019.6,1017.1,0.0,1.0,8.9,17.7,No,No,0,0,0,0,0,0,12.45,12.1,8.8,31,-2.5,18.5,Dry (<=1 mm),Mild (<20),Moderate (30-50),0.21,-1.26,-0.99,0.26,-0.25,,0
2014-07-13,2014,7,Jul,3,Winter,2014-07,194,6.5,16.3,0.0,3.6,9.6,S,46.0,W,S,28,24,54,47,1027.4,1027.3,1.0,3.0,8.2,15.1,No,No,0,0,0,0,0,0,11.4,9.8,6.9,7,-0.1,26.0,Dry (<=1 mm),Mild (<20),Moderate (30-50),-0.72,-1.22,-0.14,0.41,0.83,,0
2014-07-14,2014,7,Jul,3,Winter,2014-07,195,6.6,17.9,0.0,3.2,5.1,W,35.0,W,SSW,17,19,62,64,1032.0,1029.0,6.0,6.0,9.2,15.7,No,Yes,0,1,0,0,0,0,12.25,11.3,6.5,-2,-3.0,18.0,Dry (<=1 mm),Mild (<20),Moderate (30-50),-0.04,-1.17,0.9,-0.42,1.47,,0
2014-07-15,2014,7,Jul,3,Winter,2014-07,196,9.2,15.6,1.6,0.4,0.0,W,22.0,W,E,13,2,88,74,1025.8,1021.3,7.0,8.0,11.5,15.3,Yes,Yes,1,1,0,0,0,1,12.4,6.4,3.8,14,-4.5,7.5,Light (1-10),Mild (<20),Light (<30),-1.02,0.1,1.5,-1.41,0.61,,0
2014-07-16,2014,7,Jul,3,Winter,2014-07,197,11.4,18.5,1.8,1.2,3.9,W,41.0,ENE,W,4,20,86,52,1013.7,1010.7,8.0,2.0,13.2,17.9,Yes,No,1,0,0,0,0,1,14.95,7.1,4.7,34,-3.0,12.0,Light (1-10),Mild (<20),Moderate (30-50),0.21,1.17,0.16,0.03,-1.06,,0
2014-07-17,2014,7,Jul,3,Winter,2014-07,198,9.5,19.9,0.0,2.0,9.4,W,56.0,NW,WNW,20,26,56,33,1012.6,1008.6,1.0,3.0,13.1,19.1,No,No,0,0,0,0,0,0,14.7,10.4,6.0,23,-4.0,23.0,Dry (<=1 mm),Mild (<20),Strong (50-70),0.8,0.25,-0.99,1.17,-1.22,,0
2014-07-18,2014,7,Jul,3,Winter,2014-07,199,8.6,15.9,0.0,4.0,7.9,WSW,63.0,W,WSW,28,39,47,35,1011.2,1011.1,2.0,4.0,9.6,14.1,No,No,0,0,0,0,0,0,12.25,7.3,4.5,12,-0.1,33.5,Dry (<=1 mm),Mild (<20),Strong (50-70),-0.89,-0.19,-0.87,1.71,-1.41,,0
2014-07-19,2014,7,Jul,3,Winter,2014-07,200,8.5,14.9,0.0,4.6,3.2,SW,70.0,W,SSW,26,24,50,57,1021.2,1021.4,6.0,6.0,10.1,13.6,No,No,0,0,0,0,0,0,11.7,6.4,3.5,-7,0.2,25.0,Dry (<=1 mm),Mild (<20),Gale-force (>=70),-1.31,-0.24,0.47,2.24,-0.03,,0
2014-07-20,2014,7,Jul,3,Winter,2014-07,201,9.8,15.3,0.2,4.0,1.1,SSW,54.0,W,S,20,22,66,60,1025.7,1024.9,7.0,7.0,11.2,15.2,No,No,0,0,0,0,0,0,12.55,5.5,4.0,6,-0.8,21.0,Dry (<=1 mm),Mild (<20),Strong (50-70),-1.14,0.39,0.65,1.02,0.6,,0
2014-07-21,2014,7,Jul,3,Winter,2014-07,202,8.9,18.3,0.0,2.0,7.5,W,31.0,W,SSE,22,17,69,64,1026.9,1023.3,7.0,7.0,9.9,15.7,No,No,0,0,0,0,0,0,13.6,9.4,5.8,5,-3.6,19.5,Dry (<=1 mm),Mild (<20),Moderate (30-50),0.12,-0.05,0.9,-0.73,0.76,,0
2014-07-22,2014,7,Jul,3,Winter,2014-07,203,8.7,19.0,0.0,1.4,9.6,W,24.0,W,SE,22,11,81,59,1024.6,1022.3,2.0,2.0,10.8,16.5,No,No,0,0,0,0,0,0,13.85,10.3,5.7,22,-2.3,16.5,Dry (<=1 mm),Mild (<20),Light (<30),0.42,-0.14,0.59,-1.26,0.44,,0
2014-07-23,2014,7,Jul,3,Winter,2014-07,204,8.9,18.9,0.0,3.2,6.7,W,22.0,WNW,ESE,17,13,87,57,1025.5,1021.6,3.0,5.0,10.7,17.1,No,No,0,0,0,0,0,0,13.9,10.0,6.4,30,-3.9,15.0,Dry (<=1 mm),Mild (<20),Light (<30),0.38,-0.05,0.47,-1.41,0.57,,0
2014-07-24,2014,7,Jul,3,Winter,2014-07,205,8.5,19.8,0.0,0.6,2.4,N,20.0,WNW,N,11,9,83,48,1022.5,1019.2,5.0,7.0,10.9,19.7,No,No,0,0,0,0,0,0,14.15,11.3,8.8,35,-3.3,10.0,Dry (<=1 mm),Mild (<20),Light (<30),0.76,-0.24,-0.08,-1.56,0.15,,0
2014-07-25,2014,7,Jul,3,Winter,2014-07,206,9.6,18.8,0.0,2.8,2.6,W,52.0,NW,N,9,15,82,59,1023.0,1019.9,7.0,7.0,11.5,18.3,No,Yes,0,1,0,0,0,0,14.2,9.2,6.8,23,-3.1,12.0,Dry (<=1 mm),Mild (<20),Strong (50-70),0.33,0.3,0.59,0.87,0.22,,0
2014-07-26,2014,7,Jul,3,Winter,2014-07,207,11.3,18.7,8.2,2.0,4.2,W,43.0,WNW,WNW,22,24,90,42,1024.9,1020.4,8.0,3.0,13.0,17.2,Yes,Yes,1,1,0,0,0,1,15.0,7.4,4.2,48,-4.5,23.0,Light (1-10),Mild (<20),Moderate (30-50),0.29,1.12,-0.44,0.19,0.49,,0
2014-07-27,2014,7,Jul,3,Winter,2014-07,208,9.4,21.0,4.2,1.8,10.2,W,31.0,W,ESE,20,15,65,38,1024.6,1021.5,1.0,1.0,11.9,18.7,Yes,No,1,0,0,0,0,1,15.2,11.6,6.8,27,-3.1,17.5,Light (1-10),Warm (20-30),Moderate (30-50),1.26,0.2,-0.69,-0.73,0.44,,0
2014-07-28,2014,7,Jul,3,Winter,2014-07,209,8.8,18.5,0.0,3.2,6.7,WSW,46.0,W,WNW,15,15,62,41,1021.3,1018.1,7.0,6.0,11.9,17.4,No,No,0,0,0,0,0,0,13.65,9.7,5.5,21,-3.2,15.0,Dry (<=1 mm),Mild (<20),Moderate (30-50),0.21,-0.09,-0.51,0.41,-0.01,,0
2014-07-29,2014,7,Jul,3,Winter,2014-07,210,11.8,23.3,0.0,4.0,5.1,NNW,44.0,WNW,NNE,22,20,49,27,1018.0,1013.2,7.0,1.0,14.9,22.9,No,No,0,0,0,0,0,0,17.55,11.5,8.0,22,-4.8,21.0,Dry (<=1 mm),Warm (20-30),Moderate (30-50),2.23,1.37,-1.36,0.26,-0.47,,0
2014-07-30,2014,7,Jul,3,Winter,2014-07,211,13.0,24.0,0.0,6.2,10.2,NW,41.0,WNW,WNW,13,22,44,31,1018.0,1014.5,6.0,1.0,17.3,23.3,No,No,0,0,0,0,0,0,18.5,11.0,6.0,13,-3.5,17.5,Dry (<=1 mm),Warm (20-30),Moderate (30-50),2.53,1.95,-1.11,0.03,-0.47,,0
2014-07-31,2014,7,Jul,3,Winter,2014-07,212,13.9,25.0,0.0,6.6,10.1,NNW,61.0,NNW,NW,24,35,40,21,1014.2,1007.3,1.0,0.0,17.7,24.5,No,No,0,0,0,0,0,0,19.45,11.1,6.8,19,-6.9,29.5,Dry (<=1 mm),Warm (20-30),Strong (50-70),2.95,2.39,-1.72,1.55,-1.0,,0
2014-08-01,2014,8,Aug,3,Winter,2014-08,213,15.9,18.2,0.0,8.4,10.0,W,72.0,WNW,W,22,28,41,23,1007.2,1008.7,1.0,1.0,16.8,16.7,No,No,0,0,0,0,0,0,17.05,2.3,-0.1,18,1.5,25.0,Dry (<=1 mm),Mild (<20),Gale-force (>=70),-0.43,2.79,-1.38,2.24,-1.8,,0
2014-08-02,2014,8,Aug,3,Winter,2014-08,214,7.2,16.1,0.0,6.4,10.0,W,46.0,W,S,28,28,45,36,1024.6,1026.8,1.0,1.0,9.6,15.0,No,No,0,0,0,0,0,0,11.65,8.9,5.4,9,2.2,28.0,Dry (<=1 mm),Mild (<20),Moderate (30-50),-1.19,-1.15,-0.6,0.39,0.7,,0
2014-08-03,2014,8,Aug,3,Winter,2014-08,215,5.5,17.6,0.0,3.8,9.5,W,28.0,W,ESE,20,15,60,45,1034.1,1032.2,1.0,1.0,8.4,16.5,No,No,0,0,0,0,0,0,11.55,12.1,8.1,15,-1.9,17.5,Dry (<=1 mm),Mild (<20),Light (<30),-0.64,-1.93,-0.05,-0.9,2.06,,0
2014-08-04,2014,8,Aug,3,Winter,2014-08,216,6.4,17.2,0.0,2.6,10.1,E,26.0,WNW,E,17,20,69,58,1034.4,1030.4,3.0,4.0,9.9,16.0,No,No,0,0,0,0,0,0,11.8,10.8,6.1,11,-4.0,18.5,Dry (<=1 mm),Mild (<20),Light (<30),-0.79,-1.52,0.73,-1.04,2.1,,0
2014-08-05,2014,8,Aug,3,Winter,2014-08,217,7.9,20.6,0.0,1.6,10.2,SSE,33.0,W,SSE,17,17,75,40,1032.0,1030.1,0.0,1.0,10.0,17.5,No,No,0,0,0,0,0,0,14.25,12.7,7.5,35,-1.9,17.0,Dry (<=1 mm),Warm (20-30),Moderate (30-50),0.44,-0.84,-0.36,-0.54,1.76,,0
2014-08-06,2014,8,Aug,3,Winter,2014-08,218,6.5,22.4,0.0,2.6,10.1,W,35.0,W,NE,20,11,64,43,1032.6,1026.2,1.0,1.0,9.7,20.1,No,No,0,0,0,0,0,0,14.45,15.9,10.4,21,-6.4,15.5,Dry (<=1 mm),Warm (20-30),Moderate (30-50),1.09,-1.47,-0.18,-0.4,1.85,,0
2014-08-07,2014,8,Aug,3,Winter,2014-08,219,9.6,20.4,0.0,4.6,6.8,W,41.0,W,SE,28,13,53,36,1029.6,1027.5,6.0,1.0,11.4,18.8,No,No,0,0,0,0,0,0,15.0,10.8,7.4,17,-2.1,20.5,Dry (<=1 mm),Warm (20-30),Moderate (30-50),0.37,-0.07,-0.6,0.03,1.42,,0
2014-08-08,2014,8,Aug,3,Winter,2014-08,220,9.1,18.1,0.0,2.6,4.0,WNW,24.0,W,ESE,17,15,76,64,1032.1,1029.6,7.0,3.0,10.9,16.9,No,No,0,0,0,0,0,0,13.6,9.0,6.0,12,-2.5,16.0,Dry (<=1 mm),Mild (<20),Light (<30),-0.46,-0.29,1.09,-1.18,1.77,,0
2014-08-09,2014,8,Aug,3,Winter,2014-08,221,8.9,19.2,0.0,1.8,6.8,NE,26.0,W,NE,13,15,94,62,1029.9,1024.7,8.0,3.0,10.2,18.6,No,No,0,0,0,0,0,0,14.05,10.3,8.4,32,-5.2,14.0,Dry (<=1 mm),Mild (<20),Light (<30),-0.07,-0.38,0.97,-1.04,1.46,,0
2014-08-10,2014,8,Aug,3,Winter,2014-08,222,9.9,23.2,0.0,3.0,3.5,SW,31.0,W,WNW,9,9,46,27,1022.4,1017.6,6.0,1.0,12.7,22.7,No,No,0,0,0,0,0,0,16.55,13.3,10.0,19,-4.8,9.0,Dry (<=1 mm),Warm (20-30),Moderate (30-50),1.38,0.07,-1.14,-0.68,0.38,,0
2014-08-11,2014,8,Aug,3,Winter,2014-08,223,8.1,14.4,0.0,3.4,4.5,SSE,48.0,W,S,15,24,62,45,1025.4,1025.1,7.0,5.0,10.3,13.7,No,Yes,0,1,0,0,0,0,11.25,6.3,3.4,17,-0.3,19.5,Dry (<=1 mm),Mild (<20),Moderate (30-50),-1.8,-0.75,-0.05,0.53,0.81,,0
2014-08-12,2014,8,Aug,3,Winter,2014-08,224,6.3,15.4,21.4,5.6,3.9,S,44.0,W,SW,17,11,84,78,1030.0,1028.2,7.0,7.0,8.9,12.3,Yes,Yes,1,1,0,0,0,1,10.85,9.1,3.4,6,-1.8,14.0,Moderate (10-25),Mild (<20),Moderate (30-50),-1.44,-1.56,1.94,0.24,1.47,,0
2014-08-13,2014,8,Aug,3,Winter,2014-08,225,7.9,17.0,19.4,3.6,10.1,SSW,37.0,W,SSE,19,20,77,46,1033.3,1031.9,2.0,2.0,10.5,16.2,Yes,No,1,0,0,0,0,1,12.45,9.1,5.7,31,-1.4,19.5,Moderate (10-25),Mild (<20),Moderate (30-50),-0.86,-0.84,0.01,-0.26,1.95,,0
2014-08-14,2014,8,Aug,3,Winter,2014-08,226,6.4,19.3,0.2,2.8,10.3,SSE,30.0,W,SE,20,22,64,49,1035.0,1032.5,1.0,2.0,9.5,18.1,No,No,0,0,0,0,0,0,12.85,12.9,8.6,15,-2.5,21.0,Dry (<=1 mm),Mild (<20),Moderate (30-50),-0.03,-1.52,0.19,-0.75,2.19,,0
2014-08-15,2014,8,Aug,3,Winter,2014-08,227,7.9,19.0,0.0,3.4,9.3,WNW,28.0,W,ESE,17,17,81,53,1031.6,1026.5,1.0,1.0,10.5,17.8,No,No,0,0,0,0,0,0,13.45,11.1,7.3,28,-5.1,17.0,Dry (<=1 mm),Mild (<20),Light (<30),-0.14,-0.84,0.43,-0.9,1.7,,0
2014-08-16,2014,8,Aug,3,Winter,2014-08,228,8.7,16.8,0.0,1.2,0.3,ESE,26.0,W,ESE,13,13,86,70,1023.8,1019.0,7.0,7.0,10.3,16.4,No,Yes,0,1,0,0,0,0,12.75,8.1,6.1,16,-4.8,13.0,Dry (<=1 mm),Mild (<20),Light (<30),-0.93,-0.48,1.45,-1.04,0.58,,0
2014-08-17,2014,8,Aug,3,Winter,2014-08,229,10.3,17.5,28.6,4.8,2.2,ESE,46.0,E,WNW,28,22,90,74,1010.3,1004.2,8.0,7.0,14.4,17.0,Yes,Yes,1,1,0,0,0,1,13.9,7.2,2.6,16,-6.1,25.0,Heavy (25-50),Mild (<20),Moderate (30-50),-0.68,0.25,1.69,0.39,-1.35,,0
2014-08-18,2014,8,Aug,3,Winter,2014-08,230,11.0,15.7,21.8,4.8,0.0,SSE,63.0,SSE,SSW,31,28,94,90,1001.8,1005.0,8.0,8.0,13.8,13.3,Yes,Yes,1,1,0,0,0,1,13.35,4.7,-0.5,4,3.2,29.5,Moderate (10-25),Mild (<20),Strong (50-70),-1.33,0.57,2.66,1.6,-2.57,,0
2014-08-19,2014,8,Aug,3,Winter,2014-08,231,12.8,17.7,38.4,4.4,3.0,SSE,78.0,S,SW,28,26,69,80,1015.3,1016.6,7.0,7.0,15.5,14.5,Yes,Yes,1,1,0,0,0,1,15.25,4.9,-1.0,-11,1.3,27.0,Heavy (25-50),Mild (<20),Gale-force (>=70),-0.61,1.38,2.06,2.67,-0.64,,0
2014-08-20,2014,8,Aug,3,Winter,2014-08,232,9.5,17.1,8.2,4.6,5.0,SW,44.0,W,S,22,22,68,54,1024.7,1024.5,7.0,6.0,12.5,15.7,Yes,Yes,1,1,0,0,0,1,13.3,7.6,3.2,14,-0.2,22.0,Light (1-10),Mild (<20),Moderate (30-50),-0.83,-0.11,0.49,0.24,0.71,,0
2014-08-21,2014,8,Aug,3,Winter,2014-08,233,9.4,18.1,10.8,2.0,7.1,SE,43.0,WNW,S,19,22,86,65,1029.2,1027.0,7.0,3.0,11.7,17.1,Yes,Yes,1,1,0,0,0,1,13.75,8.7,5.4,21,-2.2,20.5,Moderate (10-25),Mild (<20),Moderate (30-50),-0.46,-0.16,1.15,0.17,1.36,,0
2014-08-22,2014,8,Aug,3,Winter,2014-08,234,11.2,19.6,10.2,2.4,10.1,SSE,28.0,W,SSE,17,17,88,61,1031.8,1029.0,6.0,3.0,13.2,18.5,Yes,Yes,1,1,0,0,0,1,15.4,8.4,5.3,27,-2.8,17.0,Moderate (10-25),Mild (<20),Light (<30),0.08,0.66,0.91,-0.9,1.73,,0
2014-08-23,2014,8,Aug,3,Winter,2014-08,235,9.9,19.3,3.2,3.2,2.9,ESE,31.0,NW,E,4,20,92,85,1031.6,1029.3,5.0,7.0,11.8,14.8,Yes,Yes,1,1,0,0,0,1,14.6,9.4,3.0,7,-2.3,12.0,Light (1-10),Mild (<20),Moderate (30-50),-0.03,0.07,2.36,-0.68,1.7,,0
2014-08-24,2014,8,Aug,3,Winter,2014-08,236,11.1,19.4,3.8,0.2,7.3,W,22.0,WNW,E,17,11,88,64,1029.7,1026.4,4.0,2.0,13.0,18.4,Yes,No,1,0,0,0,0,1,15.25,8.3,5.4,24,-3.3,14.0,Light (1-10),Mild (<20),Light (<30),0.01,0.61,1.09,-1.32,1.43,,0
2014-08-25,2014,8,Aug,3,Winter,2014-08,237,10.5,19.3,0.0,3.2,8.9,ESE,44.0,W,ESE,13,19,81,61,1025.7,1022.4,0.0,2.0,13.7,18.8,No,Yes,0,1,0,0,0,0,14.9,8.8,5.1,20,-3.3,16.0,Dry (<=1 mm),Mild (<20),Moderate (30-50),-0.03,0.34,0.91,0.24,0.86,,0
2014-08-26,2014,8,Aug,3,Winter,2014-08,238,11.6,15.6,12.6,4.6,0.0,ESE,52.0,SSW,SSW,2,9,93,87,1024.3,1022.7,8.0,7.0,13.6,14.9,Yes,Yes,1,1,0,0,0,1,13.6,4.0,1.3,6,-1.6,5.5,Moderate (10-25),Mild (<20),Strong (50-70),-1.37,0.84,2.48,0.81,0.65,,0
2014-08-27,2014,8,Aug,3,Winter,2014-08,239,13.4,19.8,13.2,3.2,5.3,SSE,56.0,S,SE,19,28,80,54,1025.3,1023.9,7.0,5.0,15.3,18.7,Yes,Yes,1,1,0,0,0,1,16.6,6.4,3.4,26,-1.4,23.5,Moderate (10-25),Mild (<20),Strong (50-70),0.15,1.65,0.49,1.1,0.8,,0
2014-08-28,2014,8,Aug,3,Winter,2014-08,240,12.3,19.7,15.2,6.6,8.8,SSE,48.0,SSE,SSE,20,26,81,51,1026.8,1025.9,2.0,4.0,15.3,17.8,Yes,Yes,1,1,0,0,0,1,16.0,7.4,2.5,30,-0.9,23.0,Moderate (10-25),Mild (<20),Moderate (30-50),0.12,1.16,0.31,0.53,1.01,,0
2014-08-29,2014,8,Aug,3,Winter,2014-08,241,9.4,18.0,2.0,3.8,5.4,SSW,50.0,W,SSW,17,24,85,65,1026.7,1024.0,7.0,4.0,12.1,15.8,Yes,Yes,1,1,0,0,0,1,13.7,8.6,3.7,20,-2.7,20.5,Light (1-10),Mild (<20),Strong (50-70),-0.5,-0.16,1.15,0.67,1.0,,0
2014-08-30,2014,8,Aug,3,Winter,2014-08,242,12.0,16.1,3.2,3.8,2.7,SSW,52.0,SW,SW,20,22,89,84,1023.9,1021.7,8.0,7.0,12.5,14.9,Yes,Yes,1,1,0,0,0,1,14.05,4.1,2.4,5,-2.2,21.0,Light (1-10),Mild (<20),Strong (50-70),-1.19,1.02,2.3,0.81,0.6,,0
2014-08-31,2014,8,Aug,3,Winter,2014-08,243,11.7,20.8,3.0,1.0,9.5,W,37.0,W,ESE,20,15,67,55,1021.1,1017.2,1.0,1.0,14.8,20.5,Yes,No,1,0,0,0,0,1,16.25,9.1,5.7,12,-3.9,17.5,Light (1-10),Warm (20-30),Moderate (30-50),0.51,0.88,0.55,-0.26,0.2,,0
2014-09-01,2014,9,Sep,3,Spring,2014-09,244,10.7,23.6,0.0,3.2,8.7,NE,31.0,WNW,ENE,13,13,77,51,1016.9,1010.9,4.0,7.0,14.6,20.7,No,No,0,0,0,0,0,0,17.15,12.9,6.1,26,-6.0,13.0,Dry (<=1 mm),Warm (20-30),Moderate (30-50),0.43,-0.74,0.12,-0.95,-0.19,,0
2014-09-02,2014,9,Sep,3,Spring,2014-09,245,14.1,18.4,0.2,5.2,1.5,W,59.0,W,S,7,22,59,66,1009.1,1007.9,5.0,7.0,15.8,13.7,No,Yes,0,1,0,0,1,0,16.25,4.3,-2.1,-7,-1.2,14.5,Dry (<=1 mm),Mild (<20),Strong (50-70),-0.95,0.57,0.99,1.16,-1.23,,0
2014-09-03,2014,9,Sep,3,Spring,2014-09,246,8.9,16.7,5.0,4.2,7.7,SW,76.0,SW,SSW,28,30,52,45,1013.3,1012.3,6.0,5.0,13.1,16.2,Yes,No,1,0,0,0,0,1,12.8,7.8,3.1,7,-1.0,29.0,Light (1-10),Mild (<20),Gale-force (>=70),-1.41,-1.43,-0.22,2.45,-0.67,,0
2014-09-04,2014,9,Sep,3,Spring,2014-09,247,9.8,17.6,0.2,3.0,8.3,S,61.0,SSW,SSW,24,31,53,52,1015.9,1015.1,3.0,6.0,13.4,14.7,No,Yes,0,1,0,0,0,0,13.7,7.8,1.3,1,-0.8,27.5,Dry (<=1 mm),Mild (<20),Strong (50-70),-1.17,-1.09,0.18,1.31,-0.33,,0
2014-09-05,2014,9,Sep,3,Spring,2014-09,248,8.8,18.2,4.4,3.6,8.7,SSW,52.0,W,S,17,26,72,57,1021.8,1021.7,3.0,2.0,13.2,16.7,Yes,Yes,1,1,0,0,0,1,13.5,9.4,3.5,15,-0.1,21.5,Light (1-10),Mild (<20),Strong (50-70),-1.01,-1.47,0.47,0.64,0.46,,0
2014-09-06,2014,9,Sep,3,Spring,2014-09,249,10.3,19.1,11.0,3.2,2.3,ESE,43.0,NW,SE,7,24,92,73,1029.7,1028.5,7.0,7.0,12.3,15.7,Yes,Yes,1,1,0,0,0,1,14.7,8.8,3.4,19,-1.2,15.5,Moderate (10-25),Mild (<20),Moderate (30-50),-0.77,-0.89,1.4,-0.04,1.5,,0
2014-09-07,2014,9,Sep,3,Spring,2014-09,250,11.2,19.0,18.4,3.6,6.9,ESE,31.0,W,SE,15,17,90,65,1032.0,1028.2,7.0,2.0,12.5,17.7,Yes,No,1,0,0,0,0,1,15.1,7.8,5.2,25,-3.8,16.0,Moderate (10-25),Mild (<20),Moderate (30-50),-0.79,-0.55,0.94,-0.95,1.81,,0
2014-09-08,2014,9,Sep,3,Spring,2014-09,251,10.9,19.5,1.0,2.4,10.5,NE,35.0,WNW,NE,17,24,93,60,1029.5,1024.2,1.0,2.0,12.2,18.2,No,No,0,0,0,0,0,0,15.2,8.6,6.0,33,-5.3,20.5,Dry (<=1 mm),Mild (<20),Moderate (30-50),-0.66,-0.66,0.65,-0.65,1.48,,0
2014-09-09,2014,9,Sep,3,Spring,2014-09,252,12.2,23.1,0.0,5.0,10.3,NNE,41.0,NNW,NE,17,22,56,56,1019.4,1012.8,1.0,4.0,19.3,20.6,No,Yes,0,1,0,0,0,0,17.65,10.9,1.3,0,-6.6,19.5,Dry (<=1 mm),Warm (20-30),Moderate (30-50),0.3,-0.16,0.41,-0.19,0.14,,0
2014-09-10,2014,9,Sep,3,Spring,2014-09,253,14.0,24.4,5.0,6.8,8.3,W,59.0,W,WSW,9,28,84,28,1008.2,1008.9,7.0,3.0,14.8,23.2,Yes,No,1,0,0,0,0,1,19.2,10.4,8.4,56,0.7,18.5,Light (1-10),Warm (20-30),Strong (50-70),0.64,0.54,-1.21,1.16,-1.35,,0
2014-09-11,2014,9,Sep,3,Spring,2014-09,254,12.1,25.8,0.2,5.2,10.9,SSW,50.0,WNW,E,13,17,36,32,1016.7,1013.7,1.0,1.0,18.1,23.7,No,No,0,0,0,0,0,0,18.95,13.7,5.6,4,-3.0,15.0,Dry (<=1 mm),Warm (20-30),Strong (50-70),1.01,-0.2,-0.98,0.48,-0.22,,0
2014-09-12,2014,9,Sep,3,Spring,2014-09,255,13.9,18.4,0.2,6.8,1.8,S,41.0,SSW,SE,13,15,67,52,1025.7,1024.1,7.0,4.0,14.7,16.9,No,No,0,0,0,0,0,0,16.15,4.5,2.2,15,-1.6,14.0,Dry (<=1 mm),Mild (<20),Moderate (30-50),-0.95,0.5,0.18,-0.19,0.97,,0
2014-09-13,2014,9,Sep,3,Spring,2014-09,256,12.9,17.6,0.8,2.4,3.8,E,28.0,WNW,E,9,17,80,72,1026.9,1023.5,7.0,4.0,14.4,16.8,No,No,0,0,0,0,0,0,15.25,4.7,2.4,8,-3.4,13.0,Dry (<=1 mm),Mild (<20),Light (<30),-1.17,0.11,1.34,-1.17,1.13,,0
2014-09-14,2014,9,Sep,3,Spring,2014-09,257,12.9,22.6,0.4,2.8,9.5,SSE,35.0,WNW,E,11,17,69,66,1020.6,1016.0,0.0,1.0,17.3,20.5,No,No,0,0,0,0,0,0,17.75,9.7,3.2,3,-4.6,14.0,Dry (<=1 mm),Warm (20-30),Moderate (30-50),0.16,0.11,0.99,-0.65,0.3,,0
2014-09-15,2014,9,Sep,3,Spring,2014-09,258,13.1,20.1,0.0,3.8,10.1,ENE,30.0,WNW,ENE,11,22,68,55,1018.6,1015.1,1.0,5.0,17.7,19.2,No,No,0,0,0,0,0,0,16.6,7.0,1.5,13,-3.5,16.5,Dry (<=1 mm),Warm (20-30),Moderate (30-50),-0.5,0.19,0.36,-1.02,0.03,,0
2014-09-18,2014,9,Sep,3,Spring,2014-09,261,12.2,20.5,0.0,7.0,10.8,WSW,44.0,WSW,SE,28,24,33,31,1018.6,1017.1,1.0,3.0,15.6,18.4,No,No,0,0,0,0,0,0,16.35,8.3,2.8,2,-1.5,26.0,Dry (<=1 mm),Warm (20-30),Moderate (30-50),-0.4,-0.16,-1.03,0.03,0.03,,0
2014-09-19,2014,9,Sep,3,Spring,2014-09,262,9.2,22.2,0.0,5.4,9.7,ESE,31.0,W,E,19,26,50,33,1022.3,1018.5,7.0,7.0,14.7,18.2,No,No,0,0,0,0,0,0,15.7,13.0,3.5,17,-3.8,22.5,Dry (<=1 mm),Warm (20-30),Moderate (30-50),0.06,-1.32,-0.92,-0.95,0.52,,0
2014-09-20,2014,9,Sep,3,Spring,2014-09,263,9.1,20.3,0.0,4.2,11.0,S,41.0,WNW,SSE,13,22,50,41,1024.5,1023.7,1.0,1.0,15.4,19.4,No,No,0,0,0,0,0,0,14.7,11.2,4.0,9,-0.8,17.5,Dry (<=1 mm),Warm (20-30),Moderate (30-50),-0.45,-1.36,-0.45,-0.19,0.81,,0
2014-09-21,2014,9,Sep,3,Spring,2014-09,264,10.9,20.9,1.0,3.6,8.0,ESE,30.0,WNW,ESE,15,15,71,49,1030.5,1027.3,6.0,2.0,15.4,18.3,No,No,0,0,0,0,0,0,15.9,10.0,2.9,22,-3.2,15.0,Dry (<=1 mm),Warm (20-30),Moderate (30-50),-0.29,-0.66,0.01,-1.02,1.61,,0
2014-09-22,2014,9,Sep,3,Spring,2014-09,265,12.3,20.2,0.2,4.8,10.6,E,26.0,WNW,E,6,17,55,51,1032.1,1028.9,4.0,1.0,16.9,18.9,No,No,0,0,0,0,0,0,16.25,7.9,2.0,4,-3.2,11.5,Dry (<=1 mm),Warm (20-30),Light (<30),-0.48,-0.12,0.12,-1.32,1.82,,0
2014-09-23,2014,9,Sep,3,Spring,2014-09,266,10.9,21.2,0.0,4.0,10.9,NE,37.0,W,NE,11,20,58,53,1030.2,1026.2,0.0,0.0,17.2,19.6,No,No,0,0,0,0,0,0,16.05,10.3,2.4,5,-4.0,15.5,Dry (<=1 mm),Warm (20-30),Moderate (30-50),-0.21,-0.66,0.24,-0.5,1.57,,0
2014-09-24,2014,9,Sep,3,Spring,2014-09,267,11.7,22.2,0.0,5.4,10.7,NNE,37.0,WNW,NE,6,17,66,66,1022.7,1016.6,0.0,3.0,18.5,20.8,No,No,0,0,0,0,0,0,16.95,10.5,2.3,0,-6.1,11.5,Dry (<=1 mm),Warm (20-30),Moderate (30-50),0.06,-0.35,0.99,-0.5,0.58,,0
2014-09-25,2014,9,Sep,3,Spring,2014-09,268,17.4,24.6,0.0,6.2,1.2,WSW,61.0,W,SSE,6,17,60,65,1011.9,1009.8,7.0,7.0,20.0,20.2,No,Yes,0,1,0,0,0,0,21.0,7.2,0.2,-5,-2.1,11.5,Dry (<=1 mm),Warm (20-30),Strong (50-70),0.69,1.85,0.94,1.31,-0.86,,0
2014-09-26,2014,9,Sep,3,Spring,2014-09,269,14.3,21.7,2.0,3.0,8.3,SSE,41.0,SSW,SE,22,19,59,51,1017.9,1015.9,5.0,5.0,18.8,20.1,Yes,No,1,0,0,0,0,1,18.0,7.4,1.3,8,-2.0,20.5,Light (1-10),Warm (20-30),Moderate (30-50),-0.08,0.65,0.12,-0.19,-0.06,,0
2014-09-27,2014,9,Sep,3,Spring,2014-09,270,13.0,22.8,0.2,5.0,11.1,ESE,35.0,SSW,SE,15,20,53,45,1021.1,1019.3,5.0,1.0,18.8,20.2,No,No,0,0,0,0,0,0,17.9,9.8,1.4,8,-1.8,17.5,Dry (<=1 mm),Warm (20-30),Moderate (30-50),0.22,0.15,-0.22,-0.65,0.36,,0
2014-09-28,2014,9,Sep,3,Spring,2014-09,271,11.6,25.4,0.2,5.4,11.2,NNE,50.0,NNW,NE,19,24,54,50,1021.9,1016.2,0.0,0.0,20.4,21.2,No,No,0,0,0,0,0,0,18.5,13.8,0.8,4,-5.7,21.5,Dry (<=1 mm),Warm (20-30),Strong (50-70),0.91,-0.39,0.07,0.48,0.47,,0
2014-09-29,2014,9,Sep,3,Spring,2014-09,272,16.5,32.9,0.0,8.0,10.6,NNW,37.0,N,WNW,17,15,29,17,1014.6,1011.2,2.0,0.0,25.2,32.3,No,No,0,0,0,0,0,0,24.7,16.4,7.1,12,-3.4,16.0,Dry (<=1 mm),Hot (30-35),Moderate (30-50),2.9,1.5,-1.84,-0.5,-0.5,,0
2014-09-30,2014,9,Sep,3,Spring,2014-09,273,16.6,33.5,0.0,8.0,6.8,NW,52.0,SE,NW,2,26,42,16,1013.7,1007.2,4.0,5.0,23.7,32.7,No,No,0,0,0,0,0,0,25.05,16.9,9.0,26,-6.5,14.0,Dry (<=1 mm),Hot (30-35),Strong (50-70),3.06,1.54,-1.9,0.64,-0.62,Heat,1
2014-10-01,2014,10,Oct,4,Spring,2014-10,274,15.6,22.1,0.0,12.0,11.3,WSW,61.0,W,SE,28,24,19,28,1017.7,1018.5,1.0,1.0,18.2,19.6,No,No,0,0,0,0,0,0,18.85,6.5,1.4,-9,0.8,26.0,Dry (<=1 mm),Warm (20-30),Strong (50-70),-0.33,0.29,-1.28,1.17,-0.16,,0
2014-10-02,2014,10,Oct,4,Spring,2014-10,275,10.4,24.9,0.0,7.2,11.1,WNW,30.0,W,NE,11,13,45,45,1022.1,1017.2,1.0,0.0,17.6,21.3,No,No,0,0,0,0,0,0,17.65,14.5,3.7,0,-4.9,12.0,Dry (<=1 mm),Warm (20-30),Moderate (30-50),0.3,-1.53,-0.32,-1.05,0.46,,0
2014-10-03,2014,10,Oct,4,Spring,2014-10,276,12.8,21.1,0.0,5.8,6.3,ESE,31.0,W,E,6,17,63,58,1021.1,1019.6,4.0,7.0,19.0,19.1,No,No,0,0,0,0,0,0,16.95,8.3,0.1,5,-1.5,11.5,Dry (<=1 mm),Warm (20-30),Moderate (30-50),-0.55,-0.69,0.42,-0.98,0.32,,0
2014-10-04,2014,10,Oct,4,Spring,2014-10,277,16.4,21.9,0.0,3.0,8.5,ENE,39.0,NE,NE,19,24,73,68,1020.2,1015.5,7.0,1.0,19.2,21.5,No,No,0,0,0,0,0,0,19.15,5.5,2.3,5,-4.7,21.5,Dry (<=1 mm),Warm (20-30),Moderate (30-50),-0.37,0.57,0.98,-0.41,0.19,,0
2014-10-05,2014,10,Oct,4,Spring,2014-10,278,14.0,33.8,0.0,4.4,10.6,SSW,63.0,W,E,11,17,65,23,1016.0,1012.9,1.0,1.0,18.4,30.8,No,No,0,0,0,0,0,0,23.9,19.8,12.4,42,-3.1,14.0,Dry (<=1 mm),Hot (30-35),Strong (50-70),2.3,-0.27,-1.56,1.31,-0.4,,0
2014-10-06,2014,10,Oct,4,Spring,2014-10,279,17.3,26.0,0.0,8.8,8.3,NE,46.0,WNW,ENE,9,19,67,64,1019.2,1012.4,7.0,2.0,19.7,21.8,No,No,0,0,0,0,0,0,21.65,8.7,2.1,3,-6.8,14.0,Dry (<=1 mm),Warm (20-30),Moderate (30-50),0.55,0.88,0.76,0.09,0.05,,0
2014-10-07,2014,10,Oct,4,Spring,2014-10,280,19.7,27.9,0.0,8.0,7.7,NW,61.0,WSW,ESE,28,20,44,30,1007.8,1008.3,7.0,1.0,24.1,25.2,No,Yes,0,1,0,0,0,0,23.8,8.2,1.1,14,0.5,24.0,Dry (<=1 mm),Warm (20-30),Strong (50-70),0.97,1.72,-1.16,1.17,-1.56,,0
2014-10-08,2014,10,Oct,4,Spring,2014-10,281,15.1,21.1,5.4,4.6,3.7,SSW,35.0,SSE,ESE,20,19,80,54,1018.7,1018.0,7.0,2.0,16.7,18.8,Yes,No,1,0,0,0,0,1,18.1,6.0,2.1,26,-0.7,19.5,Light (1-10),Warm (20-30),Moderate (30-50),-0.55,0.11,0.19,-0.7,-0.02,,0
2014-10-09,2014,10,Oct,4,Spring,2014-10,282,14.4,21.2,0.0,4.8,8.5,ENE,37.0,WNW,ENE,7,22,61,49,1023.2,1020.2,1.0,1.0,18.6,21.0,No,No,0,0,0,0,0,0,17.8,6.8,2.4,12,-3.0,14.5,Dry (<=1 mm),Warm (20-30),Moderate (30-50),-0.53,-0.13,-0.09,-0.55,0.62,,0
2014-10-10,2014,10,Oct,4,Spring,2014-10,283,14.0,22.8,0.2,4.8,7.9,NE,35.0,NNW,ENE,13,22,53,58,1019.5,1015.5,6.0,6.0,20.2,21.9,No,No,0,0,0,0,0,0,18.4,8.8,1.7,-5,-4.0,17.5,Dry (<=1 mm),Warm (20-30),Moderate (30-50),-0.17,-0.27,0.42,-0.7,0.09,,0
2014-10-11,2014,10,Oct,4,Spring,2014-10,284,14.4,26.8,0.0,5.4,11.1,NNE,41.0,WNW,E,13,19,61,61,1016.8,1014.2,1.0,1.0,19.9,23.6,No,No,0,0,0,0,0,0,20.6,12.4,3.7,0,-2.6,16.0,Dry (<=1 mm),Warm (20-30),Moderate (30-50),0.73,-0.13,0.59,-0.27,-0.29,,0
2014-10-12,2014,10,Oct,4,Spring,2014-10,285,17.0,24.7,0.0,7.8,11.2,NNE,52.0,W,NE,9,26,66,61,1017.5,1013.4,0.0,1.0,20.3,23.3,No,No,0,0,0,0,0,0,20.85,7.7,3.0,5,-4.1,17.5,Dry (<=1 mm),Warm (20-30),Strong (50-70),0.26,0.78,0.59,0.52,-0.19,,0
2014-10-13,2014,10,Oct,4,Spring,2014-10,286,17.9,26.2,0.0,8.8,5.0,WNW,57.0,ESE,ENE,11,13,60,69,1007.6,1005.7,7.0,8.0,22.5,21.5,No,Yes,0,1,0,0,0,0,22.05,8.3,-1.0,-9,-1.9,12.0,Dry (<=1 mm),Warm (20-30),Strong (50-70),0.59,1.09,1.04,0.88,-1.58,,0
2014-10-14,2014,10,Oct,4,Spring,2014-10,287,13.2,17.6,9.4,5.8,3.0,S,76.0,W,WSW,26,20,49,42,1008.5,1008.5,6.0,7.0,14.9,17.1,Yes,Yes,1,1,0,0,0,1,15.4,4.4,2.2,7,0.0,23.0,Light (1-10),Mild (<20),Gale-force (>=70),-1.33,-0.55,-0.49,2.25,-1.46,,0
2014-10-15,2014,10,Oct,4,Spring,2014-10,288,10.6,16.0,70.8,4.8,0.1,SW,78.0,SW,SSW,28,26,79,52,1011.7,1013.4,8.0,7.0,11.6,15.1,Yes,No,1,0,0,0,0,1,13.3,5.4,3.5,27,1.7,27.0,Very heavy (>50),Mild (<20),Gale-force (>=70),-1.69,-1.46,0.08,2.39,-1.01,Extreme rain,1
2014-10-16,2014,10,Oct,4,Spring,2014-10,289,9.0,23.4,0.2,4.0,11.7,ENE,30.0,W,E,11,24,61,43,1018.4,1015.8,2.0,6.0,14.3,20.1,No,No,0,0,0,0,0,0,16.2,14.4,5.8,18,-2.6,17.5,Dry (<=1 mm),Warm (20-30),Moderate (30-50),-0.03,-2.02,-0.43,-1.05,-0.06,,0
2014-10-17,2014,10,Oct,4,Spring,2014-10,290,12.2,20.8,0.0,4.0,8.8,SSE,50.0,SSE,S,20,31,75,45,1024.6,1024.9,7.0,3.0,15.2,19.9,No,No,0,0,0,0,0,0,16.5,8.6,4.7,30,0.3,25.5,Dry (<=1 mm),Warm (20-30),Strong (50-70),-0.62,-0.9,-0.32,0.38,0.81,,0
2014-10-18,2014,10,Oct,4,Spring,2014-10,291,12.9,20.4,0.0,7.6,6.2,ENE,26.0,W,E,15,17,66,46,1029.8,1027.4,7.0,1.0,15.3,19.6,No,No,0,0,0,0,0,0,16.65,7.5,4.3,20,-2.4,16.0,Dry (<=1 mm),Warm (20-30),Light (<30),-0.71,-0.65,-0.26,-1.34,1.55,,0
2014-10-19,2014,10,Oct,4,Spring,2014-10,292,12.4,23.9,0.0,2.6,12.0,NNE,41.0,W,NE,9,19,57,49,1027.5,1022.6,1.0,1.0,18.6,23.1,No,No,0,0,0,0,0,0,18.15,11.5,4.5,8,-4.9,14.0,Dry (<=1 mm),Warm (20-30),Moderate (30-50),0.08,-0.83,-0.09,-0.27,1.22,,0
2014-10-20,2014,10,Oct,4,Spring,2014-10,293,15.8,20.8,0.0,10.6,4.0,SSE,69.0,S,S,33,22,59,74,1028.7,1029.8,7.0,8.0,19.8,17.0,No,No,0,0,0,0,0,0,18.3,5.0,-2.8,-15,1.1,27.5,Dry (<=1 mm),Warm (20-30),Strong (50-70),-0.62,0.36,1.32,1.74,1.39,,0
2014-10-21,2014,10,Oct,4,Spring,2014-10,294,15.0,18.7,0.4,2.6,0.0,ENE,31.0,ESE,E,19,19,50,49,1032.5,1030.7,8.0,7.0,17.4,18.5,No,No,0,0,0,0,0,0,16.85,3.7,1.1,1,-1.8,19.0,Dry (<=1 mm),Mild (<20),Moderate (30-50),-1.09,0.08,-0.09,-0.98,1.93,,0
2014-10-22,2014,10,Oct,4,Spring,2014-10,295,15.0,21.3,0.0,5.0,9.2,NNE,46.0,NNW,NE,4,28,54,54,1027.1,1022.0,7.0,1.0,17.8,20.4,No,No,0,0,0,0,0,0,18.15,6.3,2.6,0,-5.1,16.0,Dry (<=1 mm),Warm (20-30),Moderate (30-50),-0.5,0.08,0.19,0.09,1.17,,0
2014-10-23,2014,10,Oct,4,Spring,2014-10,296,14.5,28.0,0.0,6.0,10.7,E,28.0,W,E,6,20,64,56,1018.0,1015.9,3.0,2.0,19.7,25.1,No,No,0,0,0,0,0,0,21.25,13.5,5.4,8,-2.1,13.0,Dry (<=1 mm),Warm (20-30),Light (<30),1.0,-0.1,0.31,-1.2,-0.12,,0
2014-10-24,2014,10,Oct,4,Spring,2014-10,297,18.6,26.4,0.0,5.8,7.1,NNE,48.0,NNW,ENE,13,30,78,70,1020.1,1014.9,6.0,5.0,22.0,23.1,No,No,0,0,0,0,0,0,22.5,7.8,1.1,8,-5.2,21.5,Dry (<=1 mm),Warm (20-30),Moderate (30-50),0.64,1.34,1.1,0.24,0.18,,0
2014-10-25,2014,10,Oct,4,Spring,2014-10,298,18.5,29.9,0.2,6.0,8.4,SSE,39.0,WNW,SSE,19,19,81,59,1015.3,1013.6,1.0,6.0,21.0,25.9,No,No,0,0,0,0,0,0,24.2,11.4,4.9,22,-1.7,19.0,Dry (<=1 mm),Warm (20-30),Moderate (30-50),1.42,1.3,0.47,-0.41,-0.5,,0
2014-10-26,2014,10,Oct,4,Spring,2014-10,299,18.5,32.5,0.0,5.0,11.2,S,44.0,W,SSE,11,24,64,55,1010.2,1007.9,0.0,5.0,23.5,25.8,No,No,0,0,0,0,0,0,25.5,14.0,2.3,9,-2.3,17.5,Dry (<=1 mm),Hot (30-35),Moderate (30-50),2.01,1.3,0.25,-0.05,-1.22,,0
2014-10-27,2014,10,Oct,4,Spring,2014-10,300,19.4,31.6,0.0,6.6,8.9,WNW,70.0,NNE,W,13,41,60,26,1007.8,1002.7,5.0,7.0,23.2,29.6,No,No,0,0,0,0,0,0,25.5,12.2,6.4,34,-5.1,27.0,Dry (<=1 mm),Hot (30-35),Gale-force (>=70),1.8,1.62,-1.39,1.81,-1.56,,0
2014-10-28,2014,10,Oct,4,Spring,2014-10,301,15.9,28.9,0.0,7.8,10.4,W,43.0,W,W,17,22,36,18,1012.2,1008.3,2.0,1.0,21.7,28.0,No,No,0,0,0,0,0,0,22.4,13.0,6.3,18,-3.9,19.5,Dry (<=1 mm),Warm (20-30),Moderate (30-50),1.2,0.39,-1.84,-0.12,-0.94,,0
2014-10-29,2014,10,Oct,4,Spring,2014-10,302,16.6,24.6,0.0,7.2,11.4,ENE,37.0,SSW,E,7,26,35,63,1017.2,1015.8,1.0,2.0,22.6,21.8,No,No,0,0,0,0,0,0,20.6,8.0,-0.8,-28,-1.4,16.5,Dry (<=1 mm),Warm (20-30),Moderate (30-50),0.23,0.64,0.7,-0.55,-0.23,,0
2014-10-30,2014,10,Oct,4,Spring,2014-10,303,15.5,30.8,0.0,5.8,12.6,E,28.0,W,ENE,13,17,61,32,1015.6,1011.6,2.0,3.0,21.1,28.4,No,No,0,0,0,0,0,0,23.15,15.3,7.3,29,-4.0,15.0,Dry (<=1 mm),Hot (30-35),Light (<30),1.62,0.25,-1.05,-1.2,-0.46,,0
2014-11-02,2014,11,Nov,4,Spring,2014-11,306,13.7,23.5,2.4,15.0,12.9,W,56.0,W,ESE,28,22,26,23,1017.9,1017.9,1.0,1.0,16.8,21.8,Yes,No,1,0,0,0,0,1,18.6,9.8,5.0,3,0.0,25.0,Light (1-10),Warm (20-30),Strong (50-70),-0.34,-1.58,-2.37,0.98,0.39,,0
2014-11-03,2014,11,Nov,4,Spring,2014-11,307,13.8,21.5,0.2,7.8,6.8,ESE,37.0,WNW,ESE,11,26,52,57,1025.4,1023.7,3.0,4.0,17.0,19.5,No,No,0,0,0,0,0,0,17.65,7.7,2.5,-5,-1.7,18.5,Dry (<=1 mm),Warm (20-30),Moderate (30-50),-0.86,-1.53,-0.06,-0.66,1.58,,0
2014-11-04,2014,11,Nov,4,Spring,2014-11,308,16.1,21.8,0.0,6.6,8.8,ENE,46.0,NNE,ENE,13,31,60,64,1024.0,1019.4,7.0,2.0,20.4,21.0,No,No,0,0,0,0,0,0,18.95,5.7,0.6,-4,-4.6,22.0,Dry (<=1 mm),Warm (20-30),Moderate (30-50),-0.78,-0.53,0.42,0.12,1.36,,0
2014-11-05,2014,11,Nov,4,Spring,2014-11,309,17.7,23.5,0.0,6.0,3.8,NNE,67.0,ESE,NE,15,30,67,75,1017.1,1012.6,7.0,7.0,20.7,21.0,No,Yes,0,1,0,0,0,0,20.6,5.8,0.3,-8,-4.5,22.5,Dry (<=1 mm),Warm (20-30),Strong (50-70),-0.34,0.17,1.17,1.94,0.26,,0
2014-11-06,2014,11,Nov,4,Spring,2014-11,310,15.5,23.2,2.0,5.6,9.5,SSW,50.0,SSW,SE,24,28,64,57,1014.8,1013.9,6.0,6.0,20.1,20.9,Yes,No,1,0,0,0,0,1,19.35,7.7,0.8,7,-0.9,26.0,Light (1-10),Warm (20-30),Strong (50-70),-0.42,-0.79,-0.06,0.46,-0.1,,0
2014-11-07,2014,11,Nov,4,Spring,2014-11,311,16.5,22.1,0.0,6.2,11.9,E,30.0,E,E,9,22,54,56,1019.4,1019.5,4.0,5.0,20.6,21.8,No,No,0,0,0,0,0,0,19.3,5.6,1.2,-2,0.1,15.5,Dry (<=1 mm),Warm (20-30),Moderate (30-50),-0.7,-0.36,-0.12,-1.27,0.63,,0
2014-11-08,2014,11,Nov,4,Spring,2014-11,312,14.4,23.1,0.0,6.4,12.3,ENE,41.0,E,NE,9,22,61,60,1022.4,1018.9,2.0,0.0,21.4,21.9,No,No,0,0,0,0,0,0,18.75,8.7,0.5,1,-3.5,15.5,Dry (<=1 mm),Warm (20-30),Moderate (30-50),-0.44,-1.27,0.15,-0.32,1.1,,0
2014-11-09,2014,11,Nov,4,Spring,2014-11,313,16.5,26.2,0.0,6.8,10.9,S,54.0,S,SSE,22,24,60,53,1018.8,1017.6,1.0,6.0,23.1,25.2,No,No,0,0,0,0,0,0,21.35,9.7,2.1,7,-1.2,23.0,Dry (<=1 mm),Warm (20-30),Strong (50-70),0.35,-0.36,-0.33,0.81,0.53,,0
2014-11-10,2014,11,Nov,4,Spring,2014-11,314,18.7,23.6,0.0,8.0,3.2,ESE,37.0,S,SE,13,20,73,61,1018.2,1016.8,8.0,6.0,20.7,22.2,No,No,0,0,0,0,0,0,21.15,4.9,1.5,12,-1.4,16.5,Dry (<=1 mm),Warm (20-30),Moderate (30-50),-0.32,0.6,0.22,-0.66,0.44,,0
2014-11-11,2014,11,Nov,4,Spring,2014-11,315,16.6,23.2,0.0,4.2,5.1,ESE,35.0,ESE,SE,7,20,51,66,1020.1,1019.6,6.0,8.0,21.3,19.0,No,No,0,0,0,0,0,0,19.9,6.6,-2.3,-15,-0.5,13.5,Dry (<=1 mm),Warm (20-30),Moderate (30-50),-0.42,-0.31,0.56,-0.84,0.74,,0
2014-11-12,2014,11,Nov,4,Spring,2014-11,316,16.4,22.2,0.0,4.6,6.1,ENE,33.0,WNW,E,6,20,66,51,1019.7,1016.0,6.0,1.0,18.8,21.6,No,No,0,0,0,0,0,0,19.3,5.8,2.8,15,-3.7,13.0,Dry (<=1 mm),Warm (20-30),Moderate (30-50),-0.68,-0.4,-0.46,-1.01,0.68,,0
2014-11-13,2014,11,Nov,4,Spring,2014-11,317,18.5,23.5,0.0,6.8,6.6,NE,39.0,ENE,ENE,15,22,64,68,1019.2,1015.7,7.0,7.0,20.0,22.1,No,No,0,0,0,0,0,0,21.0,5.0,2.1,-4,-3.5,18.5,Dry (<=1 mm),Warm (20-30),Moderate (30-50),-0.34,0.51,0.69,-0.49,0.6,,0
2014-11-14,2014,11,Nov,4,Spring,2014-11,318,17.7,32.2,0.0,4.8,11.2,SSW,72.0,SSW,ESE,2,13,69,39,1011.8,1006.7,3.0,7.0,23.3,31.7,No,No,0,0,0,0,0,0,24.95,14.5,8.4,30,-5.1,7.5,Dry (<=1 mm),Hot (30-35),Gale-force (>=70),1.9,0.17,-1.28,2.37,-0.58,,0
2014-11-15,2014,11,Nov,4,Spring,2014-11,319,18.9,24.1,0.0,12.8,2.3,SE,39.0,S,SSE,7,24,60,50,1009.9,1010.0,8.0,8.0,20.1,22.6,No,Yes,0,1,0,0,0,0,21.5,5.2,2.5,10,0.1,15.5,Dry (<=1 mm),Warm (20-30),Moderate (30-50),-0.19,0.69,-0.53,-0.49,-0.88,,0
2014-11-16,2014,11,Nov,4,Spring,2014-11,320,18.1,28.5,5.6,5.0,7.3,W,74.0,NW,W,22,44,87,27,1005.6,1001.5,8.0,2.0,18.2,28.1,Yes,No,1,0,0,0,0,1,23.3,10.4,9.9,60,-4.1,33.0,Light (1-10),Warm (20-30),Gale-force (>=70),0.94,0.34,-2.1,2.54,-1.56,,0
2014-11-17,2014,11,Nov,4,Spring,2014-11,321,15.2,25.5,0.4,7.0,12.6,E,35.0,W,E,15,24,38,48,1013.8,1011.8,2.0,3.0,21.3,22.9,No,No,0,0,0,0,0,0,20.35,10.3,1.6,-10,-2.0,19.5,Dry (<=1 mm),Warm (20-30),Moderate (30-50),0.17,-0.92,-0.67,-0.84,-0.26,,0
2014-11-18,2014,11,Nov,4,Spring,2014-11,322,18.6,26.7,0.0,8.0,11.7,SSE,43.0,W,SSE,20,24,60,45,1016.7,1016.4,3.0,1.0,22.3,25.2,No,No,0,0,0,0,0,0,22.65,8.1,2.9,15,-0.3,22.0,Dry (<=1 mm),Warm (20-30),Moderate (30-50),0.48,0.56,-0.87,-0.14,0.2,,0
2014-11-19,2014,11,Nov,4,Spring,2014-11,323,18.1,24.9,0.0,8.0,10.1,ENE,41.0,ENE,E,11,28,65,59,1021.8,1018.6,7.0,5.0,21.9,22.7,No,No,0,0,0,0,0,0,21.5,6.8,0.8,6,-3.2,19.5,Dry (<=1 mm),Warm (20-30),Moderate (30-50),0.02,0.34,0.08,-0.32,1.01,,0
2014-11-20,2014,11,Nov,4,Spring,2014-11,324,18.8,31.1,0.0,6.8,10.6,ENE,41.0,NE,ENE,6,24,56,57,1014.3,1008.7,7.0,6.0,24.8,26.0,No,No,0,0,0,0,0,0,24.95,12.3,1.2,-1,-5.6,15.0,Dry (<=1 mm),Hot (30-35),Moderate (30-50),1.61,0.65,-0.06,-0.32,-0.18,,0
2014-11-21,2014,11,Nov,4,Spring,2014-11,325,22.1,33.9,0.0,8.4,11.0,SSE,63.0,SSE,E,7,22,36,46,1007.4,1004.6,2.0,2.0,31.0,30.3,No,No,0,0,0,0,0,0,28.0,11.8,-0.7,-10,-2.8,14.5,Dry (<=1 mm),Hot (30-35),Strong (50-70),2.33,2.08,-0.81,1.59,-1.28,,0
2014-11-22,2014,11,Nov,4,Spring,2014-11,326,19.1,26.3,0.0,10.0,9.3,SSE,37.0,SE,E,9,19,50,60,1015.9,1011.5,4.0,7.0,23.6,23.4,No,No,0,0,0,0,0,0,22.7,7.2,-0.2,-10,-4.4,14.0,Dry (<=1 mm),Warm (20-30),Moderate (30-50),0.38,0.78,0.15,-0.66,0.07,,0
2014-11-23,2014,11,Nov,4,Spring,2014-11,327,19.6,30.1,0.0,6.0,10.6,SE,44.0,E,E,4,22,62,54,1011.5,1007.4,3.0,3.0,24.9,28.9,No,No,0,0,0,0,0,0,24.85,10.5,4.0,8,-4.1,13.0,Dry (<=1 mm),Hot (30-35),Moderate (30-50),1.36,0.99,-0.26,-0.06,-0.63,,0
2014-11-24,2014,11,Nov,4,Spring,2014-11,328,21.1,30.2,0.0,7.2,6.4,E,33.0,SSW,E,6,28,71,76,1015.0,1007.4,6.0,6.0,23.5,23.6,No,Yes,0,1,0,0,0,0,25.65,9.1,0.1,-5,-7.6,17.0,Dry (<=1 mm),Hot (30-35),Moderate (30-50),1.38,1.65,1.24,-1.01,-0.07,,0
2014-11-25,2014,11,Nov,4,Spring,2014-11,329,21.8,24.7,5.0,6.6,5.6,SW,52.0,SSW,ESE,13,24,65,56,1013.0,1016.4,7.0,5.0,24.0,21.6,Yes,No,1,0,0,0,1,1,23.25,2.9,-2.4,9,3.4,18.5,Light (1-10),Warm (20-30),Strong (50-70),-0.03,1.95,-0.12,0.64,-0.39,,0
2014-11-26,2014,11,Nov,4,Spring,2014-11,330,19.3,23.3,0.0,7.4,7.3,ENE,41.0,ENE,ENE,17,26,58,66,1019.7,1016.6,6.0,7.0,21.5,21.9,No,No,0,0,0,0,0,0,21.3,4.0,0.4,-8,-3.1,21.5,Dry (<=1 mm),Warm (20-30),Moderate (30-50),-0.39,0.86,0.56,-0.32,0.68,,0
2014-11-30,2014,11,Nov,4,Spring,2014-11,334,19.1,26.8,0.0,8.0,8.4,NNE,44.0,ENE,NE,11,26,64,63,1014.2,1011.2,2.0,4.0,23.8,24.6,No,Yes,0,1,0,0,0,0,22.95,7.7,0.8,1,-3.0,18.5,Dry (<=1 mm),Warm (20-30),Moderate (30-50),0.51,0.78,0.35,-0.06,-0.2,,0
2014-12-01,2014,12,Dec,4,Summer,2014-12,335,19.6,26.8,3.2,9.8,8.0,NNE,46.0,E,NE,6,20,59,69,1011.0,1007.9,6.0,7.0,25.1,23.6,Yes,Yes,1,1,0,0,0,1,23.2,7.2,-1.5,-10,-3.1,13.0,Light (1-10),Warm (20-30),Moderate (30-50),0.28,0.45,0.77,0.07,-0.52,,0
2014-12-02,2014,12,Dec,4,Summer,2014-12,336,19.0,28.9,8.2,8.6,10.7,SE,61.0,WNW,NNE,15,20,71,56,1011.9,1008.8,6.0,2.0,23.7,27.8,Yes,No,1,0,0,0,0,1,23.95,9.9,4.1,15,-3.1,17.5,Light (1-10),Warm (20-30),Strong (50-70),0.89,0.19,-0.11,1.32,-0.37,,0
2014-12-03,2014,12,Dec,4,Summer,2014-12,337,21.6,29.3,1.0,8.4,7.6,S,59.0,E,ENE,4,17,68,55,1013.2,1009.4,4.0,7.0,26.2,28.4,No,Yes,0,1,0,0,0,0,25.45,7.7,2.2,13,-3.8,10.5,Dry (<=1 mm),Warm (20-30),Strong (50-70),1.01,1.34,-0.18,1.15,-0.15,,0
2014-12-04,2014,12,Dec,4,Summer,2014-12,338,20.0,26.9,23.8,8.0,0.0,W,61.0,ENE,ENE,9,22,80,74,1012.5,1009.4,7.0,7.0,22.7,25.3,Yes,Yes,1,1,0,0,0,1,23.45,6.9,2.6,6,-3.1,15.5,Moderate (10-25),Warm (20-30),Strong (50-70),0.31,0.63,1.11,1.32,-0.27,,0
2014-12-05,2014,12,Dec,4,Summer,2014-12,339,19.6,27.2,6.2,11.0,6.9,WNW,52.0,N,NE,9,17,64,59,1008.3,1005.6,7.0,5.0,24.3,26.3,Yes,Yes,1,1,0,0,0,1,23.4,7.6,2.0,5,-2.7,13.0,Light (1-10),Warm (20-30),Strong (50-70),0.4,0.45,0.09,0.57,-0.98,,0
2014-12-06,2014,12,Dec,4,Summer,2014-12,340,20.5,26.7,1.8,5.6,6.6,ENE,30.0,NE,E,17,17,70,61,1007.7,1004.1,6.0,7.0,23.4,25.5,Yes,Yes,1,1,0,0,0,1,23.6,6.2,2.1,9,-3.6,17.0,Light (1-10),Warm (20-30),Moderate (30-50),0.25,0.85,0.23,-1.25,-1.08,,0
2014-12-07,2014,12,Dec,4,Summer,2014-12,341,18.7,27.2,5.4,7.8,8.9,WNW,50.0,ENE,E,11,22,68,81,1006.0,1003.9,2.0,4.0,24.5,23.6,Yes,Yes,1,1,0,0,0,1,22.95,8.5,-0.9,-13,-2.1,16.5,Light (1-10),Warm (20-30),Strong (50-70),0.4,0.05,1.59,0.4,-1.37,,0
2014-12-08,2014,12,Dec,4,Summer,2014-12,342,18.9,32.0,15.8,8.6,7.5,W,70.0,ESE,WSW,2,17,81,42,1006.8,1006.3,6.0,7.0,22.0,29.2,Yes,No,1,0,0,0,0,1,25.45,13.1,7.2,39,-0.5,9.5,Moderate (10-25),Hot (30-35),Gale-force (>=70),1.79,0.14,-1.06,2.06,-1.23,,0
2014-12-09,2014,12,Dec,4,Summer,2014-12,343,21.1,23.8,0.4,7.4,2.1,S,31.0,ESE,ESE,19,22,71,70,1015.0,1014.3,7.0,6.0,22.5,23.0,No,No,0,0,0,0,0,0,22.45,2.7,0.5,1,-0.7,20.5,Dry (<=1 mm),Warm (20-30),Moderate (30-50),-0.59,1.12,0.84,-1.17,0.16,,0
2014-12-10,2014,12,Dec,4,Summer,2014-12,344,20.4,25.3,0.0,5.0,2.6,E,33.0,E,E,17,22,73,69,1014.8,1011.4,6.0,7.0,22.5,24.7,No,Yes,0,1,0,0,0,0,22.85,4.9,2.2,4,-3.4,19.5,Dry (<=1 mm),Warm (20-30),Moderate (30-50),-0.15,0.81,0.77,-1.0,0.12,,0
2014-12-11,2014,12,Dec,4,Summer,2014-12,345,20.7,22.0,9.8,3.4,0.7,SSW,65.0,W,SSW,19,26,92,85,1005.5,1008.8,7.0,7.0,21.7,18.6,Yes,Yes,1,1,0,0,1,1,21.35,1.3,-3.1,7,3.3,22.5,Light (1-10),Warm (20-30),Strong (50-70),-1.11,0.94,1.86,1.65,-1.45,,0
2014-12-13,2014,12,Dec,4,Summer,2014-12,347,16.7,24.1,0.0,8.4,9.7,ESE,44.0,SE,ESE,19,28,53,54,1018.6,1016.9,5.0,4.0,20.6,21.2,No,No,0,0,0,0,0,0,20.4,7.4,0.6,-1,-1.7,23.5,Dry (<=1 mm),Warm (20-30),Moderate (30-50),-0.5,-0.84,-0.25,-0.09,0.77,,0
2014-12-14,2014,12,Dec,4,Summer,2014-12,348,15.3,24.4,0.0,8.0,10.8,NNE,39.0,WNW,ENE,7,24,69,48,1014.4,1010.7,5.0,1.0,20.0,23.2,No,No,0,0,0,0,0,0,19.85,9.1,3.2,21,-3.7,15.5,Dry (<=1 mm),Warm (20-30),Moderate (30-50),-0.41,-1.46,-0.65,-0.51,0.06,,0
2014-12-15,2014,12,Dec,4,Summer,2014-12,349,17.8,25.9,0.0,8.0,13.0,NE,41.0,ENE,ENE,6,24,54,48,1012.2,1010.8,1.0,1.0,24.3,24.6,No,No,0,0,0,0,0,0,21.85,8.1,0.3,6,-1.4,15.0,Dry (<=1 mm),Warm (20-30),Moderate (30-50),0.02,-0.35,-0.65,-0.34,-0.32,,0
2014-12-16,2014,12,Dec,4,Summer,2014-12,350,20.0,25.0,0.0,11.4,8.7,NE,65.0,NNE,NE,13,39,60,67,1007.9,999.6,7.0,3.0,22.1,24.3,No,No,0,0,0,0,0,0,22.5,5.0,2.2,-7,-8.3,26.0,Dry (<=1 mm),Warm (20-30),Strong (50-70),-0.24,0.63,0.64,1.65,-1.04,,0
2014-12-17,2014,12,Dec,4,Summer,2014-12,351,19.2,23.8,0.0,7.6,5.8,W,41.0,SSE,SE,33,22,61,51,1006.3,1007.8,2.0,7.0,21.2,22.3,No,No,0,0,0,0,0,0,21.5,4.6,1.1,10,1.5,27.5,Dry (<=1 mm),Warm (20-30),Moderate (30-50),-0.59,0.27,-0.45,-0.34,-1.32,,0
2014-12-18,2014,12,Dec,4,Summer,2014-12,352,18.3,25.3,0.0,6.8,5.6,E,31.0,WNW,E,11,20,80,70,1010.3,1005.5,8.0,6.0,19.1,24.4,No,No,0,0,0,0,0,0,21.8,7.0,5.3,10,-4.8,15.5,Dry (<=1 mm),Warm (20-30),Moderate (30-50),-0.15,-0.13,0.84,-1.17,-0.64,,0
2014-12-19,2014,12,Dec,4,Summer,2014-12,353,18.2,24.1,0.0,6.6,10.8,SSW,56.0,SSE,SE,31,22,53,44,1012.4,1013.0,1.0,1.0,21.2,23.2,No,No,0,0,0,0,0,0,21.15,5.9,2.0,9,0.6,26.5,Dry (<=1 mm),Warm (20-30),Strong (50-70),-0.5,-0.17,-0.93,0.9,-0.28,,0
2014-12-20,2014,12,Dec,4,Summer,2014-12,354,18.0,23.1,0.0,8.4,9.5,ENE,31.0,ESE,E,9,20,51,50,1018.5,1016.6,5.0,1.0,20.7,22.2,No,No,0,0,0,0,0,0,20.55,5.1,1.5,1,-1.9,14.5,Dry (<=1 mm),Warm (20-30),Moderate (30-50),-0.79,-0.26,-0.52,-1.17,0.75,,0
2014-12-21,2014,12,Dec,4,Summer,2014-12,355,16.8,25.7,0.0,7.0,12.6,ENE,46.0,W,E,6,31,65,61,1018.6,1016.0,1.0,1.0,22.5,24.1,No,No,0,0,0,0,0,0,21.25,8.9,1.6,4,-2.6,18.5,Dry (<=1 mm),Warm (20-30),Moderate (30-50),-0.04,-0.79,0.23,0.07,0.77,,0
2014-12-22,2014,12,Dec,4,Summer,2014-12,356,20.5,26.4,0.0,9.2,8.8,NE,57.0,ENE,NE,15,33,63,69,1016.9,1014.8,3.0,5.0,24.8,25.1,No,No,0,0,0,0,0,0,23.45,5.9,0.3,-6,-2.1,24.0,Dry (<=1 mm),Warm (20-30),Strong (50-70),0.17,0.85,0.77,0.98,0.48,,0
2014-12-23,2014,12,Dec,4,Summer,2014-12,357,20.7,26.1,0.0,8.2,4.6,NE,41.0,NW,NNE,11,13,84,81,1015.4,1012.8,7.0,8.0,21.1,23.8,No,Yes,0,1,0,0,0,0,23.4,5.4,2.7,3,-2.6,12.0,Dry (<=1 mm),Warm (20-30),Moderate (30-50),0.08,0.94,1.59,-0.34,0.23,,0
2014-12-24,2014,12,Dec,4,Summer,2014-12,358,21.0,24.3,1.6,5.0,3.3,SSW,54.0,S,S,17,28,82,71,1013.7,1013.9,7.0,7.0,22.4,22.7,Yes,No,1,0,0,0,0,1,22.65,3.3,0.3,11,0.2,22.5,Light (1-10),Warm (20-30),Strong (50-70),-0.44,1.08,0.91,0.74,-0.06,,0
2014-12-25,2014,12,Dec,4,Summer,2014-12,359,19.8,26.8,0.0,5.8,5.3,WSW,59.0,N,NE,9,22,77,71,1011.5,1005.7,7.0,7.0,23.2,25.6,No,Yes,0,1,0,0,0,0,23.3,7.0,2.4,6,-5.8,15.5,Dry (<=1 mm),Warm (20-30),Strong (50-70),0.28,0.54,0.91,1.15,-0.44,,0
2014-12-26,2014,12,Dec,4,Summer,2014-12,360,19.9,30.4,28.6,4.0,8.9,SSE,57.0,WSW,SE,19,37,67,66,1007.8,1011.3,3.0,6.0,24.1,22.7,Yes,No,1,0,0,0,0,1,25.15,10.5,-1.4,1,3.5,28.0,Heavy (25-50),Hot (30-35),Strong (50-70),1.33,0.59,0.57,0.98,-1.06,,0
2014-12-27,2014,12,Dec,4,Summer,2014-12,361,18.8,21.7,0.0,10.6,0.0,ENE,31.0,ESE,ESE,11,15,50,53,1021.0,1020.6,7.0,7.0,20.6,20.7,No,No,0,0,0,0,0,0,20.25,2.9,0.1,-3,-0.4,13.0,Dry (<=1 mm),Warm (20-30),Moderate (30-50),-1.2,0.1,-0.31,-1.17,1.17,,0
2014-12-28,2014,12,Dec,4,Summer,2014-12,362,18.9,24.2,0.0,4.0,2.0,ENE,30.0,S,E,2,13,75,61,1019.2,1015.9,7.0,7.0,20.2,23.5,No,No,0,0,0,0,0,0,21.55,5.3,3.3,14,-3.3,7.5,Dry (<=1 mm),Warm (20-30),Moderate (30-50),-0.47,0.14,0.23,-1.25,0.87,,0
2014-12-29,2014,12,Dec,4,Summer,2014-12,363,17.7,27.3,0.0,5.4,12.6,NNE,46.0,NNW,NE,13,24,62,66,1009.7,1004.1,1.0,1.0,23.6,25.4,No,No,0,0,0,0,0,0,22.5,9.6,1.8,-4,-5.6,18.5,Dry (<=1 mm),Warm (20-30),Moderate (30-50),0.43,-0.39,0.57,0.07,-0.74,,0
2014-12-30,2014,12,Dec,4,Summer,2014-12,364,19.4,28.1,0.0,8.0,12.7,SSW,54.0,S,E,13,17,59,50,1007.4,1004.0,0.0,0.0,23.4,26.9,No,No,0,0,0,0,0,0,23.75,8.7,3.5,9,-3.4,15.0,Dry (<=1 mm),Warm (20-30),Strong (50-70),0.66,0.36,-0.52,0.74,-1.13,,0
2014-12-31,2014,12,Dec,4,Summer,2014-12,365,19.3,25.2,0.0,9.6,8.0,SSW,46.0,E,E,17,24,64,57,1015.6,1014.4,5.0,2.0,22.2,23.9,No,No,0,0,0,0,0,0,22.25,5.9,1.7,7,-1.2,20.5,Dry (<=1 mm),Warm (20-30),Moderate (30-50),-0.18,0.32,-0.04,0.07,0.26,,0
2015-01-01,2015,1,Jan,1,Summer,2015-01,1,21.4,28.4,0.0,6.8,11.0,ENE,43.0,NE,NE,15,24,68,69,1014.5,1011.4,1.0,3.0,25.2,27.5,No,No,0,0,0,0,0,0,24.9,7.0,2.3,-1,-3.1,19.5,Dry (<=1 mm),Warm (20-30),Moderate (30-50),0.24,0.52,0.75,-0.08,0.09,,0
2015-01-02,2015,1,Jan,1,Summer,2015-01,2,21.2,28.5,0.0,9.2,3.6,S,37.0,S,ESE,17,17,78,76,1018.8,1017.7,7.0,7.0,23.2,26.3,No,No,0,0,0,0,0,0,24.85,7.3,3.1,2,-1.1,17.0,Dry (<=1 mm),Warm (20-30),Moderate (30-50),0.27,0.42,1.25,-0.64,0.89,,0
2015-01-03,2015,1,Jan,1,Summer,2015-01,3,22.0,28.8,0.0,4.0,12.0,NE,48.0,E,NE,15,22,76,70,1020.2,1017.5,3.0,1.0,26.3,27.7,No,No,0,0,0,0,0,0,25.4,6.8,1.4,6,-2.7,18.5,Dry (<=1 mm),Warm (20-30),Moderate (30-50),0.35,0.8,0.82,0.39,1.15,,0
2015-01-04,2015,1,Jan,1,Summer,2015-01,4,22.4,30.4,0.0,10.2,8.9,SSW,52.0,E,NE,11,15,69,66,1015.9,1012.8,1.0,7.0,26.9,27.1,No,No,0,0,0,0,0,0,26.4,8.0,0.2,3,-3.1,13.0,Dry (<=1 mm),Hot (30-35),Strong (50-70),0.76,0.99,0.53,0.77,0.35,,0
2015-01-05,2015,1,Jan,1,Summer,2015-01,5,20.5,26.3,0.2,10.0,3.4,S,35.0,SSW,ESE,9,15,82,66,1019.4,1018.7,7.0,7.0,21.8,25.9,No,No,0,0,0,0,0,0,23.4,5.8,4.1,16,-0.7,12.0,Dry (<=1 mm),Warm (20-30),Moderate (30-50),-0.31,0.09,0.53,-0.83,1.0,,0
2015-01-06,2015,1,Jan,1,Summer,2015-01,6,21.3,28.2,0.2,4.0,11.8,E,26.0,SSE,E,11,17,80,64,1020.7,1019.9,5.0,3.0,24.4,26.8,No,No,0,0,0,0,0,0,24.75,6.9,2.4,16,-0.8,14.0,Dry (<=1 mm),Warm (20-30),Light (<30),0.19,0.47,0.39,-1.68,1.24,,0
2015-01-07,2015,1,Jan,1,Summer,2015-01,7,22.8,29.3,0.0,6.6,12.4,NNE,44.0,E,NE,17,22,64,50,1020.6,1018.3,3.0,1.0,27.1,27.9,No,No,0,0,0,0,0,0,26.05,6.5,0.8,14,-2.3,19.5,Dry (<=1 mm),Warm (20-30),Moderate (30-50),0.48,1.18,-0.6,0.02,1.23,,0
2015-01-08,2015,1,Jan,1,Summer,2015-01,8,21.2,28.0,0.0,9.2,13.0,W,41.0,N,NE,6,31,55,55,1016.1,1011.7,1.0,1.0,25.8,27.4,No,No,0,0,0,0,0,0,24.6,6.8,1.6,0,-4.4,18.5,Dry (<=1 mm),Warm (20-30),Moderate (30-50),0.14,0.42,-0.25,-0.27,0.38,,0
2015-01-09,2015,1,Jan,1,Summer,2015-01,9,21.8,29.9,0.0,13.6,8.7,NE,48.0,E,ENE,13,31,72,64,1010.6,1007.8,1.0,2.0,25.7,26.9,No,No,0,0,0,0,0,0,25.85,8.1,1.2,8,-2.8,22.0,Dry (<=1 mm),Warm (20-30),Moderate (30-50),0.63,0.7,0.39,0.39,-0.64,,0
2015-01-10,2015,1,Jan,1,Summer,2015-01,10,22.0,28.7,0.0,7.4,1.0,W,41.0,ESE,ENE,2,13,81,78,1010.8,1009.1,7.0,8.0,24.3,25.2,No,Yes,0,1,0,0,0,0,25.35,6.7,0.9,3,-1.7,7.5,Dry (<=1 mm),Warm (20-30),Moderate (30-50),0.32,0.8,1.39,-0.27,-0.61,,0
2015-01-11,2015,1,Jan,1,Summer,2015-01,11,20.6,22.9,21.0,7.4,0.0,S,33.0,ESE,S,19,13,96,92,1013.6,1012.6,8.0,8.0,21.1,21.1,Yes,Yes,1,1,0,0,0,1,21.75,2.3,0.0,4,-1.0,16.0,Moderate (10-25),Warm (20-30),Moderate (30-50),-1.19,0.14,2.38,-1.02,-0.08,,0
2015-01-12,2015,1,Jan,1,Summer,2015-01,12,20.4,24.4,9.6,4.8,3.3,S,56.0,SSE,S,22,30,76,78,1014.7,1013.3,7.0,7.0,22.9,22.9,Yes,Yes,1,1,0,0,0,1,22.4,4.0,0.0,-2,-1.4,26.0,Light (1-10),Warm (20-30),Strong (50-70),-0.8,0.05,1.39,1.15,0.12,,0
2015-01-13,2015,1,Jan,1,Summer,2015-01,13,18.9,28.8,4.8,5.4,7.5,NNE,43.0,WSW,ENE,6,20,94,77,1010.2,1005.6,6.0,5.0,21.2,24.5,Yes,No,1,0,0,0,0,1,23.85,9.9,3.3,17,-4.6,13.0,Light (1-10),Warm (20-30),Moderate (30-50),0.35,-0.66,1.32,-0.08,-0.72,,0
2015-01-14,2015,1,Jan,1,Summer,2015-01,14,21.1,34.2,0.0,6.2,12.7,WSW,54.0,WNW,WNW,6,28,55,32,999.1,997.2,1.0,2.0,28.6,33.4,No,No,0,0,0,0,0,0,27.65,13.1,4.8,23,-1.9,17.0,Dry (<=1 mm),Hot (30-35),Strong (50-70),1.75,0.37,-1.89,0.96,-2.79,,0
2015-01-15,2015,1,Jan,1,Summer,2015-01,15,22.0,29.0,0.0,11.0,11.7,W,35.0,WSW,ESE,11,24,45,57,1004.0,1004.2,2.0,1.0,26.1,24.8,No,No,0,0,0,0,0,0,25.5,7.0,-1.3,-12,0.2,17.5,Dry (<=1 mm),Warm (20-30),Moderate (30-50),0.4,0.8,-0.11,-0.83,-1.87,,0
2015-01-16,2015,1,Jan,1,Summer,2015-01,16,21.2,27.6,0.0,8.2,12.9,ENE,33.0,WSW,E,6,22,67,63,1008.6,1005.8,3.0,2.0,24.7,26.6,No,No,0,0,0,0,0,0,24.4,6.4,1.9,4,-2.8,14.0,Dry (<=1 mm),Warm (20-30),Moderate (30-50),0.03,0.42,0.32,-1.02,-1.02,,0
2015-01-17,2015,1,Jan,1,Summer,2015-01,17,20.7,35.7,0.0,3.2,13.4,WNW,39.0,W,E,7,24,35,23,1008.0,1005.2,0.0,1.0,27.0,33.5,No,No,0,0,0,0,0,0,28.2,15.0,6.5,12,-2.8,15.5,Dry (<=1 mm),Extreme heat (>=35),Moderate (30-50),2.15,0.19,-2.53,-0.45,-1.13,,0
2015-01-18,2015,1,Jan,1,Summer,2015-01,18,20.7,29.1,0.0,10.2,11.8,ESE,39.0,SSW,ESE,13,20,73,43,1011.7,1010.0,5.0,6.0,24.5,28.6,No,No,0,0,0,0,0,0,24.9,8.4,4.1,30,-1.7,16.5,Dry (<=1 mm),Warm (20-30),Moderate (30-50),0.42,0.19,-1.1,-0.45,-0.44,,0
2015-01-19,2015,1,Jan,1,Summer,2015-01,19,20.9,22.7,0.0,10.4,0.1,SE,44.0,SSE,SE,28,24,66,61,1014.9,1015.2,8.0,8.0,21.7,21.7,No,Yes,0,1,0,0,0,0,21.8,1.8,0.0,5,0.3,26.0,Dry (<=1 mm),Warm (20-30),Moderate (30-50),-1.25,0.28,0.18,0.02,0.16,,0
2015-01-20,2015,1,Jan,1,Summer,2015-01,20,18.1,24.8,6.2,3.4,7.3,ENE,48.0,ENE,NE,20,26,88,64,1014.3,1011.9,8.0,5.0,20.3,23.9,Yes,Yes,1,1,0,0,0,1,21.45,6.7,3.6,24,-2.4,23.0,Light (1-10),Warm (20-30),Moderate (30-50),-0.7,-1.04,0.39,0.39,0.05,,0
2015-01-21,2015,1,Jan,1,Summer,2015-01,21,19.7,28.0,18.0,7.4,10.5,E,59.0,SSE,E,2,20,78,61,1011.0,1010.6,5.0,3.0,24.4,27.1,Yes,No,1,0,0,0,0,1,23.85,8.3,2.7,17,-0.4,11.0,Moderate (10-25),Warm (20-30),Strong (50-70),0.14,-0.28,0.18,1.43,-0.57,,0
2015-01-22,2015,1,Jan,1,Summer,2015-01,22,22.5,28.3,0.2,8.4,11.7,ENE,37.0,ESE,E,9,19,68,58,1014.5,1012.1,5.0,1.0,26.4,27.5,No,No,0,0,0,0,0,0,25.4,5.8,1.1,10,-2.4,14.0,Dry (<=1 mm),Warm (20-30),Moderate (30-50),0.21,1.03,-0.04,-0.64,0.09,,0
2015-01-23,2015,1,Jan,1,Summer,2015-01,23,22.4,29.1,0.0,8.0,10.5,NNE,52.0,NE,NE,11,30,74,61,1010.1,1007.0,7.0,2.0,25.8,28.7,No,No,0,0,0,0,0,0,25.75,6.7,2.9,13,-3.1,20.5,Dry (<=1 mm),Warm (20-30),Strong (50-70),0.42,0.99,0.18,0.77,-0.74,,0
2015-01-24,2015,1,Jan,1,Summer,2015-01,24,22.7,29.1,0.0,9.2,9.8,NE,43.0,E,NE,15,24,69,54,1008.1,1004.9,1.0,1.0,26.7,28.3,No,No,0,0,0,0,0,0,25.9,6.4,1.6,15,-3.2,19.5,Dry (<=1 mm),Warm (20-30),Moderate (30-50),0.42,1.13,-0.32,-0.08,-1.11,,0
2015-01-25,2015,1,Jan,1,Summer,2015-01,25,21.6,34.4,1.0,8.0,11.2,S,59.0,W,E,6,19,77,44,1003.1,1001.6,2.0,5.0,25.0,31.2,No,No,0,0,0,0,0,0,28.0,12.8,6.2,33,-1.5,12.5,Dry (<=1 mm),Hot (30-35),Strong (50-70),1.81,0.61,-1.03,1.43,-2.04,,0
2015-01-26,2015,1,Jan,1,Summer,2015-01,26,20.2,20.4,0.6,10.6,0.0,SSE,35.0,SSE,S,20,17,84,88,1013.2,1013.3,8.0,8.0,20.4,19.7,No,Yes,0,1,0,0,1,0,20.3,0.2,-0.7,-4,0.1,18.5,Dry (<=1 mm),Warm (20-30),Moderate (30-50),-1.85,-0.05,2.1,-0.83,-0.16,,0
2015-01-27,2015,1,Jan,1,Summer,2015-01,27,18.9,20.4,33.0,5.4,0.0,ESE,37.0,ESE,E,20,13,96,93,1013.3,1012.5,8.0,8.0,19.2,20.2,Yes,Yes,1,1,0,0,0,1,19.65,1.5,1.0,3,-0.8,16.5,Heavy (25-50),Warm (20-30),Moderate (30-50),-1.85,-0.66,2.45,-0.64,-0.14,,0
2015-01-28,2015,1,Jan,1,Summer,2015-01,28,17.3,20.5,57.0,7.2,2.3,S,43.0,SSE,SSW,17,6,95,92,1013.3,1013.5,8.0,7.0,17.9,18.2,Yes,Yes,1,1,0,0,0,1,18.9,3.2,0.3,3,0.2,11.5,Very heavy (>50),Warm (20-30),Moderate (30-50),-1.82,-1.41,2.38,-0.08,-0.14,Extreme rain,1
2015-01-29,2015,1,Jan,1,Summer,2015-01,29,14.6,24.3,14.0,2.8,12.2,S,57.0,SSW,S,17,35,54,47,1012.9,1011.0,3.0,3.0,19.0,22.1,Yes,No,1,0,0,0,0,1,19.45,9.7,3.1,7,-1.9,26.0,Moderate (10-25),Warm (20-30),Strong (50-70),-0.83,-2.69,-0.82,1.24,-0.21,,0
2015-01-30,2015,1,Jan,1,Summer,2015-01,30,15.2,27.3,0.0,8.8,11.2,WSW,48.0,WSW,WSW,20,17,43,28,1009.4,1005.4,1.0,3.0,19.6,26.8,No,No,0,0,0,0,0,0,21.25,12.1,7.2,15,-4.0,18.5,Dry (<=1 mm),Warm (20-30),Moderate (30-50),-0.05,-2.4,-2.17,0.39,-0.87,,0
2015-01-31,2015,1,Jan,1,Summer,2015-01,31,17.0,26.1,0.0,5.8,11.7,ESE,26.0,WNW,ESE,9,19,59,42,1008.1,1005.8,2.0,2.0,21.4,24.2,No,No,0,0,0,0,0,0,21.55,9.1,2.8,17,-2.3,14.0,Dry (<=1 mm),Warm (20-30),Light (<30),-0.36,-1.56,-1.17,-1.68,-1.11,,0
2015-02-01,2015,2,Feb,1,Summer,2015-02,32,19.3,26.6,0.0,9.4,7.0,SE,37.0,SSW,ESE,9,19,75,55,1009.5,1009.3,7.0,6.0,22.0,24.2,No,Yes,0,1,0,0,0,0,22.95,7.3,2.2,20,-0.2,14.0,Dry (<=1 mm),Warm (20-30),Moderate (30-50),-0.09,-0.42,-0.46,-0.38,-1.07,,0
2015-02-02,2015,2,Feb,1,Summer,2015-02,33,18.0,25.0,3.4,6.6,8.7,SSE,61.0,SSW,S,19,35,81,59,1015.5,1015.9,7.0,2.0,19.6,23.4,Yes,No,1,0,0,0,0,1,21.5,7.0,3.8,22,0.4,27.0,Light (1-10),Warm (20-30),Strong (50-70),-0.59,-1.04,-0.14,2.0,-0.01,,0
2015-02-03,2015,2,Feb,1,Summer,2015-02,34,18.5,26.5,1.0,8.6,9.8,SSE,43.0,SW,SE,17,24,72,45,1020.1,1017.5,5.0,2.0,20.1,25.7,No,Yes,0,1,0,0,0,0,22.5,8.0,5.6,27,-2.6,20.5,Dry (<=1 mm),Warm (20-30),Moderate (30-50),-0.12,-0.8,-1.25,0.22,0.81,,0
2015-02-04,2015,2,Feb,1,Summer,2015-02,35,17.3,25.6,1.2,6.4,6.6,SSE,43.0,W,SSE,15,30,70,58,1015.7,1015.7,7.0,6.0,20.1,22.9,Yes,Yes,1,1,0,0,0,1,21.45,8.3,2.8,12,0.0,22.5,Light (1-10),Warm (20-30),Moderate (30-50),-0.4,-1.38,-0.22,0.22,0.03,,0
2015-02-05,2015,2,Feb,1,Summer,2015-02,36,18.6,24.3,7.4,7.2,0.5,ESE,46.0,ESE,ESE,20,13,59,54,1023.2,1024.1,7.0,7.0,21.9,22.5,Yes,No,1,0,0,0,0,1,21.45,5.7,0.6,5,0.9,16.5,Light (1-10),Warm (20-30),Moderate (30-50),-0.81,-0.76,-0.54,0.51,1.36,,0
2015-02-06,2015,2,Feb,1,Summer,2015-02,37,17.6,25.6,0.2,4.2,7.8,ESE,31.0,W,ESE,9,15,80,53,1027.7,1026.2,7.0,7.0,20.5,23.6,No,No,0,0,0,0,0,0,21.6,8.0,3.1,27,-1.5,12.0,Dry (<=1 mm),Warm (20-30),Moderate (30-50),-0.4,-1.23,-0.62,-0.97,2.16,,0
2015-02-07,2015,2,Feb,1,Summer,2015-02,38,18.8,26.5,0.0,5.4,6.9,ENE,35.0,WNW,ENE,9,22,77,50,1025.2,1021.8,8.0,4.0,20.3,26.0,No,No,0,0,0,0,0,0,22.65,7.7,5.7,27,-3.4,15.5,Dry (<=1 mm),Warm (20-30),Moderate (30-50),-0.12,-0.66,-0.85,-0.58,1.71,,0
2015-02-08,2015,2,Feb,1,Summer,2015-02,39,18.9,32.1,0.0,5.6,12.2,E,26.0,W,E,9,22,71,58,1018.9,1017.0,0.0,1.0,23.3,28.3,No,No,0,0,0,0,0,0,25.5,13.2,5.0,13,-1.9,15.5,Dry (<=1 mm),Hot (30-35),Light (<30),1.64,-0.61,-0.22,-1.47,0.59,,0
2015-02-09,2015,2,Feb,1,Summer,2015-02,40,22.7,25.9,0.0,8.0,1.2,S,46.0,S,SE,20,20,76,66,1023.8,1023.9,7.0,7.0,23.7,25.3,No,No,0,0,0,0,0,0,24.3,3.2,1.6,10,0.1,20.0,Dry (<=1 mm),Warm (20-30),Moderate (30-50),-0.31,1.2,0.41,0.51,1.46,,0
2015-02-10,2015,2,Feb,1,Summer,2015-02,41,21.5,28.2,0.0,5.8,7.7,ENE,33.0,WNW,E,6,19,82,65,1024.6,1023.1,5.0,3.0,24.0,27.7,No,No,0,0,0,0,0,0,24.85,6.7,3.7,17,-1.5,12.5,Dry (<=1 mm),Warm (20-30),Moderate (30-50),0.41,0.63,0.33,-0.77,1.61,,0
2015-02-11,2015,2,Feb,1,Summer,2015-02,42,22.8,28.6,0.2,5.8,11.3,ENE,41.0,ENE,E,17,28,72,59,1023.6,1021.0,6.0,2.0,25.8,27.1,No,No,0,0,0,0,0,0,25.7,5.8,1.3,13,-2.6,22.5,Dry (<=1 mm),Warm (20-30),Moderate (30-50),0.54,1.25,-0.14,0.02,1.43,,0
2015-02-12,2015,2,Feb,1,Summer,2015-02,43,21.0,28.8,0.0,8.0,10.0,ESE,37.0,SE,ESE,4,26,62,61,1021.8,1021.0,1.0,5.0,26.1,27.6,No,Yes,0,1,0,0,0,0,24.9,7.8,1.5,1,-0.8,15.0,Dry (<=1 mm),Warm (20-30),Moderate (30-50),0.6,0.39,0.01,-0.38,1.11,,0
2015-02-13,2015,2,Feb,1,Summer,2015-02,44,20.4,28.1,6.8,7.8,4.6,ENE,31.0,WNW,ESE,7,19,94,61,1024.2,1023.3,7.0,5.0,22.1,25.1,Yes,Yes,1,1,0,0,0,1,24.25,7.7,3.0,33,-0.9,13.0,Light (1-10),Warm (20-30),Moderate (30-50),0.38,0.1,0.01,-0.97,1.53,,0
2015-02-14,2015,2,Feb,1,Summer,2015-02,45,20.4,27.2,4.4,5.0,6.7,ENE,39.0,W,NE,7,17,82,55,1023.1,1019.9,2.0,7.0,23.1,26.9,Yes,No,1,0,0,0,0,1,23.8,6.8,3.8,27,-3.2,12.0,Light (1-10),Warm (20-30),Moderate (30-50),0.1,0.1,-0.46,-0.18,1.34,,0
2015-02-15,2015,2,Feb,1,Summer,2015-02,46,20.3,29.4,0.6,5.6,8.8,NE,37.0,N,ENE,4,20,85,59,1017.0,1014.8,7.0,3.0,22.4,26.4,No,No,0,0,0,0,0,0,24.85,9.1,4.0,26,-2.2,12.0,Dry (<=1 mm),Warm (20-30),Moderate (30-50),0.79,0.05,-0.14,-0.38,0.26,,0
2015-02-16,2015,2,Feb,1,Summer,2015-02,47,22.1,28.0,0.0,8.0,11.1,NE,46.0,NE,NE,19,28,62,57,1016.9,1015.7,3.0,7.0,25.4,26.8,No,No,0,0,0,0,0,0,25.05,5.9,1.4,5,-1.2,23.5,Dry (<=1 mm),Warm (20-30),Moderate (30-50),0.35,0.91,-0.3,0.51,0.24,,0
2015-02-17,2015,2,Feb,1,Summer,2015-02,48,21.9,27.8,0.0,8.4,12.2,NE,48.0,NNE,ENE,19,31,59,56,1019.0,1017.6,3.0,2.0,25.7,26.1,No,No,0,0,0,0,0,0,24.85,5.9,0.4,3,-1.4,25.0,Dry (<=1 mm),Warm (20-30),Moderate (30-50),0.29,0.82,-0.38,0.71,0.61,,0
2015-02-18,2015,2,Feb,1,Summer,2015-02,49,22.2,27.6,0.0,10.4,12.2,E,41.0,NE,E,9,28,59,60,1019.9,1019.0,2.0,2.0,26.4,26.7,No,No,0,0,0,0,0,0,24.9,5.4,0.3,-1,-0.9,18.5,Dry (<=1 mm),Warm (20-30),Moderate (30-50),0.23,0.96,-0.06,0.02,0.77,,0
2015-02-19,2015,2,Feb,1,Summer,2015-02,50,22.2,27.6,0.2,9.6,5.1,ENE,39.0,ENE,E,11,17,88,63,1021.8,1019.4,7.0,5.0,23.0,25.8,No,No,0,0,0,0,0,0,24.9,5.4,2.8,25,-2.4,14.0,Dry (<=1 mm),Warm (20-30),Moderate (30-50),0.23,0.96,0.17,-0.18,1.11,,0
2015-02-20,2015,2,Feb,1,Summer,2015-02,51,21.7,26.8,0.0,5.0,1.8,NE,43.0,W,E,6,9,82,67,1018.0,1016.2,7.0,7.0,23.8,25.6,No,No,0,0,0,0,0,0,24.25,5.1,1.8,15,-1.8,7.5,Dry (<=1 mm),Warm (20-30),Moderate (30-50),-0.03,0.72,0.49,0.22,0.43,,0
2015-02-21,2015,2,Feb,1,Summer,2015-02,52,20.5,25.6,1.0,2.8,0.0,ENE,37.0,SSE,ESE,6,15,88,74,1017.1,1016.0,8.0,8.0,22.9,24.5,No,Yes,0,1,0,0,0,0,23.05,5.1,1.6,14,-1.1,10.5,Dry (<=1 mm),Warm (20-30),Moderate (30-50),-0.4,0.15,1.04,-0.38,0.27,,0
2015-02-22,2015,2,Feb,1,Summer,2015-02,53,20.7,27.4,1.2,3.4,10.7,E,31.0,ESE,E,4,20,82,62,1017.7,1016.9,3.0,6.0,23.8,26.8,Yes,No,1,0,0,0,0,1,24.05,6.7,3.0,20,-0.8,12.0,Light (1-10),Warm (20-30),Moderate (30-50),0.16,0.24,0.09,-0.97,0.38,,0
2015-02-23,2015,2,Feb,1,Summer,2015-02,54,22.4,27.6,0.0,6.6,5.5,ENE,31.0,NNE,E,15,17,76,63,1016.9,1014.6,5.0,4.0,24.1,26.9,No,No,0,0,0,0,0,0,25.0,5.2,2.8,13,-2.3,16.0,Dry (<=1 mm),Warm (20-30),Moderate (30-50),0.23,1.06,0.17,-0.97,0.24,,0
2015-02-24,2015,2,Feb,1,Summer,2015-02,55,22.2,25.6,0.2,5.2,6.2,SSE,61.0,NNW,S,4,33,89,66,1014.8,1015.1,7.0,6.0,23.3,24.8,No,No,0,0,0,0,0,0,23.9,3.4,1.5,23,0.3,18.5,Dry (<=1 mm),Warm (20-30),Strong (50-70),-0.4,0.96,0.41,2.0,-0.13,,0
2015-02-25,2015,2,Feb,1,Summer,2015-02,56,20.1,23.8,0.0,6.6,9.1,SE,44.0,WSW,SSE,6,30,76,77,1015.6,1015.2,7.0,7.0,22.2,22.9,No,Yes,0,1,0,0,0,0,21.95,3.7,0.7,-1,-0.4,18.0,Dry (<=1 mm),Warm (20-30),Moderate (30-50),-0.97,-0.04,1.28,0.32,0.01,,0
2015-02-26,2015,2,Feb,1,Summer,2015-02,57,19.9,25.8,4.2,2.2,4.7,E,20.0,WNW,E,15,17,86,72,1010.9,1007.2,7.0,7.0,21.5,24.9,Yes,Yes,1,1,0,0,0,1,22.85,5.9,3.4,14,-3.7,16.0,Light (1-10),Warm (20-30),Light (<30),-0.34,-0.14,0.88,-2.06,-0.83,,0
2015-02-27,2015,2,Feb,1,Summer,2015-02,58,20.0,27.5,26.8,4.6,8.4,SE,28.0,S,ESE,11,17,97,60,1010.8,1009.5,6.0,2.0,21.1,26.4,Yes,No,1,0,0,0,0,1,23.75,7.5,5.3,37,-1.3,14.0,Heavy (25-50),Warm (20-30),Light (<30),0.19,-0.09,-0.06,-1.27,-0.84,,0
2015-02-28,2015,2,Feb,1,Summer,2015-02,59,20.1,27.0,0.2,5.6,6.0,NNE,43.0,ENE,NE,9,22,78,62,1010.8,1008.5,7.0,7.0,23.3,26.5,No,No,0,0,0,0,0,0,23.55,6.9,3.2,16,-2.3,15.5,Dry (<=1 mm),Warm (20-30),Moderate (30-50),0.04,-0.04,0.09,0.22,-0.84,,0
2015-03-01,2015,3,Mar,1,Autumn,2015-03,60,22.0,36.4,0.0,6.0,7.0,SSE,91.0,E,E,6,20,69,57,1005.9,1002.9,1.0,7.0,26.2,29.3,No,Yes,0,1,0,0,0,0,29.2,14.4,3.1,12,-3.0,13.0,Dry (<=1 mm),Extreme heat (>=35),Gale-force (>=70),4.29,1.46,-0.22,4.18,-2.29,Heat; Extreme gust,1
2015-03-02,2015,3,Mar,1,Autumn,2015-03,61,18.2,24.6,11.4,10.6,3.3,SSE,48.0,SSW,SE,20,15,70,57,1018.7,1017.3,6.0,7.0,20.1,23.7,Yes,No,1,0,0,0,0,1,21.4,6.4,3.6,13,-1.4,17.5,Moderate (10-25),Warm (20-30),Moderate (30-50),-0.52,-0.31,-0.22,0.53,0.11,,0
2015-03-03,2015,3,Mar,1,Autumn,2015-03,62,16.8,27.7,0.2,5.0,8.0,ENE,33.0,WNW,E,9,28,60,54,1015.9,1013.1,1.0,2.0,22.5,25.8,No,No,0,0,0,0,0,0,22.25,10.9,3.3,6,-2.8,18.5,Dry (<=1 mm),Warm (20-30),Moderate (30-50),0.74,-0.96,-0.45,-0.75,-0.42,,0
2015-03-04,2015,3,Mar,1,Autumn,2015-03,63,21.5,27.9,0.0,6.6,7.4,SSW,26.0,S,E,7,13,79,63,1013.4,1010.2,5.0,3.0,23.7,26.9,No,No,0,0,0,0,0,0,24.7,6.4,3.2,16,-3.2,10.0,Dry (<=1 mm),Warm (20-30),Light (<30),0.82,1.23,0.25,-1.34,-0.88,,0
2015-03-05,2015,3,Mar,1,Autumn,2015-03,64,20.4,28.6,0.0,4.8,9.8,SSE,59.0,SW,SSE,15,35,28,56,1005.9,1008.5,4.0,4.0,25.2,23.1,No,No,0,0,0,0,0,0,24.5,8.2,-2.1,-28,2.6,25.0,Dry (<=1 mm),Warm (20-30),Strong (50-70),1.11,0.72,-0.29,1.46,-2.29,,0
2015-03-06,2015,3,Mar,1,Autumn,2015-03,65,16.2,30.9,0.0,8.8,11.3,WSW,44.0,WNW,W,15,24,44,22,1007.6,1003.7,5.0,1.0,21.1,29.6,No,No,0,0,0,0,0,0,23.55,14.7,8.5,22,-3.9,19.5,Dry (<=1 mm),Hot (30-35),Moderate (30-50),2.05,-1.24,-2.92,0.19,-1.97,,0
2015-03-07,2015,3,Mar,1,Autumn,2015-03,66,19.3,25.4,0.0,8.0,7.3,ENE,43.0,E,ENE,2,24,89,57,1012.8,1009.9,4.0,2.0,19.8,24.6,No,No,0,0,0,0,0,0,22.35,6.1,4.8,32,-2.9,13.0,Dry (<=1 mm),Warm (20-30),Moderate (30-50),-0.2,0.21,-0.22,0.1,-1.0,,0
2015-03-08,2015,3,Mar,1,Autumn,2015-03,67,19.6,27.6,0.0,5.8,6.7,SSE,35.0,WNW,SSE,11,22,87,62,1011.1,1009.5,7.0,7.0,21.0,25.6,No,No,0,0,0,0,0,0,23.6,8.0,4.6,25,-1.6,16.5,Dry (<=1 mm),Warm (20-30),Moderate (30-50),0.7,0.35,0.17,-0.58,-1.32,,0
2015-03-09,2015,3,Mar,1,Autumn,2015-03,68,20.3,31.2,0.0,4.0,11.0,ENE,31.0,WNW,E,11,24,75,57,1011.9,1009.9,0.0,1.0,23.7,27.7,No,No,0,0,0,0,0,0,25.75,10.9,4.0,18,-2.0,17.5,Dry (<=1 mm),Hot (30-35),Moderate (30-50),2.17,0.67,-0.22,-0.92,-1.17,,0
2015-03-10,2015,3,Mar,1,Autumn,2015-03,69,21.1,24.5,0.0,7.2,0.9,SSW,35.0,SSW,E,17,20,79,79,1017.7,1016.5,7.0,7.0,22.8,24.0,No,No,0,0,0,0,0,0,22.8,3.4,1.2,0,-1.2,18.5,Dry (<=1 mm),Warm (20-30),Moderate (30-50),-0.56,1.05,1.48,-0.58,-0.08,,0
2015-03-11,2015,3,Mar,1,Autumn,2015-03,70,21.3,27.9,0.0,1.2,7.6,WNW,52.0,WNW,E,11,26,85,65,1016.9,1013.3,6.0,1.0,22.5,27.0,No,No,0,0,0,0,0,0,24.6,6.6,4.5,20,-3.6,18.5,Dry (<=1 mm),Warm (20-30),Strong (50-70),0.82,1.14,0.4,0.86,-0.23,,0
2015-03-12,2015,3,Mar,1,Autumn,2015-03,71,20.0,28.7,0.2,6.2,9.8,SE,41.0,SSE,SE,22,22,76,52,1014.9,1013.3,5.0,6.0,25.0,27.3,No,No,0,0,0,0,0,0,24.35,8.7,2.3,24,-1.6,22.0,Dry (<=1 mm),Warm (20-30),Moderate (30-50),1.15,0.53,-0.6,-0.07,-0.6,,0
2015-03-13,2015,3,Mar,1,Autumn,2015-03,72,20.1,21.9,0.6,6.2,0.3,SSE,44.0,SSE,S,22,17,70,65,1019.9,1019.5,7.0,7.0,20.8,21.4,No,Yes,0,1,0,0,0,0,21.0,1.8,0.6,5,-0.4,19.5,Dry (<=1 mm),Warm (20-30),Moderate (30-50),-1.63,0.58,0.4,0.19,0.33,,0
2015-03-14,2015,3,Mar,1,Autumn,2015-03,73,15.8,24.5,1.2,3.4,8.9,NE,31.0,WNW,E,9,19,73,49,1018.7,1014.6,1.0,2.0,20.1,23.7,Yes,No,1,0,0,0,0,1,20.15,8.7,3.6,24,-4.1,14.0,Light (1-10),Warm (20-30),Moderate (30-50),-0.56,-1.43,-0.83,-0.92,0.11,,0
2015-03-15,2015,3,Mar,1,Autumn,2015-03,74,17.7,24.9,0.0,5.6,5.1,SSE,70.0,SSW,S,26,33,75,51,1010.0,1012.5,6.0,6.0,21.8,23.0,No,Yes,0,1,0,0,0,0,21.3,7.2,1.2,24,2.5,29.5,Dry (<=1 mm),Warm (20-30),Gale-force (>=70),-0.4,-0.54,-0.68,2.39,-1.52,,0
2015-03-16,2015,3,Mar,1,Autumn,2015-03,75,16.3,23.6,8.8,7.4,6.1,SSE,37.0,WNW,E,13,13,77,45,1017.2,1015.7,7.0,5.0,17.9,23.4,Yes,No,1,0,0,0,0,1,19.95,7.3,5.5,32,-1.5,13.0,Light (1-10),Warm (20-30),Moderate (30-50),-0.93,-1.19,-1.14,-0.41,-0.17,,0
2015-03-17,2015,3,Mar,1,Autumn,2015-03,76,15.3,24.4,0.0,4.8,3.9,N,31.0,WNW,NE,11,17,63,55,1015.9,1012.0,3.0,7.0,20.4,22.5,No,No,0,0,0,0,0,0,19.85,9.1,2.1,8,-3.9,14.0,Dry (<=1 mm),Warm (20-30),Moderate (30-50),-0.6,-1.66,-0.37,-0.92,-0.42,,0
2015-03-18,2015,3,Mar,1,Autumn,2015-03,77,19.7,29.9,0.0,5.8,7.8,SSE,28.0,NNE,ESE,9,17,76,49,1007.2,1003.7,7.0,2.0,22.5,27.2,No,No,0,0,0,0,0,0,24.8,10.2,4.7,27,-3.5,13.0,Dry (<=1 mm),Warm (20-30),Light (<30),1.64,0.39,-0.83,-1.17,-2.05,,0
2015-03-19,2015,3,Mar,1,Autumn,2015-03,78,19.6,28.9,0.2,3.0,10.5,SSW,35.0,W,ESE,20,19,72,54,1011.5,1010.5,2.0,1.0,22.8,27.2,No,No,0,0,0,0,0,0,24.25,9.3,4.4,18,-1.0,19.5,Dry (<=1 mm),Warm (20-30),Moderate (30-50),1.23,0.35,-0.45,-0.58,-1.24,,0
2015-03-20,2015,3,Mar,1,Autumn,2015-03,79,20.0,31.4,0.0,5.2,8.0,SSE,72.0,W,S,13,39,75,65,1010.5,1012.0,1.0,5.0,23.8,24.9,No,Yes,0,1,0,0,0,0,25.7,11.4,1.1,10,1.5,26.0,Dry (<=1 mm),Hot (30-35),Gale-force (>=70),2.25,0.53,0.4,2.56,-1.43,,0
2015-03-21,2015,3,Mar,1,Autumn,2015-03,80,18.3,23.1,2.0,7.6,0.9,SSE,44.0,SE,SE,22,22,75,55,1024.7,1025.3,7.0,6.0,19.6,21.7,Yes,Yes,1,1,0,0,0,1,20.7,4.8,2.1,20,0.6,22.0,Light (1-10),Warm (20-30),Moderate (30-50),-1.14,-0.26,-0.37,0.19,1.24,,0
2015-03-22,2015,3,Mar,1,Autumn,2015-03,81,18.6,24.4,2.2,5.4,1.6,ESE,44.0,E,E,24,22,71,59,1024.4,1022.0,7.0,7.0,22.2,24.1,Yes,Yes,1,1,0,0,0,1,21.5,5.8,1.9,12,-2.4,23.0,Light (1-10),Warm (20-30),Moderate (30-50),-0.6,-0.12,-0.06,0.19,1.18,,0
2015-03-23,2015,3,Mar,1,Autumn,2015-03,82,18.4,26.5,1.4,3.4,8.7,NNE,41.0,N,NE,9,22,81,64,1018.9,1013.6,1.0,6.0,22.8,26.4,Yes,No,1,0,0,0,0,1,22.45,8.1,3.6,17,-5.3,15.5,Light (1-10),Warm (20-30),Moderate (30-50),0.25,-0.21,0.32,-0.07,0.15,,0
2015-03-24,2015,3,Mar,1,Autumn,2015-03,83,20.6,27.6,0.2,6.8,2.2,SW,31.0,SW,SE,2,9,86,93,1012.1,1010.4,7.0,8.0,22.2,22.5,No,Yes,0,1,0,0,0,0,24.1,7.0,0.3,-7,-1.7,5.5,Dry (<=1 mm),Warm (20-30),Moderate (30-50),0.7,0.81,2.57,-0.92,-1.13,,0
2015-03-25,2015,3,Mar,1,Autumn,2015-03,84,15.0,24.8,22.4,3.4,9.7,SSW,37.0,W,SSE,19,20,72,53,1017.2,1016.5,1.0,3.0,18.0,24.2,Yes,No,1,0,0,0,0,1,19.9,9.8,6.2,19,-0.7,19.5,Moderate (10-25),Warm (20-30),Moderate (30-50),-0.44,-1.8,-0.53,-0.41,-0.17,,0
2015-03-26,2015,3,Mar,1,Autumn,2015-03,85,16.9,28.7,0.2,5.8,10.4,WSW,41.0,W,WNW,19,17,70,24,1017.8,1015.1,1.0,1.0,20.4,27.8,No,No,0,0,0,0,0,0,22.8,11.8,7.4,46,-2.7,18.0,Dry (<=1 mm),Warm (20-30),Moderate (30-50),1.15,-0.91,-2.77,-0.07,-0.06,,0
2015-03-27,2015,3,Mar,1,Autumn,2015-03,86,14.7,27.6,0.0,7.0,11.2,WSW,52.0,W,W,15,22,34,20,1020.5,1017.1,1.0,0.0,17.2,26.4,No,No,0,0,0,0,0,0,21.15,12.9,9.2,14,-3.4,18.5,Dry (<=1 mm),Warm (20-30),Strong (50-70),0.7,-1.94,-3.07,0.86,0.45,Very dry,1
2015-03-28,2015,3,Mar,1,Autumn,2015-03,87,14.7,24.5,0.0,7.0,10.9,W,37.0,W,ESE,24,20,39,45,1023.4,1021.9,1.0,2.0,18.5,22.2,No,No,0,0,0,0,0,0,19.6,9.8,3.7,-6,-1.5,22.0,Dry (<=1 mm),Warm (20-30),Moderate (30-50),-0.56,-1.94,-1.14,-0.41,0.99,,0
2015-03-29,2015,3,Mar,1,Autumn,2015-03,88,15.2,24.7,0.0,5.0,6.4,ENE,31.0,WNW,ENE,11,20,78,59,1023.4,1021.1,7.0,6.0,17.3,23.2,No,No,0,0,0,0,0,0,19.95,9.5,5.9,19,-2.3,15.5,Dry (<=1 mm),Warm (20-30),Moderate (30-50),-0.48,-1.7,-0.06,-0.92,0.99,,0
2015-03-30,2015,3,Mar,1,Autumn,2015-03,89,17.3,23.9,0.0,4.8,2.7,NW,28.0,W,ENE,19,19,84,64,1024.3,1022.9,8.0,5.0,19.1,23.1,No,Yes,0,1,0,0,0,0,20.6,6.6,4.0,20,-1.4,19.0,Dry (<=1 mm),Warm (20-30),Light (<30),-0.81,-0.73,0.32,-1.17,1.16,,0
2015-03-31,2015,3,Mar,1,Autumn,2015-03,90,17.3,24.1,14.2,3.0,3.8,ESE,31.0,W,E,6,13,93,58,1026.2,1024.8,7.0,6.0,19.7,22.7,Yes,Yes,1,1,0,0,0,1,20.7,6.8,3.0,35,-1.4,9.5,Moderate (10-25),Warm (20-30),Moderate (30-50),-0.73,-0.73,-0.14,-0.92,1.52,,0
2015-04-01,2015,4,Apr,2,Autumn,2015-04,91,17.8,25.3,6.0,4.2,9.9,NNE,39.0,W,ENE,13,17,95,72,1025.0,1021.0,1.0,5.0,18.8,23.6,Yes,No,1,0,0,0,0,1,21.55,7.5,4.8,23,-4.0,15.0,Light (1-10),Warm (20-30),Moderate (30-50),0.65,1.07,0.94,0.12,0.79,,0
2015-04-02,2015,4,Apr,2,Autumn,2015-04,92,18.5,27.9,0.0,4.2,3.9,S,48.0,N,E,7,11,86,57,1018.9,1016.3,7.0,7.0,20.3,27.1,No,No,0,0,0,0,0,0,23.2,9.4,6.8,29,-2.6,9.0,Dry (<=1 mm),Warm (20-30),Moderate (30-50),1.58,1.37,-0.04,0.8,-0.29,,0
2015-04-03,2015,4,Apr,2,Autumn,2015-04,93,17.9,19.0,0.6,6.4,0.0,S,48.0,SSE,SSW,13,13,91,89,1023.9,1022.9,8.0,8.0,18.1,18.5,No,Yes,0,1,0,0,0,0,18.45,1.1,0.4,2,-1.0,13.0,Dry (<=1 mm),Mild (<20),Moderate (30-50),-1.61,1.11,2.04,0.8,0.6,,0
2015-04-04,2015,4,Apr,2,Autumn,2015-04,94,17.7,20.1,24.0,5.4,0.0,ESE,52.0,ESE,SE,33,26,95,93,1020.3,1017.4,8.0,8.0,18.0,17.4,Yes,Yes,1,1,0,0,1,1,18.9,2.4,-0.6,2,-2.9,29.5,Moderate (10-25),Warm (20-30),Strong (50-70),-1.22,1.02,2.3,1.11,-0.04,,0
2015-04-05,2015,4,Apr,2,Autumn,2015-04,95,15.5,25.9,21.4,2.2,9.7,W,31.0,W,ESE,13,19,76,54,1010.5,1005.7,4.0,4.0,19.9,25.6,Yes,No,1,0,0,0,0,1,20.7,10.4,5.7,22,-4.8,16.0,Moderate (10-25),Warm (20-30),Moderate (30-50),0.86,0.06,-0.23,-0.49,-1.79,,0
2015-04-06,2015,4,Apr,2,Autumn,2015-04,96,15.8,24.9,0.0,4.0,5.1,N,35.0,WNW,NW,7,15,81,62,1008.0,1006.6,1.0,8.0,19.9,20.2,No,No,0,0,0,0,0,0,20.35,9.1,0.3,19,-1.4,11.0,Dry (<=1 mm),Warm (20-30),Moderate (30-50),0.51,0.19,0.29,-0.19,-2.23,,0
2015-04-07,2015,4,Apr,2,Autumn,2015-04,97,15.1,23.0,0.4,3.2,9.8,NW,70.0,WNW,WNW,15,22,67,42,1007.9,1007.2,6.0,2.0,20.0,21.2,No,Yes,0,1,0,0,0,0,19.05,7.9,1.2,25,-0.7,18.5,Dry (<=1 mm),Warm (20-30),Gale-force (>=70),-0.18,-0.11,-1.01,2.48,-2.25,,0
2015-04-08,2015,4,Apr,2,Autumn,2015-04,98,14.2,22.3,5.8,5.6,4.6,WSW,63.0,WSW,WSW,30,30,43,39,1010.7,1013.1,3.0,6.0,18.3,21.0,Yes,No,1,0,0,0,0,1,18.25,8.1,2.7,4,2.4,30.0,Light (1-10),Warm (20-30),Strong (50-70),-0.43,-0.51,-1.21,1.94,-1.75,,0
2015-04-09,2015,4,Apr,2,Autumn,2015-04,99,15.3,22.2,0.2,6.6,6.1,S,54.0,WSW,S,13,31,49,42,1020.6,1020.2,3.0,3.0,18.6,21.2,No,No,0,0,0,0,0,0,18.75,6.9,2.6,7,-0.4,22.0,Dry (<=1 mm),Warm (20-30),Strong (50-70),-0.46,-0.03,-1.01,1.26,0.01,,0
2015-04-10,2015,4,Apr,2,Autumn,2015-04,100,14.7,22.4,0.4,5.2,6.0,S,35.0,SSW,S,13,20,82,58,1024.8,1022.8,7.0,3.0,16.8,21.7,No,Yes,0,1,0,0,0,0,18.55,7.7,4.9,24,-2.0,16.5,Dry (<=1 mm),Warm (20-30),Moderate (30-50),-0.39,-0.29,0.03,-0.19,0.76,,0
2015-04-11,2015,4,Apr,2,Autumn,2015-04,101,15.6,22.7,7.8,1.8,4.6,W,22.0,W,E,13,13,94,69,1023.3,1019.6,7.0,5.0,17.5,20.4,Yes,No,1,0,0,0,0,1,19.15,7.1,2.9,25,-3.7,13.0,Light (1-10),Warm (20-30),Light (<30),-0.28,0.11,0.74,-1.17,0.49,,0
2015-04-12,2015,4,Apr,2,Autumn,2015-04,102,14.8,23.5,0.2,2.0,8.8,SSW,44.0,WNW,SSE,17,28,80,63,1018.7,1018.0,5.0,7.0,18.7,21.4,No,No,0,0,0,0,0,0,19.15,8.7,2.7,17,-0.7,22.5,Dry (<=1 mm),Warm (20-30),Moderate (30-50),0.0,-0.24,0.35,0.5,-0.33,,0
2015-04-13,2015,4,Apr,2,Autumn,2015-04,103,14.8,22.2,0.0,4.0,10.2,SSE,35.0,SW,SSE,13,19,65,50,1023.7,1021.3,3.0,3.0,19.1,22.2,No,No,0,0,0,0,0,0,18.5,7.4,3.1,15,-2.4,16.0,Dry (<=1 mm),Warm (20-30),Moderate (30-50),-0.46,-0.24,-0.49,-0.19,0.56,,0
2015-04-14,2015,4,Apr,2,Autumn,2015-04,104,14.5,22.4,0.0,4.2,8.5,ENE,24.0,WNW,ENE,13,17,63,54,1023.9,1021.4,5.0,3.0,18.2,20.8,No,No,0,0,0,0,0,0,18.45,7.9,2.6,9,-2.5,15.0,Dry (<=1 mm),Warm (20-30),Light (<30),-0.39,-0.37,-0.23,-1.02,0.6,,0
2015-04-15,2015,4,Apr,2,Autumn,2015-04,105,15.0,24.2,0.0,5.0,8.7,W,46.0,W,ENE,15,19,72,66,1025.1,1021.6,7.0,2.0,18.6,23.2,No,No,0,0,0,0,0,0,19.6,9.2,4.6,6,-3.5,17.0,Dry (<=1 mm),Warm (20-30),Moderate (30-50),0.25,-0.16,0.55,0.65,0.81,,0
2015-04-16,2015,4,Apr,2,Autumn,2015-04,106,17.7,31.7,0.6,3.2,10.4,SSE,41.0,WNW,ENE,4,15,67,44,1022.4,1019.3,6.0,7.0,21.6,29.2,No,Yes,0,1,0,0,0,0,24.7,14.0,7.6,23,-3.1,9.5,Dry (<=1 mm),Hot (30-35),Moderate (30-50),2.94,1.02,-0.88,0.27,0.33,,0
2015-04-17,2015,4,Apr,2,Autumn,2015-04,107,19.9,23.7,1.6,4.0,0.0,SSE,20.0,E,E,17,13,86,89,1024.6,1021.3,7.0,8.0,21.0,21.0,Yes,No,1,0,0,0,0,1,21.8,3.8,0.0,-3,-3.3,15.0,Light (1-10),Warm (20-30),Light (<30),0.07,1.98,2.04,-1.33,0.72,,0
2015-04-18,2015,4,Apr,2,Autumn,2015-04,108,19.7,28.6,0.4,2.0,5.0,NW,54.0,N,N,19,26,71,51,1017.8,1013.9,7.0,8.0,23.7,26.1,No,Yes,0,1,0,0,0,0,24.15,8.9,2.4,20,-3.9,22.5,Dry (<=1 mm),Warm (20-30),Strong (50-70),1.83,1.89,-0.43,1.26,-0.49,,0
2015-04-19,2015,4,Apr,2,Autumn,2015-04,109,18.0,22.5,2.4,6.6,6.6,S,61.0,WSW,SSE,22,35,50,69,1018.5,1019.6,6.0,7.0,19.4,20.0,Yes,Yes,1,1,0,0,0,1,20.25,4.5,0.6,-19,1.1,28.5,Light (1-10),Warm (20-30),Strong (50-70),-0.36,1.15,0.74,1.79,-0.36,,0
2015-04-20,2015,4,Apr,2,Autumn,2015-04,110,13.6,17.2,13.2,3.2,0.0,SSE,83.0,S,SSE,24,46,96,94,1023.6,1020.7,8.0,8.0,15.0,17.1,Yes,Yes,1,1,0,0,0,1,15.4,3.6,2.1,2,-2.9,35.0,Moderate (10-25),Mild (<20),Gale-force (>=70),-2.26,-0.77,2.37,3.47,0.54,Extreme gust,1
2015-04-21,2015,4,Apr,2,Autumn,2015-04,111,14.5,17.7,119.4,4.8,0.0,SSE,87.0,SSE,S,54,46,87,96,1019.6,1016.8,8.0,8.0,14.9,14.6,Yes,Yes,1,1,0,0,0,1,16.1,3.2,-0.3,-9,-2.8,50.0,Very heavy (>50),Mild (<20),Gale-force (>=70),-2.08,-0.37,2.5,3.77,-0.17,Extreme gust; Extreme rain,1
2015-04-22,2015,4,Apr,2,Autumn,2015-04,112,14.1,17.9,105.8,4.8,0.6,S,72.0,SSW,SSW,20,22,98,94,1013.4,1010.5,8.0,7.0,16.1,17.2,Yes,Yes,1,1,0,0,0,1,16.0,3.8,1.1,4,-2.9,21.0,Very heavy (>50),Mild (<20),Gale-force (>=70),-2.01,-0.55,2.37,2.63,-1.27,Extreme rain,1
2015-04-23,2015,4,Apr,2,Autumn,2015-04,113,14.3,23.8,29.0,4.8,8.6,SSE,26.0,WNW,SE,13,7,98,56,1012.3,1009.6,4.0,4.0,16.4,23.1,Yes,No,1,0,0,0,0,1,19.05,9.5,6.7,42,-2.7,10.0,Heavy (25-50),Warm (20-30),Light (<30),0.11,-0.46,-0.1,-0.87,-1.47,,0
2015-04-24,2015,4,Apr,2,Autumn,2015-04,114,15.0,25.1,0.0,2.2,8.5,W,19.0,WNW,E,11,13,89,59,1008.0,1004.4,4.0,4.0,17.3,23.9,No,No,0,0,0,0,0,0,20.05,10.1,6.6,30,-3.6,12.0,Dry (<=1 mm),Warm (20-30),Light (<30),0.58,-0.16,0.09,-1.4,-2.23,,0
2015-04-25,2015,4,Apr,2,Autumn,2015-04,115,14.4,25.9,0.2,4.4,8.1,SSE,57.0,W,ENE,17,19,78,49,1008.8,1004.7,3.0,3.0,17.2,22.5,No,Yes,0,1,0,0,0,0,20.15,11.5,5.3,29,-4.1,18.0,Dry (<=1 mm),Warm (20-30),Strong (50-70),0.86,-0.42,-0.56,1.49,-2.09,,0
2015-04-26,2015,4,Apr,2,Autumn,2015-04,116,12.7,17.1,13.0,4.0,1.3,SW,48.0,W,SW,19,19,81,81,1008.0,1010.4,6.0,6.0,13.8,16.2,Yes,Yes,1,1,0,0,0,1,14.9,4.4,2.4,0,2.4,19.0,Moderate (10-25),Mild (<20),Moderate (30-50),-2.29,-1.16,1.52,0.8,-2.23,,0
2015-04-27,2015,4,Apr,2,Autumn,2015-04,117,12.5,20.9,4.0,0.4,10.5,S,35.0,W,SSE,19,17,59,41,1018.9,1019.0,1.0,1.0,15.3,20.7,Yes,No,1,0,0,0,0,1,16.7,8.4,5.4,18,0.1,18.0,Light (1-10),Warm (20-30),Moderate (30-50),-0.93,-1.25,-1.08,-0.19,-0.29,,0
2015-04-28,2015,4,Apr,2,Autumn,2015-04,118,10.3,20.9,0.2,5.6,10.4,SSE,39.0,WNW,S,20,22,63,50,1026.1,1024.5,1.0,1.0,14.0,20.1,No,No,0,0,0,0,0,0,15.6,10.6,6.1,13,-1.6,21.0,Dry (<=1 mm),Warm (20-30),Moderate (30-50),-0.93,-2.21,-0.49,0.12,0.99,,0
2015-04-29,2015,4,Apr,2,Autumn,2015-04,119,10.6,18.9,0.0,4.0,0.9,SSE,37.0,WNW,SE,20,17,81,77,1030.6,1028.9,6.0,7.0,14.0,17.5,No,Yes,0,1,0,0,0,0,14.75,8.3,3.5,4,-1.7,18.5,Dry (<=1 mm),Mild (<20),Moderate (30-50),-1.65,-2.08,1.26,-0.03,1.79,,0
2015-04-30,2015,4,Apr,2,Autumn,2015-04,120,14.0,20.9,10.2,3.8,3.0,SSE,33.0,SSE,SE,17,17,92,65,1031.3,1028.4,8.0,6.0,16.0,20.4,Yes,Yes,1,1,0,0,0,1,17.45,6.9,4.4,27,-2.9,17.0,Moderate (10-25),Warm (20-30),Moderate (30-50),-0.93,-0.59,0.48,-0.34,1.91,,0
2015-05-01,2015,5,May,2,Autumn,2015-05,121,14.1,21.7,28.4,2.2,1.0,E,41.0,SSW,ESE,17,15,98,83,1028.2,1024.5,8.0,7.0,16.7,19.8,Yes,Yes,1,1,0,0,0,1,17.9,7.6,3.1,15,-3.7,16.0,Heavy (25-50),Warm (20-30),Moderate (30-50),0.21,0.95,1.98,0.32,1.07,,0
2015-05-02,2015,5,May,2,Autumn,2015-05,122,16.6,23.0,8.6,2.6,2.3,ESE,52.0,ESE,NE,20,17,79,95,1020.6,1016.5,7.0,7.0,21.7,19.0,Yes,Yes,1,1,0,0,0,1,19.8,6.4,-2.7,-16,-4.1,18.5,Light (1-10),Warm (20-30),Strong (50-70),0.72,2.15,2.75,1.24,-0.08,,0
2015-05-03,2015,5,May,2,Autumn,2015-05,123,18.9,20.9,31.6,1.2,0.4,SSW,50.0,SSW,S,15,22,98,86,1014.8,1012.8,8.0,6.0,19.0,20.8,Yes,No,1,0,0,0,0,1,19.9,2.0,1.8,12,-2.0,18.5,Heavy (25-50),Warm (20-30),Strong (50-70),-0.1,3.25,2.17,1.07,-0.95,Warm night,1
2015-05-04,2015,5,May,2,Autumn,2015-05,124,17.3,21.8,0.4,1.8,0.3,S,28.0,W,SSE,17,7,83,66,1016.0,1013.2,7.0,6.0,18.3,21.6,No,No,0,0,0,0,0,0,19.55,4.5,3.3,17,-2.8,12.0,Dry (<=1 mm),Warm (20-30),Light (<30),0.25,2.48,0.89,-0.76,-0.77,,0
2015-05-05,2015,5,May,2,Autumn,2015-05,125,14.7,27.5,0.0,1.6,9.8,W,41.0,NNW,NNW,20,26,84,33,1008.3,1003.9,4.0,1.0,19.0,27.0,No,No,0,0,0,0,0,0,21.1,12.8,8.0,51,-4.4,23.0,Dry (<=1 mm),Warm (20-30),Moderate (30-50),2.47,1.24,-1.22,0.32,-1.93,,0
2015-05-06,2015,5,May,2,Autumn,2015-05,126,13.4,21.0,0.2,6.4,10.0,W,46.0,W,WSW,28,26,41,29,1014.0,1012.5,0.0,0.0,15.3,20.4,No,No,0,0,0,0,0,0,17.2,7.6,5.1,12,-1.5,27.0,Dry (<=1 mm),Warm (20-30),Moderate (30-50),-0.06,0.62,-1.48,0.74,-1.07,,0
2015-05-07,2015,5,May,2,Autumn,2015-05,127,11.5,20.3,0.0,6.6,10.3,W,56.0,W,WSW,19,30,51,31,1018.2,1015.4,1.0,1.0,15.1,19.8,No,No,0,0,0,0,0,0,15.9,8.8,4.7,20,-2.8,24.5,Dry (<=1 mm),Warm (20-30),Strong (50-70),-0.33,-0.29,-1.35,1.57,-0.44,,0
2015-05-08,2015,5,May,2,Autumn,2015-05,128,11.1,21.0,0.0,5.2,10.3,W,35.0,W,WNW,22,11,51,31,1019.4,1016.1,1.0,0.0,13.8,20.5,No,No,0,0,0,0,0,0,16.05,9.9,6.7,20,-3.3,16.5,Dry (<=1 mm),Warm (20-30),Moderate (30-50),-0.06,-0.48,-1.35,-0.18,-0.26,,0
2015-05-09,2015,5,May,2,Autumn,2015-05,129,11.4,21.0,0.0,2.8,10.3,WNW,35.0,W,NW,19,19,52,36,1017.1,1013.9,1.0,1.0,14.5,20.7,No,No,0,0,0,0,0,0,16.2,9.6,6.2,16,-3.2,19.0,Dry (<=1 mm),Warm (20-30),Moderate (30-50),-0.06,-0.34,-1.03,-0.18,-0.61,,0
2015-05-10,2015,5,May,2,Autumn,2015-05,130,11.3,21.2,0.0,4.8,7.8,NW,52.0,N,WNW,20,26,49,33,1011.3,1006.0,1.0,5.0,15.4,20.8,No,No,0,0,0,0,0,0,16.25,9.9,5.4,16,-5.3,23.0,Dry (<=1 mm),Warm (20-30),Strong (50-70),0.02,-0.39,-1.22,1.24,-1.48,,0
2015-05-11,2015,5,May,2,Autumn,2015-05,131,15.4,21.9,0.0,5.0,10.2,WNW,70.0,WNW,WSW,17,39,48,35,1010.2,1009.6,1.0,1.0,16.8,21.1,No,No,0,0,0,0,0,0,18.65,6.5,4.3,13,-0.6,28.0,Dry (<=1 mm),Warm (20-30),Gale-force (>=70),0.29,1.57,-1.09,2.74,-1.65,,0
2015-05-12,2015,5,May,2,Autumn,2015-05,132,12.2,22.5,0.0,6.6,10.3,W,52.0,NW,W,11,30,56,34,1014.3,1010.2,0.0,1.0,16.2,21.9,No,No,0,0,0,0,0,0,17.35,10.3,5.7,22,-4.1,20.5,Dry (<=1 mm),Warm (20-30),Strong (50-70),0.52,0.04,-1.16,1.24,-1.03,,0
2015-05-13,2015,5,May,2,Autumn,2015-05,133,13.2,17.3,0.0,4.6,7.7,W,59.0,W,SW,33,13,42,32,1015.3,1016.3,1.0,6.0,13.9,16.4,No,Yes,0,1,0,0,0,0,15.25,4.1,2.5,10,1.0,23.0,Dry (<=1 mm),Mild (<20),Strong (50-70),-1.5,0.52,-1.28,1.82,-0.88,,0
2015-05-14,2015,5,May,2,Autumn,2015-05,134,7.9,19.3,2.2,4.0,10.1,W,46.0,W,W,28,20,49,34,1024.7,1024.2,1.0,2.0,11.3,18.4,Yes,No,1,0,0,0,0,1,13.6,11.4,7.1,15,-0.5,24.0,Light (1-10),Mild (<20),Moderate (30-50),-0.72,-2.01,-1.16,0.74,0.54,,0
2015-05-15,2015,5,May,2,Autumn,2015-05,135,10.2,20.0,0.2,4.4,7.8,S,48.0,W,SSW,22,24,59,61,1031.4,1031.1,1.0,5.0,14.2,17.8,No,No,0,0,0,0,0,0,15.1,9.8,3.6,-2,-0.3,23.0,Dry (<=1 mm),Warm (20-30),Moderate (30-50),-0.45,-0.91,0.57,0.91,1.55,,0
2015-05-16,2015,5,May,2,Autumn,2015-05,136,13.0,20.8,0.8,2.8,9.3,S,41.0,SW,S,19,20,87,50,1035.4,1033.7,3.0,3.0,15.1,19.6,No,No,0,0,0,0,0,0,16.9,7.8,4.5,37,-1.7,19.5,Dry (<=1 mm),Warm (20-30),Moderate (30-50),-0.14,0.43,-0.13,0.32,2.16,,0
2015-05-17,2015,5,May,2,Autumn,2015-05,137,11.1,20.5,0.6,3.0,3.0,W,24.0,W,ESE,17,17,89,66,1035.5,1032.2,3.0,6.0,13.0,18.4,No,No,0,0,0,0,0,0,15.8,9.4,5.4,23,-3.3,17.0,Dry (<=1 mm),Warm (20-30),Light (<30),-0.25,-0.48,0.89,-1.09,2.17,,0
2015-05-18,2015,5,May,2,Autumn,2015-05,138,11.5,19.3,0.0,2.0,0.5,W,20.0,W,SE,15,2,91,84,1031.8,1027.3,7.0,8.0,13.8,18.2,No,No,0,0,0,0,0,0,15.4,7.8,4.4,7,-4.5,8.5,Dry (<=1 mm),Mild (<20),Light (<30),-0.72,-0.29,2.04,-1.42,1.61,,0
2015-05-19,2015,5,May,2,Autumn,2015-05,139,13.8,21.5,0.2,0.4,1.8,NNW,28.0,NNE,NE,2,7,84,66,1020.6,1015.5,8.0,6.0,16.9,20.9,No,No,0,0,0,0,0,0,17.65,7.7,4.0,18,-5.1,4.5,Dry (<=1 mm),Warm (20-30),Light (<30),0.13,0.81,0.89,-0.76,-0.08,,0
2015-05-20,2015,5,May,2,Autumn,2015-05,140,16.2,25.4,0.4,1.4,5.8,NW,31.0,NW,ENE,17,19,79,58,1015.9,1013.4,7.0,7.0,17.4,21.6,No,No,0,0,0,0,0,0,20.8,9.2,4.2,21,-2.5,18.0,Dry (<=1 mm),Warm (20-30),Moderate (30-50),1.65,1.96,0.38,-0.51,-0.79,,0
2015-05-21,2015,5,May,2,Autumn,2015-05,141,14.5,21.8,0.2,4.0,5.8,S,41.0,W,S,20,19,67,58,1018.6,1016.9,1.0,5.0,16.5,19.2,No,Yes,0,1,0,0,0,0,18.15,7.3,2.7,9,-1.7,19.5,Dry (<=1 mm),Warm (20-30),Moderate (30-50),0.25,1.14,0.38,0.32,-0.38,,0
2015-05-22,2015,5,May,2,Autumn,2015-05,142,13.0,17.7,11.2,3.4,1.4,S,72.0,S,S,31,30,94,56,1016.9,1020.4,8.0,6.0,15.2,16.9,Yes,Yes,1,1,0,0,0,1,15.35,4.7,1.7,38,3.5,30.5,Moderate (10-25),Mild (<20),Gale-force (>=70),-1.35,0.43,0.25,2.9,-0.64,,0
2015-05-23,2015,5,May,2,Autumn,2015-05,143,10.2,19.0,24.4,5.6,8.6,SSW,44.0,W,S,26,22,69,50,1029.1,1028.1,3.0,3.0,11.8,17.9,Yes,No,1,0,0,0,0,1,14.6,8.8,6.1,19,-1.0,24.0,Moderate (10-25),Mild (<20),Moderate (30-50),-0.84,-0.91,-0.13,0.57,1.21,,0
2015-05-24,2015,5,May,2,Autumn,2015-05,144,8.3,20.3,0.2,2.8,8.1,W,35.0,W,ESE,19,6,87,44,1032.3,1030.7,3.0,2.0,10.1,18.9,No,No,0,0,0,0,0,0,14.3,12.0,8.8,43,-1.6,12.5,Dry (<=1 mm),Warm (20-30),Moderate (30-50),-0.33,-1.82,-0.52,-0.18,1.69,,0
2015-05-25,2015,5,May,2,Autumn,2015-05,145,9.4,19.5,0.0,2.6,6.0,W,26.0,WNW,NNW,11,7,84,52,1032.2,1028.5,7.0,7.0,11.4,18.2,No,No,0,0,0,0,0,0,14.45,10.1,6.8,32,-3.7,9.0,Dry (<=1 mm),Mild (<20),Light (<30),-0.64,-1.3,-0.0,-0.92,1.67,,0
2015-05-26,2015,5,May,2,Autumn,2015-05,146,8.5,19.0,0.0,2.0,5.9,WNW,30.0,W,SSE,24,9,77,55,1030.0,1026.6,3.0,7.0,10.4,17.9,No,No,0,0,0,0,0,0,13.75,10.5,7.5,22,-3.4,16.5,Dry (<=1 mm),Mild (<20),Moderate (30-50),-0.84,-1.73,0.19,-0.59,1.34,,0
2015-05-27,2015,5,May,2,Autumn,2015-05,147,10.4,21.6,0.0,3.2,8.3,W,26.0,W,WNW,15,9,69,40,1025.4,1021.6,6.0,6.0,13.1,20.5,No,No,0,0,0,0,0,0,16.0,11.2,7.4,29,-3.8,12.0,Dry (<=1 mm),Warm (20-30),Light (<30),0.17,-0.82,-0.77,-0.92,0.65,,0
2015-05-28,2015,5,May,2,Autumn,2015-05,148,11.7,21.0,0.0,1.4,7.6,NNW,24.0,WNW,ENE,11,4,82,60,1023.6,1020.2,1.0,5.0,13.6,20.3,No,No,0,0,0,0,0,0,16.35,9.3,6.7,22,-3.4,7.5,Dry (<=1 mm),Warm (20-30),Light (<30),-0.06,-0.2,0.51,-1.09,0.38,,0
2015-05-29,2015,5,May,2,Autumn,2015-05,149,13.6,19.2,0.0,2.0,0.6,NW,26.0,W,WNW,9,7,79,65,1020.6,1020.1,8.0,6.0,17.3,18.7,No,No,0,0,0,0,0,0,16.4,5.6,1.4,14,-0.5,8.0,Dry (<=1 mm),Mild (<20),Light (<30),-0.76,0.71,0.83,-0.92,-0.08,,0
2015-05-30,2015,5,May,2,Autumn,2015-05,150,11.1,18.3,0.2,2.4,1.1,W,28.0,WNW,WNW,11,9,84,52,1022.0,1017.8,7.0,7.0,13.1,17.0,No,No,0,0,0,0,0,0,14.7,7.2,3.9,32,-4.2,10.0,Dry (<=1 mm),Mild (<20),Light (<30),-1.11,-0.48,-0.0,-0.76,0.13,,0
2015-05-31,2015,5,May,2,Autumn,2015-05,151,11.5,15.0,0.0,3.4,0.0,W,30.0,WNW,NW,11,13,78,59,1016.5,1012.3,8.0,7.0,12.1,14.5,No,No,0,0,0,0,0,0,13.25,3.5,2.4,19,-4.2,12.0,Dry (<=1 mm),Mild (<20),Moderate (30-50),-2.4,-0.29,0.44,-0.59,-0.7,,0
2015-06-01,2015,6,Jun,2,Winter,2015-06,152,10.1,15.9,0.0,0.4,8.6,WSW,63.0,WSW,SW,28,26,47,25,1014.7,1016.7,5.0,2.0,13.4,14.8,No,No,0,0,0,0,0,0,13.0,5.8,1.4,22,2.0,27.0,Dry (<=1 mm),Mild (<20),Strong (50-70),-1.22,-0.19,-1.81,1.55,-0.88,,0
2015-06-02,2015,6,Jun,2,Winter,2015-06,153,6.1,16.6,0.2,4.6,9.1,WSW,50.0,WSW,S,31,20,47,41,1023.8,1022.4,1.0,1.0,9.5,15.6,No,No,0,0,0,0,0,0,11.35,10.5,6.1,6,-1.4,25.5,Dry (<=1 mm),Mild (<20),Strong (50-70),-0.87,-1.96,-0.92,0.68,0.29,,0
2015-06-03,2015,6,Jun,2,Winter,2015-06,154,6.1,18.4,0.0,3.2,8.8,W,35.0,W,SSW,22,11,64,56,1023.2,1020.7,1.0,6.0,8.8,15.6,No,No,0,0,0,0,0,0,12.25,12.3,6.8,8,-2.5,16.5,Dry (<=1 mm),Mild (<20),Moderate (30-50),0.01,-1.96,-0.08,-0.34,0.21,,0
2015-06-04,2015,6,Jun,2,Winter,2015-06,155,7.4,19.0,0.0,1.2,9.0,W,33.0,WNW,ENE,17,9,82,53,1022.0,1017.8,3.0,2.0,8.9,17.5,No,No,0,0,0,0,0,0,13.2,11.6,8.6,29,-4.2,13.0,Dry (<=1 mm),Mild (<20),Moderate (30-50),0.31,-1.39,-0.25,-0.47,0.06,,0
2015-06-05,2015,6,Jun,2,Winter,2015-06,156,8.9,17.7,0.0,4.0,6.9,W,33.0,WSW,SSW,19,7,69,42,1019.3,1019.3,7.0,1.0,10.2,16.8,No,No,0,0,0,0,0,0,13.3,8.8,6.6,27,0.0,13.0,Dry (<=1 mm),Mild (<20),Moderate (30-50),-0.33,-0.72,-0.87,-0.47,-0.29,,0
2015-06-06,2015,6,Jun,2,Winter,2015-06,157,10.1,21.0,1.0,1.8,6.1,W,28.0,W,W,20,4,66,45,1028.3,1027.0,2.0,1.0,11.9,20.6,No,No,0,0,0,0,0,0,15.55,10.9,8.7,21,-1.3,12.0,Dry (<=1 mm),Warm (20-30),Light (<30),1.29,-0.19,-0.7,-0.81,0.87,,0
2015-06-07,2015,6,Jun,2,Winter,2015-06,158,9.3,22.6,0.0,2.2,9.5,NW,24.0,W,N,17,15,89,43,1029.0,1024.1,1.0,5.0,10.8,21.3,No,No,0,0,0,0,0,0,15.95,13.3,10.5,46,-4.9,16.0,Dry (<=1 mm),Warm (20-30),Light (<30),2.08,-0.55,-0.81,-1.08,0.96,,0
2015-06-08,2015,6,Jun,2,Winter,2015-06,159,10.8,22.9,0.0,2.8,8.1,WNW,52.0,WNW,WNW,15,19,67,36,1024.5,1019.5,5.0,1.0,14.8,22.5,No,No,0,0,0,0,0,0,16.85,12.1,7.7,31,-5.0,17.0,Dry (<=1 mm),Warm (20-30),Strong (50-70),2.23,0.12,-1.2,0.81,0.38,,0
2015-06-09,2015,6,Jun,2,Winter,2015-06,160,13.6,22.6,0.0,4.0,6.5,NNW,30.0,WNW,WSW,13,19,57,29,1020.7,1019.5,6.0,5.0,17.1,21.9,No,Yes,0,1,0,0,0,0,18.1,9.0,4.8,28,-1.2,16.0,Dry (<=1 mm),Warm (20-30),Moderate (30-50),2.08,1.35,-1.59,-0.67,-0.11,,0
2015-06-10,2015,6,Jun,2,Winter,2015-06,161,12.8,14.6,2.0,3.0,0.0,SSE,31.0,W,SSW,11,9,94,92,1031.1,1031.2,7.0,7.0,12.9,14.2,Yes,Yes,1,1,0,0,0,1,13.7,1.8,1.3,2,0.1,10.0,Light (1-10),Mild (<20),Moderate (30-50),-1.86,1.0,1.92,-0.61,1.23,,0
2015-06-11,2015,6,Jun,2,Winter,2015-06,162,11.7,16.1,6.6,0.6,0.2,W,24.0,W,N,9,4,83,69,1036.8,1034.4,7.0,7.0,13.3,15.9,Yes,No,1,0,0,0,0,1,13.9,4.4,2.6,14,-2.4,6.5,Light (1-10),Mild (<20),Light (<30),-1.12,0.51,0.64,-1.08,1.97,,0
2015-06-12,2015,6,Jun,2,Winter,2015-06,163,12.6,19.4,0.4,1.4,0.7,W,24.0,W,NNW,13,4,88,57,1034.6,1031.5,7.0,6.0,13.5,19.2,No,No,0,0,0,0,0,0,16.0,6.8,5.7,31,-3.1,8.5,Dry (<=1 mm),Mild (<20),Light (<30),0.5,0.91,-0.03,-1.08,1.69,,0
2015-06-13,2015,6,Jun,2,Winter,2015-06,164,13.1,19.7,0.0,2.4,4.5,NNW,33.0,W,NNW,17,11,85,46,1031.3,1027.1,7.0,7.0,13.8,19.0,No,No,0,0,0,0,0,0,16.4,6.6,5.2,39,-4.2,14.0,Dry (<=1 mm),Mild (<20),Moderate (30-50),0.65,1.13,-0.64,-0.47,1.26,,0
2015-06-14,2015,6,Jun,2,Winter,2015-06,165,9.5,19.9,0.0,2.0,8.3,WSW,24.0,W,E,19,6,88,52,1028.5,1025.7,4.0,3.0,11.2,18.6,No,No,0,0,0,0,0,0,14.7,10.4,7.4,36,-2.8,12.5,Dry (<=1 mm),Mild (<20),Light (<30),0.75,-0.46,-0.31,-1.08,0.9,,0
2015-06-15,2015,6,Jun,2,Winter,2015-06,166,10.9,16.9,0.2,4.0,0.6,NE,39.0,WNW,W,13,9,85,79,1027.8,1025.2,7.0,7.0,12.9,16.4,No,Yes,0,1,0,0,0,0,13.9,6.0,3.5,6,-2.6,11.0,Dry (<=1 mm),Mild (<20),Moderate (30-50),-0.73,0.16,1.2,-0.07,0.81,,0
2015-06-16,2015,6,Jun,2,Winter,2015-06,167,12.9,17.9,2.6,4.8,0.3,WNW,24.0,N,NNE,9,7,85,94,1022.8,1018.3,7.0,7.0,16.5,15.8,Yes,Yes,1,1,0,0,0,1,15.4,5.0,-0.7,-9,-4.5,8.0,Light (1-10),Mild (<20),Light (<30),-0.23,1.05,2.04,-1.08,0.16,,0
2015-06-17,2015,6,Jun,2,Winter,2015-06,168,14.7,17.6,10.8,0.6,0.0,NW,30.0,N,W,9,7,95,92,1012.5,1009.1,8.0,8.0,16.0,16.4,Yes,Yes,1,1,0,0,0,1,16.15,2.9,0.4,3,-3.4,8.0,Moderate (10-25),Mild (<20),Moderate (30-50),-0.38,1.84,1.92,-0.67,-1.17,,0
2015-06-18,2015,6,Jun,2,Winter,2015-06,169,11.4,17.4,2.2,1.0,0.8,W,39.0,W,SSW,17,13,80,84,1014.4,1013.6,7.0,7.0,13.5,15.8,Yes,Yes,1,1,0,0,0,1,14.4,6.0,2.3,-4,-0.8,15.0,Light (1-10),Mild (<20),Moderate (30-50),-0.48,0.38,1.48,-0.07,-0.92,,0
2015-06-19,2015,6,Jun,2,Winter,2015-06,170,9.6,14.5,67.0,4.8,2.5,W,41.0,W,SSW,24,20,98,88,1017.2,1017.5,7.0,7.0,9.9,12.5,Yes,Yes,1,1,0,0,0,1,12.05,4.9,2.6,10,0.3,22.0,Very heavy (>50),Mild (<20),Moderate (30-50),-1.91,-0.42,1.7,0.07,-0.56,Extreme rain,1
2015-06-20,2015,6,Jun,2,Winter,2015-06,171,8.3,16.6,7.2,2.2,8.6,W,41.0,W,SSW,15,13,76,59,1024.1,1023.4,2.0,7.0,9.8,14.1,Yes,Yes,1,1,0,0,0,1,12.45,8.3,4.3,17,-0.7,14.0,Light (1-10),Mild (<20),Moderate (30-50),-0.87,-0.99,0.08,0.07,0.33,,0
2015-06-21,2015,6,Jun,2,Winter,2015-06,172,8.5,14.1,1.2,2.2,0.0,W,33.0,W,SSW,20,11,90,88,1028.7,1027.6,7.0,7.0,9.1,13.7,Yes,Yes,1,1,0,0,0,1,11.3,5.6,4.6,2,-1.1,15.5,Light (1-10),Mild (<20),Moderate (30-50),-2.11,-0.9,1.7,-0.47,0.92,,0
2015-06-22,2015,6,Jun,2,Winter,2015-06,173,8.0,19.2,3.0,0.6,7.7,W,22.0,WNW,NNE,13,7,94,45,1029.6,1026.1,1.0,7.0,9.3,17.5,Yes,No,1,0,0,0,0,1,13.6,11.2,8.2,49,-3.5,10.0,Light (1-10),Mild (<20),Light (<30),0.41,-1.12,-0.7,-1.21,1.04,,0
2015-06-23,2015,6,Jun,2,Winter,2015-06,174,8.0,20.3,0.0,2.0,8.1,NNW,26.0,W,NNE,13,9,85,47,1026.5,1023.3,1.0,4.0,10.2,18.7,No,No,0,0,0,0,0,0,14.15,12.3,8.5,38,-3.2,11.0,Dry (<=1 mm),Warm (20-30),Light (<30),0.95,-1.12,-0.59,-0.94,0.64,,0
2015-06-24,2015,6,Jun,2,Winter,2015-06,175,10.2,21.3,0.0,3.0,6.5,W,24.0,W,ESE,11,6,82,41,1023.2,1019.9,5.0,7.0,13.2,20.0,No,No,0,0,0,0,0,0,15.75,11.1,6.8,41,-3.3,8.5,Dry (<=1 mm),Warm (20-30),Light (<30),1.44,-0.15,-0.92,-1.08,0.21,,0
2015-06-25,2015,6,Jun,2,Winter,2015-06,176,12.7,19.4,0.0,2.4,4.2,SSE,37.0,W,SSE,19,20,77,74,1023.3,1023.5,6.0,7.0,15.2,17.6,No,Yes,0,1,0,0,0,0,16.05,6.7,2.4,3,0.2,19.5,Dry (<=1 mm),Mild (<20),Moderate (30-50),0.5,0.96,0.92,-0.2,0.23,,0
2015-06-26,2015,6,Jun,2,Winter,2015-06,177,10.1,19.2,6.2,2.0,7.2,W,26.0,WNW,NNE,19,2,85,40,1032.9,1031.1,1.0,3.0,11.7,18.7,Yes,No,1,0,0,0,0,1,14.65,9.1,7.0,45,-1.8,10.5,Light (1-10),Mild (<20),Light (<30),0.41,-0.19,-0.98,-0.94,1.47,,0
2015-06-27,2015,6,Jun,2,Winter,2015-06,178,8.3,19.4,0.0,1.8,9.7,W,26.0,WNW,W,15,11,87,44,1032.6,1029.2,0.0,1.0,9.7,19.0,No,No,0,0,0,0,0,0,13.85,11.1,9.3,43,-3.4,13.0,Dry (<=1 mm),Mild (<20),Light (<30),0.5,-0.99,-0.75,-0.94,1.43,,0
2015-06-28,2015,6,Jun,2,Winter,2015-06,179,7.4,19.6,0.0,2.6,9.5,W,28.0,W,ESE,20,9,73,53,1032.9,1030.9,0.0,1.0,9.3,18.5,No,No,0,0,0,0,0,0,13.5,12.2,9.2,20,-2.0,14.5,Dry (<=1 mm),Mild (<20),Light (<30),0.6,-1.39,-0.25,-0.81,1.47,,0
2015-06-29,2015,6,Jun,2,Winter,2015-06,180,9.3,19.5,0.0,1.0,5.1,W,22.0,W,E,19,9,84,54,1033.4,1030.0,7.0,6.0,11.0,17.8,No,No,0,0,0,0,0,0,14.4,10.2,6.8,30,-3.4,14.0,Dry (<=1 mm),Mild (<20),Light (<30),0.55,-0.55,-0.2,-1.21,1.53,,0
2015-06-30,2015,6,Jun,2,Winter,2015-06,181,9.0,19.1,0.0,1.2,4.3,W,28.0,W,ENE,22,7,94,56,1029.4,1025.0,7.0,5.0,10.7,17.9,No,No,0,0,0,0,0,0,14.05,10.1,7.2,38,-4.4,14.5,Dry (<=1 mm),Mild (<20),Light (<30),0.36,-0.68,-0.08,-0.81,1.01,,0
2015-07-01,2015,7,Jul,3,Winter,2015-07,182,10.7,17.5,1.0,0.6,8.7,W,33.0,W,NW,19,9,85,37,1026.2,1022.6,5.0,1.0,12.0,17.4,No,No,0,0,0,0,0,0,14.1,6.8,5.4,48,-3.6,14.0,Dry (<=1 mm),Mild (<20),Moderate (30-50),-0.21,0.83,-0.75,-0.57,0.67,,0
2015-07-02,2015,7,Jul,3,Winter,2015-07,183,7.0,16.4,0.0,3.0,8.1,WSW,65.0,W,WSW,22,33,70,40,1020.0,1016.8,7.0,1.0,8.4,16.1,No,No,0,0,0,0,0,0,11.7,9.4,7.7,30,-3.2,27.5,Dry (<=1 mm),Mild (<20),Strong (50-70),-0.68,-0.97,-0.57,1.86,-0.19,,0
2015-07-03,2015,7,Jul,3,Winter,2015-07,184,6.2,16.2,0.0,4.0,9.3,W,44.0,W,SSE,26,15,55,46,1026.5,1024.6,1.0,1.0,8.1,15.9,No,No,0,0,0,0,0,0,11.2,10.0,7.8,9,-1.9,20.5,Dry (<=1 mm),Mild (<20),Moderate (30-50),-0.76,-1.36,-0.2,0.26,0.71,,0
2015-07-04,2015,7,Jul,3,Winter,2015-07,185,5.8,16.1,0.0,0.2,6.8,W,31.0,WNW,WNW,13,11,82,31,1022.7,1020.3,6.0,2.0,7.6,15.5,No,No,0,0,0,0,0,0,10.95,10.3,7.9,51,-2.4,12.0,Dry (<=1 mm),Mild (<20),Moderate (30-50),-0.8,-1.56,-1.11,-0.73,0.18,,0
2015-07-05,2015,7,Jul,3,Winter,2015-07,186,6.0,18.6,0.0,1.6,9.3,W,30.0,W,ESE,20,4,66,35,1022.2,1018.0,1.0,1.0,7.7,16.6,No,No,0,0,0,0,0,0,12.3,12.6,8.9,31,-4.2,12.0,Dry (<=1 mm),Mild (<20),Moderate (30-50),0.25,-1.46,-0.87,-0.8,0.11,,0
2015-07-06,2015,7,Jul,3,Winter,2015-07,187,6.0,17.3,0.0,3.2,9.5,W,37.0,WNW,W,17,22,58,34,1016.3,1013.3,1.0,1.0,8.6,17.1,No,No,0,0,0,0,0,0,11.65,11.3,8.5,24,-3.0,19.5,Dry (<=1 mm),Mild (<20),Moderate (30-50),-0.3,-1.46,-0.93,-0.27,-0.7,,0
2015-07-07,2015,7,Jul,3,Winter,2015-07,188,7.8,14.7,0.0,3.2,2.7,SSW,43.0,W,SSW,24,11,58,85,1019.8,1021.7,5.0,8.0,11.2,11.8,No,Yes,0,1,0,0,0,0,11.25,6.9,0.6,-27,1.9,17.5,Dry (<=1 mm),Mild (<20),Moderate (30-50),-1.4,-0.58,2.17,0.19,-0.22,,0
2015-07-08,2015,7,Jul,3,Winter,2015-07,189,7.9,16.5,5.6,0.6,6.3,SSE,31.0,W,SSE,22,17,86,64,1028.7,1027.6,6.0,4.0,8.4,13.7,Yes,No,1,0,0,0,0,1,12.2,8.6,5.3,22,-1.1,19.5,Light (1-10),Mild (<20),Moderate (30-50),-0.64,-0.53,0.9,-0.73,1.01,,0
2015-07-09,2015,7,Jul,3,Winter,2015-07,190,6.6,17.6,0.0,2.0,9.6,W,24.0,WNW,E,19,7,92,46,1030.8,1026.9,1.0,1.0,8.3,16.4,No,No,0,0,0,0,0,0,12.1,11.0,8.1,46,-3.9,13.0,Dry (<=1 mm),Mild (<20),Light (<30),-0.17,-1.17,-0.2,-1.26,1.3,,0
2015-07-10,2015,7,Jul,3,Winter,2015-07,191,7.3,16.9,0.0,1.2,3.2,W,43.0,W,WNW,13,13,92,61,1022.6,1019.0,4.0,7.0,9.4,16.0,No,No,0,0,0,0,0,0,12.1,9.6,6.6,31,-3.6,13.0,Dry (<=1 mm),Mild (<20),Moderate (30-50),-0.47,-0.83,0.71,0.19,0.17,,0
2015-07-11,2015,7,Jul,3,Winter,2015-07,192,6.6,19.9,0.8,1.4,9.3,WNW,61.0,W,NNW,20,17,100,48,1015.4,1009.4,0.0,1.0,7.2,19.2,No,Yes,0,1,0,0,0,0,13.25,13.3,12.0,52,-6.0,18.5,Dry (<=1 mm),Mild (<20),Strong (50-70),0.8,-1.17,-0.08,1.55,-0.83,,0
2015-07-12,2015,7,Jul,3,Winter,2015-07,193,7.1,15.1,2.2,2.8,4.0,WNW,57.0,WNW,WNW,22,33,60,42,1003.6,1001.5,7.0,2.0,9.8,13.1,Yes,Yes,1,1,0,0,0,1,11.1,8.0,3.3,18,-2.1,27.5,Light (1-10),Mild (<20),Strong (50-70),-1.23,-0.92,-0.44,1.25,-2.46,,0
2015-07-13,2015,7,Jul,3,Winter,2015-07,194,8.1,16.9,4.8,4.8,5.5,WSW,76.0,W,WSW,15,39,96,41,1000.9,1002.9,7.0,1.0,8.6,16.5,Yes,No,1,0,0,0,0,1,12.5,8.8,7.9,55,2.0,27.0,Light (1-10),Mild (<20),Gale-force (>=70),-0.47,-0.44,-0.51,2.7,-2.84,,0
2015-07-14,2015,7,Jul,3,Winter,2015-07,195,8.6,17.6,0.6,2.0,8.3,WSW,44.0,W,W,13,17,62,31,1011.5,1010.4,1.0,4.0,11.5,17.6,No,No,0,0,0,0,0,0,13.1,9.0,6.1,31,-1.1,15.0,Dry (<=1 mm),Mild (<20),Moderate (30-50),-0.17,-0.19,-1.11,0.26,-1.37,,0
2015-07-15,2015,7,Jul,3,Winter,2015-07,196,6.2,16.8,0.2,3.4,9.6,WNW,24.0,W,ENE,9,13,62,42,1018.1,1016.1,1.0,3.0,8.7,14.9,No,No,0,0,0,0,0,0,11.5,10.6,6.2,20,-2.0,11.0,Dry (<=1 mm),Mild (<20),Light (<30),-0.51,-1.36,-0.44,-1.26,-0.46,,0
2015-07-16,2015,7,Jul,3,Winter,2015-07,197,8.3,13.4,0.2,3.4,2.6,NW,43.0,SSW,W,13,13,91,68,1016.8,1013.7,7.0,6.0,10.3,12.9,No,Yes,0,1,0,0,0,0,10.85,5.1,2.6,23,-3.1,13.0,Dry (<=1 mm),Mild (<20),Moderate (30-50),-1.94,-0.34,1.14,0.19,-0.64,,0
2015-07-17,2015,7,Jul,3,Winter,2015-07,198,6.2,14.3,17.2,0.0,1.7,SSW,57.0,W,SW,26,26,95,51,1010.1,1012.9,8.0,7.0,6.7,13.5,Yes,Yes,1,1,0,0,0,1,10.25,8.1,6.8,44,2.8,26.0,Moderate (10-25),Mild (<20),Strong (50-70),-1.56,-1.36,0.1,1.25,-1.56,,0
2015-07-18,2015,7,Jul,3,Winter,2015-07,199,6.6,14.6,9.0,3.0,4.3,SSW,48.0,WNW,SSW,19,28,58,78,1025.6,1027.2,3.0,7.0,10.4,11.8,Yes,No,1,0,0,0,0,1,10.6,8.0,1.4,-20,1.6,23.5,Light (1-10),Mild (<20),Moderate (30-50),-1.44,-1.17,1.75,0.57,0.58,,0
2015-07-19,2015,7,Jul,3,Winter,2015-07,200,7.8,16.7,0.6,2.0,9.0,W,33.0,W,S,17,17,84,55,1032.6,1031.1,3.0,2.0,10.3,15.8,No,No,0,0,0,0,0,0,12.25,8.9,5.5,29,-1.5,17.0,Dry (<=1 mm),Mild (<20),Moderate (30-50),-0.55,-0.58,0.35,-0.57,1.55,,0
2015-07-20,2015,7,Jul,3,Winter,2015-07,201,7.8,17.9,0.0,1.6,4.2,W,26.0,W,SE,20,15,84,64,1034.6,1032.1,3.0,6.0,10.0,15.9,No,Yes,0,1,0,0,0,0,12.85,10.1,5.9,20,-2.5,17.5,Dry (<=1 mm),Mild (<20),Light (<30),-0.04,-0.58,0.9,-1.11,1.83,,0
2015-07-21,2015,7,Jul,3,Winter,2015-07,202,8.2,19.3,3.0,0.8,9.9,NNE,33.0,WNW,NE,17,15,93,54,1033.1,1029.3,1.0,1.0,9.9,18.3,Yes,No,1,0,0,0,0,1,13.75,11.1,8.4,39,-3.8,16.0,Light (1-10),Mild (<20),Moderate (30-50),0.55,-0.39,0.29,-0.57,1.62,,0
2015-07-22,2015,7,Jul,3,Winter,2015-07,203,9.9,16.9,0.0,4.0,0.9,N,28.0,SE,NNW,2,17,71,57,1027.4,1025.0,7.0,7.0,13.4,16.5,No,Yes,0,1,0,0,0,0,13.4,7.0,3.1,14,-2.4,9.5,Dry (<=1 mm),Mild (<20),Light (<30),-0.47,0.44,0.47,-0.95,0.83,,0
2015-07-23,2015,7,Jul,3,Winter,2015-07,204,11.2,19.1,1.8,0.8,2.2,W,28.0,W,ESE,24,9,96,70,1026.1,1023.4,8.0,7.0,12.0,16.4,Yes,No,1,0,0,0,0,1,15.15,7.9,4.4,26,-2.7,16.5,Light (1-10),Mild (<20),Light (<30),0.46,1.08,1.26,-0.95,0.65,,0
2015-07-24,2015,7,Jul,3,Winter,2015-07,205,11.6,20.0,0.0,2.0,3.7,NNW,33.0,W,E,13,9,95,58,1020.0,1014.5,7.0,7.0,12.9,18.6,No,No,0,0,0,0,0,0,15.8,8.4,5.7,37,-5.5,11.0,Dry (<=1 mm),Warm (20-30),Moderate (30-50),0.84,1.27,0.53,-0.57,-0.19,,0
2015-07-25,2015,7,Jul,3,Winter,2015-07,206,10.8,20.8,0.0,2.6,10.1,NNW,31.0,NNW,WNW,11,15,50,29,1017.5,1015.8,1.0,1.0,14.3,20.5,No,No,0,0,0,0,0,0,15.8,10.0,6.2,21,-1.7,13.0,Dry (<=1 mm),Warm (20-30),Moderate (30-50),1.18,0.88,-1.24,-0.73,-0.54,,0
2015-07-26,2015,7,Jul,3,Winter,2015-07,207,11.0,20.2,0.0,4.6,9.3,NW,59.0,N,WNW,9,35,53,31,1017.0,1012.4,6.0,1.0,13.8,19.5,No,No,0,0,0,0,0,0,15.6,9.2,5.7,22,-4.6,22.0,Dry (<=1 mm),Warm (20-30),Strong (50-70),0.93,0.98,-1.11,1.4,-0.61,,0
2015-07-27,2015,7,Jul,3,Winter,2015-07,208,7.3,15.7,0.0,5.0,10.1,W,63.0,W,WSW,20,26,41,28,1025.0,1024.5,1.0,1.0,10.2,15.2,No,No,0,0,0,0,0,0,11.5,8.4,5.0,13,-0.5,23.0,Dry (<=1 mm),Mild (<20),Strong (50-70),-0.97,-0.83,-1.3,1.71,0.5,,0
2015-07-28,2015,7,Jul,3,Winter,2015-07,209,6.4,17.3,0.0,4.8,9.6,W,41.0,WNW,S,24,19,56,40,1032.9,1030.8,1.0,2.0,9.6,16.6,No,No,0,0,0,0,0,0,11.85,10.9,7.0,16,-2.1,21.5,Dry (<=1 mm),Mild (<20),Moderate (30-50),-0.3,-1.26,-0.57,0.03,1.59,,0
2015-07-29,2015,7,Jul,3,Winter,2015-07,210,8.1,18.4,0.0,4.8,8.5,W,41.0,W,ESE,20,11,70,50,1035.0,1030.2,3.0,1.0,9.3,16.4,No,No,0,0,0,0,0,0,13.25,10.3,7.1,20,-4.8,15.5,Dry (<=1 mm),Mild (<20),Moderate (30-50),0.17,-0.44,0.04,0.03,1.88,,0
2015-07-30,2015,7,Jul,3,Winter,2015-07,211,8.2,20.5,0.0,1.0,7.6,W,41.0,W,E,11,19,80,30,1026.3,1020.1,5.0,5.0,10.7,19.2,No,No,0,0,0,0,0,0,14.35,12.3,8.5,50,-6.2,15.0,Dry (<=1 mm),Warm (20-30),Moderate (30-50),1.05,-0.39,-1.17,0.03,0.68,,0
2015-07-31,2015,7,Jul,3,Winter,2015-07,212,10.7,21.0,0.0,4.8,9.5,W,41.0,N,WNW,6,9,49,31,1021.4,1019.5,2.0,1.0,14.7,20.4,No,No,0,0,0,0,0,0,15.85,10.3,5.7,18,-1.9,7.5,Dry (<=1 mm),Warm (20-30),Moderate (30-50),1.26,0.83,-1.11,0.03,0.0,,0
2015-08-01,2015,8,Aug,3,Winter,2015-08,213,9.4,22.3,0.0,3.4,9.2,WNW,61.0,NW,NW,15,28,54,28,1018.6,1015.6,6.0,6.0,14.3,20.7,No,No,0,0,0,0,0,0,15.85,12.9,6.4,26,-3.0,21.5,Dry (<=1 mm),Warm (20-30),Strong (50-70),1.06,-0.16,-1.08,1.46,-0.16,,0
2015-08-02,2015,8,Aug,3,Winter,2015-08,214,14.3,24.7,0.0,5.4,7.8,WNW,43.0,WNW,NW,9,20,51,30,1015.1,1010.4,5.0,5.0,16.9,23.8,No,No,0,0,0,0,0,0,19.5,10.4,6.9,21,-4.7,14.5,Dry (<=1 mm),Warm (20-30),Moderate (30-50),1.92,2.06,-0.96,0.17,-0.67,,0
2015-08-03,2015,8,Aug,3,Winter,2015-08,215,8.4,19.4,0.0,5.4,10.1,WSW,57.0,WNW,WSW,20,17,48,29,1015.2,1013.7,1.0,1.0,11.7,19.0,No,No,0,0,0,0,0,0,13.9,11.0,7.3,19,-1.5,18.5,Dry (<=1 mm),Mild (<20),Strong (50-70),0.01,-0.61,-1.02,1.17,-0.65,,0
2015-08-04,2015,8,Aug,3,Winter,2015-08,216,8.3,15.1,0.0,3.8,4.6,WSW,33.0,W,SSE,19,2,57,42,1023.0,1018.9,7.0,4.0,8.9,14.4,No,No,0,0,0,0,0,0,11.7,6.8,5.5,15,-4.1,10.5,Dry (<=1 mm),Mild (<20),Moderate (30-50),-1.55,-0.66,-0.24,-0.54,0.47,,0
2015-08-05,2015,8,Aug,3,Winter,2015-08,217,5.0,14.2,0.0,0.6,4.8,W,48.0,WNW,WNW,20,19,46,46,1014.5,1010.3,6.0,6.0,9.4,13.0,No,No,0,0,0,0,0,0,9.6,9.2,3.6,0,-4.2,19.5,Dry (<=1 mm),Mild (<20),Moderate (30-50),-1.88,-2.15,0.01,0.53,-0.75,,0
2015-08-06,2015,8,Aug,3,Winter,2015-08,218,6.8,16.4,0.0,3.8,8.5,WSW,37.0,WNW,S,22,11,53,39,1016.5,1016.7,3.0,7.0,9.5,14.3,No,No,0,0,0,0,0,0,11.6,9.6,4.8,14,0.2,16.5,Dry (<=1 mm),Mild (<20),Moderate (30-50),-1.08,-1.34,-0.42,-0.26,-0.46,,0
2015-08-07,2015,8,Aug,3,Winter,2015-08,219,6.7,18.5,0.0,2.8,10.1,WNW,33.0,W,SSE,26,17,60,40,1024.0,1021.0,1.0,2.0,10.0,16.1,No,No,0,0,0,0,0,0,12.6,11.8,6.1,20,-3.0,21.5,Dry (<=1 mm),Mild (<20),Moderate (30-50),-0.32,-1.38,-0.36,-0.54,0.61,,0
2015-08-08,2015,8,Aug,3,Winter,2015-08,220,7.9,17.5,0.0,2.6,8.9,SSW,33.0,WNW,SSE,19,24,63,44,1024.7,1022.5,5.0,1.0,11.0,16.3,No,No,0,0,0,0,0,0,12.7,9.6,5.3,19,-2.2,21.5,Dry (<=1 mm),Mild (<20),Moderate (30-50),-0.68,-0.84,-0.11,-0.54,0.71,,0
2015-08-09,2015,8,Aug,3,Winter,2015-08,221,6.2,17.6,0.0,1.8,9.5,W,30.0,W,E,20,13,68,56,1024.8,1019.6,1.0,1.0,9.1,16.3,No,No,0,0,0,0,0,0,11.9,11.4,7.2,12,-5.2,16.5,Dry (<=1 mm),Mild (<20),Moderate (30-50),-0.64,-1.61,0.61,-0.75,0.73,,0
2015-08-10,2015,8,Aug,3,Winter,2015-08,222,8.6,20.6,0.0,2.6,10.2,NNE,33.0,W,E,13,20,66,41,1017.7,1012.9,1.0,1.0,11.8,18.8,No,No,0,0,0,0,0,0,14.6,12.0,7.0,25,-4.8,16.5,Dry (<=1 mm),Warm (20-30),Moderate (30-50),0.44,-0.52,-0.3,-0.54,-0.29,,0
2015-08-11,2015,8,Aug,3,Winter,2015-08,223,9.8,21.0,0.0,5.0,10.5,W,30.0,W,WNW,17,9,52,27,1014.6,1011.1,1.0,1.0,13.3,20.4,No,No,0,0,0,0,0,0,15.4,11.2,7.1,25,-3.5,13.0,Dry (<=1 mm),Warm (20-30),Moderate (30-50),0.59,0.02,-1.14,-0.75,-0.74,,0
2015-08-12,2015,8,Aug,3,Winter,2015-08,224,8.4,17.5,0.0,3.8,8.7,NW,74.0,W,WNW,19,28,54,37,1007.9,1004.0,1.0,1.0,11.1,16.2,No,No,0,0,0,0,0,0,12.95,9.1,5.1,17,-3.9,23.5,Dry (<=1 mm),Mild (<20),Gale-force (>=70),-0.68,-0.61,-0.54,2.38,-1.7,,0
2015-08-13,2015,8,Aug,3,Winter,2015-08,225,9.4,19.8,0.0,4.8,10.5,WSW,48.0,WSW,SW,28,17,50,23,1014.9,1014.7,1.0,1.0,12.3,19.3,No,No,0,0,0,0,0,0,14.6,10.4,7.0,27,-0.2,22.5,Dry (<=1 mm),Mild (<20),Moderate (30-50),0.15,-0.16,-1.38,0.53,-0.69,,0
2015-08-14,2015,8,Aug,3,Winter,2015-08,226,7.9,20.4,0.0,4.0,10.5,WSW,30.0,W,E,15,19,55,38,1025.1,1023.4,1.0,1.0,11.8,18.0,No,No,0,0,0,0,0,0,14.15,12.5,6.2,17,-1.7,17.0,Dry (<=1 mm),Warm (20-30),Moderate (30-50),0.37,-0.84,-0.48,-0.75,0.77,,0
2015-08-15,2015,8,Aug,3,Winter,2015-08,227,8.2,18.1,0.0,3.0,7.3,W,30.0,WNW,SSE,20,19,63,61,1030.5,1028.8,3.0,5.0,12.4,17.0,No,No,0,0,0,0,0,0,13.15,9.9,4.6,2,-1.7,19.5,Dry (<=1 mm),Mild (<20),Moderate (30-50),-0.46,-0.7,0.91,-0.75,1.54,,0
2015-08-16,2015,8,Aug,3,Winter,2015-08,228,10.5,19.8,0.0,3.0,9.2,NW,28.0,W,NE,13,15,70,63,1027.4,1021.4,5.0,4.0,14.0,17.4,No,Yes,0,1,0,0,0,0,15.15,9.3,3.4,7,-6.0,14.0,Dry (<=1 mm),Mild (<20),Light (<30),0.15,0.34,1.03,-0.9,1.1,,0
2015-08-17,2015,8,Aug,3,Winter,2015-08,229,9.3,20.5,5.6,2.8,10.4,WSW,46.0,W,NW,13,13,53,29,1017.1,1013.3,3.0,1.0,13.4,20.4,Yes,No,1,0,0,0,0,1,14.9,11.2,7.0,24,-3.8,13.0,Light (1-10),Warm (20-30),Moderate (30-50),0.4,-0.2,-1.02,0.39,-0.38,,0
2015-08-18,2015,8,Aug,3,Winter,2015-08,230,10.9,16.2,0.0,4.4,10.4,SW,39.0,WSW,SSE,20,19,40,46,1020.8,1021.0,1.0,2.0,12.6,14.7,No,No,0,0,0,0,0,0,13.55,5.3,2.1,-6,0.2,19.5,Dry (<=1 mm),Mild (<20),Moderate (30-50),-1.15,0.52,0.01,-0.11,0.15,,0
2015-08-19,2015,8,Aug,3,Winter,2015-08,231,9.0,17.0,0.0,3.6,6.6,WNW,24.0,W,E,17,13,58,54,1027.2,1025.0,3.0,6.0,12.5,16.4,No,No,0,0,0,0,0,0,13.0,8.0,3.9,4,-2.2,15.0,Dry (<=1 mm),Mild (<20),Light (<30),-0.86,-0.34,0.49,-1.18,1.07,,0
2015-08-20,2015,8,Aug,3,Winter,2015-08,232,8.2,18.9,0.0,2.6,9.8,NE,31.0,WNW,NE,11,20,71,59,1028.3,1025.0,1.0,1.0,12.1,18.7,No,No,0,0,0,0,0,0,13.55,10.7,6.6,12,-3.3,15.5,Dry (<=1 mm),Mild (<20),Moderate (30-50),-0.17,-0.7,0.79,-0.68,1.23,,0
2015-08-21,2015,8,Aug,3,Winter,2015-08,233,9.4,21.0,0.0,3.8,9.4,NNE,31.0,WNW,NE,13,15,73,63,1025.8,1021.2,0.0,7.0,13.0,19.8,No,No,0,0,0,0,0,0,15.2,11.6,6.8,10,-4.6,14.0,Dry (<=1 mm),Warm (20-30),Moderate (30-50),0.59,-0.16,1.03,-0.68,0.87,,0
2015-08-22,2015,8,Aug,3,Winter,2015-08,234,12.9,28.3,0.0,4.2,9.4,NNW,33.0,N,N,19,11,45,32,1021.0,1016.2,2.0,5.0,19.8,26.9,No,Yes,0,1,0,0,0,0,20.6,15.4,7.1,13,-4.8,15.0,Dry (<=1 mm),Warm (20-30),Moderate (30-50),3.23,1.43,-0.84,-0.54,0.18,Heat,1
2015-08-23,2015,8,Aug,3,Winter,2015-08,235,15.4,18.5,2.4,6.4,0.2,NNW,22.0,N,NNW,7,7,85,73,1021.8,1018.4,7.0,7.0,15.6,17.9,Yes,Yes,1,1,0,0,0,1,16.95,3.1,2.3,12,-3.4,7.0,Light (1-10),Mild (<20),Light (<30),-0.32,2.56,1.63,-1.32,0.3,,0
2015-08-24,2015,8,Aug,3,Winter,2015-08,236,15.1,17.4,4.2,1.8,0.6,E,59.0,S,SSE,17,9,90,95,1018.4,1015.0,8.0,7.0,16.3,16.4,Yes,Yes,1,1,0,0,0,1,16.25,2.3,0.1,-5,-3.4,13.0,Light (1-10),Mild (<20),Strong (50-70),-0.72,2.42,2.96,1.31,-0.19,,0
2015-08-25,2015,8,Aug,3,Winter,2015-08,237,12.5,19.9,54.4,5.0,4.4,NW,56.0,WNW,W,22,20,66,53,1013.4,1012.8,7.0,7.0,16.1,18.7,Yes,Yes,1,1,0,0,0,1,16.2,7.4,2.6,13,-0.6,21.0,Very heavy (>50),Mild (<20),Strong (50-70),0.19,1.25,0.43,1.1,-0.91,Extreme rain,1
2015-08-26,2015,8,Aug,3,Winter,2015-08,238,12.3,20.2,5.2,2.8,6.3,SSW,28.0,SSE,S,13,13,80,59,1018.1,1017.8,7.0,7.0,16.3,18.9,Yes,No,1,0,0,0,0,1,16.25,7.9,2.6,21,-0.3,13.0,Light (1-10),Warm (20-30),Light (<30),0.3,1.16,0.79,-0.9,-0.24,,0
2015-08-27,2015,8,Aug,3,Winter,2015-08,239,11.6,20.5,0.0,3.0,4.3,W,52.0,W,NW,9,17,87,44,1019.7,1015.1,7.0,6.0,15.1,20.1,No,No,0,0,0,0,0,0,16.05,8.9,5.0,43,-4.6,13.0,Dry (<=1 mm),Warm (20-30),Strong (50-70),0.4,0.84,-0.11,0.81,-0.01,,0
2015-08-28,2015,8,Aug,3,Winter,2015-08,240,10.6,20.8,0.0,2.8,9.2,WSW,48.0,W,S,22,20,48,43,1019.8,1018.9,3.0,5.0,14.6,18.5,No,No,0,0,0,0,0,0,15.7,10.2,3.9,5,-0.9,21.0,Dry (<=1 mm),Warm (20-30),Moderate (30-50),0.51,0.39,-0.18,0.53,0.01,,0
2015-08-29,2015,8,Aug,3,Winter,2015-08,241,9.0,20.3,0.0,4.2,10.8,WSW,30.0,W,WNW,13,15,60,31,1022.7,1017.9,1.0,2.0,13.0,20.1,No,No,0,0,0,0,0,0,14.65,11.3,7.1,29,-4.8,14.0,Dry (<=1 mm),Warm (20-30),Moderate (30-50),0.33,-0.34,-0.9,-0.75,0.43,,0
2015-08-30,2015,8,Aug,3,Winter,2015-08,242,8.3,18.7,0.0,3.6,10.8,SSW,39.0,WNW,S,20,22,52,44,1020.3,1017.5,1.0,3.0,12.1,18.1,No,No,0,0,0,0,0,0,13.5,10.4,6.0,8,-2.8,21.0,Dry (<=1 mm),Mild (<20),Moderate (30-50),-0.25,-0.66,-0.11,-0.11,0.08,,0
2015-08-31,2015,8,Aug,3,Winter,2015-08,243,9.6,19.7,0.0,4.8,10.9,SSE,35.0,WSW,SSE,15,22,48,39,1017.3,1013.8,1.0,2.0,13.9,18.4,No,No,0,0,0,0,0,0,14.65,10.1,4.5,9,-3.5,18.5,Dry (<=1 mm),Mild (<20),Moderate (30-50),0.12,-0.07,-0.42,-0.4,-0.35,,0
2015-09-01,2015,9,Sep,3,Spring,2015-09,244,9.0,19.7,0.0,3.2,10.8,W,31.0,W,ESE,17,13,50,39,1015.8,1013.3,1.0,1.0,12.7,17.0,No,No,0,0,0,0,0,0,14.35,10.7,4.3,11,-2.5,15.0,Dry (<=1 mm),Mild (<20),Moderate (30-50),-0.61,-1.39,-0.57,-0.95,-0.34,,0
2015-09-02,2015,9,Sep,3,Spring,2015-09,245,8.0,18.8,0.0,4.0,10.4,WNW,31.0,W,ENE,11,19,61,46,1018.0,1012.0,5.0,1.0,11.9,18.6,No,Yes,0,1,0,0,0,0,13.4,10.8,6.7,15,-6.0,15.0,Dry (<=1 mm),Mild (<20),Moderate (30-50),-0.85,-1.78,-0.16,-0.95,-0.05,,0
2015-09-03,2015,9,Sep,3,Spring,2015-09,246,11.2,20.8,2.8,5.6,8.0,SW,52.0,WNW,WSW,20,24,69,28,1006.0,1005.6,3.0,6.0,14.4,20.6,Yes,Yes,1,1,0,0,0,1,16.0,9.6,6.2,41,-0.4,22.0,Light (1-10),Warm (20-30),Strong (50-70),-0.32,-0.55,-1.21,0.64,-1.64,,0
2015-09-04,2015,9,Sep,3,Spring,2015-09,247,12.5,19.5,20.4,4.0,5.7,S,48.0,SSW,S,19,20,92,54,1021.5,1020.5,7.0,2.0,13.7,18.3,Yes,No,1,0,0,0,0,1,16.0,7.0,4.6,38,-1.0,19.5,Moderate (10-25),Mild (<20),Moderate (30-50),-0.66,-0.04,0.3,0.33,0.42,,0
2015-09-05,2015,9,Sep,3,Spring,2015-09,248,11.5,21.7,0.0,2.8,9.3,ESE,37.0,WNW,SE,17,24,68,53,1022.3,1019.6,1.0,5.0,15.2,18.7,No,No,0,0,0,0,0,0,16.6,10.2,3.5,15,-2.7,20.5,Dry (<=1 mm),Warm (20-30),Moderate (30-50),-0.08,-0.43,0.24,-0.5,0.52,,0
2015-09-06,2015,9,Sep,3,Spring,2015-09,249,12.7,17.5,0.4,5.4,1.0,ENE,24.0,NNE,ENE,11,6,84,68,1024.9,1021.9,7.0,7.0,14.6,16.0,No,No,0,0,0,0,0,0,15.1,4.8,1.4,16,-3.0,8.5,Dry (<=1 mm),Mild (<20),Light (<30),-1.19,0.03,1.11,-1.48,0.87,,0
2015-09-07,2015,9,Sep,3,Spring,2015-09,250,11.1,24.9,0.2,0.6,9.3,W,54.0,W,W,9,15,62,32,1018.3,1013.3,2.0,4.0,17.4,22.7,No,No,0,0,0,0,0,0,18.0,13.8,5.3,30,-5.0,12.0,Dry (<=1 mm),Warm (20-30),Strong (50-70),0.77,-0.58,-0.98,0.79,-0.01,,0
2015-09-08,2015,9,Sep,3,Spring,2015-09,251,10.0,20.0,0.0,6.8,11.0,W,52.0,WSW,W,30,24,42,32,1018.8,1015.7,1.0,2.0,13.3,19.7,No,No,0,0,0,0,0,0,15.0,10.0,6.4,10,-3.1,27.0,Dry (<=1 mm),Warm (20-30),Strong (50-70),-0.53,-1.01,-0.98,0.64,0.06,,0
2015-09-09,2015,9,Sep,3,Spring,2015-09,252,9.8,20.2,0.0,5.0,10.9,W,41.0,W,SSE,20,17,48,39,1023.1,1022.0,1.0,1.0,15.4,18.9,No,No,0,0,0,0,0,0,15.0,10.4,3.5,9,-1.1,18.5,Dry (<=1 mm),Warm (20-30),Moderate (30-50),-0.48,-1.09,-0.57,-0.19,0.63,,0
2015-09-10,2015,9,Sep,3,Spring,2015-09,253,11.3,19.6,0.0,4.8,6.5,SSW,37.0,WNW,SSE,13,15,59,41,1030.9,1029.8,1.0,7.0,15.5,18.9,No,No,0,0,0,0,0,0,15.45,8.3,3.4,18,-1.1,14.0,Dry (<=1 mm),Mild (<20),Moderate (30-50),-0.63,-0.51,-0.45,-0.5,1.66,,0
2015-09-11,2015,9,Sep,3,Spring,2015-09,254,14.0,21.3,0.0,4.0,9.1,NNE,39.0,WNW,NE,11,24,56,44,1032.1,1027.6,1.0,0.0,17.6,20.5,No,No,0,0,0,0,0,0,17.65,7.3,2.9,12,-4.5,17.5,Dry (<=1 mm),Warm (20-30),Moderate (30-50),-0.18,0.54,-0.28,-0.34,1.82,,0
2015-09-12,2015,9,Sep,3,Spring,2015-09,255,10.9,25.4,0.0,7.4,10.4,ENE,24.0,W,E,11,19,61,51,1028.5,1024.7,1.0,5.0,17.2,21.3,No,No,0,0,0,0,0,0,18.15,14.5,4.1,10,-3.8,15.0,Dry (<=1 mm),Warm (20-30),Light (<30),0.91,-0.66,0.12,-1.48,1.35,,0
2015-09-13,2015,9,Sep,3,Spring,2015-09,256,12.4,22.3,0.0,3.8,10.6,NNE,30.0,WNW,E,11,20,61,60,1028.5,1025.0,1.0,1.0,18.3,21.4,No,No,0,0,0,0,0,0,17.35,9.9,3.1,1,-3.5,15.5,Dry (<=1 mm),Warm (20-30),Moderate (30-50),0.08,-0.08,0.65,-1.02,1.35,,0
2015-09-14,2015,9,Sep,3,Spring,2015-09,257,15.3,23.6,0.0,5.0,10.7,NE,43.0,NNE,NE,17,24,58,59,1025.9,1020.5,1.0,1.0,20.7,21.4,No,No,0,0,0,0,0,0,19.45,8.3,0.7,-1,-5.4,20.5,Dry (<=1 mm),Warm (20-30),Moderate (30-50),0.43,1.04,0.59,-0.04,1.0,,0
2015-09-15,2015,9,Sep,3,Spring,2015-09,258,15.8,29.8,0.0,6.4,11.0,W,41.0,NNE,NNW,9,35,33,25,1015.4,1009.0,1.0,3.0,23.5,29.2,No,No,0,0,0,0,0,0,22.8,14.0,5.7,8,-6.4,22.0,Dry (<=1 mm),Warm (20-30),Moderate (30-50),2.08,1.23,-1.38,-0.19,-0.39,,0
2015-09-16,2015,9,Sep,3,Spring,2015-09,259,12.4,21.1,0.0,10.2,10.2,ESE,37.0,W,ESE,19,26,42,60,1017.7,1015.0,2.0,3.0,17.2,19.3,No,No,0,0,0,0,0,0,16.75,8.7,2.1,-18,-2.7,22.5,Dry (<=1 mm),Warm (20-30),Moderate (30-50),-0.24,-0.08,0.65,-0.5,-0.09,,0
2015-09-17,2015,9,Sep,3,Spring,2015-09,260,12.2,19.9,0.0,4.2,8.2,S,43.0,WNW,SE,9,28,53,57,1018.4,1018.3,3.0,7.0,18.0,17.7,No,Yes,0,1,0,0,0,0,16.05,7.7,-0.3,-4,-0.1,18.5,Dry (<=1 mm),Mild (<20),Moderate (30-50),-0.56,-0.16,0.47,-0.04,0.01,,0
2015-09-18,2015,9,Sep,3,Spring,2015-09,261,13.6,20.0,2.2,6.4,7.7,S,52.0,S,S,20,26,65,44,1026.2,1025.5,5.0,2.0,15.8,18.9,Yes,Yes,1,1,0,0,0,1,16.8,6.4,3.1,21,-0.7,23.0,Light (1-10),Warm (20-30),Strong (50-70),-0.53,0.38,-0.28,0.64,1.04,,0
2015-09-19,2015,9,Sep,3,Spring,2015-09,262,12.5,19.5,10.8,5.4,7.3,E,33.0,W,ESE,17,24,88,54,1026.5,1023.9,7.0,6.0,14.7,18.1,Yes,No,1,0,0,0,0,1,16.0,7.0,3.4,34,-2.6,20.5,Moderate (10-25),Mild (<20),Moderate (30-50),-0.66,-0.04,0.3,-0.8,1.08,,0
2015-09-20,2015,9,Sep,3,Spring,2015-09,263,12.5,18.6,0.4,4.0,3.4,ENE,37.0,W,E,11,13,62,72,1024.5,1021.7,5.0,7.0,16.6,17.4,No,No,0,0,0,0,0,0,15.55,6.1,0.8,-10,-2.8,12.0,Dry (<=1 mm),Mild (<20),Moderate (30-50),-0.9,-0.04,1.34,-0.5,0.81,,0
2015-09-21,2015,9,Sep,3,Spring,2015-09,264,12.4,22.5,0.2,1.6,10.4,SSW,35.0,W,NE,15,15,74,60,1019.9,1015.2,1.0,2.0,16.3,21.3,No,No,0,0,0,0,0,0,17.45,10.1,5.0,14,-4.7,15.0,Dry (<=1 mm),Warm (20-30),Moderate (30-50),0.14,-0.08,0.65,-0.65,0.2,,0
2015-09-22,2015,9,Sep,3,Spring,2015-09,265,14.6,19.5,0.2,6.2,9.2,SSW,59.0,SW,S,24,37,36,47,1016.8,1017.5,3.0,2.0,18.7,17.8,No,No,0,0,0,0,0,0,17.05,4.9,-0.9,-11,0.7,30.5,Dry (<=1 mm),Mild (<20),Strong (50-70),-0.66,0.77,-0.11,1.16,-0.21,,0
2015-09-23,2015,9,Sep,3,Spring,2015-09,266,10.0,16.2,0.2,8.8,6.5,S,69.0,SSW,SSW,31,35,55,74,1025.5,1025.4,3.0,7.0,13.3,11.7,No,Yes,0,1,0,0,0,0,13.1,6.2,-1.6,-19,-0.1,33.0,Dry (<=1 mm),Mild (<20),Strong (50-70),-1.54,-1.01,1.46,1.92,0.95,,0
2015-09-24,2015,9,Sep,3,Spring,2015-09,267,8.3,16.3,3.2,4.0,6.1,S,65.0,SSW,SSW,22,28,63,62,1025.6,1024.6,7.0,7.0,13.0,13.6,Yes,Yes,1,1,0,0,0,1,12.3,8.0,0.6,1,-1.0,25.0,Light (1-10),Mild (<20),Strong (50-70),-1.51,-1.66,0.76,1.62,0.96,,0
2015-09-25,2015,9,Sep,3,Spring,2015-09,268,10.1,16.4,31.8,2.8,4.3,S,54.0,S,SSE,13,26,91,63,1029.3,1027.8,7.0,7.0,13.4,15.9,Yes,Yes,1,1,0,0,0,1,13.25,6.3,2.5,28,-1.5,19.5,Heavy (25-50),Mild (<20),Strong (50-70),-1.49,-0.97,0.82,0.79,1.45,,0
2015-09-26,2015,9,Sep,3,Spring,2015-09,269,11.1,20.1,3.4,4.4,7.7,S,43.0,W,SSE,22,24,86,48,1028.5,1025.4,6.0,3.0,14.4,18.4,Yes,Yes,1,1,0,0,0,1,15.6,9.0,4.0,38,-3.1,23.0,Light (1-10),Warm (20-30),Moderate (30-50),-0.5,-0.58,-0.05,-0.04,1.35,,0
2015-09-27,2015,9,Sep,3,Spring,2015-09,270,12.3,19.2,3.6,3.8,6.2,SW,46.0,SW,S,20,20,70,51,1023.7,1021.1,7.0,7.0,15.3,18.3,Yes,No,1,0,0,0,0,1,15.75,6.9,3.0,19,-2.6,20.0,Light (1-10),Mild (<20),Moderate (30-50),-0.74,-0.12,0.12,0.18,0.71,,0
2015-09-28,2015,9,Sep,3,Spring,2015-09,271,10.9,20.8,0.2,4.2,11.0,W,28.0,W,ESE,15,17,56,49,1021.1,1017.8,1.0,1.0,17.3,19.1,No,No,0,0,0,0,0,0,15.85,9.9,1.8,7,-3.3,16.0,Dry (<=1 mm),Warm (20-30),Light (<30),-0.32,-0.66,0.01,-1.17,0.36,,0
2015-09-29,2015,9,Sep,3,Spring,2015-09,272,11.9,23.4,0.0,5.8,3.4,NW,50.0,N,NE,15,17,58,55,1019.5,1015.8,0.0,1.0,19.1,21.7,No,No,0,0,0,0,0,0,17.65,11.5,2.6,3,-3.7,16.0,Dry (<=1 mm),Warm (20-30),Strong (50-70),0.38,-0.27,0.36,0.48,0.15,,0
2015-09-30,2015,9,Sep,3,Spring,2015-09,273,16.7,21.4,0.0,5.6,6.4,SSE,33.0,SSE,ESE,17,20,57,62,1022.1,1021.4,7.0,7.0,21.0,18.7,No,No,0,0,0,0,0,0,19.05,4.7,-2.3,-5,-0.7,18.5,Dry (<=1 mm),Warm (20-30),Moderate (30-50),-0.16,1.58,0.76,-0.8,0.5,,0
2015-10-01,2015,10,Oct,4,Spring,2015-10,274,16.8,22.9,0.0,5.6,9.6,ENE,33.0,W,E,6,24,68,65,1026.4,1022.8,4.0,1.0,19.9,21.7,No,No,0,0,0,0,0,0,19.85,6.1,1.8,3,-3.6,15.0,Dry (<=1 mm),Warm (20-30),Moderate (30-50),-0.15,0.71,0.81,-0.84,1.07,,0
2015-10-02,2015,10,Oct,4,Spring,2015-10,275,16.5,23.0,0.0,4.8,10.5,SSE,33.0,NNW,ENE,4,24,57,57,1033.4,1031.8,1.0,1.0,21.3,21.1,No,No,0,0,0,0,0,0,19.75,6.5,-0.2,0,-1.6,14.0,Dry (<=1 mm),Warm (20-30),Moderate (30-50),-0.12,0.6,0.36,-0.84,2.06,,0
2015-10-03,2015,10,Oct,4,Spring,2015-10,276,14.2,27.5,0.0,7.2,11.1,E,22.0,W,E,13,11,62,47,1030.6,1024.7,0.0,1.0,21.5,27.3,No,No,0,0,0,0,0,0,20.85,13.3,5.8,15,-5.9,12.0,Dry (<=1 mm),Warm (20-30),Light (<30),0.88,-0.2,-0.2,-1.63,1.66,,0
2015-10-04,2015,10,Oct,4,Spring,2015-10,277,19.8,33.8,0.0,8.0,8.2,WSW,46.0,W,W,4,28,28,13,1023.4,1021.8,7.0,7.0,26.4,32.6,No,No,0,0,0,0,0,0,26.8,14.0,6.2,15,-1.6,16.0,Dry (<=1 mm),Hot (30-35),Moderate (30-50),2.3,1.76,-2.12,0.09,0.65,,0
2015-10-05,2015,10,Oct,4,Spring,2015-10,278,16.1,37.0,0.0,11.0,11.4,S,20.0,WNW,E,11,11,42,16,1024.0,1021.1,1.0,7.0,21.1,35.6,No,No,0,0,0,0,0,0,26.55,20.9,14.5,26,-2.9,11.0,Dry (<=1 mm),Extreme heat (>=35),Light (<30),3.01,0.46,-1.95,-1.77,0.73,Heat,1
2015-10-06,2015,10,Oct,4,Spring,2015-10,279,20.3,32.3,0.0,8.6,11.4,NNE,43.0,WNW,ENE,15,17,37,26,1023.2,1019.7,1.0,1.0,23.8,30.6,No,No,0,0,0,0,0,0,26.3,12.0,6.8,11,-3.5,16.0,Dry (<=1 mm),Hot (30-35),Moderate (30-50),1.96,1.93,-1.39,-0.12,0.62,,0
2015-10-07,2015,10,Oct,4,Spring,2015-10,280,19.7,21.5,0.0,13.2,1.3,SSW,67.0,SSE,SE,39,26,61,56,1029.6,1033.6,5.0,7.0,20.3,19.0,No,No,0,0,0,0,1,0,20.6,1.8,-1.3,5,4.0,32.5,Dry (<=1 mm),Warm (20-30),Strong (50-70),-0.46,1.72,0.31,1.6,1.52,,0
2015-10-08,2015,10,Oct,4,Spring,2015-10,281,17.0,21.1,0.0,6.6,2.2,ENE,35.0,ESE,E,13,20,53,57,1038.8,1036.0,7.0,7.0,18.5,19.9,No,No,0,0,0,0,0,0,19.05,4.1,1.4,-4,-2.8,16.5,Dry (<=1 mm),Warm (20-30),Moderate (30-50),-0.55,0.78,0.36,-0.7,2.82,,0
2015-10-09,2015,10,Oct,4,Spring,2015-10,282,16.8,22.7,0.0,5.4,8.7,ENE,43.0,N,NE,15,24,51,51,1034.4,1029.7,7.0,5.0,20.1,22.0,No,No,0,0,0,0,0,0,19.75,5.9,1.9,0,-4.7,19.5,Dry (<=1 mm),Warm (20-30),Moderate (30-50),-0.19,0.71,0.02,-0.12,2.2,,0
2015-10-10,2015,10,Oct,4,Spring,2015-10,283,15.7,24.3,0.0,6.8,9.5,E,24.0,SE,E,2,17,62,60,1028.9,1025.8,1.0,4.0,21.2,22.3,No,No,0,0,0,0,0,0,20.0,8.6,1.1,2,-3.1,9.5,Dry (<=1 mm),Warm (20-30),Light (<30),0.17,0.32,0.53,-1.49,1.42,,0
2015-10-11,2015,10,Oct,4,Spring,2015-10,284,15.0,24.3,0.0,5.6,6.4,W,41.0,WNW,ENE,9,11,77,65,1022.7,1018.6,6.0,7.0,18.7,21.4,No,Yes,0,1,0,0,0,0,19.65,9.3,2.7,12,-4.1,10.0,Dry (<=1 mm),Warm (20-30),Moderate (30-50),0.17,0.08,0.81,-0.27,0.55,,0
2015-10-12,2015,10,Oct,4,Spring,2015-10,285,16.5,29.5,3.6,5.0,9.6,SSE,43.0,WSW,NE,11,19,50,55,1016.7,1012.4,1.0,6.0,22.7,23.4,Yes,Yes,1,1,0,0,0,1,23.0,13.0,0.7,-5,-4.3,15.0,Light (1-10),Warm (20-30),Moderate (30-50),1.33,0.6,0.25,-0.12,-0.3,,0
2015-10-13,2015,10,Oct,4,Spring,2015-10,286,17.5,20.4,1.6,7.8,0.8,SSW,37.0,S,ESE,20,20,82,77,1022.3,1022.3,4.0,8.0,18.3,19.8,Yes,Yes,1,1,0,0,0,1,18.95,2.9,1.5,5,0.0,20.0,Light (1-10),Warm (20-30),Moderate (30-50),-0.71,0.95,1.49,-0.55,0.49,,0
2015-10-14,2015,10,Oct,4,Spring,2015-10,287,16.9,23.3,3.4,1.4,8.3,NE,37.0,W,NE,6,20,75,60,1026.8,1025.2,7.0,1.0,20.1,22.7,Yes,No,1,0,0,0,0,1,20.1,6.4,2.6,15,-1.6,13.0,Light (1-10),Warm (20-30),Moderate (30-50),-0.06,0.74,0.53,-0.55,1.13,,0
2015-10-15,2015,10,Oct,4,Spring,2015-10,288,16.3,24.0,0.0,7.0,12.0,NE,44.0,NNE,ENE,13,30,65,63,1026.2,1022.0,1.0,0.0,21.6,23.1,No,No,0,0,0,0,0,0,20.15,7.7,1.5,2,-4.2,21.5,Dry (<=1 mm),Warm (20-30),Moderate (30-50),0.1,0.53,0.7,-0.05,1.04,,0
2015-10-16,2015,10,Oct,4,Spring,2015-10,289,17.3,27.5,0.0,6.8,11.9,NNE,43.0,ESE,E,6,20,60,52,1021.7,1018.7,0.0,1.0,23.3,27.3,No,No,0,0,0,0,0,0,22.4,10.2,4.0,8,-3.0,13.0,Dry (<=1 mm),Warm (20-30),Moderate (30-50),0.88,0.88,0.08,-0.12,0.41,,0
2015-10-17,2015,10,Oct,4,Spring,2015-10,290,19.1,26.0,0.0,9.8,9.7,SSE,31.0,SSE,ESE,17,15,66,64,1023.1,1021.4,1.0,4.0,21.5,23.0,No,Yes,0,1,0,0,0,0,22.55,6.9,1.5,2,-1.7,16.0,Dry (<=1 mm),Warm (20-30),Moderate (30-50),0.55,1.51,0.76,-0.98,0.6,,0
2015-10-18,2015,10,Oct,4,Spring,2015-10,291,18.8,23.2,1.4,7.2,3.8,SSE,35.0,SE,E,17,15,69,56,1029.2,1027.9,8.0,7.0,19.5,22.1,Yes,No,1,0,0,0,0,1,21.0,4.4,2.6,13,-1.3,16.0,Light (1-10),Warm (20-30),Moderate (30-50),-0.08,1.41,0.31,-0.7,1.46,,0
2015-10-19,2015,10,Oct,4,Spring,2015-10,292,19.4,24.6,0.2,4.2,8.2,NE,39.0,N,ENE,11,24,81,54,1026.6,1022.4,7.0,4.0,21.8,24.4,No,No,0,0,0,0,0,0,22.0,5.2,2.6,27,-4.2,17.5,Dry (<=1 mm),Warm (20-30),Moderate (30-50),0.23,1.62,0.19,-0.41,1.1,,0
2015-10-20,2015,10,Oct,4,Spring,2015-10,293,18.7,26.8,0.4,6.8,7.7,W,35.0,SE,ENE,6,15,60,55,1020.6,1016.3,2.0,2.0,23.7,26.0,No,No,0,0,0,0,0,0,22.75,8.1,2.3,5,-4.3,10.5,Dry (<=1 mm),Warm (20-30),Moderate (30-50),0.73,1.37,0.25,-0.7,0.25,,0
2015-10-21,2015,10,Oct,4,Spring,2015-10,294,19.7,27.9,1.0,7.6,3.4,NNE,31.0,WNW,W,2,9,58,43,1013.8,1011.5,4.0,7.0,24.5,26.3,No,Yes,0,1,0,0,0,0,23.8,8.2,1.8,15,-2.3,5.5,Dry (<=1 mm),Warm (20-30),Moderate (30-50),0.97,1.72,-0.43,-0.98,-0.71,,0
2015-10-22,2015,10,Oct,4,Spring,2015-10,295,18.6,20.5,8.4,5.0,0.7,S,61.0,S,SSW,11,31,89,74,1011.4,1010.3,7.0,7.0,19.6,20.1,Yes,Yes,1,1,0,0,0,1,19.55,1.9,0.5,15,-1.1,21.0,Light (1-10),Warm (20-30),Strong (50-70),-0.68,1.34,1.32,1.17,-1.05,,0
2015-10-23,2015,10,Oct,4,Spring,2015-10,296,14.5,21.4,14.8,2.8,3.4,SSW,41.0,SSW,SSW,19,17,70,55,1022.1,1021.6,7.0,7.0,16.6,19.4,Yes,No,1,0,0,0,0,1,17.95,6.9,2.8,15,-0.5,18.0,Moderate (10-25),Warm (20-30),Moderate (30-50),-0.48,-0.1,0.25,-0.27,0.46,,0
2015-10-24,2015,10,Oct,4,Spring,2015-10,297,12.9,22.3,0.2,4.6,12.0,ENE,39.0,WNW,ENE,13,26,62,54,1024.4,1020.9,5.0,1.0,17.8,20.7,No,No,0,0,0,0,0,0,17.6,9.4,2.9,8,-3.5,19.5,Dry (<=1 mm),Warm (20-30),Moderate (30-50),-0.28,-0.65,0.19,-0.41,0.79,,0
2015-10-25,2015,10,Oct,4,Spring,2015-10,298,15.2,24.9,0.0,7.4,10.2,NE,43.0,E,NE,7,19,62,59,1022.1,1017.8,2.0,3.0,21.1,22.3,No,No,0,0,0,0,0,0,20.05,9.7,1.2,3,-4.3,13.0,Dry (<=1 mm),Warm (20-30),Moderate (30-50),0.3,0.15,0.47,-0.12,0.46,,0
2015-10-26,2015,10,Oct,4,Spring,2015-10,299,17.5,29.4,0.0,7.0,5.2,WSW,69.0,ESE,WSW,9,13,54,53,1014.4,1015.1,3.0,7.0,24.6,22.2,No,Yes,0,1,0,0,0,0,23.45,11.9,-2.4,1,0.7,11.0,Dry (<=1 mm),Warm (20-30),Strong (50-70),1.31,0.95,0.14,1.74,-0.62,,0
2015-10-27,2015,10,Oct,4,Spring,2015-10,300,15.5,19.6,7.6,7.8,2.0,S,54.0,S,SSE,19,30,65,47,1025.8,1025.8,8.0,7.0,16.5,19.3,Yes,No,1,0,0,0,0,1,17.55,4.1,2.8,18,0.0,24.5,Light (1-10),Mild (<20),Strong (50-70),-0.89,0.25,-0.2,0.67,0.98,,0
2015-10-28,2015,10,Oct,4,Spring,2015-10,301,13.4,21.2,0.4,3.8,8.2,SSE,31.0,W,E,9,20,70,45,1025.3,1022.5,7.0,5.0,16.4,20.6,No,No,0,0,0,0,0,0,17.3,7.8,4.2,25,-2.8,14.5,Dry (<=1 mm),Warm (20-30),Moderate (30-50),-0.53,-0.48,-0.32,-0.98,0.91,,0
2015-10-29,2015,10,Oct,4,Spring,2015-10,302,15.7,23.0,0.0,5.4,11.4,E,31.0,WNW,E,7,22,55,40,1023.6,1022.1,5.0,1.0,18.2,21.9,No,No,0,0,0,0,0,0,19.35,7.3,3.7,15,-1.5,14.5,Dry (<=1 mm),Warm (20-30),Moderate (30-50),-0.12,0.32,-0.6,-0.98,0.67,,0
2015-10-30,2015,10,Oct,4,Spring,2015-10,303,14.1,23.1,0.0,8.0,9.3,ENE,39.0,W,NE,7,24,59,48,1023.8,1020.8,1.0,7.0,19.0,21.8,No,No,0,0,0,0,0,0,18.6,9.0,2.8,11,-3.0,15.5,Dry (<=1 mm),Warm (20-30),Moderate (30-50),-0.1,-0.24,-0.15,-0.41,0.7,,0
2015-10-31,2015,10,Oct,4,Spring,2015-10,304,17.1,24.2,0.0,8.0,5.7,NE,48.0,NE,NE,19,28,59,61,1021.8,1018.6,7.0,8.0,22.2,22.5,No,No,0,0,0,0,0,0,20.65,7.1,0.3,-2,-3.2,23.5,Dry (<=1 mm),Warm (20-30),Moderate (30-50),0.15,0.81,0.59,0.24,0.42,,0
2015-11-01,2015,11,Nov,4,Spring,2015-11,305,17.5,26.8,0.0,7.8,9.0,NE,44.0,E,NE,15,17,67,59,1015.2,1010.6,1.0,3.0,21.9,25.4,No,Yes,0,1,0,0,0,0,22.15,9.3,3.5,8,-4.6,16.0,Dry (<=1 mm),Warm (20-30),Moderate (30-50),0.51,0.08,0.08,-0.06,-0.04,,0
2015-11-02,2015,11,Nov,4,Spring,2015-11,306,18.2,30.7,26.0,6.6,9.1,WSW,46.0,NW,E,13,15,75,53,1011.2,1009.0,5.0,5.0,21.6,26.4,Yes,Yes,1,1,0,0,0,1,24.45,12.5,4.8,22,-2.2,14.0,Heavy (25-50),Hot (30-35),Moderate (30-50),1.51,0.38,-0.33,0.12,-0.67,,0
2015-11-03,2015,11,Nov,4,Spring,2015-11,307,18.6,20.0,1.4,6.8,0.0,S,35.0,SSE,SE,19,17,91,89,1017.0,1016.5,8.0,8.0,19.0,19.2,Yes,Yes,1,1,0,0,0,1,19.3,1.4,0.2,2,-0.5,18.0,Light (1-10),Warm (20-30),Moderate (30-50),-1.24,0.56,2.12,-0.84,0.25,,0
2015-11-04,2015,11,Nov,4,Spring,2015-11,308,17.1,19.6,3.8,1.4,0.0,E,56.0,ESE,E,24,31,91,83,1017.6,1016.3,8.0,8.0,19.5,19.4,Yes,Yes,1,1,0,0,0,1,18.35,2.5,-0.1,8,-1.3,27.5,Light (1-10),Mild (<20),Strong (50-70),-1.34,-0.1,1.72,0.98,0.34,,0
2015-11-05,2015,11,Nov,4,Spring,2015-11,309,16.0,23.4,13.0,0.0,0.7,ENE,50.0,NE,NE,30,26,94,80,1014.8,1010.5,8.0,8.0,18.2,20.5,Yes,Yes,1,1,0,0,0,1,19.7,7.4,2.3,14,-4.3,28.0,Moderate (10-25),Warm (20-30),Strong (50-70),-0.37,-0.57,1.51,0.46,-0.1,,0
2015-11-06,2015,11,Nov,4,Spring,2015-11,310,18.2,28.3,11.6,3.2,5.2,S,33.0,W,NE,9,13,77,87,1007.7,1006.3,4.0,7.0,23.3,20.5,Yes,Yes,1,1,0,0,0,1,23.25,10.1,-2.8,-10,-1.4,11.0,Moderate (10-25),Warm (20-30),Moderate (30-50),0.89,0.38,1.99,-1.01,-1.23,,0
2015-11-07,2015,11,Nov,4,Spring,2015-11,311,18.4,24.6,10.0,5.6,5.3,SSE,46.0,ESE,ESE,9,28,69,69,1012.3,1012.3,3.0,7.0,22.5,21.8,Yes,No,1,0,0,0,0,1,21.5,6.2,-0.7,0,0.0,18.5,Light (1-10),Warm (20-30),Moderate (30-50),-0.06,0.47,0.76,0.12,-0.5,,0
2015-11-08,2015,11,Nov,4,Spring,2015-11,312,16.2,21.7,0.4,7.2,4.6,SSW,46.0,SSW,SSE,17,26,67,65,1020.7,1020.0,7.0,6.0,18.0,20.4,No,No,0,0,0,0,0,0,18.95,5.5,2.4,2,-0.7,21.5,Dry (<=1 mm),Warm (20-30),Moderate (30-50),-0.8,-0.49,0.49,0.12,0.83,,0
2015-11-09,2015,11,Nov,4,Spring,2015-11,313,13.7,23.3,0.0,6.4,12.3,E,30.0,W,E,11,17,59,48,1021.3,1017.5,5.0,1.0,19.5,21.8,No,No,0,0,0,0,0,0,18.5,9.6,2.3,11,-3.8,14.0,Dry (<=1 mm),Warm (20-30),Moderate (30-50),-0.39,-1.58,-0.67,-1.27,0.93,,0
2015-11-10,2015,11,Nov,4,Spring,2015-11,314,15.2,25.6,0.0,6.0,11.3,ENE,30.0,S,ENE,2,19,61,45,1016.0,1013.5,3.0,7.0,20.6,24.8,No,No,0,0,0,0,0,0,20.4,10.4,4.2,16,-2.5,10.5,Dry (<=1 mm),Warm (20-30),Moderate (30-50),0.2,-0.92,-0.87,-1.27,0.09,,0
2015-11-11,2015,11,Nov,4,Spring,2015-11,315,18.9,23.9,0.0,8.6,0.0,SSW,31.0,S,ESE,13,11,82,66,1020.3,1020.3,7.0,7.0,20.0,22.1,No,Yes,0,1,0,0,0,0,21.4,5.0,2.1,16,0.0,12.0,Dry (<=1 mm),Warm (20-30),Moderate (30-50),-0.24,0.69,0.56,-1.18,0.77,,0
2015-11-12,2015,11,Nov,4,Spring,2015-11,316,18.3,25.5,2.4,4.8,4.2,NNE,43.0,NNE,ENE,17,17,53,69,1020.4,1018.0,7.0,8.0,23.5,22.2,Yes,No,1,0,0,0,0,1,21.9,7.2,-1.3,-16,-2.4,17.0,Light (1-10),Warm (20-30),Moderate (30-50),0.17,0.43,0.76,-0.14,0.79,,0
2015-11-13,2015,11,Nov,4,Spring,2015-11,317,18.0,28.8,0.4,8.4,7.4,SSW,48.0,W,NE,7,6,63,60,1013.1,1009.8,1.0,7.0,22.7,23.3,No,Yes,0,1,0,0,0,0,23.4,10.8,0.6,3,-3.3,6.5,Dry (<=1 mm),Warm (20-30),Moderate (30-50),1.02,0.3,0.15,0.29,-0.37,,0
2015-11-14,2015,11,Nov,4,Spring,2015-11,318,17.7,20.1,18.2,9.0,0.0,SSE,33.0,S,ESE,15,19,81,70,1014.4,1013.4,8.0,8.0,18.7,18.9,Yes,Yes,1,1,0,0,0,1,18.9,2.4,0.2,11,-1.0,17.0,Moderate (10-25),Warm (20-30),Moderate (30-50),-1.21,0.17,0.83,-1.01,-0.17,,0
2015-11-15,2015,11,Nov,4,Spring,2015-11,319,14.9,20.9,29.6,2.2,0.8,SSW,46.0,SSE,S,24,19,64,70,1017.7,1017.4,7.0,7.0,18.2,18.5,Yes,Yes,1,1,0,0,0,1,17.9,6.0,0.3,-6,-0.3,21.5,Heavy (25-50),Warm (20-30),Moderate (30-50),-1.01,-1.05,0.83,0.12,0.36,,0
2015-11-16,2015,11,Nov,4,Spring,2015-11,320,14.3,22.6,5.0,4.4,13.0,ESE,31.0,SSE,ESE,17,20,56,43,1020.0,1018.0,5.0,1.0,19.1,21.7,Yes,No,1,0,0,0,0,1,18.45,8.3,2.6,13,-2.0,18.5,Light (1-10),Warm (20-30),Moderate (30-50),-0.57,-1.31,-1.01,-1.18,0.72,,0
2015-11-17,2015,11,Nov,4,Spring,2015-11,321,14.4,25.1,0.0,8.0,12.6,NNE,44.0,W,NE,6,22,55,46,1019.1,1016.0,0.0,2.0,20.2,23.7,No,No,0,0,0,0,0,0,19.75,10.7,3.5,9,-3.1,14.0,Dry (<=1 mm),Warm (20-30),Moderate (30-50),0.07,-1.27,-0.81,-0.06,0.58,,0
2015-11-18,2015,11,Nov,4,Spring,2015-11,322,17.4,36.5,0.0,11.0,13.0,SSW,57.0,W,W,11,22,45,17,1013.6,1009.7,5.0,1.0,25.1,35.6,No,No,0,0,0,0,0,0,26.95,19.1,10.5,28,-3.9,16.5,Dry (<=1 mm),Extreme heat (>=35),Strong (50-70),3.0,0.04,-2.78,1.07,-0.29,Heat,1
2015-11-19,2015,11,Nov,4,Spring,2015-11,323,18.8,31.2,0.0,10.4,12.5,SSW,28.0,W,E,9,17,62,54,1015.0,1011.7,1.0,4.0,23.1,28.6,No,No,0,0,0,0,0,0,25.0,12.4,5.5,8,-3.3,13.0,Dry (<=1 mm),Hot (30-35),Light (<30),1.64,0.65,-0.26,-1.44,-0.07,,0
2015-11-20,2015,11,Nov,4,Spring,2015-11,324,21.4,40.9,0.0,8.8,12.4,W,54.0,SW,WNW,2,28,63,13,1012.5,1006.3,1.0,1.0,25.2,40.7,No,No,0,0,0,0,0,0,31.15,19.5,15.5,50,-6.2,15.0,Dry (<=1 mm),Extreme heat (>=35),Strong (50-70),4.13,1.78,-3.05,0.81,-0.47,Heat; Very dry,1
2015-11-21,2015,11,Nov,4,Spring,2015-11,325,20.3,22.1,0.0,14.6,0.3,S,54.0,SE,SE,13,24,65,56,1015.6,1017.3,7.0,7.0,20.8,20.7,No,No,0,0,0,0,0,0,21.2,1.8,-0.1,9,1.7,18.5,Dry (<=1 mm),Warm (20-30),Strong (50-70),-0.7,1.3,-0.12,0.81,0.03,,0
2015-11-22,2015,11,Nov,4,Spring,2015-11,326,19.0,22.4,0.0,6.2,2.7,NNE,33.0,E,ENE,17,17,59,58,1019.7,1016.7,7.0,8.0,19.8,20.8,No,No,0,0,0,0,0,0,20.7,3.4,1.0,1,-3.0,17.0,Dry (<=1 mm),Warm (20-30),Moderate (30-50),-0.62,0.73,0.01,-1.01,0.68,,0
2015-11-23,2015,11,Nov,4,Spring,2015-11,327,17.1,26.5,0.0,3.8,11.5,SSE,52.0,WNW,SE,11,30,60,52,1011.9,1010.8,1.0,2.0,22.4,25.4,No,No,0,0,0,0,0,0,21.8,9.4,3.0,8,-1.1,20.5,Dry (<=1 mm),Warm (20-30),Strong (50-70),0.43,-0.1,-0.4,0.64,-0.56,,0
2015-11-24,2015,11,Nov,4,Spring,2015-11,328,18.7,25.2,0.0,8.0,11.4,NE,52.0,ENE,NE,13,28,57,55,1017.4,1014.1,4.0,1.0,23.6,23.0,No,No,0,0,0,0,0,0,21.95,6.5,-0.6,2,-3.3,20.5,Dry (<=1 mm),Warm (20-30),Strong (50-70),0.1,0.6,-0.19,0.64,0.31,,0
2015-11-26,2015,11,Nov,4,Spring,2015-11,330,22.4,37.8,0.0,12.6,9.6,W,74.0,NNW,W,28,35,31,14,999.8,1000.0,1.0,2.0,32.4,36.0,No,No,0,0,0,0,0,0,30.1,15.4,3.6,17,0.2,31.5,Dry (<=1 mm),Extreme heat (>=35),Gale-force (>=70),3.34,2.21,-2.99,2.54,-2.48,Heat,1
2015-11-27,2015,11,Nov,4,Spring,2015-11,331,16.5,22.6,0.6,14.6,7.1,ENE,37.0,SE,ESE,4,22,54,60,1016.1,1013.8,7.0,4.0,21.1,21.6,No,No,0,0,0,0,0,0,19.55,6.1,0.5,-6,-2.3,13.0,Dry (<=1 mm),Warm (20-30),Moderate (30-50),-0.57,-0.36,0.15,-0.66,0.1,,0
2015-11-28,2015,11,Nov,4,Spring,2015-11,332,19.1,23.8,0.0,7.4,0.3,ENE,37.0,ENE,NE,20,17,69,55,1016.7,1016.0,8.0,8.0,21.5,22.5,No,No,0,0,0,0,0,0,21.45,4.7,1.0,14,-0.7,18.5,Dry (<=1 mm),Warm (20-30),Moderate (30-50),-0.26,0.78,-0.19,-0.66,0.2,,0
2015-11-29,2015,11,Nov,4,Spring,2015-11,333,19.9,26.0,0.0,6.4,7.1,ENE,43.0,NNE,NE,17,22,80,65,1013.7,1009.7,7.0,2.0,21.1,25.1,No,No,0,0,0,0,0,0,22.95,6.1,4.0,15,-4.0,19.5,Dry (<=1 mm),Warm (20-30),Moderate (30-50),0.3,1.12,0.49,-0.14,-0.28,,0
2015-11-30,2015,11,Nov,4,Spring,2015-11,334,18.2,26.3,0.2,7.4,11.1,S,48.0,WSW,E,7,22,65,65,1012.4,1008.7,4.0,1.0,21.1,23.8,No,No,0,0,0,0,0,0,22.25,8.1,2.7,0,-3.7,14.5,Dry (<=1 mm),Warm (20-30),Moderate (30-50),0.38,0.38,0.49,0.29,-0.48,,0
2015-12-01,2015,12,Dec,4,Summer,2015-12,335,19.0,33.3,0.0,8.0,10.4,S,63.0,ESE,NE,9,31,58,34,1010.3,1006.7,1.0,5.0,26.3,32.0,No,No,0,0,0,0,0,0,26.15,14.3,5.7,24,-3.6,20.0,Dry (<=1 mm),Hot (30-35),Strong (50-70),2.17,0.19,-1.61,1.48,-0.64,,0
2015-12-02,2015,12,Dec,4,Summer,2015-12,336,19.2,22.8,0.0,14.2,5.3,SSE,61.0,S,S,22,35,66,59,1015.1,1017.0,7.0,7.0,21.0,19.4,No,No,0,0,0,0,0,0,21.0,3.6,-1.6,7,1.9,28.5,Dry (<=1 mm),Warm (20-30),Strong (50-70),-0.88,0.27,0.09,1.32,0.17,,0
2015-12-03,2015,12,Dec,4,Summer,2015-12,337,17.1,21.7,0.0,9.2,8.1,ESE,31.0,ESE,ESE,11,20,52,49,1027.1,1026.0,7.0,5.0,19.4,20.3,No,No,0,0,0,0,0,0,19.4,4.6,0.9,3,-1.1,15.5,Dry (<=1 mm),Warm (20-30),Moderate (30-50),-1.2,-0.66,-0.59,-1.17,2.21,,0
2015-12-04,2015,12,Dec,4,Summer,2015-12,338,14.6,23.6,0.0,6.4,9.3,E,28.0,WNW,E,6,19,53,44,1026.3,1024.1,4.0,3.0,20.3,22.8,No,No,0,0,0,0,0,0,19.1,9.0,2.5,9,-2.2,12.5,Dry (<=1 mm),Warm (20-30),Light (<30),-0.65,-1.77,-0.93,-1.42,2.07,,0
2015-12-06,2015,12,Dec,4,Summer,2015-12,340,16.6,25.8,0.0,9.0,12.7,ENE,35.0,SE,ENE,7,24,58,46,1020.5,1017.8,3.0,5.0,23.0,24.9,No,No,0,0,0,0,0,0,21.2,9.2,1.9,12,-2.7,15.5,Dry (<=1 mm),Warm (20-30),Moderate (30-50),-0.01,-0.88,-0.79,-0.84,1.09,,0
2015-12-07,2015,12,Dec,4,Summer,2015-12,341,18.8,25.5,0.0,9.2,7.9,E,39.0,ESE,E,9,22,61,57,1021.4,1019.9,7.0,7.0,23.2,24.1,No,No,0,0,0,0,0,0,22.15,6.7,0.9,4,-1.5,15.5,Dry (<=1 mm),Warm (20-30),Moderate (30-50),-0.1,0.1,-0.04,-0.51,1.24,,0
2015-12-08,2015,12,Dec,4,Summer,2015-12,342,20.9,25.0,0.0,7.6,0.3,NE,43.0,NE,ENE,11,17,68,64,1018.6,1015.8,7.0,7.0,22.7,24.4,No,No,0,0,0,0,0,0,22.95,4.1,1.7,4,-2.8,14.0,Dry (<=1 mm),Warm (20-30),Moderate (30-50),-0.24,1.03,0.43,-0.17,0.77,,0
2015-12-09,2015,12,Dec,4,Summer,2015-12,343,21.3,33.3,0.8,4.6,8.6,S,61.0,NNE,ENE,7,17,70,58,1014.2,1012.1,5.0,3.0,24.6,27.5,No,Yes,0,1,0,0,0,0,27.3,12.0,2.9,12,-2.1,12.0,Dry (<=1 mm),Hot (30-35),Strong (50-70),2.17,1.21,0.03,1.32,0.02,,0
2015-12-10,2015,12,Dec,4,Summer,2015-12,344,20.2,25.5,15.2,10.0,6.4,SSW,44.0,S,E,7,19,80,63,1015.9,1011.7,7.0,3.0,21.3,25.0,Yes,No,1,0,0,0,0,1,22.85,5.3,3.7,17,-4.2,13.0,Moderate (10-25),Warm (20-30),Moderate (30-50),-0.1,0.72,0.37,-0.09,0.31,,0
2015-12-11,2015,12,Dec,4,Summer,2015-12,345,21.2,35.3,0.2,6.4,8.8,W,59.0,W,WNW,17,30,66,13,1005.8,1001.1,3.0,7.0,24.4,34.7,No,No,0,0,0,0,0,0,28.25,14.1,10.3,53,-4.7,23.5,Dry (<=1 mm),Extreme heat (>=35),Strong (50-70),2.75,1.16,-3.04,1.15,-1.4,Very dry,1
2015-12-12,2015,12,Dec,4,Summer,2015-12,346,18.4,22.6,0.0,12.2,5.8,ESE,39.0,E,ESE,15,28,57,50,1014.7,1015.1,3.0,4.0,20.8,21.4,No,No,0,0,0,0,0,0,20.5,4.2,0.6,7,0.4,21.5,Dry (<=1 mm),Warm (20-30),Moderate (30-50),-0.94,-0.08,-0.52,-0.51,0.11,,0
2015-12-13,2015,12,Dec,4,Summer,2015-12,347,18.2,24.4,0.0,7.6,6.5,NE,48.0,NE,NE,19,30,58,56,1019.3,1016.1,5.0,7.0,21.4,23.2,No,No,0,0,0,0,0,0,21.3,6.2,1.8,2,-3.2,24.5,Dry (<=1 mm),Warm (20-30),Moderate (30-50),-0.41,-0.17,-0.11,0.24,0.89,,0
2015-12-14,2015,12,Dec,4,Summer,2015-12,348,18.3,29.6,0.0,8.0,13.1,ENE,28.0,WNW,E,9,19,63,59,1015.4,1013.4,3.0,3.0,23.4,25.5,No,No,0,0,0,0,0,0,23.95,11.3,2.1,4,-2.0,14.0,Dry (<=1 mm),Warm (20-30),Light (<30),1.09,-0.13,0.09,-1.42,0.23,,0
2015-12-15,2015,12,Dec,4,Summer,2015-12,349,20.6,26.9,0.0,10.0,5.7,ENE,43.0,ENE,ENE,11,22,72,65,1015.3,1012.5,6.0,8.0,23.1,25.0,No,No,0,0,0,0,0,0,23.75,6.3,1.9,7,-2.8,16.5,Dry (<=1 mm),Warm (20-30),Moderate (30-50),0.31,0.9,0.5,-0.17,0.21,,0
2015-12-16,2015,12,Dec,4,Summer,2015-12,350,21.1,23.4,0.6,5.4,1.8,SSE,80.0,NE,N,22,13,87,82,1014.8,1016.7,7.0,8.0,22.9,18.2,No,Yes,0,1,0,0,1,0,22.25,2.3,-4.7,5,1.9,17.5,Dry (<=1 mm),Warm (20-30),Gale-force (>=70),-0.7,1.12,1.66,2.89,0.12,,0
2015-12-17,2015,12,Dec,4,Summer,2015-12,351,16.6,26.1,9.8,4.8,12.0,E,37.0,WNW,E,9,24,70,60,1018.5,1016.9,4.0,1.0,21.6,24.6,Yes,No,1,0,0,0,0,1,21.35,9.5,3.0,10,-1.6,16.5,Light (1-10),Warm (20-30),Moderate (30-50),0.08,-0.88,0.16,-0.67,0.75,,0
2015-12-18,2015,12,Dec,4,Summer,2015-12,352,19.0,27.5,0.0,13.6,12.3,NNE,46.0,E,ENE,15,30,58,53,1016.8,1014.0,0.0,1.0,24.5,27.1,No,No,0,0,0,0,0,0,23.25,8.5,2.6,5,-2.8,22.5,Dry (<=1 mm),Warm (20-30),Moderate (30-50),0.49,0.19,-0.31,0.07,0.46,,0
2015-12-19,2015,12,Dec,4,Summer,2015-12,353,20.3,29.0,0.0,9.4,13.2,NE,52.0,ESE,NE,9,20,59,53,1014.6,1012.8,1.0,1.0,26.3,27.5,No,No,0,0,0,0,0,0,24.65,8.7,1.2,6,-1.8,14.5,Dry (<=1 mm),Warm (20-30),Strong (50-70),0.92,0.76,-0.31,0.57,0.09,,0
2015-12-21,2015,12,Dec,4,Summer,2015-12,355,23.6,29.1,0.0,14.0,3.6,SSE,50.0,ENE,S,7,22,56,79,1014.8,1017.2,6.0,8.0,27.1,21.5,No,Yes,0,1,0,0,1,0,26.35,5.5,-5.6,-23,2.4,14.5,Dry (<=1 mm),Warm (20-30),Strong (50-70),0.95,2.23,1.45,0.4,0.12,,0
2015-12-22,2015,12,Dec,4,Summer,2015-12,356,17.7,21.8,29.8,4.4,0.0,ESE,44.0,SSW,NE,19,2,89,90,1023.2,1021.5,8.0,8.0,17.8,17.7,Yes,Yes,1,1,0,0,0,1,19.75,4.1,-0.1,-1,-1.7,10.5,Heavy (25-50),Warm (20-30),Moderate (30-50),-1.17,-0.39,2.2,-0.09,1.55,,0
2015-12-23,2015,12,Dec,4,Summer,2015-12,357,17.3,23.0,34.0,3.6,4.5,ESE,31.0,SE,ESE,13,22,65,59,1019.4,1017.7,7.0,7.0,21.8,22.0,Yes,No,1,0,0,0,0,1,20.15,5.7,0.2,6,-1.7,17.5,Heavy (25-50),Warm (20-30),Moderate (30-50),-0.82,-0.57,0.09,-1.17,0.9,,0
2015-12-24,2015,12,Dec,4,Summer,2015-12,358,16.9,24.6,1.0,5.0,9.5,E,37.0,ESE,ESE,20,20,60,52,1019.9,1018.7,4.0,2.0,21.6,23.9,No,No,0,0,0,0,0,0,20.75,7.7,2.3,8,-1.2,20.0,Dry (<=1 mm),Warm (20-30),Moderate (30-50),-0.36,-0.75,-0.38,-0.67,0.99,,0
2015-12-25,2015,12,Dec,4,Summer,2015-12,359,17.5,25.2,0.0,7.0,9.6,ENE,35.0,ENE,E,4,20,55,48,1018.7,1015.4,5.0,4.0,21.8,24.5,No,No,0,0,0,0,0,0,21.35,7.7,2.7,7,-3.3,12.0,Dry (<=1 mm),Warm (20-30),Moderate (30-50),-0.18,-0.48,-0.65,-0.84,0.78,,0
2015-12-26,2015,12,Dec,4,Summer,2015-12,360,18.8,26.1,0.6,7.4,6.1,NE,39.0,N,NE,17,17,74,77,1009.7,1006.0,5.0,7.0,22.7,23.4,No,Yes,0,1,0,0,0,0,22.45,7.3,0.7,-3,-3.7,17.0,Dry (<=1 mm),Warm (20-30),Moderate (30-50),0.08,0.1,1.32,-0.51,-0.74,,0
2015-12-27,2015,12,Dec,4,Summer,2015-12,361,17.1,23.0,1.8,8.8,5.7,S,59.0,SSE,S,22,28,74,47,1016.7,1018.4,8.0,1.0,17.1,22.3,Yes,Yes,1,1,0,0,0,1,20.05,5.9,5.2,27,1.7,25.0,Light (1-10),Warm (20-30),Strong (50-70),-0.82,-0.66,-0.72,1.15,0.45,,0
2015-12-28,2015,12,Dec,4,Summer,2015-12,362,15.3,22.6,2.6,5.8,4.8,SSW,44.0,SW,SSE,20,24,78,50,1023.7,1023.0,7.0,7.0,16.7,21.6,Yes,No,1,0,0,0,0,1,18.95,7.3,4.9,28,-0.7,22.0,Light (1-10),Warm (20-30),Moderate (30-50),-0.94,-1.46,-0.52,-0.09,1.63,,0
2015-12-29,2015,12,Dec,4,Summer,2015-12,363,15.4,24.9,0.2,7.4,12.5,SSE,35.0,SE,ESE,20,22,51,38,1022.4,1020.7,6.0,1.0,21.2,24.1,No,No,0,0,0,0,0,0,20.15,9.5,2.9,13,-1.7,21.0,Dry (<=1 mm),Warm (20-30),Moderate (30-50),-0.27,-1.42,-1.33,-0.84,1.41,,0
2015-12-30,2015,12,Dec,4,Summer,2015-12,364,15.0,25.6,0.0,7.4,13.1,ESE,26.0,NW,E,6,19,60,50,1019.9,1018.7,0.0,1.0,20.2,23.7,No,No,0,0,0,0,0,0,20.3,10.6,3.5,10,-1.2,12.5,Dry (<=1 mm),Warm (20-30),Light (<30),-0.07,-1.59,-0.52,-1.58,0.99,,0
2015-12-31,2015,12,Dec,4,Summer,2015-12,365,17.4,26.7,0.0,8.0,12.7,W,41.0,WNW,E,9,24,62,52,1019.4,1016.8,1.0,5.0,21.3,24.2,No,No,0,0,0,0,0,0,22.05,9.3,2.9,10,-2.6,16.5,Dry (<=1 mm),Warm (20-30),Moderate (30-50),0.25,-0.53,-0.38,-0.34,0.9,,0
2016-01-01,2016,1,Jan,1,Summer,2016-01,1,17.9,25.6,0.0,11.0,12.3,E,35.0,SSW,E,2,28,57,52,1016.4,1013.7,6.0,4.0,22.9,24.2,No,No,0,0,0,0,0,0,21.75,7.7,1.3,5,-2.7,15.0,Dry (<=1 mm),Warm (20-30),Moderate (30-50),-0.49,-1.13,-0.46,-0.83,0.44,,0
2016-01-02,2016,1,Jan,1,Summer,2016-01,2,18.0,25.4,0.0,6.8,3.3,ESE,28.0,W,ESE,0,19,60,51,1013.4,1012.3,7.0,7.0,22.3,23.5,No,No,0,0,0,0,0,0,21.7,7.4,1.2,9,-1.1,9.5,Dry (<=1 mm),Warm (20-30),Light (<30),-0.54,-1.08,-0.53,-1.49,-0.12,,0
2016-01-03,2016,1,Jan,1,Summer,2016-01,3,20.2,24.6,0.0,8.0,0.0,SE,44.0,SSE,SE,20,22,63,84,1015.2,1014.7,8.0,8.0,22.2,19.9,No,Yes,0,1,0,0,1,0,22.4,4.4,-2.3,-21,-0.5,21.0,Dry (<=1 mm),Warm (20-30),Moderate (30-50),-0.75,-0.05,1.81,0.02,0.22,,0
2016-01-04,2016,1,Jan,1,Summer,2016-01,4,18.6,23.6,15.0,6.4,0.7,ESE,46.0,ESE,ESE,6,7,86,89,1016.8,1016.3,8.0,8.0,18.8,19.1,Yes,Yes,1,1,0,0,0,1,21.1,5.0,0.3,-3,-0.5,6.5,Moderate (10-25),Warm (20-30),Moderate (30-50),-1.01,-0.8,2.17,0.21,0.52,,0
2016-01-05,2016,1,Jan,1,Summer,2016-01,5,17.8,20.3,34.2,0.0,0.0,ESE,54.0,SE,SE,26,26,87,87,1016.5,1014.6,8.0,8.0,19.1,19.5,Yes,Yes,1,1,0,0,0,1,19.05,2.5,0.4,0,-1.9,26.0,Heavy (25-50),Warm (20-30),Strong (50-70),-1.87,-1.18,2.03,0.96,0.46,,0
2016-01-06,2016,1,Jan,1,Summer,2016-01,6,17.4,18.6,51.4,8.0,0.0,SE,48.0,SE,SSE,19,20,92,91,1012.3,1011.6,8.0,8.0,18.2,17.9,Yes,Yes,1,1,0,0,0,1,18.0,1.2,-0.3,1,-0.7,19.5,Very heavy (>50),Mild (<20),Moderate (30-50),-2.32,-1.37,2.31,0.39,-0.32,,0
2016-01-07,2016,1,Jan,1,Summer,2016-01,7,16.5,24.4,41.4,2.0,7.6,W,41.0,SSW,SSW,22,24,91,66,1014.0,1015.8,7.0,7.0,18.1,21.0,Yes,No,1,0,0,0,0,1,20.45,7.9,2.9,25,1.8,23.0,Heavy (25-50),Warm (20-30),Moderate (30-50),-0.8,-1.79,0.53,-0.27,-0.01,,0
2016-01-08,2016,1,Jan,1,Summer,2016-01,8,15.5,25.4,0.4,6.6,12.1,W,41.0,NW,E,4,19,58,53,1020.1,1019.0,5.0,1.0,20.6,24.1,No,No,0,0,0,0,0,0,20.45,9.9,3.5,5,-1.1,11.5,Dry (<=1 mm),Warm (20-30),Moderate (30-50),-0.54,-2.26,-0.39,-0.27,1.13,,0
2016-01-09,2016,1,Jan,1,Summer,2016-01,9,18.5,25.5,0.0,7.0,8.6,ENE,31.0,N,E,2,22,71,52,1021.9,1018.8,5.0,6.0,21.2,24.5,No,No,0,0,0,0,0,0,22.0,7.0,3.3,19,-3.1,12.0,Dry (<=1 mm),Warm (20-30),Moderate (30-50),-0.52,-0.85,-0.46,-1.21,1.47,,0
2016-01-10,2016,1,Jan,1,Summer,2016-01,10,18.5,27.1,0.0,8.0,12.2,ENE,41.0,W,ENE,9,26,67,53,1020.4,1017.5,3.0,1.0,22.9,26.2,No,No,0,0,0,0,0,0,22.8,8.6,3.3,14,-2.9,17.5,Dry (<=1 mm),Warm (20-30),Moderate (30-50),-0.1,-0.85,-0.39,-0.27,1.19,,0
2016-01-11,2016,1,Jan,1,Summer,2016-01,11,20.5,31.6,0.0,9.0,12.1,E,28.0,ESE,E,7,15,69,52,1013.3,1009.1,1.0,1.0,24.5,31.1,No,No,0,0,0,0,0,0,26.05,11.1,6.6,17,-4.2,11.0,Dry (<=1 mm),Hot (30-35),Light (<30),1.08,0.09,-0.46,-1.49,-0.14,,0
2016-01-12,2016,1,Jan,1,Summer,2016-01,12,23.5,34.0,0.0,10.6,4.4,S,52.0,W,SSE,2,24,56,70,1010.4,1012.1,6.0,7.0,26.5,25.9,No,No,0,0,0,0,0,0,28.75,10.5,-0.6,-14,1.7,13.0,Dry (<=1 mm),Hot (30-35),Strong (50-70),1.7,1.5,0.82,0.77,-0.68,,0
2016-01-13,2016,1,Jan,1,Summer,2016-01,13,21.3,31.0,0.0,6.0,11.0,NE,37.0,NNE,E,4,28,69,59,1019.7,1016.2,3.0,1.0,23.2,26.7,No,No,0,0,0,0,0,0,26.15,9.7,3.5,10,-3.5,16.0,Dry (<=1 mm),Hot (30-35),Moderate (30-50),0.92,0.47,0.04,-0.64,1.06,,0
2016-01-15,2016,1,Jan,1,Summer,2016-01,15,14.3,21.7,34.0,12.2,2.7,S,54.0,W,S,19,22,92,71,1024.4,1024.0,8.0,7.0,14.5,19.4,Yes,Yes,1,1,0,0,0,1,18.0,7.4,4.9,21,-0.4,20.5,Heavy (25-50),Warm (20-30),Strong (50-70),-1.51,-2.83,0.89,0.96,1.93,,0
2016-01-16,2016,1,Jan,1,Summer,2016-01,16,14.3,23.8,5.4,6.0,7.2,SE,43.0,SSE,SSE,20,20,66,45,1026.9,1026.1,7.0,5.0,19.7,22.8,Yes,No,1,0,0,0,0,1,19.05,9.5,3.1,21,-0.8,20.0,Light (1-10),Warm (20-30),Moderate (30-50),-0.96,-2.83,-0.96,-0.08,2.4,,0
2016-01-17,2016,1,Jan,1,Summer,2016-01,17,16.0,26.1,0.0,5.6,11.8,SE,33.0,SSE,ESE,13,22,71,49,1025.1,1022.6,6.0,4.0,20.4,25.1,No,No,0,0,0,0,0,0,21.05,10.1,4.7,22,-2.5,17.5,Dry (<=1 mm),Warm (20-30),Moderate (30-50),-0.36,-2.03,-0.68,-1.02,2.07,,0
2016-01-18,2016,1,Jan,1,Summer,2016-01,18,16.7,27.0,0.0,7.0,13.5,NNE,35.0,WNW,E,6,20,64,55,1020.6,1017.7,2.0,2.0,22.1,25.1,No,No,0,0,0,0,0,0,21.85,10.3,3.0,9,-2.9,13.0,Dry (<=1 mm),Warm (20-30),Moderate (30-50),-0.12,-1.7,-0.25,-0.83,1.23,,0
2016-01-19,2016,1,Jan,1,Summer,2016-01,19,19.2,30.2,0.0,8.0,13.0,NNE,41.0,N,ENE,6,13,60,54,1017.4,1013.3,3.0,3.0,24.2,29.2,No,No,0,0,0,0,0,0,24.7,11.0,5.0,6,-4.1,9.5,Dry (<=1 mm),Hot (30-35),Moderate (30-50),0.71,-0.52,-0.32,-0.27,0.63,,0
2016-01-20,2016,1,Jan,1,Summer,2016-01,20,21.9,37.5,0.0,11.8,10.0,NNE,39.0,ESE,E,4,9,39,39,1012.6,1009.8,1.0,6.0,27.9,32.1,No,No,0,0,0,0,0,0,29.7,15.6,4.2,0,-2.8,6.5,Dry (<=1 mm),Extreme heat (>=35),Moderate (30-50),2.62,0.75,-1.39,-0.45,-0.27,,0
2016-01-21,2016,1,Jan,1,Summer,2016-01,21,23.6,33.5,0.0,11.6,6.9,SW,61.0,SW,ENE,4,20,66,48,1010.5,1007.4,5.0,4.0,26.2,32.3,No,Yes,0,1,0,0,0,0,28.55,9.9,6.1,18,-3.1,12.0,Dry (<=1 mm),Hot (30-35),Strong (50-70),1.57,1.55,-0.75,1.62,-0.66,,0
2016-01-22,2016,1,Jan,1,Summer,2016-01,22,22.8,29.2,30.6,10.4,1.4,NE,30.0,SSW,E,7,13,85,76,1011.0,1006.4,7.0,7.0,24.9,25.7,Yes,Yes,1,1,0,0,0,1,26.0,6.4,0.8,9,-4.6,10.0,Heavy (25-50),Warm (20-30),Moderate (30-50),0.45,1.18,1.25,-1.3,-0.57,,0
2016-01-23,2016,1,Jan,1,Summer,2016-01,23,22.3,26.0,13.0,3.4,9.5,W,41.0,S,S,17,33,60,59,1006.7,1008.6,3.0,6.0,25.6,25.5,Yes,No,1,0,0,0,0,1,24.15,3.7,-0.1,1,1.9,25.0,Moderate (10-25),Warm (20-30),Moderate (30-50),-0.39,0.94,0.04,-0.27,-1.37,,0
2016-01-24,2016,1,Jan,1,Summer,2016-01,24,20.8,25.0,0.0,6.6,0.6,SSE,31.0,SSW,ESE,11,15,73,62,1013.4,1012.1,8.0,7.0,21.9,24.1,No,No,0,0,0,0,0,0,22.9,4.2,2.2,11,-1.3,13.0,Dry (<=1 mm),Warm (20-30),Moderate (30-50),-0.65,0.23,0.25,-1.21,-0.12,,0
2016-01-25,2016,1,Jan,1,Summer,2016-01,25,21.6,25.2,0.0,4.6,0.0,W,41.0,E,E,13,13,73,64,1014.5,1013.3,8.0,8.0,23.2,24.7,No,No,0,0,0,0,0,0,23.4,3.6,1.5,9,-1.2,13.0,Dry (<=1 mm),Warm (20-30),Moderate (30-50),-0.59,0.61,0.39,-0.27,0.09,,0
2016-01-26,2016,1,Jan,1,Summer,2016-01,26,21.6,27.8,0.0,2.4,8.7,W,41.0,E,ENE,11,19,73,54,1017.7,1017.3,8.0,4.0,22.9,26.4,No,Yes,0,1,0,0,0,0,24.7,6.2,3.5,19,-0.4,15.0,Dry (<=1 mm),Warm (20-30),Moderate (30-50),0.08,0.61,-0.32,-0.27,0.68,,0
2016-01-27,2016,1,Jan,1,Summer,2016-01,27,20.8,24.9,2.2,9.8,0.5,NE,48.0,NE,NE,17,15,66,63,1016.2,1014.0,6.0,8.0,24.0,24.3,Yes,No,1,0,0,0,0,1,22.85,4.1,0.3,3,-2.2,16.0,Light (1-10),Warm (20-30),Moderate (30-50),-0.67,0.23,0.32,0.39,0.4,,0
2016-01-28,2016,1,Jan,1,Summer,2016-01,28,21.4,27.6,0.4,5.6,6.7,NNE,39.0,N,ENE,17,15,74,64,1008.2,1004.7,7.0,7.0,23.5,27.2,No,No,0,0,0,0,0,0,24.5,6.2,3.7,10,-3.5,16.0,Dry (<=1 mm),Warm (20-30),Moderate (30-50),0.03,0.52,0.39,-0.45,-1.09,,0
2016-01-29,2016,1,Jan,1,Summer,2016-01,29,22.4,28.1,0.0,5.0,8.2,NW,65.0,NNE,ESE,11,6,72,86,1003.3,1001.9,3.0,7.0,26.3,23.2,No,Yes,0,1,0,0,0,0,25.25,5.7,-3.1,-14,-1.4,8.5,Dry (<=1 mm),Warm (20-30),Strong (50-70),0.16,0.99,1.96,2.0,-2.01,,0
2016-01-30,2016,1,Jan,1,Summer,2016-01,30,19.5,28.7,9.0,3.0,3.0,ESE,70.0,W,ESE,17,17,84,62,1004.9,1002.7,8.0,7.0,22.4,28.1,Yes,Yes,1,1,0,0,0,1,24.1,9.2,5.7,22,-2.2,17.0,Light (1-10),Warm (20-30),Gale-force (>=70),0.32,-0.38,0.25,2.47,-1.71,,0
2016-01-31,2016,1,Jan,1,Summer,2016-01,31,19.7,31.1,12.8,5.8,10.0,WNW,48.0,W,WNW,15,26,83,26,1004.4,1003.3,1.0,5.0,22.6,31.0,Yes,No,1,0,0,0,0,1,25.4,11.4,8.4,57,-1.1,20.5,Moderate (10-25),Hot (30-35),Moderate (30-50),0.95,-0.28,-2.31,0.39,-1.8,,0
2016-02-01,2016,2,Feb,1,Summer,2016-02,32,21.8,26.5,0.2,8.0,7.4,SSE,43.0,NNW,SE,2,15,42,52,1004.2,1001.1,5.0,4.0,26.0,25.5,No,Yes,0,1,0,0,0,0,24.15,4.7,-0.5,-10,-3.1,8.5,Dry (<=1 mm),Warm (20-30),Moderate (30-50),-0.12,0.77,-0.7,0.22,-2.01,,0
2016-02-02,2016,2,Feb,1,Summer,2016-02,33,17.0,27.9,2.0,5.0,12.9,SE,33.0,WNW,ESE,17,24,62,45,1006.3,1004.0,2.0,3.0,20.9,26.6,Yes,No,1,0,0,0,0,1,22.45,10.9,5.7,17,-2.3,20.5,Light (1-10),Warm (20-30),Moderate (30-50),0.32,-1.52,-1.25,-0.77,-1.64,,0
2016-02-03,2016,2,Feb,1,Summer,2016-02,34,19.3,28.3,0.0,7.6,10.7,SSE,43.0,W,E,4,26,67,59,1003.6,1002.2,5.0,4.0,23.4,27.7,No,Yes,0,1,0,0,0,0,23.8,9.0,4.3,8,-1.4,15.0,Dry (<=1 mm),Warm (20-30),Moderate (30-50),0.45,-0.42,-0.14,0.22,-2.12,,0
2016-02-04,2016,2,Feb,1,Summer,2016-02,35,19.1,24.8,10.8,7.6,0.8,S,59.0,SSW,S,24,33,87,55,1012.0,1012.8,8.0,7.0,19.7,23.5,Yes,Yes,1,1,0,0,0,1,21.95,5.7,3.8,32,0.8,28.5,Moderate (10-25),Warm (20-30),Strong (50-70),-0.65,-0.52,-0.46,1.8,-0.63,,0
2016-02-05,2016,2,Feb,1,Summer,2016-02,36,19.6,26.1,3.6,9.6,6.8,SSE,56.0,S,SSE,31,39,59,56,1017.4,1017.6,6.0,5.0,22.0,23.9,Yes,Yes,1,1,0,0,0,1,22.85,6.5,1.9,3,0.2,35.0,Light (1-10),Warm (20-30),Strong (50-70),-0.25,-0.28,-0.38,1.5,0.33,,0
2016-02-06,2016,2,Feb,1,Summer,2016-02,37,19.9,27.0,1.8,8.8,8.1,SSE,37.0,SE,ESE,20,20,75,49,1018.0,1016.9,7.0,3.0,22.8,26.4,Yes,No,1,0,0,0,0,1,23.45,7.1,3.6,26,-1.1,20.0,Light (1-10),Warm (20-30),Moderate (30-50),0.04,-0.14,-0.93,-0.38,0.43,,0
2016-02-07,2016,2,Feb,1,Summer,2016-02,38,19.1,27.4,0.0,7.2,10.1,ESE,30.0,WNW,ESE,9,17,76,54,1018.0,1016.6,5.0,3.0,22.5,25.7,No,No,0,0,0,0,0,0,23.25,8.3,3.2,22,-1.4,13.0,Dry (<=1 mm),Warm (20-30),Moderate (30-50),0.16,-0.52,-0.54,-1.07,0.43,,0
2016-02-08,2016,2,Feb,1,Summer,2016-02,39,19.0,28.0,0.0,4.6,12.6,E,24.0,WNW,ESE,11,17,68,54,1019.1,1017.9,2.0,1.0,23.0,27.0,No,No,0,0,0,0,0,0,23.5,9.0,4.0,14,-1.2,14.0,Dry (<=1 mm),Warm (20-30),Light (<30),0.35,-0.57,-0.54,-1.66,0.63,,0
2016-02-09,2016,2,Feb,1,Summer,2016-02,40,21.0,27.7,0.0,9.8,10.3,SSE,39.0,SSE,SE,26,19,70,47,1020.7,1019.6,6.0,1.0,25.0,27.3,No,No,0,0,0,0,0,0,24.35,6.7,2.3,23,-1.1,22.5,Dry (<=1 mm),Warm (20-30),Moderate (30-50),0.26,0.39,-1.09,-0.18,0.91,,0
2016-02-10,2016,2,Feb,1,Summer,2016-02,41,19.6,28.5,0.2,7.6,12.7,NE,43.0,W,ENE,11,22,68,46,1016.7,1012.9,2.0,1.0,23.2,27.6,No,No,0,0,0,0,0,0,24.05,8.9,4.4,22,-3.8,16.5,Dry (<=1 mm),Warm (20-30),Moderate (30-50),0.51,-0.28,-1.17,0.22,0.2,,0
2016-02-11,2016,2,Feb,1,Summer,2016-02,42,20.7,28.4,0.0,10.4,9.6,E,26.0,WSW,E,6,20,65,58,1015.8,1014.2,3.0,7.0,24.6,26.7,No,No,0,0,0,0,0,0,24.55,7.7,2.1,7,-1.6,13.0,Dry (<=1 mm),Warm (20-30),Light (<30),0.48,0.24,-0.22,-1.47,0.04,,0
2016-02-12,2016,2,Feb,1,Summer,2016-02,43,21.5,28.8,0.0,6.4,12.0,ENE,33.0,W,E,7,22,63,58,1017.0,1015.1,2.0,1.0,25.4,27.5,No,No,0,0,0,0,0,0,25.15,7.3,2.1,5,-1.9,14.5,Dry (<=1 mm),Warm (20-30),Moderate (30-50),0.6,0.63,-0.22,-0.77,0.26,,0
2016-02-13,2016,2,Feb,1,Summer,2016-02,44,20.7,28.9,0.0,8.8,12.1,NNE,46.0,N,NE,9,24,60,54,1014.6,1011.5,1.0,1.0,25.3,27.7,No,No,0,0,0,0,0,0,24.8,8.2,2.4,6,-3.1,16.5,Dry (<=1 mm),Warm (20-30),Moderate (30-50),0.63,0.24,-0.54,0.51,-0.17,,0
2016-02-14,2016,2,Feb,1,Summer,2016-02,45,21.1,32.5,0.0,9.6,10.4,SSE,48.0,NE,SSE,2,4,58,53,1008.4,1005.3,1.0,5.0,26.2,31.5,No,No,0,0,0,0,0,0,26.8,11.4,5.3,5,-3.1,3.0,Dry (<=1 mm),Hot (30-35),Moderate (30-50),1.76,0.44,-0.62,0.71,-1.27,,0
2016-02-15,2016,2,Feb,1,Summer,2016-02,46,22.3,29.3,0.0,8.0,6.9,SW,31.0,W,ESE,15,20,75,62,1011.8,1007.7,7.0,3.0,24.1,27.4,No,No,0,0,0,0,0,0,25.8,7.0,3.3,13,-4.1,17.5,Dry (<=1 mm),Warm (20-30),Moderate (30-50),0.76,1.01,0.09,-0.97,-0.67,,0
2016-02-16,2016,2,Feb,1,Summer,2016-02,47,21.5,27.9,0.0,7.0,10.8,SSE,48.0,SSW,SE,17,31,36,51,1009.1,1008.8,1.0,2.0,25.3,25.6,No,No,0,0,0,0,0,0,24.7,6.4,0.3,-15,-0.3,24.0,Dry (<=1 mm),Warm (20-30),Moderate (30-50),0.32,0.63,-0.78,0.71,-1.14,,0
2016-02-17,2016,2,Feb,1,Summer,2016-02,48,19.5,26.0,0.0,8.8,10.4,SSE,39.0,SSW,ESE,22,22,57,34,1011.4,1008.4,3.0,1.0,20.5,25.5,No,No,0,0,0,0,0,0,22.75,6.5,5.0,23,-3.0,22.0,Dry (<=1 mm),Warm (20-30),Moderate (30-50),-0.28,-0.33,-2.12,-0.18,-0.74,,0
2016-02-18,2016,2,Feb,1,Summer,2016-02,49,18.3,26.4,0.0,8.0,11.7,E,30.0,SSW,ESE,11,19,59,47,1009.8,1008.7,3.0,1.0,22.9,26.1,No,No,0,0,0,0,0,0,22.35,8.1,3.2,12,-1.1,15.0,Dry (<=1 mm),Warm (20-30),Moderate (30-50),-0.15,-0.9,-1.09,-1.07,-1.02,,0
2016-02-19,2016,2,Feb,1,Summer,2016-02,50,20.5,29.4,0.0,8.0,11.1,ENE,35.0,NW,ENE,9,20,70,60,1012.4,1009.8,4.0,1.0,23.7,28.6,No,No,0,0,0,0,0,0,24.95,8.9,4.9,10,-2.6,14.5,Dry (<=1 mm),Warm (20-30),Moderate (30-50),0.79,0.15,-0.06,-0.58,-0.56,,0
2016-02-20,2016,2,Feb,1,Summer,2016-02,51,23.1,29.3,0.0,9.4,5.9,S,52.0,SSW,S,24,26,75,52,1017.7,1018.2,7.0,5.0,24.6,28.8,No,Yes,0,1,0,0,0,0,26.2,6.2,4.2,23,0.5,25.0,Dry (<=1 mm),Warm (20-30),Strong (50-70),0.76,1.39,-0.7,1.11,0.38,,0
2016-02-21,2016,2,Feb,1,Summer,2016-02,52,21.4,27.0,6.0,8.2,4.8,E,37.0,S,ESE,9,13,89,67,1025.4,1024.6,6.0,4.0,21.9,26.6,Yes,Yes,1,1,0,0,0,1,24.2,5.6,4.7,22,-0.8,11.0,Light (1-10),Warm (20-30),Moderate (30-50),0.04,0.58,0.49,-0.38,1.75,,0
2016-02-22,2016,2,Feb,1,Summer,2016-02,53,20.8,28.8,1.2,3.8,11.6,ENE,39.0,W,ENE,11,24,71,59,1025.4,1022.0,1.0,6.0,24.3,28.0,Yes,No,1,0,0,0,0,1,24.8,8.0,3.7,12,-3.4,17.5,Light (1-10),Warm (20-30),Moderate (30-50),0.6,0.29,-0.14,-0.18,1.75,,0
2016-02-23,2016,2,Feb,1,Summer,2016-02,54,21.8,29.7,0.0,9.4,12.4,NNE,43.0,N,ENE,9,22,62,51,1021.3,1017.7,1.0,1.0,25.4,28.2,No,No,0,0,0,0,0,0,25.75,7.9,2.8,11,-3.6,15.5,Dry (<=1 mm),Warm (20-30),Moderate (30-50),0.88,0.77,-0.78,0.22,1.02,,0
2016-02-24,2016,2,Feb,1,Summer,2016-02,55,20.9,29.5,0.0,11.0,12.3,NNE,46.0,NNE,ENE,11,26,60,58,1016.1,1012.9,0.0,1.0,26.1,28.4,No,No,0,0,0,0,0,0,25.2,8.6,2.3,2,-3.2,18.5,Dry (<=1 mm),Warm (20-30),Moderate (30-50),0.82,0.34,-0.22,0.51,0.1,,0
2016-02-25,2016,2,Feb,1,Summer,2016-02,56,21.9,32.8,0.0,8.4,12.2,NNE,44.0,NE,E,7,17,62,45,1012.4,1009.3,0.0,0.0,26.1,32.2,No,No,0,0,0,0,0,0,27.35,10.9,6.1,17,-3.1,12.0,Dry (<=1 mm),Hot (30-35),Moderate (30-50),1.86,0.82,-1.25,0.32,-0.56,,0
2016-02-26,2016,2,Feb,1,Summer,2016-02,57,23.2,27.8,0.0,12.2,5.2,S,63.0,SSW,SE,28,22,67,60,1014.9,1015.5,1.0,7.0,25.4,26.7,No,No,0,0,0,0,0,0,25.5,4.6,1.3,7,0.6,25.0,Dry (<=1 mm),Warm (20-30),Strong (50-70),0.29,1.44,-0.06,2.2,-0.12,,0
2016-02-27,2016,2,Feb,1,Summer,2016-02,58,22.5,27.5,0.0,6.0,10.0,ESE,33.0,ESE,ESE,17,22,60,55,1019.3,1019.0,7.0,5.0,26.0,25.2,No,No,0,0,0,0,0,0,25.0,5.0,-0.8,5,-0.3,19.5,Dry (<=1 mm),Warm (20-30),Moderate (30-50),0.19,1.1,-0.46,-0.77,0.67,,0
2016-02-28,2016,2,Feb,1,Summer,2016-02,59,20.7,28.1,0.0,8.0,10.1,E,28.0,W,E,11,17,62,53,1018.8,1017.2,1.0,1.0,23.7,26.3,No,No,0,0,0,0,0,0,24.4,7.4,2.6,9,-1.6,14.0,Dry (<=1 mm),Warm (20-30),Light (<30),0.38,0.24,-0.62,-1.27,0.58,,0
2016-02-29,2016,2,Feb,1,Summer,2016-02,60,20.5,27.7,0.0,11.2,5.7,ESE,31.0,W,SE,9,20,73,60,1021.2,1020.4,7.0,5.0,23.0,27.5,No,No,0,0,0,0,0,0,24.1,7.2,4.5,13,-0.8,14.5,Dry (<=1 mm),Warm (20-30),Moderate (30-50),0.26,0.15,-0.06,-0.97,1.0,,0
2016-03-01,2016,3,Mar,1,Autumn,2016-03,61,21.3,28.2,0.0,4.2,7.7,ENE,33.0,E,ENE,4,26,72,47,1022.0,1019.9,4.0,1.0,23.6,27.6,No,No,0,0,0,0,0,0,24.75,6.9,4.0,25,-2.1,15.0,Dry (<=1 mm),Warm (20-30),Moderate (30-50),0.95,1.14,-0.99,-0.75,0.73,,0
2016-03-02,2016,3,Mar,1,Autumn,2016-03,62,20.3,28.8,0.0,7.8,10.7,NNE,50.0,NNE,ENE,13,30,59,52,1021.1,1018.9,7.0,7.0,25.1,28.1,No,No,0,0,0,0,0,0,24.55,8.5,3.0,7,-2.2,21.5,Dry (<=1 mm),Warm (20-30),Strong (50-70),1.19,0.67,-0.6,0.7,0.56,,0
2016-03-03,2016,3,Mar,1,Autumn,2016-03,63,22.2,28.7,0.0,8.2,10.2,NE,46.0,NNE,NE,4,26,71,58,1021.3,1019.4,3.0,4.0,25.2,28.4,No,No,0,0,0,0,0,0,25.45,6.5,3.2,13,-1.9,15.0,Dry (<=1 mm),Warm (20-30),Moderate (30-50),1.15,1.56,-0.14,0.36,0.6,,0
2016-03-04,2016,3,Mar,1,Autumn,2016-03,64,22.8,28.3,0.0,9.6,10.1,NE,39.0,N,NE,20,24,70,53,1022.0,1020.1,7.0,2.0,24.9,26.9,No,No,0,0,0,0,0,0,25.55,5.5,2.0,17,-1.9,22.0,Dry (<=1 mm),Warm (20-30),Moderate (30-50),0.99,1.84,-0.53,-0.24,0.73,,0
2016-03-05,2016,3,Mar,1,Autumn,2016-03,65,20.6,27.6,0.0,9.2,10.6,NE,41.0,NNE,NE,11,24,64,55,1021.7,1019.4,1.0,1.0,24.6,27.2,No,No,0,0,0,0,0,0,24.1,7.0,2.6,9,-2.3,17.5,Dry (<=1 mm),Warm (20-30),Moderate (30-50),0.7,0.81,-0.37,-0.07,0.67,,0
2016-03-06,2016,3,Mar,1,Autumn,2016-03,66,20.8,27.9,0.0,9.8,10.5,NE,46.0,N,NE,4,20,64,59,1022.9,1021.2,2.0,1.0,24.9,26.3,No,No,0,0,0,0,0,0,24.35,7.1,1.4,5,-1.7,12.0,Dry (<=1 mm),Warm (20-30),Moderate (30-50),0.82,0.91,-0.06,0.36,0.9,,0
2016-03-07,2016,3,Mar,1,Autumn,2016-03,67,21.0,28.3,0.0,8.0,11.8,ENE,44.0,E,NE,7,26,71,57,1021.6,1018.8,2.0,1.0,24.5,26.8,No,No,0,0,0,0,0,0,24.65,7.3,2.3,14,-2.8,16.5,Dry (<=1 mm),Warm (20-30),Moderate (30-50),0.99,1.0,-0.22,0.19,0.65,,0
2016-03-08,2016,3,Mar,1,Autumn,2016-03,68,22.4,28.1,0.0,8.8,10.8,ENE,33.0,NE,ENE,7,20,61,57,1023.4,1022.6,1.0,3.0,26.2,27.0,No,No,0,0,0,0,0,0,25.25,5.7,0.8,4,-0.8,13.5,Dry (<=1 mm),Warm (20-30),Moderate (30-50),0.91,1.65,-0.22,-0.75,0.99,,0
2016-03-09,2016,3,Mar,1,Autumn,2016-03,69,22.9,29.3,0.0,9.2,10.1,NNE,43.0,N,NE,13,24,71,55,1021.6,1017.9,4.0,4.0,24.8,29.1,No,No,0,0,0,0,0,0,26.1,6.4,4.3,16,-3.7,18.5,Dry (<=1 mm),Warm (20-30),Moderate (30-50),1.4,1.88,-0.37,0.1,0.65,,0
2016-03-10,2016,3,Mar,1,Autumn,2016-03,70,22.0,30.6,0.0,8.0,6.5,SE,31.0,SSE,SSE,2,24,84,59,1019.7,1018.9,7.0,7.0,24.0,28.5,No,No,0,0,0,0,0,0,26.3,8.6,4.5,25,-0.8,13.0,Dry (<=1 mm),Hot (30-35),Moderate (30-50),1.93,1.46,-0.06,-0.92,0.3,,0
2016-03-11,2016,3,Mar,1,Autumn,2016-03,71,22.8,27.8,0.0,5.8,2.3,ENE,37.0,ENE,ENE,6,19,79,66,1020.1,1017.9,8.0,7.0,23.8,26.8,No,No,0,0,0,0,0,0,25.3,5.0,3.0,13,-2.2,12.5,Dry (<=1 mm),Warm (20-30),Moderate (30-50),0.78,1.84,0.48,-0.41,0.37,,0
2016-03-12,2016,3,Mar,1,Autumn,2016-03,72,21.8,28.7,0.0,4.6,10.7,NE,43.0,WNW,E,9,24,73,60,1019.6,1018.0,1.0,2.0,24.6,27.6,No,No,0,0,0,0,0,0,25.25,6.9,3.0,13,-1.6,16.5,Dry (<=1 mm),Warm (20-30),Moderate (30-50),1.15,1.37,0.02,0.1,0.28,,0
2016-03-13,2016,3,Mar,1,Autumn,2016-03,73,22.6,27.7,0.0,9.0,7.7,ENE,30.0,NE,ENE,11,20,63,63,1020.5,1017.9,4.0,7.0,25.8,26.2,No,No,0,0,0,0,0,0,25.15,5.1,0.4,0,-2.6,15.5,Dry (<=1 mm),Warm (20-30),Moderate (30-50),0.74,1.74,0.25,-1.0,0.45,,0
2016-03-14,2016,3,Mar,1,Autumn,2016-03,74,21.8,30.7,0.0,7.2,4.9,SSW,41.0,WNW,SE,9,20,84,54,1016.3,1014.3,7.0,6.0,22.9,29.9,No,Yes,0,1,0,0,0,0,26.25,8.9,7.0,30,-2.0,14.5,Dry (<=1 mm),Hot (30-35),Moderate (30-50),1.97,1.37,-0.45,-0.07,-0.34,,0
2016-03-15,2016,3,Mar,1,Autumn,2016-03,75,19.9,25.6,16.8,7.0,4.5,SSW,44.0,SW,S,11,26,89,66,1019.5,1018.6,7.0,6.0,20.2,24.3,Yes,Yes,1,1,0,0,0,1,22.75,5.7,4.1,23,-0.9,18.5,Moderate (10-25),Warm (20-30),Moderate (30-50),-0.11,0.49,0.48,0.19,0.26,,0
2016-03-16,2016,3,Mar,1,Autumn,2016-03,76,19.7,26.2,23.0,6.0,7.6,ESE,39.0,S,SSW,9,20,88,58,1019.7,1018.0,8.0,4.0,20.7,25.4,Yes,Yes,1,1,0,0,0,1,22.95,6.5,4.7,30,-1.7,14.5,Moderate (10-25),Warm (20-30),Moderate (30-50),0.13,0.39,-0.14,-0.24,0.3,,0
2016-03-17,2016,3,Mar,1,Autumn,2016-03,77,19.0,26.1,13.6,5.2,7.5,W,41.0,NW,E,4,15,92,59,1017.0,1012.9,7.0,4.0,19.6,25.5,Yes,Yes,1,1,0,0,0,1,22.55,7.1,5.9,33,-4.1,9.5,Moderate (10-25),Warm (20-30),Moderate (30-50),0.09,0.07,-0.06,-0.07,-0.21,,0
2016-03-18,2016,3,Mar,1,Autumn,2016-03,78,19.6,28.2,3.4,5.6,4.4,SSW,52.0,NNE,NNE,11,13,71,67,1003.6,997.6,7.0,7.0,23.4,26.4,Yes,Yes,1,1,0,0,0,1,23.9,8.6,3.0,4,-6.0,12.0,Light (1-10),Warm (20-30),Strong (50-70),0.95,0.35,0.56,0.86,-2.72,,0
2016-03-19,2016,3,Mar,1,Autumn,2016-03,79,16.2,24.4,4.8,5.4,11.0,W,44.0,WSW,SE,20,22,43,36,1010.9,1011.2,1.0,1.0,18.4,23.8,Yes,No,1,0,0,0,0,1,20.3,8.2,5.4,7,0.3,21.0,Light (1-10),Warm (20-30),Moderate (30-50),-0.6,-1.24,-1.84,0.19,-1.35,,0
2016-03-20,2016,3,Mar,1,Autumn,2016-03,80,17.4,22.0,0.2,7.8,3.4,S,52.0,SSW,S,15,20,63,81,1017.5,1016.8,7.0,8.0,18.6,18.1,No,Yes,0,1,0,0,0,0,19.7,4.6,-0.5,-18,-0.7,17.5,Dry (<=1 mm),Warm (20-30),Strong (50-70),-1.58,-0.68,1.64,0.86,-0.12,,0
2016-03-21,2016,3,Mar,1,Autumn,2016-03,81,15.4,21.2,61.2,5.8,2.7,S,43.0,WSW,SSW,19,24,91,65,1018.8,1016.5,8.0,7.0,15.6,20.7,Yes,Yes,1,1,0,0,0,1,18.3,5.8,5.1,26,-2.3,21.5,Very heavy (>50),Warm (20-30),Moderate (30-50),-1.91,-1.61,0.4,0.1,0.13,Extreme rain,1
2016-03-22,2016,3,Mar,1,Autumn,2016-03,82,14.3,23.8,25.4,2.8,6.9,S,50.0,W,S,20,19,74,63,1017.5,1015.5,3.0,7.0,17.1,21.5,Yes,Yes,1,1,0,0,0,1,19.05,9.5,4.4,11,-2.0,19.5,Heavy (25-50),Warm (20-30),Strong (50-70),-0.85,-2.12,0.25,0.7,-0.12,,0
2016-03-23,2016,3,Mar,1,Autumn,2016-03,83,14.9,25.3,1.6,4.2,9.5,W,33.0,W,ESE,20,15,66,51,1018.2,1016.9,1.0,3.0,18.3,23.9,Yes,No,1,0,0,0,0,1,20.1,10.4,5.6,15,-1.3,17.5,Light (1-10),Warm (20-30),Moderate (30-50),-0.24,-1.84,-0.68,-0.75,0.02,,0
2016-03-24,2016,3,Mar,1,Autumn,2016-03,84,16.5,27.4,0.0,5.2,9.3,ENE,31.0,W,E,11,24,73,51,1020.7,1019.0,6.0,3.0,19.4,25.8,No,No,0,0,0,0,0,0,21.95,10.9,6.4,22,-1.7,17.5,Dry (<=1 mm),Warm (20-30),Moderate (30-50),0.62,-1.1,-0.68,-0.92,0.48,,0
2016-03-25,2016,3,Mar,1,Autumn,2016-03,85,19.3,25.2,0.0,6.8,0.3,S,24.0,WNW,WNW,11,9,78,62,1018.9,1016.3,7.0,7.0,20.4,22.9,No,No,0,0,0,0,0,0,22.25,5.9,2.5,16,-2.6,10.0,Dry (<=1 mm),Warm (20-30),Light (<30),-0.28,0.21,0.17,-1.51,0.15,,0
2016-03-26,2016,3,Mar,1,Autumn,2016-03,86,17.1,26.0,0.0,3.0,10.2,ENE,28.0,WNW,ENE,17,17,71,59,1018.6,1016.0,2.0,2.0,20.0,24.5,No,No,0,0,0,0,0,0,21.55,8.9,4.5,12,-2.6,17.0,Dry (<=1 mm),Warm (20-30),Light (<30),0.05,-0.82,-0.06,-1.17,0.09,,0
2016-03-27,2016,3,Mar,1,Autumn,2016-03,87,19.3,24.2,0.2,4.0,5.7,ESE,41.0,S,E,9,20,83,63,1018.2,1017.0,5.0,6.0,22.2,23.0,No,Yes,0,1,0,0,0,0,21.75,4.9,0.8,20,-1.2,14.5,Dry (<=1 mm),Warm (20-30),Moderate (30-50),-0.69,0.21,0.25,-0.07,0.02,,0
2016-03-28,2016,3,Mar,1,Autumn,2016-03,88,19.4,26.0,34.8,5.8,4.1,SSW,26.0,S,ESE,15,20,88,64,1018.7,1015.7,6.0,6.0,20.6,26.0,Yes,No,1,0,0,0,0,1,22.7,6.6,5.4,24,-3.0,17.5,Heavy (25-50),Warm (20-30),Light (<30),0.05,0.25,0.32,-1.34,0.11,,0
2016-03-29,2016,3,Mar,1,Autumn,2016-03,89,20.6,23.3,0.0,4.0,0.0,SSW,37.0,SSW,SSW,13,19,84,84,1017.5,1016.0,7.0,8.0,21.2,21.1,No,Yes,0,1,0,0,0,0,21.95,2.7,-0.1,0,-1.5,16.0,Dry (<=1 mm),Warm (20-30),Moderate (30-50),-1.05,0.81,1.87,-0.41,-0.12,,0
2016-03-30,2016,3,Mar,1,Autumn,2016-03,90,19.0,28.7,7.0,1.4,7.5,WNW,30.0,W,NW,17,7,81,31,1015.0,1012.0,1.0,6.0,20.5,26.8,Yes,Yes,1,1,0,0,0,1,23.85,9.7,6.3,50,-3.0,12.0,Light (1-10),Warm (20-30),Moderate (30-50),1.15,0.07,-2.23,-1.0,-0.58,,0
2016-03-31,2016,3,Mar,1,Autumn,2016-03,91,16.5,25.6,1.2,6.8,10.6,SSE,39.0,W,SSE,20,20,51,42,1017.1,1016.2,1.0,2.0,19.9,24.7,Yes,No,1,0,0,0,0,1,21.05,9.1,4.8,9,-0.9,20.0,Light (1-10),Warm (20-30),Moderate (30-50),-0.11,-1.1,-1.38,-0.24,-0.19,,0
2016-04-01,2016,4,Apr,2,Autumn,2016-04,92,16.6,25.6,0.0,5.4,10.2,NE,37.0,W,ENE,15,28,69,58,1019.1,1015.1,3.0,1.0,20.2,24.9,No,No,0,0,0,0,0,0,21.1,9.0,4.7,11,-4.0,21.5,Dry (<=1 mm),Warm (20-30),Moderate (30-50),0.76,0.54,0.03,-0.03,-0.26,,0
2016-04-02,2016,4,Apr,2,Autumn,2016-04,93,18.3,31.2,0.0,6.8,10.3,SSE,35.0,W,SW,19,9,63,19,1016.4,1014.6,7.0,3.0,19.9,29.7,No,No,0,0,0,0,0,0,24.75,12.9,9.8,44,-1.8,14.0,Dry (<=1 mm),Hot (30-35),Moderate (30-50),2.77,1.28,-2.51,-0.19,-0.74,,0
2016-04-03,2016,4,Apr,2,Autumn,2016-04,94,19.5,25.2,0.0,6.8,6.7,SSE,35.0,SSW,ESE,17,19,74,64,1024.6,1022.1,6.0,2.0,21.2,23.3,No,Yes,0,1,0,0,0,0,22.35,5.7,2.1,10,-2.5,18.0,Dry (<=1 mm),Warm (20-30),Moderate (30-50),0.61,1.81,0.42,-0.19,0.72,,0
2016-04-04,2016,4,Apr,2,Autumn,2016-04,95,18.7,23.5,94.4,3.4,0.8,ENE,33.0,SE,ESE,6,17,91,71,1023.2,1019.6,8.0,7.0,19.5,23.3,Yes,Yes,1,1,0,0,0,1,21.1,4.8,3.8,20,-3.6,11.5,Very heavy (>50),Warm (20-30),Moderate (30-50),0.0,1.46,0.87,-0.34,0.47,Extreme rain,1
2016-04-05,2016,4,Apr,2,Autumn,2016-04,96,18.6,26.2,6.4,3.0,10.4,W,41.0,NNE,NNE,9,24,64,58,1020.1,1015.2,1.0,3.0,23.5,25.6,Yes,No,1,0,0,0,0,1,22.4,7.6,2.1,6,-4.9,16.5,Light (1-10),Warm (20-30),Moderate (30-50),0.97,1.41,0.03,0.27,-0.08,,0
2016-04-06,2016,4,Apr,2,Autumn,2016-04,97,19.9,34.2,0.0,6.8,10.6,NE,43.0,ESE,NNE,7,26,54,46,1015.9,1011.6,1.0,1.0,25.0,29.3,No,No,0,0,0,0,0,0,27.05,14.3,4.3,8,-4.3,16.5,Dry (<=1 mm),Hot (30-35),Moderate (30-50),3.84,1.98,-0.75,0.42,-0.83,Heat,1
2016-04-07,2016,4,Apr,2,Autumn,2016-04,98,19.9,20.5,0.2,8.4,0.0,SSE,43.0,SSE,SSE,26,19,59,54,1023.2,1022.3,8.0,7.0,20.1,19.9,No,No,0,0,0,0,0,0,20.2,0.6,-0.2,5,-0.9,22.5,Dry (<=1 mm),Warm (20-30),Moderate (30-50),-1.07,1.98,-0.23,0.42,0.47,,0
2016-04-08,2016,4,Apr,2,Autumn,2016-04,99,17.7,20.6,0.0,4.0,0.0,ENE,31.0,W,E,13,2,71,70,1023.5,1021.2,8.0,8.0,18.8,20.5,No,No,0,0,0,0,0,0,19.15,2.9,1.7,1,-2.3,7.5,Dry (<=1 mm),Warm (20-30),Moderate (30-50),-1.04,1.02,0.81,-0.49,0.52,,0
2016-04-09,2016,4,Apr,2,Autumn,2016-04,100,16.0,25.0,0.4,1.2,9.5,ESE,26.0,WNW,SE,17,15,65,57,1022.0,1018.8,2.0,7.0,19.3,24.0,No,No,0,0,0,0,0,0,20.5,9.0,4.7,8,-3.2,16.0,Dry (<=1 mm),Warm (20-30),Light (<30),0.54,0.28,-0.04,-0.87,0.26,,0
2016-04-10,2016,4,Apr,2,Autumn,2016-04,101,16.1,27.3,0.0,3.8,9.6,W,41.0,WNW,E,19,19,70,51,1019.8,1015.5,5.0,3.0,19.3,23.7,No,No,0,0,0,0,0,0,21.7,11.2,4.4,19,-4.3,19.0,Dry (<=1 mm),Warm (20-30),Moderate (30-50),1.37,0.32,-0.43,0.27,-0.13,,0
2016-04-11,2016,4,Apr,2,Autumn,2016-04,102,16.1,26.5,0.0,6.4,9.4,WSW,31.0,WNW,SE,15,19,51,46,1017.5,1016.4,3.0,6.0,19.6,24.1,No,Yes,0,1,0,0,0,0,21.3,10.4,4.5,5,-1.1,17.0,Dry (<=1 mm),Warm (20-30),Moderate (30-50),1.08,0.32,-0.75,-0.49,-0.54,,0
2016-04-12,2016,4,Apr,2,Autumn,2016-04,103,17.4,22.9,8.2,5.6,5.7,S,35.0,SE,SSE,7,22,85,68,1023.1,1021.8,7.0,5.0,18.3,20.5,Yes,No,1,0,0,0,0,1,20.15,5.5,2.2,17,-1.3,14.5,Light (1-10),Warm (20-30),Moderate (30-50),-0.21,0.89,0.68,-0.19,0.45,,0
2016-04-13,2016,4,Apr,2,Autumn,2016-04,104,15.5,24.2,0.6,4.2,8.3,ESE,28.0,WNW,ESE,11,19,72,57,1027.4,1026.3,6.0,2.0,19.7,22.5,No,No,0,0,0,0,0,0,19.85,8.7,2.8,15,-1.1,15.0,Dry (<=1 mm),Warm (20-30),Light (<30),0.25,0.06,-0.04,-0.72,1.22,,0
2016-04-14,2016,4,Apr,2,Autumn,2016-04,105,15.7,22.9,0.6,3.4,2.4,ENE,33.0,S,NE,6,15,88,62,1030.2,1027.5,7.0,7.0,18.6,22.3,No,No,0,0,0,0,0,0,19.3,7.2,3.7,26,-2.7,10.5,Dry (<=1 mm),Warm (20-30),Moderate (30-50),-0.21,0.15,0.29,-0.34,1.72,,0
2016-04-15,2016,4,Apr,2,Autumn,2016-04,106,16.5,24.6,1.0,3.4,9.9,NE,33.0,W,NE,2,19,66,51,1026.4,1021.8,6.0,5.0,21.3,24.2,No,No,0,0,0,0,0,0,20.55,8.1,2.9,15,-4.6,10.5,Dry (<=1 mm),Warm (20-30),Moderate (30-50),0.4,0.5,-0.43,-0.34,1.04,,0
2016-04-16,2016,4,Apr,2,Autumn,2016-04,107,16.6,25.5,0.0,5.0,9.3,SSE,28.0,W,ENE,7,11,69,49,1021.2,1017.8,6.0,7.0,19.8,24.7,No,No,0,0,0,0,0,0,21.05,8.9,4.9,20,-3.4,9.0,Dry (<=1 mm),Warm (20-30),Light (<30),0.72,0.54,-0.56,-0.72,0.12,,0
2016-04-17,2016,4,Apr,2,Autumn,2016-04,108,19.1,23.2,0.0,4.6,3.2,SSW,43.0,SSW,SSE,15,17,73,77,1022.1,1020.4,7.0,7.0,20.1,20.5,No,Yes,0,1,0,0,0,0,21.15,4.1,0.4,-4,-1.7,16.0,Dry (<=1 mm),Warm (20-30),Moderate (30-50),-0.1,1.63,1.26,0.42,0.28,,0
2016-04-18,2016,4,Apr,2,Autumn,2016-04,109,15.1,24.2,2.0,3.0,7.6,SSE,37.0,W,SSE,17,17,75,68,1021.8,1019.2,6.0,7.0,18.9,21.2,Yes,Yes,1,1,0,0,0,1,19.65,9.1,2.3,7,-2.6,17.0,Light (1-10),Warm (20-30),Moderate (30-50),0.25,-0.11,0.68,-0.03,0.22,,0
2016-04-19,2016,4,Apr,2,Autumn,2016-04,110,16.9,23.9,15.0,5.0,6.9,W,24.0,W,ESE,13,17,83,68,1021.7,1020.1,3.0,7.0,19.5,22.2,Yes,Yes,1,1,0,0,0,1,20.4,7.0,2.7,15,-1.6,15.0,Moderate (10-25),Warm (20-30),Light (<30),0.15,0.67,0.68,-1.02,0.2,,0
2016-04-20,2016,4,Apr,2,Autumn,2016-04,111,16.7,25.5,15.8,3.4,10.3,E,22.0,W,E,15,13,82,66,1024.6,1022.0,3.0,2.0,19.3,23.2,Yes,No,1,0,0,0,0,1,21.1,8.8,3.9,16,-2.6,14.0,Moderate (10-25),Warm (20-30),Light (<30),0.72,0.59,0.55,-1.17,0.72,,0
2016-04-21,2016,4,Apr,2,Autumn,2016-04,112,17.3,24.5,0.0,3.4,10.5,ENE,30.0,W,NE,9,13,79,69,1023.1,1019.1,2.0,5.0,20.2,24.1,No,No,0,0,0,0,0,0,20.9,7.2,3.9,10,-4.0,11.0,Dry (<=1 mm),Warm (20-30),Moderate (30-50),0.36,0.85,0.74,-0.57,0.45,,0
2016-04-22,2016,4,Apr,2,Autumn,2016-04,113,17.1,25.9,0.0,4.0,7.1,SSW,44.0,WNW,S,13,24,70,69,1020.1,1019.1,1.0,7.0,20.2,21.8,No,Yes,0,1,0,0,0,0,21.5,8.8,1.6,1,-1.0,18.5,Dry (<=1 mm),Warm (20-30),Moderate (30-50),0.86,0.76,0.74,0.5,-0.08,,0
2016-04-23,2016,4,Apr,2,Autumn,2016-04,114,16.2,20.2,6.6,3.4,1.3,SSW,52.0,SSW,SSW,22,17,83,85,1024.2,1024.5,7.0,6.0,16.8,16.5,Yes,Yes,1,1,0,0,0,1,18.2,4.0,-0.3,-2,0.3,19.5,Light (1-10),Warm (20-30),Strong (50-70),-1.18,0.37,1.78,1.11,0.65,,0
2016-04-24,2016,4,Apr,2,Autumn,2016-04,115,15.3,23.1,3.8,2.6,9.9,SSE,43.0,ESE,ESE,22,20,61,49,1029.8,1029.3,5.0,3.0,20.1,21.5,Yes,No,1,0,0,0,0,1,19.2,7.8,1.4,12,-0.5,21.0,Light (1-10),Warm (20-30),Moderate (30-50),-0.14,-0.03,-0.56,0.42,1.64,,0
2016-04-25,2016,4,Apr,2,Autumn,2016-04,116,13.1,22.8,0.0,4.8,10.4,W,20.0,WNW,ESE,13,15,76,53,1032.0,1029.4,1.0,1.0,16.3,21.7,No,No,0,0,0,0,0,0,17.95,9.7,5.4,23,-2.6,14.0,Dry (<=1 mm),Warm (20-30),Light (<30),-0.25,-0.99,-0.3,-1.33,2.04,,0
2016-04-26,2016,4,Apr,2,Autumn,2016-04,117,14.2,23.7,0.0,2.8,9.6,W,22.0,WNW,E,13,13,75,56,1030.9,1027.6,3.0,3.0,17.2,22.2,No,No,0,0,0,0,0,0,18.95,9.5,5.0,19,-3.3,13.0,Dry (<=1 mm),Warm (20-30),Light (<30),0.07,-0.51,-0.1,-1.17,1.84,,0
2016-04-27,2016,4,Apr,2,Autumn,2016-04,118,15.3,23.7,0.0,2.8,10.7,NE,35.0,WNW,NE,15,19,78,54,1028.1,1023.7,1.0,2.0,17.8,23.0,No,No,0,0,0,0,0,0,19.5,8.4,5.2,24,-4.4,17.0,Dry (<=1 mm),Warm (20-30),Moderate (30-50),0.07,-0.03,-0.23,-0.19,1.34,,0
2016-04-28,2016,4,Apr,2,Autumn,2016-04,119,15.7,25.1,0.0,5.2,7.7,E,24.0,W,E,11,20,84,61,1024.9,1021.5,7.0,1.0,18.4,23.7,No,No,0,0,0,0,0,0,20.4,9.4,5.3,23,-3.4,15.5,Dry (<=1 mm),Warm (20-30),Light (<30),0.58,0.15,0.22,-1.02,0.77,,0
2016-04-29,2016,4,Apr,2,Autumn,2016-04,120,16.0,24.2,0.0,4.8,4.6,NE,26.0,W,NE,13,11,75,65,1022.8,1018.5,4.0,8.0,18.8,23.3,No,No,0,0,0,0,0,0,20.1,8.2,4.5,10,-4.3,12.0,Dry (<=1 mm),Warm (20-30),Light (<30),0.25,0.28,0.48,-0.87,0.4,,0
2016-04-30,2016,4,Apr,2,Autumn,2016-04,121,18.8,26.5,0.0,3.4,4.5,N,33.0,NE,WNW,4,9,74,54,1018.7,1015.6,8.0,6.0,20.5,26.0,No,Yes,0,1,0,0,0,0,22.65,7.7,5.5,20,-3.1,6.5,Dry (<=1 mm),Warm (20-30),Moderate (30-50),1.08,1.5,-0.23,-0.34,-0.33,,0
2016-05-01,2016,5,May,2,Autumn,2016-05,122,18.1,26.1,2.8,3.4,4.7,NNW,44.0,N,N,19,20,86,55,1013.6,1009.6,7.0,5.0,19.4,25.4,Yes,No,1,0,0,0,0,1,22.1,8.0,6.0,31,-4.0,19.5,Light (1-10),Warm (20-30),Moderate (30-50),1.93,2.86,0.19,0.57,-1.13,,0
2016-05-02,2016,5,May,2,Autumn,2016-05,123,13.9,21.3,0.0,4.8,6.1,W,41.0,NW,NE,7,9,56,60,1017.3,1012.2,0.0,7.0,16.3,21.2,No,No,0,0,0,0,0,0,17.6,7.4,4.9,-4,-5.1,8.0,Dry (<=1 mm),Warm (20-30),Moderate (30-50),0.06,0.86,0.51,0.32,-0.57,,0
2016-05-03,2016,5,May,2,Autumn,2016-05,124,12.8,26.4,0.0,3.4,10.4,NW,33.0,W,WNW,11,20,61,27,1012.6,1006.4,1.0,0.0,16.0,25.8,No,No,0,0,0,0,0,0,19.6,13.6,9.8,34,-6.2,15.5,Dry (<=1 mm),Warm (20-30),Moderate (30-50),2.04,0.33,-1.6,-0.34,-1.28,,0
2016-05-04,2016,5,May,2,Autumn,2016-05,125,16.0,26.2,0.0,8.0,10.2,NNW,26.0,W,E,17,15,49,41,1015.2,1014.2,1.0,2.0,19.1,23.1,No,No,0,0,0,0,0,0,21.1,10.2,4.0,8,-1.0,16.0,Dry (<=1 mm),Warm (20-30),Light (<30),1.97,1.86,-0.71,-0.92,-0.89,,0
2016-05-05,2016,5,May,2,Autumn,2016-05,126,13.5,22.4,0.0,4.0,10.1,W,28.0,WNW,E,13,20,55,54,1020.7,1016.9,1.0,1.0,16.2,21.3,No,No,0,0,0,0,0,0,17.95,8.9,5.1,1,-3.8,16.5,Dry (<=1 mm),Warm (20-30),Light (<30),0.49,0.66,0.12,-0.76,-0.06,,0
2016-05-06,2016,5,May,2,Autumn,2016-05,127,14.0,26.7,0.0,3.4,9.9,W,41.0,W,ESE,19,13,69,42,1019.6,1017.2,4.0,1.0,16.4,23.2,No,No,0,0,0,0,0,0,20.35,12.7,6.8,27,-2.4,16.0,Dry (<=1 mm),Warm (20-30),Moderate (30-50),2.16,0.9,-0.64,0.32,-0.23,,0
2016-05-07,2016,5,May,2,Autumn,2016-05,128,12.4,22.9,0.0,5.6,8.7,W,24.0,W,ENE,13,13,75,60,1021.3,1018.4,0.0,6.0,15.4,21.6,No,No,0,0,0,0,0,0,17.65,10.5,6.2,15,-2.9,13.0,Dry (<=1 mm),Warm (20-30),Light (<30),0.68,0.14,0.51,-1.09,0.03,,0
2016-05-08,2016,5,May,2,Autumn,2016-05,129,15.3,20.8,0.0,1.4,0.0,WNW,22.0,W,E,11,9,86,74,1018.5,1013.8,7.0,7.0,18.2,20.5,No,Yes,0,1,0,0,0,0,18.05,5.5,2.3,12,-4.7,10.0,Dry (<=1 mm),Warm (20-30),Light (<30),-0.14,1.53,1.4,-1.26,-0.39,,0
2016-05-09,2016,5,May,2,Autumn,2016-05,130,18.0,22.2,1.6,1.0,0.0,NW,43.0,NNE,NNE,11,17,76,72,1008.8,1003.7,7.0,7.0,20.1,21.8,Yes,No,1,0,0,0,0,1,20.1,4.2,1.7,4,-5.1,14.0,Light (1-10),Warm (20-30),Moderate (30-50),0.41,2.82,1.28,0.49,-1.86,,0
2016-05-10,2016,5,May,2,Autumn,2016-05,131,17.3,24.6,0.0,4.4,9.7,NW,72.0,NW,WNW,20,35,51,35,1006.5,1004.3,1.0,1.0,19.8,23.8,No,No,0,0,0,0,0,0,20.95,7.3,4.0,16,-2.2,27.5,Dry (<=1 mm),Warm (20-30),Gale-force (>=70),1.34,2.48,-1.09,2.9,-2.2,,0
2016-05-11,2016,5,May,2,Autumn,2016-05,132,12.6,23.1,0.0,8.0,7.5,W,43.0,WSW,WSW,9,17,51,21,1015.5,1012.2,1.0,6.0,15.3,21.3,No,No,0,0,0,0,0,0,17.85,10.5,6.0,30,-3.3,13.0,Dry (<=1 mm),Warm (20-30),Moderate (30-50),0.76,0.23,-1.99,0.49,-0.85,,0
2016-05-12,2016,5,May,2,Autumn,2016-05,133,13.7,24.5,0.0,6.0,9.1,W,46.0,NNW,WNW,15,22,52,35,1014.7,1013.9,2.0,6.0,17.5,23.3,No,No,0,0,0,0,0,0,19.1,10.8,5.8,17,-0.8,18.5,Dry (<=1 mm),Warm (20-30),Moderate (30-50),1.3,0.76,-1.09,0.74,-0.97,,0
2016-05-13,2016,5,May,2,Autumn,2016-05,134,13.9,25.9,0.0,4.0,10.0,WSW,30.0,WNW,WNW,13,11,60,32,1021.8,1019.6,1.0,1.0,17.3,25.6,No,No,0,0,0,0,0,0,19.9,12.0,8.3,28,-2.2,12.0,Dry (<=1 mm),Warm (20-30),Moderate (30-50),1.85,0.86,-1.28,-0.59,0.1,,0
2016-05-14,2016,5,May,2,Autumn,2016-05,135,12.4,26.6,0.0,7.2,10.2,W,28.0,WNW,ENE,19,15,62,50,1023.7,1019.9,0.0,0.0,14.7,22.3,No,No,0,0,0,0,0,0,19.5,14.2,7.6,12,-3.8,17.0,Dry (<=1 mm),Warm (20-30),Light (<30),2.12,0.14,-0.13,-0.76,0.39,,0
2016-05-15,2016,5,May,2,Autumn,2016-05,136,13.2,24.4,0.0,2.2,5.2,W,30.0,W,N,20,9,42,41,1017.4,1013.7,6.0,5.0,17.8,22.4,No,No,0,0,0,0,0,0,18.8,11.2,4.6,1,-3.7,14.5,Dry (<=1 mm),Warm (20-30),Moderate (30-50),1.26,0.52,-0.71,-0.59,-0.56,,0
2016-05-16,2016,5,May,2,Autumn,2016-05,137,13.6,22.9,0.0,3.2,9.1,ENE,28.0,W,NE,17,15,66,59,1021.4,1017.7,1.0,1.0,16.4,22.4,No,No,0,0,0,0,0,0,18.25,9.3,6.0,7,-3.7,16.0,Dry (<=1 mm),Warm (20-30),Light (<30),0.68,0.71,0.44,-0.76,0.04,,0
2016-05-17,2016,5,May,2,Autumn,2016-05,138,16.3,28.2,0.0,4.8,8.9,WSW,31.0,WNW,WNW,7,15,55,26,1017.0,1014.3,2.0,1.0,18.3,27.7,No,No,0,0,0,0,0,0,22.25,11.9,9.4,29,-2.7,11.0,Dry (<=1 mm),Warm (20-30),Moderate (30-50),2.75,2.0,-1.67,-0.51,-0.62,,0
2016-05-18,2016,5,May,2,Autumn,2016-05,139,12.7,21.9,0.0,6.6,3.0,WSW,39.0,W,N,17,11,49,34,1018.8,1015.2,7.0,7.0,14.6,21.4,No,No,0,0,0,0,0,0,17.3,9.2,6.8,15,-3.6,14.0,Dry (<=1 mm),Warm (20-30),Moderate (30-50),0.29,0.28,-1.16,0.16,-0.35,,0
2016-05-19,2016,5,May,2,Autumn,2016-05,140,11.9,23.2,0.0,4.0,9.9,W,37.0,WNW,WNW,9,17,54,29,1017.9,1013.4,0.0,1.0,14.5,23.0,No,No,0,0,0,0,0,0,17.55,11.3,8.5,25,-4.5,13.0,Dry (<=1 mm),Warm (20-30),Moderate (30-50),0.8,-0.1,-1.48,-0.01,-0.48,,0
2016-05-20,2016,5,May,2,Autumn,2016-05,141,12.8,24.9,0.0,4.0,9.2,W,41.0,WSW,SE,19,17,53,51,1020.3,1019.3,0.0,1.0,17.3,22.2,No,No,0,0,0,0,0,0,18.85,12.1,4.9,2,-1.0,18.0,Dry (<=1 mm),Warm (20-30),Moderate (30-50),1.46,0.33,-0.07,0.32,-0.12,,0
2016-05-21,2016,5,May,2,Autumn,2016-05,142,13.6,21.5,0.0,3.4,4.4,W,24.0,W,E,13,9,72,56,1027.3,1024.0,6.0,7.0,15.5,20.8,No,No,0,0,0,0,0,0,17.55,7.9,5.3,16,-3.3,11.0,Dry (<=1 mm),Warm (20-30),Light (<30),0.13,0.71,0.25,-1.09,0.93,,0
2016-05-22,2016,5,May,2,Autumn,2016-05,143,14.5,22.0,0.0,2.0,9.1,NNE,24.0,W,E,13,9,82,66,1024.4,1020.2,1.0,4.0,16.0,21.8,No,No,0,0,0,0,0,0,18.25,7.5,5.8,16,-4.2,11.0,Dry (<=1 mm),Warm (20-30),Light (<30),0.33,1.14,0.89,-1.09,0.5,,0
2016-05-23,2016,5,May,2,Autumn,2016-05,144,15.2,26.8,0.0,4.0,9.2,WSW,61.0,NW,SSW,9,22,53,32,1013.9,1012.4,3.0,1.0,21.5,23.8,No,No,0,0,0,0,0,0,21.0,11.6,2.3,21,-1.5,15.5,Dry (<=1 mm),Warm (20-30),Strong (50-70),2.2,1.48,-1.28,1.99,-1.09,,0
2016-05-24,2016,5,May,2,Autumn,2016-05,145,12.1,22.3,0.0,7.6,9.9,W,44.0,W,WSW,17,19,50,21,1018.1,1013.6,1.0,2.0,14.1,20.8,No,No,0,0,0,0,0,0,17.2,10.2,6.7,29,-4.5,18.0,Dry (<=1 mm),Warm (20-30),Moderate (30-50),0.45,-0.01,-1.99,0.57,-0.45,,0
2016-05-25,2016,5,May,2,Autumn,2016-05,146,10.4,21.2,0.0,3.2,8.7,W,33.0,W,E,22,6,54,29,1017.8,1013.5,4.0,7.0,12.9,20.8,No,No,0,0,0,0,0,0,15.8,10.8,7.9,25,-4.3,14.0,Dry (<=1 mm),Warm (20-30),Moderate (30-50),0.02,-0.82,-1.48,-0.34,-0.5,,0
2016-05-26,2016,5,May,2,Autumn,2016-05,147,12.9,20.2,0.2,4.6,4.8,NW,48.0,NNW,NW,22,24,52,48,1006.9,1000.4,7.0,2.0,15.0,19.9,No,No,0,0,0,0,0,0,16.55,7.3,4.9,4,-6.5,23.0,Dry (<=1 mm),Warm (20-30),Moderate (30-50),-0.37,0.38,-0.26,0.91,-2.14,,0
2016-05-27,2016,5,May,2,Autumn,2016-05,148,12.8,18.6,0.2,4.0,9.9,W,61.0,W,W,17,37,42,27,1003.5,1001.7,1.0,1.0,14.0,17.9,No,No,0,0,0,0,0,0,15.7,5.8,3.9,15,-1.8,27.0,Dry (<=1 mm),Mild (<20),Strong (50-70),-0.99,0.33,-1.6,1.99,-2.66,,0
2016-05-28,2016,5,May,2,Autumn,2016-05,149,9.8,14.8,0.0,5.6,2.1,W,39.0,NNW,W,9,13,63,70,1007.2,1006.0,6.0,6.0,12.9,14.3,No,Yes,0,1,0,0,0,0,12.3,5.0,1.4,-7,-1.2,11.0,Dry (<=1 mm),Mild (<20),Moderate (30-50),-2.48,-1.11,1.15,0.16,-2.1,,0
2016-05-29,2016,5,May,2,Autumn,2016-05,150,9.2,19.3,2.2,1.6,9.8,W,37.0,W,W,17,15,59,29,1017.2,1016.5,1.0,1.0,11.0,18.7,Yes,No,1,0,0,0,0,1,14.25,10.1,7.7,30,-0.7,16.0,Light (1-10),Mild (<20),Moderate (30-50),-0.72,-1.39,-1.48,-0.01,-0.59,,0
2016-05-30,2016,5,May,2,Autumn,2016-05,151,7.3,19.9,0.2,2.6,9.5,W,39.0,W,WSW,24,9,62,30,1025.5,1024.1,1.0,1.0,9.5,19.1,No,No,0,0,0,0,0,0,13.6,12.6,9.6,32,-1.4,16.5,Dry (<=1 mm),Mild (<20),Moderate (30-50),-0.49,-2.3,-1.41,0.16,0.66,,0
2016-05-31,2016,5,May,2,Autumn,2016-05,152,8.7,17.5,0.0,2.2,1.7,SE,35.0,W,SE,17,6,76,87,1029.6,1027.2,7.0,7.0,11.0,15.8,No,Yes,0,1,0,0,0,0,13.1,8.8,4.8,-11,-2.4,11.5,Dry (<=1 mm),Mild (<20),Moderate (30-50),-1.42,-1.63,2.24,-0.18,1.28,,0
2016-06-01,2016,6,Jun,2,Winter,2016-06,153,10.9,17.9,29.4,0.6,1.4,W,24.0,W,ENE,15,7,89,74,1029.1,1026.6,7.0,7.0,13.1,16.0,Yes,No,1,0,0,0,0,1,14.4,7.0,2.9,15,-2.5,11.0,Heavy (25-50),Mild (<20),Light (<30),-0.23,0.16,0.92,-1.08,0.98,,0
2016-06-02,2016,6,Jun,2,Winter,2016-06,154,11.1,19.1,1.0,2.4,8.7,W,41.0,W,SSE,19,15,85,60,1027.0,1024.3,2.0,7.0,12.3,18.6,No,No,0,0,0,0,0,0,15.1,8.0,6.3,25,-2.7,17.0,Dry (<=1 mm),Mild (<20),Moderate (30-50),0.36,0.25,0.14,0.07,0.71,,0
2016-06-03,2016,6,Jun,2,Winter,2016-06,155,11.7,18.3,0.2,2.4,1.3,WSW,28.0,WNW,S,11,11,78,73,1025.4,1021.6,7.0,7.0,13.3,18.3,No,Yes,0,1,0,0,0,0,15.0,6.6,5.0,5,-3.8,11.0,Dry (<=1 mm),Mild (<20),Light (<30),-0.04,0.51,0.86,-0.81,0.5,,0
2016-06-04,2016,6,Jun,2,Winter,2016-06,156,13.3,21.1,64.4,4.8,0.0,ENE,89.0,NNE,NE,13,30,91,82,1015.4,1009.5,8.0,8.0,17.0,18.8,Yes,Yes,1,1,0,0,0,1,17.2,7.8,1.8,9,-5.9,21.5,Very heavy (>50),Warm (20-30),Gale-force (>=70),1.34,1.22,1.37,3.31,-0.79,Extreme gust; Extreme rain,1
2016-06-05,2016,6,Jun,2,Winter,2016-06,157,16.3,19.7,93.8,4.8,0.0,ENE,96.0,NE,ENE,31,57,89,85,1002.5,995.9,8.0,8.0,18.8,19.7,Yes,Yes,1,1,0,0,0,1,18.0,3.4,0.9,4,-6.6,44.0,Very heavy (>50),Mild (<20),Gale-force (>=70),0.65,2.55,1.53,3.78,-2.46,Extreme gust; Extreme rain,1
2016-06-06,2016,6,Jun,2,Winter,2016-06,158,13.7,18.4,68.4,12.6,2.2,W,59.0,W,WSW,28,28,59,43,999.8,998.4,7.0,7.0,14.9,17.9,Yes,No,1,0,0,0,0,1,16.05,4.7,3.0,16,-1.4,28.0,Very heavy (>50),Mild (<20),Strong (50-70),0.01,1.4,-0.81,1.28,-2.81,Extreme rain,1
2016-06-07,2016,6,Jun,2,Winter,2016-06,159,11.3,19.9,0.0,5.2,3.6,WNW,44.0,NNW,WNW,20,20,59,40,1004.1,1002.7,4.0,7.0,13.8,17.9,No,No,0,0,0,0,0,0,15.6,8.6,4.1,19,-1.4,20.0,Dry (<=1 mm),Mild (<20),Moderate (30-50),0.75,0.34,-0.98,0.27,-2.25,,0
2016-06-08,2016,6,Jun,2,Winter,2016-06,160,10.9,20.7,0.0,1.8,9.3,WNW,31.0,WNW,WNW,15,15,65,40,1011.4,1009.2,1.0,1.0,13.8,20.2,No,No,0,0,0,0,0,0,15.8,9.8,6.4,25,-2.2,15.0,Dry (<=1 mm),Warm (20-30),Moderate (30-50),1.14,0.16,-0.98,-0.61,-1.31,,0
2016-06-09,2016,6,Jun,2,Winter,2016-06,161,13.8,22.0,0.2,4.8,6.0,NW,59.0,NNW,WNW,31,17,62,32,1006.8,1005.9,7.0,1.0,17.4,21.6,No,No,0,0,0,0,0,0,17.9,8.2,4.2,30,-0.9,24.0,Dry (<=1 mm),Warm (20-30),Strong (50-70),1.78,1.44,-1.42,1.28,-1.9,,0
2016-06-10,2016,6,Jun,2,Winter,2016-06,162,13.1,21.4,0.2,6.2,9.1,W,35.0,WNW,WNW,15,7,64,41,1017.4,1016.8,1.0,1.0,15.3,20.8,No,No,0,0,0,0,0,0,17.25,8.3,5.5,23,-0.6,11.0,Dry (<=1 mm),Warm (20-30),Moderate (30-50),1.49,1.13,-0.92,-0.34,-0.53,,0
2016-06-11,2016,6,Jun,2,Winter,2016-06,163,10.1,19.8,0.0,3.2,8.7,WSW,54.0,W,W,24,19,53,34,1022.5,1020.7,1.0,5.0,13.4,19.3,No,No,0,0,0,0,0,0,14.95,9.7,5.9,19,-1.8,21.5,Dry (<=1 mm),Mild (<20),Strong (50-70),0.7,-0.19,-1.31,0.95,0.12,,0
2016-06-12,2016,6,Jun,2,Winter,2016-06,164,7.9,18.1,0.0,5.4,8.3,SW,33.0,W,S,22,7,62,34,1036.2,1034.9,4.0,1.0,9.4,17.6,No,No,0,0,0,0,0,0,13.0,10.2,8.2,28,-1.3,14.5,Dry (<=1 mm),Mild (<20),Moderate (30-50),-0.14,-1.17,-1.31,-0.47,1.89,,0
2016-06-13,2016,6,Jun,2,Winter,2016-06,165,8.5,20.3,0.0,1.0,6.5,W,30.0,W,E,20,9,65,51,1039.0,1035.5,5.0,1.0,10.3,17.7,No,No,0,0,0,0,0,0,14.4,11.8,7.4,14,-3.5,14.5,Dry (<=1 mm),Warm (20-30),Moderate (30-50),0.95,-0.9,-0.36,-0.67,2.25,,0
2016-06-14,2016,6,Jun,2,Winter,2016-06,166,9.9,21.2,0.0,2.2,9.6,W,41.0,W,WNW,15,6,80,42,1035.8,1031.6,1.0,4.0,11.6,20.9,No,No,0,0,0,0,0,0,15.55,11.3,9.3,38,-4.2,10.5,Dry (<=1 mm),Warm (20-30),Moderate (30-50),1.39,-0.28,-0.87,0.07,1.84,,0
2016-06-15,2016,6,Jun,2,Winter,2016-06,167,9.1,20.5,0.0,3.4,8.2,WNW,26.0,WNW,E,17,9,72,45,1033.4,1029.8,5.0,3.0,10.6,19.2,No,No,0,0,0,0,0,0,14.8,11.4,8.6,27,-3.6,13.0,Dry (<=1 mm),Warm (20-30),Light (<30),1.05,-0.64,-0.7,-0.94,1.53,,0
2016-06-16,2016,6,Jun,2,Winter,2016-06,168,10.2,22.2,0.0,2.2,9.6,NNW,30.0,W,N,13,11,81,42,1025.5,1019.3,1.0,1.0,12.9,21.2,No,No,0,0,0,0,0,0,16.2,12.0,8.3,39,-6.2,12.0,Dry (<=1 mm),Warm (20-30),Moderate (30-50),1.88,-0.15,-0.87,-0.67,0.51,,0
2016-06-17,2016,6,Jun,2,Winter,2016-06,169,12.7,19.3,0.0,3.6,1.4,NNW,30.0,NNW,N,20,17,53,60,1017.7,1014.6,6.0,7.0,17.4,18.7,No,Yes,0,1,0,0,0,0,16.0,6.6,1.3,-7,-3.1,18.5,Dry (<=1 mm),Mild (<20),Moderate (30-50),0.45,0.96,0.14,-0.67,-0.5,,0
2016-06-18,2016,6,Jun,2,Winter,2016-06,170,14.7,21.1,5.0,3.6,3.4,SSW,31.0,E,ESE,6,4,90,64,1017.4,1015.4,7.0,6.0,15.4,20.7,Yes,No,1,0,0,0,0,1,17.9,6.4,5.3,26,-2.0,5.0,Light (1-10),Warm (20-30),Moderate (30-50),1.34,1.84,0.36,-0.61,-0.53,,0
2016-06-19,2016,6,Jun,2,Winter,2016-06,171,14.5,19.5,0.4,0.8,0.0,NNE,52.0,W,ESE,13,20,81,89,1017.2,1010.4,7.0,8.0,15.2,16.7,No,Yes,0,1,0,0,0,0,17.0,5.0,1.5,-8,-6.8,16.5,Dry (<=1 mm),Mild (<20),Strong (50-70),0.55,1.75,1.76,0.81,-0.56,,0
2016-06-20,2016,6,Jun,2,Winter,2016-06,172,15.0,20.4,38.8,2.2,3.5,NNW,52.0,NNW,NW,9,22,76,52,999.5,994.2,6.0,6.0,16.2,17.9,Yes,No,1,0,0,0,0,1,17.7,5.4,1.7,24,-5.3,15.5,Heavy (25-50),Warm (20-30),Strong (50-70),1.0,1.97,-0.31,0.81,-2.85,,0
2016-06-21,2016,6,Jun,2,Winter,2016-06,173,14.9,18.4,0.0,6.0,5.5,NW,59.0,NW,WNW,22,28,56,38,1003.3,1002.0,7.0,4.0,15.8,17.8,No,No,0,0,0,0,0,0,16.65,3.5,2.0,18,-1.3,25.0,Dry (<=1 mm),Mild (<20),Strong (50-70),0.01,1.93,-1.09,1.28,-2.35,,0
2016-06-22,2016,6,Jun,2,Winter,2016-06,174,12.8,19.7,0.0,4.4,9.0,W,50.0,NW,W,17,28,60,34,1004.8,1005.0,2.0,1.0,15.0,19.3,No,No,0,0,0,0,0,0,16.25,6.9,4.3,26,0.2,22.5,Dry (<=1 mm),Mild (<20),Strong (50-70),0.65,1.0,-1.31,0.68,-2.16,,0
2016-06-23,2016,6,Jun,2,Winter,2016-06,175,9.4,18.5,0.0,5.0,8.2,NNW,35.0,NNW,NNW,7,24,58,43,1012.6,1007.4,7.0,4.0,12.8,17.4,No,No,0,0,0,0,0,0,13.95,9.1,4.6,15,-5.2,15.5,Dry (<=1 mm),Mild (<20),Moderate (30-50),0.06,-0.5,-0.81,-0.34,-1.15,,0
2016-06-24,2016,6,Jun,2,Winter,2016-06,176,12.7,16.3,0.0,3.8,6.5,W,69.0,WNW,W,13,43,52,33,1003.8,1003.2,5.0,3.0,15.8,14.4,No,No,0,0,0,0,0,0,14.5,3.6,-1.4,19,-0.6,28.0,Dry (<=1 mm),Mild (<20),Strong (50-70),-1.02,0.96,-1.37,1.96,-2.29,,0
2016-06-25,2016,6,Jun,2,Winter,2016-06,177,7.3,15.1,0.6,5.4,9.6,W,54.0,W,S,28,17,49,31,1018.1,1018.1,1.0,1.0,8.4,14.3,No,No,0,0,0,0,0,0,11.2,7.8,5.9,18,0.0,22.5,Dry (<=1 mm),Mild (<20),Strong (50-70),-1.61,-1.43,-1.48,0.95,-0.44,,0
2016-06-26,2016,6,Jun,2,Winter,2016-06,178,5.6,15.3,0.0,3.6,5.2,W,39.0,W,W,20,7,61,45,1021.1,1017.0,6.0,7.0,7.4,13.7,No,No,0,0,0,0,0,0,10.45,9.7,6.3,16,-4.1,13.5,Dry (<=1 mm),Mild (<20),Moderate (30-50),-1.51,-2.19,-0.7,-0.07,-0.06,,0
2016-06-27,2016,6,Jun,2,Winter,2016-06,179,7.4,11.7,0.0,2.2,0.0,W,46.0,W,SW,26,9,74,74,1015.3,1013.6,8.0,8.0,9.3,11.0,No,Yes,0,1,0,0,0,0,9.55,4.3,1.7,0,-1.7,17.5,Dry (<=1 mm),Mild (<20),Moderate (30-50),-3.29,-1.39,0.92,0.41,-0.81,Cold,1
2016-06-28,2016,6,Jun,2,Winter,2016-06,180,7.7,17.3,2.4,1.4,8.9,WSW,46.0,W,SSW,31,13,57,36,1022.9,1023.1,1.0,1.0,9.6,16.9,Yes,No,1,0,0,0,0,1,12.5,9.6,7.3,21,0.2,22.0,Light (1-10),Mild (<20),Moderate (30-50),-0.53,-1.26,-1.2,0.41,0.18,,0
2016-06-29,2016,6,Jun,2,Winter,2016-06,181,6.7,18.8,0.2,4.0,9.6,W,31.0,W,N,22,4,66,33,1028.4,1025.4,1.0,1.0,8.8,18.6,No,No,0,0,0,0,0,0,12.75,12.1,9.8,33,-3.0,13.0,Dry (<=1 mm),Mild (<20),Moderate (30-50),0.21,-1.7,-1.37,-0.61,0.89,,0
2016-07-02,2016,7,Jul,3,Winter,2016-07,184,8.2,18.2,0.0,2.8,9.5,W,37.0,W,W,24,17,62,36,1025.5,1023.2,1.0,1.0,10.1,17.8,No,No,0,0,0,0,0,0,13.2,10.0,7.7,26,-2.3,20.5,Dry (<=1 mm),Mild (<20),Moderate (30-50),0.08,-0.39,-0.81,-0.27,0.57,,0
2016-07-03,2016,7,Jul,3,Winter,2016-07,185,6.5,18.1,0.0,3.6,9.5,W,24.0,W,ENE,17,13,72,42,1026.6,1022.6,1.0,0.0,9.2,16.5,No,No,0,0,0,0,0,0,12.3,11.6,7.3,30,-4.0,15.0,Dry (<=1 mm),Mild (<20),Light (<30),0.04,-1.22,-0.44,-1.26,0.72,,0
2016-07-04,2016,7,Jul,3,Winter,2016-07,186,6.4,15.6,0.0,3.4,7.5,W,22.0,WNW,SE,13,6,77,58,1020.8,1016.2,5.0,7.0,7.6,14.4,No,Yes,0,1,0,0,0,0,11.0,9.2,6.8,19,-4.6,9.5,Dry (<=1 mm),Mild (<20),Light (<30),-1.02,-1.26,0.53,-1.41,-0.08,,0
2016-07-05,2016,7,Jul,3,Winter,2016-07,187,7.5,18.8,4.8,0.6,5.8,NW,46.0,W,NW,11,17,90,55,1011.9,1006.1,8.0,2.0,9.6,17.7,Yes,No,1,0,0,0,0,1,13.15,11.3,8.1,35,-5.8,14.0,Light (1-10),Mild (<20),Moderate (30-50),0.33,-0.73,0.35,0.41,-1.31,,0
2016-07-06,2016,7,Jul,3,Winter,2016-07,188,9.5,17.7,0.2,4.4,4.8,W,61.0,WNW,WSW,22,31,54,47,1004.0,1003.0,6.0,6.0,12.9,15.9,No,Yes,0,1,0,0,0,0,13.6,8.2,3.0,7,-1.0,26.5,Dry (<=1 mm),Mild (<20),Strong (50-70),-0.13,0.25,-0.14,1.55,-2.41,,0
2016-07-07,2016,7,Jul,3,Winter,2016-07,189,12.9,17.2,29.4,6.4,1.6,S,50.0,S,WSW,19,22,85,86,1015.4,1016.5,7.0,7.0,14.9,14.6,Yes,Yes,1,1,0,0,0,1,15.05,4.3,-0.3,-1,1.1,20.5,Heavy (25-50),Mild (<20),Strong (50-70),-0.34,1.9,2.23,0.72,-0.83,,0
2016-07-08,2016,7,Jul,3,Winter,2016-07,190,12.4,15.6,22.4,4.8,0.0,W,28.0,W,SSW,17,7,92,80,1019.8,1018.4,8.0,8.0,12.7,15.5,Yes,Yes,1,1,0,0,0,1,14.0,3.2,2.8,12,-1.4,12.0,Moderate (10-25),Mild (<20),Light (<30),-1.02,1.66,1.87,-0.95,-0.22,,0
2016-07-09,2016,7,Jul,3,Winter,2016-07,191,8.7,18.0,2.2,0.6,5.2,SW,30.0,WNW,S,20,13,88,64,1023.5,1022.4,3.0,5.0,10.5,16.4,Yes,No,1,0,0,0,0,1,13.35,9.3,5.9,24,-1.1,16.5,Light (1-10),Mild (<20),Moderate (30-50),-0.0,-0.14,0.9,-0.8,0.29,,0
2016-07-10,2016,7,Jul,3,Winter,2016-07,192,10.5,17.9,1.0,1.8,7.3,W,30.0,WNW,E,13,15,90,69,1025.1,1021.3,3.0,3.0,11.9,16.7,No,No,0,0,0,0,0,0,14.2,7.4,4.8,21,-3.8,14.0,Dry (<=1 mm),Mild (<20),Moderate (30-50),-0.04,0.73,1.2,-0.8,0.51,,0
2016-07-11,2016,7,Jul,3,Winter,2016-07,193,11.8,18.6,0.0,3.2,0.3,NW,69.0,N,N,20,39,63,54,1015.2,1009.7,7.0,7.0,15.5,18.3,No,No,0,0,0,0,0,0,15.2,6.8,2.8,9,-5.5,29.5,Dry (<=1 mm),Mild (<20),Strong (50-70),0.25,1.37,0.29,2.16,-0.86,,0
2016-07-12,2016,7,Jul,3,Winter,2016-07,194,14.8,20.2,0.2,1.2,7.8,NW,54.0,WNW,NW,15,33,41,26,1010.3,1007.1,6.0,7.0,16.6,18.7,No,No,0,0,0,0,0,0,17.5,5.4,2.1,15,-3.2,24.0,Dry (<=1 mm),Warm (20-30),Strong (50-70),0.93,2.83,-1.42,1.02,-1.54,,0
2016-07-13,2016,7,Jul,3,Winter,2016-07,195,9.6,14.0,0.0,8.0,9.8,W,72.0,WNW,WSW,37,37,40,26,1017.3,1019.8,3.0,7.0,10.5,13.3,No,No,0,0,0,0,0,0,11.8,4.4,2.8,14,2.5,37.0,Dry (<=1 mm),Mild (<20),Gale-force (>=70),-1.69,0.3,-1.42,2.39,-0.57,,0
2016-07-14,2016,7,Jul,3,Winter,2016-07,196,6.7,17.0,0.0,5.2,9.6,WSW,50.0,W,W,30,20,54,27,1029.4,1025.9,7.0,2.0,8.6,16.4,No,No,0,0,0,0,0,0,11.85,10.3,7.8,27,-3.5,25.0,Dry (<=1 mm),Mild (<20),Strong (50-70),-0.42,-1.12,-1.36,0.72,1.11,,0
2016-07-15,2016,7,Jul,3,Winter,2016-07,197,6.4,17.7,0.0,3.0,9.5,W,31.0,W,E,22,4,60,35,1030.3,1027.3,1.0,2.0,8.8,16.9,No,No,0,0,0,0,0,0,12.05,11.3,8.1,25,-3.0,13.0,Dry (<=1 mm),Mild (<20),Moderate (30-50),-0.13,-1.26,-0.87,-0.73,1.23,,0
2016-07-16,2016,7,Jul,3,Winter,2016-07,198,6.9,18.9,0.0,1.8,4.7,W,28.0,W,SSE,19,15,71,65,1033.3,1030.2,2.0,7.0,9.3,17.1,No,No,0,0,0,0,0,0,12.9,12.0,7.8,6,-3.1,17.0,Dry (<=1 mm),Mild (<20),Light (<30),0.38,-1.02,0.96,-0.95,1.65,,0
2016-07-17,2016,7,Jul,3,Winter,2016-07,199,9.2,18.8,0.8,1.8,3.2,WNW,24.0,W,ESE,13,2,91,73,1031.2,1027.1,7.0,7.0,13.3,17.8,No,No,0,0,0,0,0,0,14.0,9.6,4.5,18,-4.1,7.5,Dry (<=1 mm),Mild (<20),Light (<30),0.33,0.1,1.44,-1.26,1.36,,0
2016-07-18,2016,7,Jul,3,Winter,2016-07,200,11.0,24.2,0.0,1.2,8.9,WNW,30.0,W,WNW,9,15,92,45,1024.6,1019.8,1.0,0.0,11.5,23.9,No,No,0,0,0,0,0,0,17.6,13.2,12.4,47,-4.8,12.0,Dry (<=1 mm),Warm (20-30),Moderate (30-50),2.61,0.98,-0.26,-0.8,0.44,,0
2016-07-19,2016,7,Jul,3,Winter,2016-07,201,11.4,24.9,0.2,3.2,6.2,NW,20.0,W,NE,0,6,71,58,1021.7,1019.1,7.0,5.0,18.0,23.0,No,Yes,0,1,0,0,0,0,18.15,13.5,5.0,13,-2.6,3.0,Dry (<=1 mm),Warm (20-30),Light (<30),2.91,1.17,0.53,-1.56,0.04,,0
2016-07-20,2016,7,Jul,3,Winter,2016-07,202,16.5,16.9,17.0,2.4,0.0,SW,35.0,S,WSW,9,13,91,90,1019.7,1018.4,8.0,8.0,16.7,16.2,Yes,Yes,1,1,0,0,1,1,16.7,0.4,-0.5,1,-1.3,11.0,Moderate (10-25),Mild (<20),Moderate (30-50),-0.47,3.66,2.48,-0.42,-0.23,Warm night,1
2016-07-21,2016,7,Jul,3,Winter,2016-07,203,13.9,19.3,20.4,1.8,2.6,W,31.0,W,NW,15,2,92,79,1019.9,1016.1,7.0,5.0,14.6,17.6,Yes,No,1,0,0,0,0,1,16.6,5.4,3.0,13,-3.8,8.5,Moderate (10-25),Mild (<20),Moderate (30-50),0.55,2.39,1.81,-0.73,-0.21,,0
2016-07-22,2016,7,Jul,3,Winter,2016-07,204,13.1,25.7,0.0,0.2,7.4,NNW,52.0,NNW,NW,30,30,66,44,1009.1,1001.0,6.0,4.0,19.3,25.1,No,Yes,0,1,0,0,0,0,19.4,12.6,5.8,22,-8.1,30.0,Dry (<=1 mm),Warm (20-30),Strong (50-70),3.25,2.0,-0.32,0.87,-1.7,Heat,1
2016-07-23,2016,7,Jul,3,Winter,2016-07,205,14.5,17.4,6.0,7.6,10.0,WNW,69.0,WNW,W,44,43,35,31,1004.3,1003.8,1.0,1.0,14.5,17.0,Yes,No,1,0,0,0,0,1,15.95,2.9,2.5,4,-0.5,43.5,Light (1-10),Mild (<20),Strong (50-70),-0.26,2.68,-1.11,2.16,-2.37,,0
2016-07-24,2016,7,Jul,3,Winter,2016-07,206,7.8,14.3,0.0,4.0,5.4,WSW,46.0,W,NW,22,15,50,39,1015.8,1012.1,7.0,2.0,8.7,13.6,No,No,0,0,0,0,0,0,11.05,6.5,4.9,11,-3.7,18.5,Dry (<=1 mm),Mild (<20),Moderate (30-50),-1.56,-0.58,-0.63,0.41,-0.77,,0
2016-07-25,2016,7,Jul,3,Winter,2016-07,207,8.4,17.9,0.0,4.0,9.9,W,44.0,NNW,WNW,19,24,50,31,1012.7,1011.3,1.0,1.0,12.2,17.1,No,No,0,0,0,0,0,0,13.15,9.5,4.9,19,-1.4,21.5,Dry (<=1 mm),Mild (<20),Moderate (30-50),-0.04,-0.29,-1.11,0.26,-1.2,,0
2016-07-26,2016,7,Jul,3,Winter,2016-07,208,10.2,17.9,0.0,4.8,9.9,WNW,39.0,N,E,6,9,52,47,1014.7,1012.8,1.0,1.0,14.0,17.7,No,No,0,0,0,0,0,0,14.05,7.7,3.7,5,-1.9,7.5,Dry (<=1 mm),Mild (<20),Moderate (30-50),-0.04,0.59,-0.14,-0.12,-0.93,,0
2016-07-27,2016,7,Jul,3,Winter,2016-07,209,10.8,18.6,0.0,5.4,10.1,W,63.0,NW,WSW,19,26,53,32,1012.2,1013.3,2.0,3.0,14.7,18.5,No,No,0,0,0,0,0,0,14.7,7.8,3.8,21,1.1,22.5,Dry (<=1 mm),Mild (<20),Strong (50-70),0.25,0.88,-1.05,1.71,-1.27,,0
2016-07-28,2016,7,Jul,3,Winter,2016-07,210,8.8,19.4,0.0,4.0,10.1,WSW,48.0,W,WNW,19,11,57,34,1024.3,1020.5,1.0,0.0,11.1,19.0,No,No,0,0,0,0,0,0,14.1,10.6,7.9,23,-3.8,15.0,Dry (<=1 mm),Mild (<20),Moderate (30-50),0.59,-0.09,-0.93,0.57,0.4,,0
2016-07-29,2016,7,Jul,3,Winter,2016-07,211,7.3,18.5,0.0,4.0,10.1,WSW,50.0,W,WNW,24,11,61,34,1023.0,1018.0,1.0,2.0,9.8,17.6,No,No,0,0,0,0,0,0,12.9,11.2,7.8,27,-5.0,17.5,Dry (<=1 mm),Mild (<20),Strong (50-70),0.21,-0.83,-0.93,0.72,0.22,,0
2016-07-30,2016,7,Jul,3,Winter,2016-07,212,8.7,19.8,0.0,4.2,10.0,W,33.0,W,ESE,26,9,63,50,1023.3,1020.2,1.0,3.0,10.4,17.9,No,No,0,0,0,0,0,0,14.25,11.1,7.5,13,-3.1,17.5,Dry (<=1 mm),Mild (<20),Moderate (30-50),0.76,-0.14,0.04,-0.57,0.26,,0
2016-07-31,2016,7,Jul,3,Winter,2016-07,213,10.4,20.9,0.0,2.8,3.2,W,24.0,W,WNW,15,7,75,37,1018.0,1015.3,7.0,2.0,11.9,20.5,No,No,0,0,0,0,0,0,15.65,10.5,8.6,38,-2.7,11.0,Dry (<=1 mm),Warm (20-30),Light (<30),1.22,0.69,-0.75,-1.26,-0.47,,0
2016-08-01,2016,8,Aug,3,Winter,2016-08,214,10.9,18.4,0.0,2.2,0.7,W,22.0,WNW,W,6,6,66,54,1017.2,1013.0,6.0,8.0,13.3,17.0,No,No,0,0,0,0,0,0,14.65,7.5,3.7,12,-4.2,6.0,Dry (<=1 mm),Mild (<20),Light (<30),-0.36,0.52,0.49,-1.32,-0.36,,0
2016-08-02,2016,8,Aug,3,Winter,2016-08,215,11.5,15.8,0.4,1.0,0.9,SE,54.0,W,S,15,24,76,77,1013.7,1013.9,7.0,8.0,12.8,13.2,No,Yes,0,1,0,0,0,0,13.65,4.3,0.4,-1,0.2,19.5,Dry (<=1 mm),Mild (<20),Strong (50-70),-1.3,0.79,1.88,0.96,-0.87,,0
2016-08-03,2016,8,Aug,3,Winter,2016-08,216,10.7,14.6,24.8,2.6,0.2,S,63.0,SE,SSE,31,24,77,89,1018.0,1017.7,8.0,8.0,13.6,12.6,Yes,Yes,1,1,0,0,0,1,12.65,3.9,-1.0,-12,-0.3,27.5,Moderate (10-25),Mild (<20),Strong (50-70),-1.73,0.43,2.6,1.6,-0.25,,0
2016-08-05,2016,8,Aug,3,Winter,2016-08,218,9.7,16.2,4.0,3.2,2.7,SW,35.0,W,SSW,20,17,90,67,1030.4,1028.3,6.0,6.0,11.2,14.7,Yes,Yes,1,1,0,0,0,1,12.95,6.5,3.5,23,-2.1,18.5,Light (1-10),Mild (<20),Moderate (30-50),-1.15,-0.02,1.27,-0.4,1.53,,0
2016-08-06,2016,8,Aug,3,Winter,2016-08,219,9.2,15.5,1.8,2.6,2.2,SSE,31.0,W,SE,17,7,78,71,1029.0,1026.8,7.0,7.0,10.8,14.7,Yes,No,1,0,0,0,0,1,12.35,6.3,3.9,7,-2.2,12.0,Light (1-10),Mild (<20),Moderate (30-50),-1.4,-0.25,1.51,-0.68,1.33,,0
2016-08-07,2016,8,Aug,3,Winter,2016-08,220,10.3,16.4,0.6,0.6,2.6,W,33.0,W,ESE,15,7,80,64,1027.4,1024.7,7.0,6.0,12.4,15.9,No,No,0,0,0,0,0,0,13.35,6.1,3.5,16,-2.7,11.0,Dry (<=1 mm),Mild (<20),Moderate (30-50),-1.08,0.25,1.09,-0.54,1.1,,0
2016-08-08,2016,8,Aug,3,Winter,2016-08,221,8.7,19.7,0.0,2.6,10.8,W,28.0,WNW,E,22,11,75,52,1026.4,1022.9,1.0,1.0,11.0,17.9,No,No,0,0,0,0,0,0,14.2,11.0,6.9,23,-3.5,16.5,Dry (<=1 mm),Mild (<20),Light (<30),0.12,-0.48,0.37,-0.9,0.96,,0
2016-08-09,2016,8,Aug,3,Winter,2016-08,222,8.1,19.1,0.0,2.0,6.9,NNE,28.0,W,NE,17,11,73,52,1023.1,1017.9,5.0,7.0,11.0,18.8,No,No,0,0,0,0,0,0,13.6,11.0,7.8,21,-5.2,14.0,Dry (<=1 mm),Mild (<20),Light (<30),-0.1,-0.75,0.37,-0.9,0.48,,0
2016-08-10,2016,8,Aug,3,Winter,2016-08,223,10.9,25.2,0.0,4.8,9.2,NW,44.0,NNW,NNW,17,24,52,33,1015.6,1011.4,3.0,3.0,17.6,24.6,No,No,0,0,0,0,0,0,18.05,14.3,7.0,19,-4.2,20.5,Dry (<=1 mm),Warm (20-30),Moderate (30-50),2.11,0.52,-0.78,0.24,-0.59,,0
2016-08-11,2016,8,Aug,3,Winter,2016-08,224,11.2,20.3,0.0,6.2,10.6,W,46.0,W,WSW,17,22,48,30,1018.4,1017.0,1.0,1.0,14.0,19.6,No,No,0,0,0,0,0,0,15.75,9.1,5.6,18,-1.4,19.5,Dry (<=1 mm),Warm (20-30),Moderate (30-50),0.33,0.66,-0.96,0.39,-0.19,,0
2016-08-12,2016,8,Aug,3,Winter,2016-08,225,7.1,19.4,0.0,6.4,8.6,NW,41.0,WNW,E,20,13,56,37,1024.4,1019.8,0.0,7.0,9.7,17.3,No,No,0,0,0,0,0,0,13.25,12.3,7.6,19,-4.6,16.5,Dry (<=1 mm),Mild (<20),Moderate (30-50),0.01,-1.2,-0.54,0.03,0.67,,0
2016-08-13,2016,8,Aug,3,Winter,2016-08,226,8.3,20.3,0.0,3.2,10.6,W,41.0,W,WSW,24,19,49,31,1022.5,1020.2,1.0,2.0,12.4,19.8,No,No,0,0,0,0,0,0,14.3,12.0,7.4,18,-2.3,21.5,Dry (<=1 mm),Warm (20-30),Moderate (30-50),0.33,-0.66,-0.9,0.03,0.4,,0
2016-08-14,2016,8,Aug,3,Winter,2016-08,227,9.5,20.0,0.0,5.4,10.5,W,28.0,W,SE,20,13,52,46,1027.7,1027.2,1.0,1.0,14.2,17.6,No,No,0,0,0,0,0,0,14.75,10.5,3.4,6,-0.5,16.5,Dry (<=1 mm),Warm (20-30),Light (<30),0.22,-0.11,0.01,-0.9,1.14,,0
2016-08-15,2016,8,Aug,3,Winter,2016-08,228,8.9,19.6,0.0,3.2,10.1,NE,30.0,WNW,NE,17,17,72,54,1032.7,1029.7,1.0,1.0,12.0,19.2,No,No,0,0,0,0,0,0,14.25,10.7,7.2,18,-3.0,17.0,Dry (<=1 mm),Mild (<20),Moderate (30-50),0.08,-0.38,0.49,-0.75,1.86,,0
2016-08-16,2016,8,Aug,3,Winter,2016-08,229,9.8,20.3,0.0,4.0,10.5,ENE,24.0,W,ENE,13,19,75,59,1031.0,1025.8,0.0,0.0,12.8,19.6,No,No,0,0,0,0,0,0,15.05,10.5,6.8,16,-5.2,16.0,Dry (<=1 mm),Warm (20-30),Light (<30),0.33,0.02,0.79,-1.18,1.62,,0
2016-08-17,2016,8,Aug,3,Winter,2016-08,230,10.6,24.2,0.0,3.8,10.2,ENE,24.0,W,ENE,15,11,63,35,1026.3,1022.1,1.0,6.0,14.2,22.7,No,No,0,0,0,0,0,0,17.4,13.6,8.5,28,-4.2,13.0,Dry (<=1 mm),Warm (20-30),Light (<30),1.74,0.39,-0.66,-1.18,0.94,,0
2016-08-18,2016,8,Aug,3,Winter,2016-08,231,11.6,22.9,0.0,4.6,10.5,N,31.0,W,ENE,15,19,62,40,1024.5,1020.7,1.0,1.0,14.2,20.7,No,No,0,0,0,0,0,0,17.25,11.3,6.5,22,-3.8,17.0,Dry (<=1 mm),Warm (20-30),Moderate (30-50),1.27,0.84,-0.36,-0.68,0.68,,0
2016-08-19,2016,8,Aug,3,Winter,2016-08,232,11.2,24.3,0.0,4.8,10.0,NNE,48.0,W,NNW,11,24,66,37,1020.1,1013.9,0.0,6.0,14.2,22.4,No,No,0,0,0,0,0,0,17.75,13.1,8.2,29,-6.2,17.5,Dry (<=1 mm),Warm (20-30),Moderate (30-50),1.78,0.66,-0.54,0.53,0.05,,0
2016-08-20,2016,8,Aug,3,Winter,2016-08,233,11.0,17.9,0.4,6.6,10.7,WSW,59.0,W,WSW,19,22,51,35,1015.3,1013.8,1.0,3.0,13.2,15.7,No,No,0,0,0,0,0,0,14.45,6.9,2.5,16,-1.5,20.5,Dry (<=1 mm),Mild (<20),Strong (50-70),-0.54,0.57,-0.66,1.31,-0.64,,0
2016-08-21,2016,8,Aug,3,Winter,2016-08,234,8.2,20.4,0.0,5.2,10.7,W,39.0,W,WNW,24,9,48,32,1019.8,1016.4,1.0,1.0,12.5,19.9,No,No,0,0,0,0,0,0,14.3,12.2,7.4,16,-3.4,16.5,Dry (<=1 mm),Warm (20-30),Moderate (30-50),0.37,-0.7,-0.84,-0.11,0.01,,0
2016-08-22,2016,8,Aug,3,Winter,2016-08,235,9.5,13.8,0.0,3.0,0.2,W,35.0,WNW,W,15,24,66,67,1016.8,1015.0,7.0,7.0,11.4,12.2,No,Yes,0,1,0,0,0,0,11.65,4.3,0.8,-1,-1.8,19.5,Dry (<=1 mm),Mild (<20),Moderate (30-50),-2.02,-0.11,1.27,-0.4,-0.42,,0
2016-08-23,2016,8,Aug,3,Winter,2016-08,236,8.5,18.4,1.8,0.6,6.8,SSE,37.0,WNW,SSW,19,20,69,57,1014.4,1013.5,1.0,7.0,11.9,15.4,Yes,Yes,1,1,0,0,0,1,13.45,9.9,3.5,12,-0.9,19.5,Light (1-10),Mild (<20),Moderate (30-50),-0.36,-0.57,0.67,-0.26,-0.77,,0
2016-08-24,2016,8,Aug,3,Winter,2016-08,237,11.8,14.7,2.4,3.2,0.0,S,43.0,SSE,ESE,11,9,79,90,1013.3,1007.5,8.0,8.0,13.4,13.7,Yes,Yes,1,1,0,0,0,1,13.25,2.9,0.3,-11,-5.8,10.0,Light (1-10),Mild (<20),Moderate (30-50),-1.69,0.93,2.66,0.17,-0.92,,0
2016-08-25,2016,8,Aug,3,Winter,2016-08,238,9.0,17.3,52.8,5.2,6.7,W,48.0,SW,S,22,15,67,48,1010.2,1010.6,7.0,3.0,11.4,15.7,Yes,No,1,0,0,0,0,1,13.15,8.3,4.3,19,0.4,18.5,Very heavy (>50),Mild (<20),Moderate (30-50),-0.75,-0.34,0.13,0.53,-1.37,,0
2016-08-26,2016,8,Aug,3,Winter,2016-08,239,7.3,17.3,0.0,4.6,7.8,W,43.0,W,S,20,20,57,50,1018.7,1017.6,7.0,7.0,10.4,16.4,No,Yes,0,1,0,0,0,0,12.3,10.0,6.0,7,-1.1,20.0,Dry (<=1 mm),Mild (<20),Moderate (30-50),-0.75,-1.11,0.25,0.17,-0.15,,0
2016-08-27,2016,8,Aug,3,Winter,2016-08,240,7.4,19.9,1.4,2.8,10.7,W,33.0,W,ENE,24,15,57,45,1023.6,1020.3,1.0,1.0,11.3,17.7,Yes,No,1,0,0,0,0,1,13.65,12.5,6.4,12,-3.3,19.5,Light (1-10),Mild (<20),Moderate (30-50),0.19,-1.06,-0.05,-0.54,0.55,,0
2016-08-28,2016,8,Aug,3,Winter,2016-08,241,8.4,20.5,0.0,3.8,10.7,W,33.0,W,ESE,22,17,50,36,1022.9,1020.9,1.0,2.0,12.2,18.0,No,No,0,0,0,0,0,0,14.45,12.1,5.8,14,-2.0,19.5,Dry (<=1 mm),Warm (20-30),Moderate (30-50),0.4,-0.61,-0.6,-0.54,0.45,,0
2016-08-29,2016,8,Aug,3,Winter,2016-08,242,8.4,19.6,0.0,4.0,6.1,W,22.0,W,W,17,9,57,38,1027.4,1025.0,7.0,7.0,12.9,18.1,No,No,0,0,0,0,0,0,14.0,11.2,5.2,19,-2.4,13.0,Dry (<=1 mm),Mild (<20),Light (<30),0.08,-0.61,-0.48,-1.32,1.1,,0
2016-08-30,2016,8,Aug,3,Winter,2016-08,243,10.7,19.9,0.0,3.2,4.4,NNE,31.0,W,ENE,17,15,71,62,1026.9,1023.1,7.0,6.0,13.8,19.6,No,No,0,0,0,0,0,0,15.3,9.2,5.8,9,-3.8,16.0,Dry (<=1 mm),Mild (<20),Moderate (30-50),0.19,0.43,0.97,-0.68,1.03,,0
2016-08-31,2016,8,Aug,3,Winter,2016-08,244,13.6,23.6,0.0,4.8,2.3,NNW,54.0,N,NNW,20,39,61,53,1018.7,1013.9,7.0,7.0,18.8,21.2,No,No,0,0,0,0,0,0,18.6,10.0,2.4,8,-4.8,29.5,Dry (<=1 mm),Warm (20-30),Strong (50-70),1.53,1.74,0.43,0.96,-0.15,,0
2016-09-01,2016,9,Sep,3,Spring,2016-09,245,12.1,22.5,0.0,4.6,9.2,NE,28.0,W,NE,11,15,63,46,1020.3,1015.3,2.0,3.0,16.9,20.7,No,Yes,0,1,0,0,0,0,17.3,10.4,3.8,17,-5.0,13.0,Dry (<=1 mm),Warm (20-30),Light (<30),0.14,-0.2,-0.16,-1.17,0.26,,0
2016-09-02,2016,9,Sep,3,Spring,2016-09,246,14.5,18.0,14.4,6.2,0.0,NE,31.0,SSE,SSE,6,9,90,91,1011.6,1006.0,8.0,8.0,15.7,15.9,Yes,Yes,1,1,0,0,0,1,16.25,3.5,0.2,-1,-5.6,7.5,Moderate (10-25),Mild (<20),Moderate (30-50),-1.06,0.73,2.44,-0.95,-0.9,,0
2016-09-03,2016,9,Sep,3,Spring,2016-09,247,15.4,20.5,23.4,2.2,9.1,WNW,65.0,WNW,WNW,33,30,50,39,998.3,1004.3,4.0,5.0,17.6,20.1,Yes,No,1,0,0,0,0,1,17.95,5.1,2.5,11,6.0,31.5,Moderate (10-25),Warm (20-30),Strong (50-70),-0.4,1.08,-0.57,1.62,-2.66,,0
2016-09-04,2016,9,Sep,3,Spring,2016-09,248,10.1,21.3,0.0,5.6,10.9,WSW,39.0,WNW,ESE,11,15,48,33,1021.6,1022.0,1.0,1.0,15.5,19.2,No,No,0,0,0,0,0,0,15.7,11.2,3.7,15,0.4,13.0,Dry (<=1 mm),Warm (20-30),Moderate (30-50),-0.18,-0.97,-0.92,-0.34,0.43,,0
2016-09-05,2016,9,Sep,3,Spring,2016-09,249,10.0,21.2,0.0,3.4,11.1,ENE,26.0,W,ENE,20,19,55,54,1030.4,1027.1,0.0,0.0,14.1,19.0,No,No,0,0,0,0,0,0,15.6,11.2,4.9,1,-3.3,19.5,Dry (<=1 mm),Warm (20-30),Light (<30),-0.21,-1.01,0.3,-1.32,1.6,,0
2016-09-06,2016,9,Sep,3,Spring,2016-09,250,10.0,20.5,0.0,5.0,10.8,E,24.0,WNW,ENE,13,19,66,58,1030.4,1026.3,0.0,0.0,15.0,20.2,No,No,0,0,0,0,0,0,15.25,10.5,5.2,8,-4.1,16.0,Dry (<=1 mm),Warm (20-30),Light (<30),-0.4,-1.01,0.53,-1.48,1.6,,0
2016-09-07,2016,9,Sep,3,Spring,2016-09,251,12.2,22.0,0.0,3.2,8.2,NE,30.0,WNW,E,13,17,82,55,1031.7,1029.3,6.0,3.0,16.0,21.0,No,No,0,0,0,0,0,0,17.1,9.8,5.0,27,-2.4,15.0,Dry (<=1 mm),Warm (20-30),Moderate (30-50),0.0,-0.16,0.36,-1.02,1.77,,0
2016-09-08,2016,9,Sep,3,Spring,2016-09,252,15.4,21.2,0.0,3.8,7.1,NE,41.0,N,NE,9,24,69,67,1029.7,1024.8,7.0,5.0,18.7,20.1,No,No,0,0,0,0,0,0,18.3,5.8,1.4,2,-4.9,16.5,Dry (<=1 mm),Warm (20-30),Moderate (30-50),-0.21,1.08,1.05,-0.19,1.5,,0
2016-09-09,2016,9,Sep,3,Spring,2016-09,253,14.7,22.7,0.0,5.0,8.9,NNE,52.0,ENE,NE,6,22,61,60,1021.9,1015.9,6.0,4.0,19.5,21.2,No,Yes,0,1,0,0,0,0,18.7,8.0,1.7,1,-6.0,14.0,Dry (<=1 mm),Warm (20-30),Strong (50-70),0.19,0.81,0.65,0.64,0.47,,0
2016-09-10,2016,9,Sep,3,Spring,2016-09,254,14.1,22.7,1.2,7.4,9.3,NNE,57.0,NNW,W,26,31,54,31,1012.7,1010.9,2.0,7.0,17.9,21.8,Yes,No,1,0,0,0,0,1,18.4,8.6,3.9,23,-1.8,28.5,Light (1-10),Warm (20-30),Strong (50-70),0.19,0.57,-1.03,1.01,-0.75,,0
2016-09-11,2016,9,Sep,3,Spring,2016-09,255,13.0,21.0,0.0,6.2,8.7,W,33.0,WSW,ESE,17,17,44,53,1019.0,1017.1,1.0,6.0,16.8,17.6,No,No,0,0,0,0,0,0,17.0,8.0,0.8,-9,-1.9,17.0,Dry (<=1 mm),Warm (20-30),Moderate (30-50),-0.26,0.15,0.24,-0.8,0.08,,0
2016-09-12,2016,9,Sep,3,Spring,2016-09,256,12.4,20.9,0.0,4.2,9.7,W,28.0,W,E,20,19,47,53,1021.5,1018.5,3.0,3.0,16.6,18.3,No,No,0,0,0,0,0,0,16.65,8.5,1.7,-6,-3.0,19.5,Dry (<=1 mm),Warm (20-30),Light (<30),-0.29,-0.08,0.24,-1.17,0.42,,0
2016-09-13,2016,9,Sep,3,Spring,2016-09,257,16.0,20.2,0.0,5.6,1.5,SSW,30.0,SSW,S,15,9,73,69,1021.4,1017.8,8.0,7.0,17.5,18.9,No,Yes,0,1,0,0,0,0,18.1,4.2,1.4,4,-3.6,12.0,Dry (<=1 mm),Warm (20-30),Moderate (30-50),-0.48,1.31,1.17,-1.02,0.4,,0
2016-09-14,2016,9,Sep,3,Spring,2016-09,258,16.0,24.6,5.8,1.8,3.9,NNW,37.0,NNW,N,6,19,86,55,1014.1,1008.4,8.0,7.0,17.4,23.1,Yes,No,1,0,0,0,0,1,20.3,8.6,5.7,31,-5.7,12.5,Light (1-10),Warm (20-30),Moderate (30-50),0.69,1.31,0.36,-0.5,-0.57,,0
2016-09-15,2016,9,Sep,3,Spring,2016-09,259,14.1,22.1,0.0,6.6,8.1,W,41.0,NW,WNW,41,35,35,31,1009.8,1007.5,1.0,7.0,17.4,20.9,No,No,0,0,0,0,0,0,18.1,8.0,3.5,4,-2.3,38.0,Dry (<=1 mm),Warm (20-30),Moderate (30-50),0.03,0.57,-1.03,-0.19,-1.14,,0
2016-09-16,2016,9,Sep,3,Spring,2016-09,260,13.5,22.5,0.0,6.8,8.5,W,43.0,W,W,19,28,55,29,1016.5,1015.5,6.0,3.0,16.9,21.7,No,No,0,0,0,0,0,0,18.0,9.0,4.8,26,-1.0,23.5,Dry (<=1 mm),Warm (20-30),Moderate (30-50),0.14,0.34,-1.15,-0.04,-0.25,,0
2016-09-17,2016,9,Sep,3,Spring,2016-09,261,10.7,22.4,0.0,5.4,8.8,NNE,37.0,W,NE,6,19,52,44,1022.0,1018.0,1.0,7.0,17.5,19.2,No,No,0,0,0,0,0,0,16.55,11.7,1.7,8,-4.0,12.5,Dry (<=1 mm),Warm (20-30),Moderate (30-50),0.11,-0.74,-0.28,-0.5,0.48,,0
2016-09-18,2016,9,Sep,3,Spring,2016-09,262,14.2,17.8,0.0,6.6,0.0,WSW,30.0,W,W,17,6,66,79,1012.6,1005.7,8.0,8.0,14.9,15.1,No,Yes,0,1,0,0,0,0,16.0,3.6,0.2,-13,-6.9,11.5,Dry (<=1 mm),Mild (<20),Moderate (30-50),-1.11,0.61,1.75,-1.02,-0.76,,0
2016-09-19,2016,9,Sep,3,Spring,2016-09,263,13.1,21.4,13.4,1.0,10.1,W,59.0,W,W,30,28,53,38,1008.5,1008.7,1.0,1.0,17.7,20.6,Yes,No,1,0,0,0,0,1,17.25,8.3,2.9,15,0.2,29.0,Moderate (10-25),Warm (20-30),Strong (50-70),-0.16,0.19,-0.63,1.16,-1.31,,0
2016-09-20,2016,9,Sep,3,Spring,2016-09,264,10.0,20.6,0.0,6.4,8.7,WSW,28.0,WNW,NE,17,17,48,47,1018.9,1016.0,7.0,7.0,15.1,18.5,No,No,0,0,0,0,0,0,15.3,10.6,3.4,1,-2.9,17.0,Dry (<=1 mm),Warm (20-30),Light (<30),-0.37,-1.01,-0.11,-1.17,0.07,,0
2016-09-21,2016,9,Sep,3,Spring,2016-09,265,14.0,21.2,0.0,4.8,2.9,N,31.0,W,NE,9,15,61,78,1012.5,1007.5,7.0,8.0,16.0,16.8,No,Yes,0,1,0,0,0,0,17.6,7.2,0.8,-17,-5.0,12.0,Dry (<=1 mm),Warm (20-30),Moderate (30-50),-0.21,0.54,1.69,-0.95,-0.78,,0
2016-09-22,2016,9,Sep,3,Spring,2016-09,266,13.5,20.1,2.0,4.0,4.1,WSW,56.0,W,W,20,24,54,63,1006.9,1005.9,3.0,7.0,18.4,17.0,Yes,No,1,0,0,0,0,1,16.8,6.6,-1.4,-9,-1.0,22.0,Light (1-10),Warm (20-30),Strong (50-70),-0.5,0.34,0.82,0.94,-1.52,,0
2016-09-23,2016,9,Sep,3,Spring,2016-09,267,15.2,22.0,0.6,3.0,8.2,SSW,61.0,WSW,SSW,17,24,55,48,1011.7,1010.7,6.0,2.0,17.3,21.5,No,No,0,0,0,0,0,0,18.6,6.8,4.2,7,-1.0,20.5,Dry (<=1 mm),Warm (20-30),Strong (50-70),0.0,1.0,-0.05,1.31,-0.88,,0
2016-09-24,2016,9,Sep,3,Spring,2016-09,268,12.5,22.3,0.0,4.8,10.1,W,30.0,WNW,ESE,13,17,55,63,1012.6,1007.9,1.0,1.0,18.4,20.6,No,Yes,0,1,0,0,0,0,17.4,9.8,2.2,-8,-4.7,15.0,Dry (<=1 mm),Warm (20-30),Moderate (30-50),0.08,-0.04,0.82,-1.02,-0.76,,0
2016-09-25,2016,9,Sep,3,Spring,2016-09,269,13.6,22.1,3.4,5.2,2.1,WSW,41.0,W,SE,15,15,74,75,1006.7,1006.1,7.0,7.0,15.5,16.3,Yes,Yes,1,1,0,0,0,1,17.85,8.5,0.8,-1,-0.6,15.0,Light (1-10),Warm (20-30),Moderate (30-50),0.03,0.38,1.51,-0.19,-1.55,,0
2016-09-26,2016,9,Sep,3,Spring,2016-09,270,12.0,21.8,4.0,4.2,10.1,WSW,41.0,WSW,E,20,19,41,44,1013.0,1009.0,1.0,1.0,16.5,18.9,Yes,No,1,0,0,0,0,1,16.9,9.8,2.4,-3,-4.0,19.5,Light (1-10),Warm (20-30),Moderate (30-50),-0.05,-0.24,-0.28,-0.19,-0.71,,0
2016-09-27,2016,9,Sep,3,Spring,2016-09,271,10.9,23.2,0.0,6.2,9.7,WSW,61.0,N,WSW,20,26,37,22,1009.7,1006.8,2.0,2.0,18.6,20.6,No,No,0,0,0,0,0,0,17.05,12.3,2.0,15,-2.9,23.0,Dry (<=1 mm),Warm (20-30),Strong (50-70),0.32,-0.66,-1.55,1.31,-1.15,,0
2016-09-28,2016,9,Sep,3,Spring,2016-09,272,10.2,21.3,0.0,7.2,11.4,W,35.0,WNW,E,17,17,46,42,1014.7,1011.3,1.0,1.0,16.2,19.6,No,Yes,0,1,0,0,0,0,15.75,11.1,3.4,4,-3.4,17.0,Dry (<=1 mm),Warm (20-30),Moderate (30-50),-0.18,-0.93,-0.4,-0.65,-0.49,,0
2016-09-29,2016,9,Sep,3,Spring,2016-09,273,14.2,22.8,1.4,5.4,4.2,NW,56.0,NNE,N,11,22,76,50,1000.5,994.0,8.0,2.0,14.8,22.3,Yes,No,1,0,0,0,0,1,18.5,8.6,7.5,26,-6.5,16.5,Light (1-10),Warm (20-30),Strong (50-70),0.22,0.61,0.07,0.94,-2.37,,0
2016-09-30,2016,9,Sep,3,Spring,2016-09,274,12.3,20.1,0.4,7.2,8.6,NNW,67.0,NNW,NW,28,39,42,40,999.1,998.3,6.0,3.0,16.1,17.3,No,No,0,0,0,0,0,0,16.2,7.8,1.2,2,-0.8,33.5,Dry (<=1 mm),Warm (20-30),Strong (50-70),-0.5,-0.12,-0.51,1.77,-2.56,,0
2016-10-01,2016,10,Oct,4,Spring,2016-10,275,12.4,22.1,0.0,7.4,10.4,W,41.0,WNW,W,35,39,40,34,1005.0,1005.5,3.0,3.0,19.5,20.2,No,No,0,0,0,0,0,0,17.25,9.7,0.7,6,0.5,37.0,Dry (<=1 mm),Warm (20-30),Moderate (30-50),-0.33,-0.83,-0.94,-0.27,-1.95,,0
2016-10-02,2016,10,Oct,4,Spring,2016-10,276,12.5,24.7,0.0,8.0,11.1,NE,41.0,NW,ENE,7,20,44,45,1012.9,1008.3,0.0,0.0,18.4,22.7,No,No,0,0,0,0,0,0,18.6,12.2,4.3,-1,-4.6,13.5,Dry (<=1 mm),Warm (20-30),Moderate (30-50),0.26,-0.79,-0.32,-0.27,-0.84,,0
2016-10-03,2016,10,Oct,4,Spring,2016-10,277,18.4,25.6,0.0,9.0,8.3,WSW,72.0,NNE,WNW,15,31,41,14,999.4,997.8,7.0,7.0,21.5,22.9,No,No,0,0,0,0,0,0,22.0,7.2,1.4,27,-1.6,23.0,Dry (<=1 mm),Warm (20-30),Gale-force (>=70),0.46,1.27,-2.07,1.96,-2.74,,0
2016-10-04,2016,10,Oct,4,Spring,2016-10,278,12.7,23.4,0.0,10.2,11.1,W,70.0,NW,W,17,43,34,25,1007.8,1003.7,1.0,1.0,17.5,23.0,No,No,0,0,0,0,0,0,18.05,10.7,5.5,9,-4.1,30.0,Dry (<=1 mm),Warm (20-30),Gale-force (>=70),-0.03,-0.72,-1.45,1.81,-1.56,,0
2016-10-05,2016,10,Oct,4,Spring,2016-10,279,11.7,23.7,0.0,11.0,11.0,SW,57.0,W,WSW,30,26,34,16,1016.4,1013.2,0.0,1.0,14.7,22.9,No,No,0,0,0,0,0,0,17.7,12.0,8.2,18,-3.2,28.0,Dry (<=1 mm),Warm (20-30),Strong (50-70),0.03,-1.07,-1.95,0.88,-0.34,,0
2016-10-06,2016,10,Oct,4,Spring,2016-10,280,13.0,27.8,0.0,7.6,11.1,WSW,48.0,W,WSW,7,30,34,20,1019.1,1017.0,4.0,8.0,19.9,27.2,No,No,0,0,0,0,0,0,20.4,14.8,7.3,14,-2.1,18.5,Dry (<=1 mm),Warm (20-30),Moderate (30-50),0.95,-0.62,-1.73,0.24,0.04,,0
2016-10-07,2016,10,Oct,4,Spring,2016-10,281,16.0,31.0,0.0,8.6,9.3,WNW,37.0,W,W,9,22,40,16,1021.0,1015.6,7.0,5.0,22.5,30.8,No,No,0,0,0,0,0,0,23.5,15.0,8.3,24,-5.4,15.5,Dry (<=1 mm),Hot (30-35),Moderate (30-50),1.67,0.43,-1.95,-0.55,0.31,,0
2016-10-08,2016,10,Oct,4,Spring,2016-10,282,20.1,22.2,0.2,10.0,7.4,SSE,54.0,S,SSE,28,30,63,50,1016.3,1017.6,6.0,5.0,21.0,20.1,No,No,0,0,0,0,0,0,21.15,2.1,-0.9,13,1.3,29.0,Dry (<=1 mm),Warm (20-30),Strong (50-70),-0.3,1.86,-0.03,0.67,-0.36,,0
2016-10-09,2016,10,Oct,4,Spring,2016-10,283,13.8,25.5,0.0,7.4,8.4,NE,52.0,W,NE,11,24,51,40,1022.9,1018.1,7.0,7.0,17.5,20.3,No,No,0,0,0,0,0,0,19.65,11.7,2.8,11,-4.8,17.5,Dry (<=1 mm),Warm (20-30),Strong (50-70),0.44,-0.34,-0.6,0.52,0.57,,0
2016-10-10,2016,10,Oct,4,Spring,2016-10,284,16.8,33.6,0.0,8.4,6.6,W,41.0,NE,WSW,9,28,37,24,1007.7,1004.1,6.0,7.0,25.3,31.8,No,Yes,0,1,0,0,0,0,25.2,16.8,6.5,13,-3.6,18.5,Dry (<=1 mm),Hot (30-35),Moderate (30-50),2.25,0.71,-1.5,-0.27,-1.57,,0
2016-10-11,2016,10,Oct,4,Spring,2016-10,285,12.3,21.3,3.8,10.2,11.4,WSW,61.0,WSW,SE,35,9,33,26,1013.2,1012.9,1.0,3.0,14.9,20.1,Yes,No,1,0,0,0,0,1,16.8,9.0,5.2,7,-0.3,22.0,Light (1-10),Warm (20-30),Strong (50-70),-0.5,-0.86,-1.39,1.17,-0.79,,0
2016-10-12,2016,10,Oct,4,Spring,2016-10,286,10.7,23.6,0.0,6.6,9.3,WSW,39.0,W,E,26,24,45,32,1016.5,1012.5,1.0,5.0,14.3,20.7,No,Yes,0,1,0,0,0,0,17.15,12.9,6.4,13,-4.0,25.0,Dry (<=1 mm),Warm (20-30),Moderate (30-50),0.01,-1.42,-1.05,-0.41,-0.33,,0
2016-10-13,2016,10,Oct,4,Spring,2016-10,287,11.8,18.3,4.4,7.4,7.9,SSW,57.0,SSW,S,26,24,56,57,1021.2,1022.4,2.0,7.0,15.9,15.6,Yes,No,1,0,0,0,0,1,15.05,6.5,-0.3,-1,1.2,25.0,Light (1-10),Mild (<20),Strong (50-70),-1.18,-1.04,0.36,0.88,0.33,,0
2016-10-14,2016,10,Oct,4,Spring,2016-10,288,9.0,21.3,0.2,8.2,11.6,W,30.0,WNW,E,17,19,50,37,1025.9,1023.2,1.0,1.0,15.1,19.4,No,No,0,0,0,0,0,0,15.15,12.3,4.3,13,-2.7,18.0,Dry (<=1 mm),Warm (20-30),Moderate (30-50),-0.5,-2.02,-0.77,-1.05,1.0,,0
2016-10-15,2016,10,Oct,4,Spring,2016-10,289,11.1,23.9,0.0,5.6,12.2,NNE,50.0,W,NE,11,26,57,36,1023.1,1017.5,0.0,0.0,15.9,23.0,No,No,0,0,0,0,0,0,17.5,12.8,7.1,21,-5.6,18.5,Dry (<=1 mm),Warm (20-30),Strong (50-70),0.08,-1.28,-0.82,0.38,0.6,,0
2016-10-16,2016,10,Oct,4,Spring,2016-10,290,15.9,29.0,0.0,10.0,11.0,NNE,56.0,N,NE,22,28,31,37,1014.9,1008.7,0.0,1.0,23.1,25.4,No,No,0,0,0,0,0,0,22.45,13.1,2.3,-6,-6.2,25.0,Dry (<=1 mm),Warm (20-30),Strong (50-70),1.22,0.39,-0.77,0.81,-0.55,,0
2016-10-17,2016,10,Oct,4,Spring,2016-10,291,21.7,22.4,0.0,11.8,2.4,W,41.0,WNW,NNW,28,15,43,78,1005.8,1008.3,7.0,7.0,22.4,14.5,No,Yes,0,1,0,0,1,0,22.05,0.7,-7.9,-35,2.5,21.5,Dry (<=1 mm),Warm (20-30),Moderate (30-50),-0.26,2.42,1.55,-0.27,-1.84,,0
2016-10-18,2016,10,Oct,4,Spring,2016-10,292,11.5,25.8,3.0,3.0,12.2,W,48.0,NNW,WNW,19,26,39,23,1014.5,1010.8,1.0,3.0,18.3,25.5,Yes,No,1,0,0,0,0,1,18.65,14.3,7.2,16,-3.7,22.5,Light (1-10),Warm (20-30),Moderate (30-50),0.5,-1.14,-1.56,0.24,-0.61,,0
2016-10-19,2016,10,Oct,4,Spring,2016-10,293,16.2,24.5,0.2,11.0,11.1,W,50.0,WSW,NW,24,6,30,20,1017.9,1017.0,3.0,2.0,19.1,22.9,No,No,0,0,0,0,0,0,20.35,8.3,3.8,10,-0.9,15.0,Dry (<=1 mm),Warm (20-30),Strong (50-70),0.21,0.5,-1.73,0.38,-0.13,,0
2016-10-20,2016,10,Oct,4,Spring,2016-10,294,16.4,21.6,0.0,8.0,10.3,NNE,44.0,ENE,NE,19,26,47,47,1024.4,1021.4,6.0,5.0,19.0,20.4,No,No,0,0,0,0,0,0,19.0,5.2,1.4,0,-3.0,22.5,Dry (<=1 mm),Warm (20-30),Moderate (30-50),-0.44,0.57,-0.2,-0.05,0.79,,0
2016-10-21,2016,10,Oct,4,Spring,2016-10,295,15.3,25.2,0.0,7.4,8.4,NNE,46.0,NNW,NE,20,26,55,55,1018.9,1012.8,5.0,7.0,21.5,23.3,No,Yes,0,1,0,0,0,0,20.25,9.9,1.8,0,-6.1,23.0,Dry (<=1 mm),Warm (20-30),Moderate (30-50),0.37,0.18,0.25,0.09,0.01,,0
2016-10-22,2016,10,Oct,4,Spring,2016-10,296,16.1,18.0,11.8,8.4,4.1,WSW,57.0,SE,S,15,22,84,69,1010.0,1010.1,7.0,7.0,17.0,16.4,Yes,No,1,0,0,0,0,1,17.05,1.9,-0.6,15,0.1,18.5,Moderate (10-25),Mild (<20),Strong (50-70),-1.24,0.46,1.04,0.88,-1.25,,0
2016-10-23,2016,10,Oct,4,Spring,2016-10,297,10.2,19.8,0.6,4.8,10.4,SSW,59.0,W,S,22,28,53,42,1018.3,1017.7,7.0,2.0,13.1,17.5,No,No,0,0,0,0,0,0,15.0,9.6,4.4,11,-0.6,25.0,Dry (<=1 mm),Mild (<20),Strong (50-70),-0.84,-1.6,-0.49,1.03,-0.07,,0
2016-10-24,2016,10,Oct,4,Spring,2016-10,298,10.2,21.5,0.8,5.8,12.4,ESE,37.0,W,SSE,15,22,45,33,1019.6,1016.7,1.0,1.0,15.0,19.8,No,No,0,0,0,0,0,0,15.85,11.3,4.8,12,-2.9,18.5,Dry (<=1 mm),Warm (20-30),Moderate (30-50),-0.46,-1.6,-0.99,-0.55,0.11,,0
2016-10-25,2016,10,Oct,4,Spring,2016-10,299,11.4,23.3,0.0,6.8,12.3,ENE,37.0,W,NE,13,22,56,46,1018.9,1014.4,7.0,1.0,17.6,22.8,No,No,0,0,0,0,0,0,17.35,11.9,5.2,10,-4.5,17.5,Dry (<=1 mm),Warm (20-30),Moderate (30-50),-0.06,-1.18,-0.26,-0.55,0.01,,0
2016-10-26,2016,10,Oct,4,Spring,2016-10,300,14.3,27.0,0.0,7.8,8.5,ENE,26.0,W,E,11,20,52,34,1016.6,1013.0,7.0,7.0,18.7,25.8,No,No,0,0,0,0,0,0,20.65,12.7,7.1,18,-3.6,15.5,Dry (<=1 mm),Warm (20-30),Light (<30),0.77,-0.17,-0.94,-1.34,-0.31,,0
2016-10-27,2016,10,Oct,4,Spring,2016-10,301,18.4,21.7,0.0,8.0,6.2,SE,41.0,SSE,SSE,20,26,65,63,1015.9,1015.7,4.0,7.0,20.8,19.9,No,Yes,0,1,0,0,0,0,20.05,3.3,-0.9,2,-0.2,23.0,Dry (<=1 mm),Warm (20-30),Moderate (30-50),-0.42,1.27,0.7,-0.27,-0.41,,0
2016-10-28,2016,10,Oct,4,Spring,2016-10,302,14.7,19.6,1.4,4.6,0.5,SSE,30.0,W,ESE,19,7,73,57,1020.6,1018.5,8.0,8.0,15.4,19.1,Yes,Yes,1,1,0,0,0,1,17.15,4.9,3.7,16,-2.1,13.0,Light (1-10),Mild (<20),Moderate (30-50),-0.89,-0.03,0.36,-1.05,0.25,,0
2016-10-29,2016,10,Oct,4,Spring,2016-10,303,15.3,24.3,3.2,1.6,7.9,NE,41.0,W,NE,13,20,86,66,1020.1,1017.7,6.0,5.0,18.3,22.0,Yes,No,1,0,0,0,0,1,19.8,9.0,3.7,20,-2.4,16.5,Light (1-10),Warm (20-30),Moderate (30-50),0.17,0.18,0.87,-0.27,0.18,,0
2016-10-30,2016,10,Oct,4,Spring,2016-10,304,18.2,25.5,0.2,7.0,4.6,NW,50.0,NE,ENE,9,11,65,61,1013.7,1006.5,7.0,8.0,23.0,25.3,No,Yes,0,1,0,0,0,0,21.85,7.3,2.3,4,-7.2,10.0,Dry (<=1 mm),Warm (20-30),Strong (50-70),0.44,1.2,0.59,0.38,-0.72,,0
2016-10-31,2016,10,Oct,4,Spring,2016-10,305,16.1,23.3,1.6,6.6,12.9,NNW,52.0,SSW,E,28,20,24,28,1011.0,1010.8,1.0,1.0,18.3,21.7,Yes,No,1,0,0,0,0,1,19.7,7.2,3.4,-4,-0.2,24.0,Light (1-10),Warm (20-30),Strong (50-70),-0.06,0.46,-1.28,0.52,-1.1,,0
2016-11-01,2016,11,Nov,4,Spring,2016-11,306,12.1,24.5,0.0,10.6,12.1,W,33.0,W,E,17,20,31,37,1014.4,1010.0,4.0,1.0,16.8,20.9,No,No,0,0,0,0,0,0,18.3,12.4,4.1,-6,-4.4,18.5,Dry (<=1 mm),Warm (20-30),Moderate (30-50),-0.08,-2.27,-1.42,-1.01,-0.17,,0
2016-11-02,2016,11,Nov,4,Spring,2016-11,307,13.0,24.1,0.0,7.2,12.8,W,39.0,WSW,E,20,20,34,32,1014.6,1013.0,1.0,1.0,19.1,21.6,No,No,0,0,0,0,0,0,18.55,11.1,2.5,2,-1.6,20.0,Dry (<=1 mm),Warm (20-30),Moderate (30-50),-0.19,-1.88,-1.76,-0.49,-0.13,,0
2016-11-03,2016,11,Nov,4,Spring,2016-11,308,13.6,25.2,0.0,7.4,12.2,E,37.0,WNW,ENE,11,26,57,50,1018.9,1014.8,1.0,1.0,19.7,23.7,No,No,0,0,0,0,0,0,19.4,11.6,4.0,7,-4.1,18.5,Dry (<=1 mm),Warm (20-30),Moderate (30-50),0.1,-1.62,-0.53,-0.66,0.55,,0
2016-11-04,2016,11,Nov,4,Spring,2016-11,309,15.3,30.6,0.0,8.4,12.8,NE,35.0,W,NE,11,20,58,33,1014.8,1009.2,2.0,1.0,21.0,27.1,No,No,0,0,0,0,0,0,22.95,15.3,6.1,25,-5.6,15.5,Dry (<=1 mm),Hot (30-35),Moderate (30-50),1.48,-0.88,-1.69,-0.84,-0.1,,0
2016-11-05,2016,11,Nov,4,Spring,2016-11,310,21.0,25.7,0.0,13.4,12.4,W,76.0,SW,WSW,20,28,21,16,1002.9,1006.2,1.0,1.0,25.7,24.9,No,No,0,0,0,0,0,0,23.35,4.7,-0.8,5,3.3,24.0,Dry (<=1 mm),Warm (20-30),Gale-force (>=70),0.22,1.6,-2.85,2.72,-1.99,,0
2016-11-06,2016,11,Nov,4,Spring,2016-11,311,15.7,26.0,0.0,14.4,12.3,W,57.0,WSW,ESE,22,26,25,27,1009.1,1007.8,1.0,7.0,19.6,23.2,No,No,0,0,0,0,0,0,20.85,10.3,3.6,-2,-1.3,24.0,Dry (<=1 mm),Warm (20-30),Strong (50-70),0.3,-0.71,-2.1,1.07,-1.01,,0
2016-11-07,2016,11,Nov,4,Spring,2016-11,312,14.8,28.1,0.0,7.6,12.4,NE,44.0,W,NE,13,24,34,46,1011.1,1006.4,2.0,1.0,22.6,25.5,No,No,0,0,0,0,0,0,21.45,13.3,2.9,-12,-4.7,18.5,Dry (<=1 mm),Warm (20-30),Moderate (30-50),0.84,-1.1,-0.81,-0.06,-0.69,,0
2016-11-08,2016,11,Nov,4,Spring,2016-11,313,21.2,28.3,0.0,11.0,4.1,S,54.0,SE,SSE,6,24,25,57,1007.3,1007.1,7.0,7.0,26.8,24.7,No,Yes,0,1,0,0,0,0,24.75,7.1,-2.1,-32,-0.2,15.0,Dry (<=1 mm),Warm (20-30),Strong (50-70),0.89,1.69,-0.06,0.81,-1.29,,0
2016-11-09,2016,11,Nov,4,Spring,2016-11,314,17.8,22.7,2.0,5.2,2.5,SSW,37.0,S,SSE,13,19,72,67,1013.3,1009.8,7.0,7.0,20.1,21.3,Yes,Yes,1,1,0,0,0,1,20.25,4.9,1.2,5,-3.5,16.0,Light (1-10),Warm (20-30),Moderate (30-50),-0.55,0.21,0.63,-0.66,-0.34,,0
2016-11-10,2016,11,Nov,4,Spring,2016-11,315,16.9,24.6,10.2,2.8,10.7,E,28.0,W,E,7,19,71,62,1009.4,1007.0,6.0,2.0,20.0,23.4,Yes,No,1,0,0,0,0,1,20.75,7.7,3.4,9,-2.4,13.0,Moderate (10-25),Warm (20-30),Light (<30),-0.06,-0.18,0.28,-1.44,-0.96,,0
2016-11-11,2016,11,Nov,4,Spring,2016-11,316,17.8,24.3,0.0,7.0,11.1,E,33.0,SSW,ESE,9,20,68,59,1012.9,1009.9,5.0,1.0,20.2,22.6,No,Yes,0,1,0,0,0,0,21.05,6.5,2.4,9,-3.0,14.5,Dry (<=1 mm),Warm (20-30),Moderate (30-50),-0.14,0.21,0.08,-1.01,-0.4,,0
2016-11-12,2016,11,Nov,4,Spring,2016-11,317,18.4,32.5,9.0,7.6,9.1,N,48.0,NNW,E,15,22,72,59,1002.5,996.9,7.0,3.0,22.1,26.4,Yes,No,1,0,0,0,0,1,25.45,14.1,4.3,13,-5.6,18.5,Light (1-10),Hot (30-35),Moderate (30-50),1.97,0.47,0.08,0.29,-2.05,,0
2016-11-13,2016,11,Nov,4,Spring,2016-11,318,18.9,30.3,0.0,8.0,13.0,W,72.0,NNW,W,4,41,29,21,998.6,995.4,1.0,1.0,24.9,28.0,No,No,0,0,0,0,0,0,24.6,11.4,3.1,8,-3.2,22.5,Dry (<=1 mm),Hot (30-35),Gale-force (>=70),1.41,0.69,-2.51,2.37,-2.67,,0
2016-11-14,2016,11,Nov,4,Spring,2016-11,319,17.4,24.4,0.0,15.8,7.0,WSW,56.0,W,SSE,33,28,40,52,1002.0,1004.5,3.0,7.0,20.5,20.3,No,No,0,0,0,0,0,0,20.9,7.0,-0.2,-12,2.5,30.5,Dry (<=1 mm),Warm (20-30),Strong (50-70),-0.11,0.04,-0.4,0.98,-2.13,,0
2016-11-15,2016,11,Nov,4,Spring,2016-11,320,15.4,23.2,0.6,5.8,9.4,S,39.0,S,ESE,13,19,61,45,1016.1,1015.0,7.0,3.0,17.9,20.5,No,No,0,0,0,0,0,0,19.3,7.8,2.6,16,-1.1,16.0,Dry (<=1 mm),Warm (20-30),Moderate (30-50),-0.42,-0.84,-0.87,-0.49,0.1,,0
2016-11-16,2016,11,Nov,4,Spring,2016-11,321,14.3,25.2,0.0,5.2,12.7,ESE,39.0,WNW,ESE,13,22,54,52,1020.0,1021.3,0.0,3.0,19.9,22.0,No,No,0,0,0,0,0,0,19.75,10.9,2.1,2,1.3,17.5,Dry (<=1 mm),Warm (20-30),Moderate (30-50),0.1,-1.31,-0.4,-0.49,0.72,,0
2016-11-17,2016,11,Nov,4,Spring,2016-11,322,17.3,23.9,0.0,7.4,12.8,NNE,43.0,ESE,E,4,28,57,53,1025.6,1021.9,4.0,1.0,21.1,23.1,No,No,0,0,0,0,0,0,20.6,6.6,2.0,4,-3.7,16.0,Dry (<=1 mm),Warm (20-30),Moderate (30-50),-0.24,-0.01,-0.33,-0.14,1.61,,0
2016-11-18,2016,11,Nov,4,Spring,2016-11,323,16.4,31.4,0.0,9.2,12.1,NNE,37.0,W,NE,13,11,52,36,1017.4,1013.5,1.0,2.0,23.0,30.0,No,No,0,0,0,0,0,0,23.9,15.0,7.0,16,-3.9,12.0,Dry (<=1 mm),Hot (30-35),Moderate (30-50),1.69,-0.4,-1.49,-0.66,0.31,,0
2016-11-19,2016,11,Nov,4,Spring,2016-11,324,19.3,24.8,0.0,8.6,3.7,SSE,44.0,SSE,SE,30,20,67,58,1018.3,1018.4,7.0,7.0,21.7,22.1,No,No,0,0,0,0,0,0,22.05,5.5,0.4,9,0.1,25.0,Dry (<=1 mm),Warm (20-30),Moderate (30-50),-0.01,0.86,0.01,-0.06,0.45,,0
2016-11-20,2016,11,Nov,4,Spring,2016-11,325,19.1,25.1,0.0,6.0,8.5,E,33.0,E,E,13,26,58,55,1021.3,1018.2,4.0,7.0,22.3,23.2,No,No,0,0,0,0,0,0,22.1,6.0,0.9,3,-3.1,19.5,Dry (<=1 mm),Warm (20-30),Moderate (30-50),0.07,0.78,-0.19,-1.01,0.93,,0
2016-11-21,2016,11,Nov,4,Spring,2016-11,326,19.7,28.4,0.0,7.4,6.0,E,35.0,E,ENE,11,17,67,64,1018.4,1015.1,6.0,5.0,24.6,25.5,No,No,0,0,0,0,0,0,24.05,8.7,0.9,3,-3.3,14.0,Dry (<=1 mm),Warm (20-30),Moderate (30-50),0.92,1.04,0.42,-0.84,0.47,,0
2016-11-22,2016,11,Nov,4,Spring,2016-11,327,21.0,31.0,0.0,8.0,9.7,NE,46.0,E,ENE,15,24,51,54,1014.8,1012.1,1.0,3.0,26.6,26.2,No,No,0,0,0,0,0,0,26.0,10.0,-0.4,-3,-2.7,19.5,Dry (<=1 mm),Hot (30-35),Moderate (30-50),1.59,1.6,-0.26,0.12,-0.1,,0
2016-11-24,2016,11,Nov,4,Spring,2016-11,329,13.5,23.4,5.4,6.6,13.1,SSE,52.0,WSW,SE,22,26,42,39,1013.0,1011.8,1.0,1.0,18.3,21.8,Yes,No,1,0,0,0,0,1,18.45,9.9,3.5,3,-1.2,24.0,Light (1-10),Warm (20-30),Strong (50-70),-0.37,-1.66,-1.28,0.64,-0.39,,0
2016-11-25,2016,11,Nov,4,Spring,2016-11,330,14.7,25.5,0.0,8.8,13.1,ESE,37.0,W,ESE,20,22,33,46,1012.8,1012.5,4.0,2.0,20.6,23.4,No,No,0,0,0,0,0,0,20.1,10.8,2.8,-13,-0.3,21.0,Dry (<=1 mm),Warm (20-30),Moderate (30-50),0.17,-1.14,-0.81,-0.66,-0.42,,0
2016-11-26,2016,11,Nov,4,Spring,2016-11,331,18.1,24.4,0.0,8.0,12.3,NE,46.0,ENE,NE,7,24,55,53,1017.4,1013.7,3.0,1.0,22.3,23.9,No,No,0,0,0,0,0,0,21.25,6.3,1.6,2,-3.7,15.5,Dry (<=1 mm),Warm (20-30),Moderate (30-50),-0.11,0.34,-0.33,0.12,0.31,,0
2016-11-27,2016,11,Nov,4,Spring,2016-11,332,19.6,23.5,0.0,9.8,1.7,SE,35.0,SE,ESE,19,22,71,66,1017.8,1016.9,7.0,7.0,20.5,21.6,No,No,0,0,0,0,0,0,21.55,3.9,1.1,5,-0.9,20.5,Dry (<=1 mm),Warm (20-30),Moderate (30-50),-0.34,0.99,0.56,-0.84,0.37,,0
2016-11-28,2016,11,Nov,4,Spring,2016-11,333,20.3,26.1,0.0,6.0,8.1,NE,37.0,NE,E,15,28,71,63,1015.0,1010.4,6.0,1.0,22.8,25.5,No,No,0,0,0,0,0,0,23.2,5.8,2.7,8,-4.6,21.5,Dry (<=1 mm),Warm (20-30),Moderate (30-50),0.33,1.3,0.35,-0.66,-0.07,,0
2016-11-29,2016,11,Nov,4,Spring,2016-11,334,19.3,25.3,0.0,7.8,7.0,SE,44.0,S,SE,22,20,65,57,1011.8,1010.8,7.0,6.0,22.4,24.1,No,No,0,0,0,0,0,0,22.3,6.0,1.7,8,-1.0,21.0,Dry (<=1 mm),Warm (20-30),Moderate (30-50),0.12,0.86,-0.06,-0.06,-0.58,,0
2016-11-30,2016,11,Nov,4,Spring,2016-11,335,18.2,25.2,0.0,6.4,4.4,NE,50.0,ESE,E,6,31,61,57,1012.4,1008.8,7.0,2.0,22.4,24.2,No,No,0,0,0,0,0,0,21.7,7.0,1.8,4,-3.6,18.5,Dry (<=1 mm),Warm (20-30),Strong (50-70),0.1,0.38,-0.06,0.46,-0.48,,0
2016-12-01,2016,12,Dec,4,Summer,2016-12,336,18.1,28.5,0.0,7.4,8.1,ENE,37.0,W,ENE,9,19,68,51,1008.0,1005.3,7.0,7.0,21.2,25.4,No,No,0,0,0,0,0,0,23.3,10.4,4.2,17,-2.7,14.0,Dry (<=1 mm),Warm (20-30),Moderate (30-50),0.78,-0.21,-0.45,-0.67,-1.03,,0
2016-12-02,2016,12,Dec,4,Summer,2016-12,337,18.7,35.7,0.2,6.0,9.8,SSW,57.0,WNW,ESE,13,17,44,24,1008.4,1007.7,3.0,5.0,25.6,30.9,No,No,0,0,0,0,0,0,27.2,17.0,5.3,20,-0.7,15.0,Dry (<=1 mm),Extreme heat (>=35),Strong (50-70),2.87,0.05,-2.29,0.98,-0.96,,0
2016-12-03,2016,12,Dec,4,Summer,2016-12,338,21.0,26.8,0.0,11.2,9.7,S,41.0,SSE,ESE,11,19,64,55,1016.0,1015.0,7.0,5.0,22.6,23.8,No,No,0,0,0,0,0,0,23.9,5.8,1.2,9,-1.0,15.0,Dry (<=1 mm),Warm (20-30),Moderate (30-50),0.28,1.08,-0.18,-0.34,0.33,,0
2016-12-04,2016,12,Dec,4,Summer,2016-12,339,19.7,26.9,0.0,8.0,9.3,NE,39.0,E,E,6,26,64,60,1016.0,1013.1,7.0,7.0,23.0,25.1,No,No,0,0,0,0,0,0,23.3,7.2,2.1,4,-2.9,16.0,Dry (<=1 mm),Warm (20-30),Moderate (30-50),0.31,0.5,0.16,-0.51,0.33,,0
2016-12-05,2016,12,Dec,4,Summer,2016-12,340,22.1,29.9,0.4,7.6,2.9,SSW,59.0,NE,E,13,17,71,65,1009.6,1005.9,7.0,7.0,26.1,27.1,No,Yes,0,1,0,0,0,0,26.0,7.8,1.0,6,-3.7,15.0,Dry (<=1 mm),Warm (20-30),Strong (50-70),1.18,1.56,0.5,1.15,-0.76,,0
2016-12-06,2016,12,Dec,4,Summer,2016-12,341,20.4,23.6,3.2,7.0,0.0,S,33.0,W,NE,15,7,86,83,1012.4,1010.6,8.0,8.0,20.6,22.2,Yes,Yes,1,1,0,0,0,1,22.0,3.2,1.6,3,-1.8,11.0,Light (1-10),Warm (20-30),Moderate (30-50),-0.65,0.81,1.73,-1.0,-0.28,,0
2016-12-07,2016,12,Dec,4,Summer,2016-12,342,18.6,25.1,7.8,1.4,9.3,SSW,37.0,SE,E,15,24,86,56,1015.2,1014.4,5.0,4.0,20.7,24.4,Yes,No,1,0,0,0,0,1,21.85,6.5,3.7,30,-0.8,19.5,Light (1-10),Warm (20-30),Moderate (30-50),-0.21,0.01,-0.11,-0.67,0.19,,0
2016-12-08,2016,12,Dec,4,Summer,2016-12,343,20.2,27.9,0.2,8.0,12.2,NNE,56.0,NNE,NE,9,26,60,61,1008.7,999.4,1.0,2.0,24.6,26.9,No,No,0,0,0,0,0,0,24.05,7.7,2.3,-1,-9.3,17.5,Dry (<=1 mm),Warm (20-30),Strong (50-70),0.6,0.72,0.23,0.9,-0.91,,0
2016-12-09,2016,12,Dec,4,Summer,2016-12,344,18.1,27.8,0.4,13.6,13.4,W,72.0,W,WSW,44,31,35,14,1007.9,1009.9,1.0,1.0,20.2,26.4,No,No,0,0,0,0,0,0,22.95,9.7,6.2,21,2.0,37.5,Dry (<=1 mm),Warm (20-30),Gale-force (>=70),0.57,-0.21,-2.97,2.23,-1.04,,0
2016-12-10,2016,12,Dec,4,Summer,2016-12,345,16.9,23.7,0.0,9.0,9.8,E,39.0,SSE,ENE,11,26,54,52,1022.5,1020.5,3.0,2.0,20.8,22.1,No,No,0,0,0,0,0,0,20.3,6.8,1.3,2,-2.0,18.5,Dry (<=1 mm),Warm (20-30),Moderate (30-50),-0.62,-0.75,-0.38,-0.51,1.43,,0
2016-12-11,2016,12,Dec,4,Summer,2016-12,346,20.0,26.3,0.0,9.0,11.4,E,41.0,NE,E,13,28,57,56,1022.2,1020.4,3.0,1.0,23.6,24.3,No,No,0,0,0,0,0,0,23.15,6.3,0.7,1,-1.8,20.5,Dry (<=1 mm),Warm (20-30),Moderate (30-50),0.14,0.63,-0.11,-0.34,1.38,,0
2016-12-12,2016,12,Dec,4,Summer,2016-12,347,20.9,27.6,0.0,10.6,12.4,NE,52.0,NE,ENE,15,19,59,53,1022.6,1018.1,6.0,1.0,23.8,25.5,No,No,0,0,0,0,0,0,24.25,6.7,1.7,6,-4.5,17.0,Dry (<=1 mm),Warm (20-30),Strong (50-70),0.51,1.03,-0.31,0.57,1.45,,0
2016-12-13,2016,12,Dec,4,Summer,2016-12,348,20.7,37.8,0.0,10.2,11.4,NNE,44.0,ESE,NE,9,15,49,36,1015.5,1011.1,3.0,5.0,27.5,31.1,No,No,0,0,0,0,0,0,29.25,17.1,3.6,13,-4.4,12.0,Dry (<=1 mm),Extreme heat (>=35),Moderate (30-50),3.48,0.94,-1.47,-0.09,0.24,Heat,1
2016-12-14,2016,12,Dec,4,Summer,2016-12,349,27.1,37.2,0.0,13.4,2.5,WSW,57.0,NW,WSW,24,33,23,16,1008.5,1007.0,7.0,7.0,32.4,34.1,No,Yes,0,1,0,0,0,0,32.15,10.1,1.7,7,-1.5,28.5,Dry (<=1 mm),Extreme heat (>=35),Strong (50-70),3.3,3.79,-2.83,0.98,-0.94,Heat; Warm night,1
2016-12-15,2016,12,Dec,4,Summer,2016-12,350,17.4,19.1,8.2,8.8,0.0,SSE,46.0,SE,SSE,17,15,88,81,1017.2,1017.4,8.0,8.0,17.7,17.7,Yes,Yes,1,1,0,0,0,1,18.25,1.7,0.0,7,0.2,16.0,Light (1-10),Mild (<20),Moderate (30-50),-1.95,-0.53,1.59,0.07,0.53,,0
2016-12-16,2016,12,Dec,4,Summer,2016-12,351,17.2,25.4,32.6,1.0,0.0,ESE,30.0,SSE,ESE,17,4,89,86,1013.3,1009.3,8.0,8.0,18.8,20.2,Yes,Yes,1,1,0,0,0,1,21.3,8.2,1.4,3,-4.0,10.5,Heavy (25-50),Warm (20-30),Moderate (30-50),-0.12,-0.61,1.93,-1.25,-0.13,,0
2016-12-17,2016,12,Dec,4,Summer,2016-12,352,18.5,33.7,10.4,1.4,12.7,S,70.0,NW,WNW,2,19,67,27,1007.4,1005.2,3.0,4.0,25.4,32.4,Yes,No,1,0,0,0,0,1,26.1,15.2,7.0,40,-2.2,10.5,Moderate (10-25),Hot (30-35),Gale-force (>=70),2.29,-0.04,-2.08,2.06,-1.13,,0
2016-12-18,2016,12,Dec,4,Summer,2016-12,353,18.3,21.3,0.0,10.0,0.7,SSE,57.0,SE,SE,15,22,61,55,1018.8,1020.0,8.0,8.0,19.8,19.9,No,No,0,0,0,0,0,0,19.8,3.0,0.1,6,1.2,18.5,Dry (<=1 mm),Warm (20-30),Strong (50-70),-1.31,-0.13,-0.18,0.98,0.8,,0
2016-12-19,2016,12,Dec,4,Summer,2016-12,354,17.7,22.9,0.0,7.8,7.1,NE,44.0,ENE,NE,13,24,49,47,1021.0,1017.5,6.0,3.0,20.8,21.4,No,No,0,0,0,0,0,0,20.3,5.2,0.6,2,-3.5,18.5,Dry (<=1 mm),Warm (20-30),Moderate (30-50),-0.85,-0.39,-0.72,-0.09,1.17,,0
2016-12-20,2016,12,Dec,4,Summer,2016-12,355,16.7,27.1,0.0,7.0,12.0,SSW,48.0,E,ESE,4,20,52,52,1010.4,1005.3,2.0,3.0,22.8,26.9,No,No,0,0,0,0,0,0,21.9,10.4,4.1,0,-5.1,12.0,Dry (<=1 mm),Warm (20-30),Moderate (30-50),0.37,-0.84,-0.38,0.24,-0.62,,0
2016-12-21,2016,12,Dec,4,Summer,2016-12,356,18.6,26.7,0.0,10.0,10.4,S,52.0,S,ESE,15,28,64,50,1012.3,1012.2,3.0,2.0,22.8,25.0,No,No,0,0,0,0,0,0,22.65,8.1,2.2,14,-0.1,21.5,Dry (<=1 mm),Warm (20-30),Strong (50-70),0.25,0.01,-0.52,0.57,-0.3,,0
2016-12-22,2016,12,Dec,4,Summer,2016-12,357,20.3,24.3,0.0,9.2,3.7,ENE,35.0,E,ENE,17,20,60,52,1019.4,1018.1,8.0,5.0,21.1,23.0,No,No,0,0,0,0,0,0,22.3,4.0,1.9,8,-1.3,18.5,Dry (<=1 mm),Warm (20-30),Moderate (30-50),-0.44,0.76,-0.38,-0.84,0.9,,0
2016-12-23,2016,12,Dec,4,Summer,2016-12,358,20.8,24.4,0.0,7.6,7.9,ENE,48.0,NE,NE,20,28,56,56,1019.3,1016.6,5.0,2.0,23.0,23.8,No,No,0,0,0,0,0,0,22.6,3.6,0.8,0,-2.7,24.0,Dry (<=1 mm),Warm (20-30),Moderate (30-50),-0.41,0.99,-0.11,0.24,0.89,,0
2016-12-24,2016,12,Dec,4,Summer,2016-12,359,19.8,27.2,0.0,9.4,4.3,NNW,44.0,WNW,ENE,9,20,66,55,1015.7,1013.8,7.0,7.0,23.2,26.3,No,Yes,0,1,0,0,0,0,23.5,7.4,3.1,11,-1.9,14.5,Dry (<=1 mm),Warm (20-30),Moderate (30-50),0.4,0.54,-0.18,-0.09,0.28,,0
2016-12-25,2016,12,Dec,4,Summer,2016-12,360,19.1,27.4,1.6,4.6,12.8,NE,48.0,ESE,NE,4,26,64,55,1017.1,1015.5,3.0,3.0,23.9,26.8,Yes,No,1,0,0,0,0,1,23.25,8.3,2.9,9,-1.6,15.0,Light (1-10),Warm (20-30),Moderate (30-50),0.46,0.23,-0.18,0.24,0.51,,0
2016-12-26,2016,12,Dec,4,Summer,2016-12,361,20.9,29.3,0.0,11.2,10.9,NE,52.0,E,NE,13,30,59,51,1014.7,1011.4,1.0,1.0,25.8,27.9,No,No,0,0,0,0,0,0,25.1,8.4,2.1,8,-3.3,21.5,Dry (<=1 mm),Warm (20-30),Strong (50-70),1.01,1.03,-0.45,0.57,0.11,,0
2016-12-27,2016,12,Dec,4,Summer,2016-12,362,21.8,29.6,0.0,11.2,6.0,NE,43.0,S,ESE,17,19,66,60,1014.5,1013.3,7.0,7.0,25.7,27.5,No,No,0,0,0,0,0,0,25.7,7.8,1.8,6,-1.2,18.0,Dry (<=1 mm),Warm (20-30),Moderate (30-50),1.09,1.43,0.16,-0.17,0.07,,0
2016-12-28,2016,12,Dec,4,Summer,2016-12,363,21.1,28.9,0.0,7.8,9.4,NNE,61.0,E,NNE,15,24,63,48,1013.0,1009.7,6.0,6.0,24.9,27.5,No,No,0,0,0,0,0,0,25.0,7.8,2.6,15,-3.3,19.5,Dry (<=1 mm),Warm (20-30),Strong (50-70),0.89,1.12,-0.65,1.32,-0.18,,0
2016-12-29,2016,12,Dec,4,Summer,2016-12,364,22.6,36.6,0.0,10.4,4.8,E,28.0,W,ENE,15,22,49,30,1007.2,1004.4,7.0,6.0,28.1,31.8,No,No,0,0,0,0,0,0,29.6,14.0,3.7,19,-2.8,18.5,Dry (<=1 mm),Extreme heat (>=35),Light (<30),3.13,1.79,-1.88,-1.42,-1.16,Heat,1
2016-12-30,2016,12,Dec,4,Summer,2016-12,365,23.9,33.3,0.0,9.2,0.5,NNE,30.0,W,ENE,9,20,58,34,1003.6,1001.7,8.0,7.0,27.3,32.1,No,No,0,0,0,0,0,0,28.6,9.4,4.8,24,-1.9,14.5,Dry (<=1 mm),Hot (30-35),Moderate (30-50),2.17,2.36,-1.61,-1.25,-1.77,,0
2016-12-31,2016,12,Dec,4,Summer,2016-12,366,24.1,30.0,0.0,8.2,4.8,SE,37.0,SSE,SE,17,24,57,62,1003.7,1003.4,6.0,7.0,27.7,26.4,No,No,0,0,0,0,0,0,27.05,5.9,-1.3,-5,-0.3,20.5,Dry (<=1 mm),Hot (30-35),Moderate (30-50),1.21,2.45,0.3,-0.67,-1.76,,0
2017-01-01,2017,1,Jan,1,Summer,2017-01,1,22.7,26.6,0.0,6.8,0.0,E,24.0,E,E,9,19,70,70,1007.4,1005.5,7.0,8.0,24.6,24.9,No,No,0,0,0,0,0,0,24.65,3.9,0.3,0,-1.9,14.0,Dry (<=1 mm),Warm (20-30),Light (<30),-0.23,1.13,0.82,-1.87,-1.24,,0
2017-01-02,2017,1,Jan,1,Summer,2017-01,2,21.2,26.3,0.4,3.4,3.5,S,56.0,SSW,SSE,26,28,71,54,1009.9,1011.8,7.0,5.0,22.1,24.8,No,Yes,0,1,0,0,0,0,23.75,5.1,2.7,17,1.9,27.0,Dry (<=1 mm),Warm (20-30),Strong (50-70),-0.31,0.42,-0.32,1.15,-0.77,,0
2017-01-03,2017,1,Jan,1,Summer,2017-01,3,18.5,26.6,2.6,6.2,8.8,SSE,48.0,S,SSE,19,19,66,60,1018.5,1018.3,7.0,7.0,21.9,25.4,Yes,Yes,1,1,0,0,0,1,22.55,8.1,3.5,6,-0.2,19.0,Light (1-10),Warm (20-30),Moderate (30-50),-0.23,-0.85,0.11,0.39,0.83,,0
2017-01-04,2017,1,Jan,1,Summer,2017-01,4,20.1,25.9,1.2,7.8,5.6,ESE,31.0,ESE,ESE,22,22,53,45,1021.4,1020.0,7.0,7.0,24.0,23.7,Yes,Yes,1,1,0,0,0,1,23.0,5.8,-0.3,8,-1.4,22.0,Light (1-10),Warm (20-30),Moderate (30-50),-0.41,-0.1,-0.96,-1.21,1.37,,0
2017-01-05,2017,1,Jan,1,Summer,2017-01,5,19.6,24.3,5.0,6.0,0.5,ENE,30.0,NNE,E,7,20,89,69,1019.0,1017.2,8.0,7.0,20.5,22.6,Yes,Yes,1,1,0,0,0,1,21.95,4.7,2.1,20,-1.8,13.5,Light (1-10),Warm (20-30),Moderate (30-50),-0.83,-0.33,0.75,-1.3,0.93,,0
2017-01-06,2017,1,Jan,1,Summer,2017-01,6,19.9,26.5,8.8,3.8,4.8,E,35.0,ESE,E,15,22,86,57,1018.3,1017.5,7.0,6.0,20.0,25.3,Yes,Yes,1,1,0,0,0,1,23.2,6.6,5.3,29,-0.8,18.5,Light (1-10),Warm (20-30),Moderate (30-50),-0.25,-0.19,-0.11,-0.83,0.8,,0
2017-01-07,2017,1,Jan,1,Summer,2017-01,7,19.2,26.8,4.4,6.6,11.5,NE,43.0,S,NE,2,28,61,57,1018.4,1015.0,3.0,3.0,24.8,25.2,Yes,No,1,0,0,0,0,1,23.0,7.6,0.4,4,-3.4,15.0,Light (1-10),Warm (20-30),Moderate (30-50),-0.18,-0.52,-0.11,-0.08,0.81,,0
2017-01-08,2017,1,Jan,1,Summer,2017-01,8,19.7,28.5,0.0,10.4,11.7,NE,54.0,N,ENE,11,20,52,52,1013.5,1010.0,2.0,6.0,25.1,27.5,No,No,0,0,0,0,0,0,24.1,8.8,2.4,0,-3.5,15.5,Dry (<=1 mm),Warm (20-30),Strong (50-70),0.27,-0.28,-0.46,0.96,-0.1,,0
2017-01-09,2017,1,Jan,1,Summer,2017-01,9,21.3,29.9,0.0,9.6,9.2,ENE,31.0,ESE,E,9,20,57,57,1011.5,1009.2,2.0,2.0,27.0,26.7,No,No,0,0,0,0,0,0,25.6,8.6,-0.3,0,-2.3,14.5,Dry (<=1 mm),Warm (20-30),Moderate (30-50),0.63,0.47,-0.11,-1.21,-0.47,,0
2017-01-10,2017,1,Jan,1,Summer,2017-01,10,22.6,31.3,0.4,8.2,8.8,E,31.0,W,E,9,17,73,49,1012.0,1008.1,7.0,4.0,24.8,30.5,No,No,0,0,0,0,0,0,26.95,8.7,5.7,24,-3.9,13.0,Dry (<=1 mm),Hot (30-35),Moderate (30-50),1.0,1.08,-0.68,-1.21,-0.38,,0
2017-01-11,2017,1,Jan,1,Summer,2017-01,11,24.0,37.7,0.0,7.4,10.9,SSE,63.0,W,ESE,9,20,53,47,1007.6,1003.4,4.0,7.0,29.2,31.4,No,No,0,0,0,0,0,0,30.85,13.7,2.2,6,-4.2,14.5,Dry (<=1 mm),Extreme heat (>=35),Strong (50-70),2.67,1.74,-0.82,1.81,-1.2,,0
2017-01-12,2017,1,Jan,1,Summer,2017-01,12,22.3,28.4,0.0,9.4,7.2,E,31.0,SSE,E,7,20,68,52,1012.4,1010.7,7.0,2.0,24.7,26.8,No,No,0,0,0,0,0,0,25.35,6.1,2.1,16,-1.7,13.5,Dry (<=1 mm),Warm (20-30),Moderate (30-50),0.24,0.94,-0.46,-1.21,-0.31,,0
2017-01-13,2017,1,Jan,1,Summer,2017-01,13,23.0,30.5,0.0,8.6,8.9,SSW,52.0,N,NE,15,30,68,57,1008.9,1001.3,8.0,1.0,24.6,29.0,No,No,0,0,0,0,0,0,26.75,7.5,4.4,11,-7.6,22.5,Dry (<=1 mm),Hot (30-35),Strong (50-70),0.79,1.27,-0.11,0.77,-0.96,,0
2017-01-14,2017,1,Jan,1,Summer,2017-01,14,24.6,32.5,0.0,10.6,7.1,ESE,35.0,NNW,ESE,2,22,59,52,1003.4,1003.2,8.0,1.0,28.7,29.2,No,No,0,0,0,0,0,0,28.55,7.9,0.5,7,-0.2,12.0,Dry (<=1 mm),Hot (30-35),Moderate (30-50),1.31,2.02,-0.46,-0.83,-1.99,,0
2017-01-15,2017,1,Jan,1,Summer,2017-01,15,22.8,27.0,0.0,8.0,6.9,ESE,33.0,E,E,20,22,56,57,1015.1,1015.7,6.0,7.0,25.6,25.5,No,No,0,0,0,0,0,0,24.9,4.2,-0.1,-1,0.6,21.0,Dry (<=1 mm),Warm (20-30),Moderate (30-50),-0.12,1.18,-0.11,-1.02,0.2,,0
2017-01-16,2017,1,Jan,1,Summer,2017-01,16,21.7,27.2,0.0,7.2,12.1,NE,52.0,NNE,NE,22,28,55,57,1017.1,1013.9,3.0,0.0,26.2,26.3,No,No,0,0,0,0,0,0,24.45,5.5,0.1,-2,-3.2,25.0,Dry (<=1 mm),Warm (20-30),Strong (50-70),-0.07,0.66,-0.11,0.77,0.57,,0
2017-01-17,2017,1,Jan,1,Summer,2017-01,17,20.8,36.6,0.0,10.4,11.9,NNE,50.0,ESE,ENE,6,11,64,44,1013.6,1008.3,5.0,2.0,25.3,32.6,No,No,0,0,0,0,0,0,28.7,15.8,7.3,20,-5.3,8.5,Dry (<=1 mm),Extreme heat (>=35),Strong (50-70),2.38,0.23,-1.03,0.58,-0.08,,0
2017-01-18,2017,1,Jan,1,Summer,2017-01,18,25.1,38.1,0.0,13.8,11.1,SSE,59.0,WNW,SSE,20,31,26,52,1005.4,1006.8,1.0,2.0,36.5,30.1,No,No,0,0,0,0,0,0,31.6,13.0,-6.4,-26,1.4,25.5,Dry (<=1 mm),Extreme heat (>=35),Strong (50-70),2.77,2.26,-0.46,1.43,-1.61,,0
2017-01-19,2017,1,Jan,1,Summer,2017-01,19,20.1,24.5,0.0,12.6,0.0,ENE,41.0,ESE,ENE,20,19,61,53,1015.3,1013.7,8.0,8.0,21.5,22.7,No,No,0,0,0,0,0,0,22.3,4.4,1.2,8,-1.6,19.5,Dry (<=1 mm),Warm (20-30),Moderate (30-50),-0.78,-0.1,-0.39,-0.27,0.24,,0
2017-01-20,2017,1,Jan,1,Summer,2017-01,20,19.0,29.2,0.0,5.8,2.6,SSW,65.0,NNE,NNW,22,28,62,68,1001.1,994.3,7.0,7.0,24.1,28.3,No,Yes,0,1,0,0,0,0,24.1,10.2,4.2,-6,-6.8,25.0,Dry (<=1 mm),Warm (20-30),Strong (50-70),0.45,-0.61,0.68,2.0,-2.42,,0
2017-01-21,2017,1,Jan,1,Summer,2017-01,21,20.8,27.4,7.8,6.2,9.7,SSE,48.0,SSE,SE,22,20,49,42,1010.5,1012.2,7.0,1.0,22.2,26.6,Yes,No,1,0,0,0,0,1,24.1,6.6,4.4,7,1.7,21.0,Light (1-10),Warm (20-30),Moderate (30-50),-0.02,0.23,-1.17,0.39,-0.66,,0
2017-01-22,2017,1,Jan,1,Summer,2017-01,22,20.4,26.5,0.0,9.1,10.7,ENE,39.0,NE,E,4,22,50,50,1017.9,1015.8,1.0,4.0,23.8,26.0,No,No,0,0,0,0,0,0,23.45,6.1,2.2,0,-2.1,13.0,Dry (<=1 mm),Warm (20-30),Moderate (30-50),-0.25,0.05,-0.6,-0.45,0.72,,0
2017-01-23,2017,1,Jan,1,Summer,2017-01,23,21.5,32.6,0.0,9.6,12.1,NE,56.0,NNW,NE,17,20,60,51,1014.9,1010.1,3.0,1.0,25.5,28.6,No,No,0,0,0,0,0,0,27.05,11.1,3.1,9,-4.8,18.5,Dry (<=1 mm),Hot (30-35),Strong (50-70),1.34,0.56,-0.53,1.15,0.16,,0
2017-01-24,2017,1,Jan,1,Summer,2017-01,24,24.5,37.0,0.0,12.0,2.6,SSW,69.0,NW,W,11,20,34,33,1007.4,1008.4,6.0,7.0,32.6,35.0,No,Yes,0,1,0,0,0,0,30.75,12.5,2.4,1,1.0,15.5,Dry (<=1 mm),Extreme heat (>=35),Strong (50-70),2.48,1.98,-1.81,2.37,-1.24,,0
2017-01-25,2017,1,Jan,1,Summer,2017-01,25,20.6,24.3,17.8,10.2,0.3,SSE,35.0,S,S,13,11,68,62,1020.5,1018.0,7.0,8.0,21.7,23.3,Yes,No,1,0,0,0,0,1,22.45,3.7,1.6,6,-2.5,12.0,Moderate (10-25),Warm (20-30),Moderate (30-50),-0.83,0.14,0.25,-0.83,1.21,,0
2017-01-26,2017,1,Jan,1,Summer,2017-01,26,20.7,25.5,0.0,2.8,0.4,SSE,31.0,SSW,SSE,11,13,70,64,1015.9,1014.9,8.0,6.0,22.6,24.9,No,No,0,0,0,0,0,0,23.1,4.8,2.3,6,-1.0,12.0,Dry (<=1 mm),Warm (20-30),Moderate (30-50),-0.52,0.19,0.39,-1.21,0.35,,0
2017-01-27,2017,1,Jan,1,Summer,2017-01,27,20.4,27.1,0.0,4.2,6.0,S,31.0,SSW,ESE,13,15,67,57,1018.5,1016.9,7.0,4.0,21.7,25.7,No,No,0,0,0,0,0,0,23.75,6.7,4.0,10,-1.6,14.0,Dry (<=1 mm),Warm (20-30),Moderate (30-50),-0.1,0.05,-0.11,-1.21,0.83,,0
2017-01-28,2017,1,Jan,1,Summer,2017-01,28,20.4,29.7,0.0,5.4,12.2,NE,48.0,NE,ENE,2,17,63,59,1015.9,1012.2,1.0,1.0,26.4,28.1,No,No,0,0,0,0,0,0,25.05,9.3,1.7,4,-3.7,9.5,Dry (<=1 mm),Warm (20-30),Moderate (30-50),0.58,0.05,0.04,0.39,0.35,,0
2017-01-29,2017,1,Jan,1,Summer,2017-01,29,22.3,30.2,0.0,11.4,6.8,S,31.0,SSW,SSE,13,19,74,56,1016.8,1015.4,7.0,6.0,24.5,28.9,No,No,0,0,0,0,0,0,26.25,7.9,4.4,18,-1.4,16.0,Dry (<=1 mm),Hot (30-35),Moderate (30-50),0.71,0.94,-0.18,-1.21,0.52,,0
2017-01-30,2017,1,Jan,1,Summer,2017-01,30,23.1,34.3,0.0,6.0,12.0,NNE,56.0,E,NE,13,17,67,54,1012.5,1008.0,1.0,3.0,27.9,30.3,No,No,0,0,0,0,0,0,28.7,11.2,2.4,13,-4.5,15.0,Dry (<=1 mm),Hot (30-35),Strong (50-70),1.78,1.32,-0.32,1.15,-0.29,,0
2017-01-31,2017,1,Jan,1,Summer,2017-01,31,25.4,39.4,0.0,11.8,4.8,SSE,57.0,ESE,SSE,7,33,36,58,1008.1,1009.7,7.0,7.0,33.2,29.2,No,Yes,0,1,0,0,0,0,32.4,14.0,-4.0,-22,1.6,20.0,Dry (<=1 mm),Extreme heat (>=35),Strong (50-70),3.11,2.4,-0.04,1.24,-1.11,Heat,1
2017-02-01,2017,2,Feb,1,Summer,2017-02,32,20.3,23.6,1.2,9.2,0.0,SSW,33.0,SSW,SSE,6,9,83,79,1016.1,1012.7,8.0,8.0,21.1,22.4,Yes,Yes,1,1,0,0,0,1,21.95,3.3,1.3,4,-3.4,7.5,Light (1-10),Warm (20-30),Moderate (30-50),-1.03,0.05,1.44,-0.77,0.1,,0
2017-02-02,2017,2,Feb,1,Summer,2017-02,33,20.8,27.1,4.4,0.0,6.0,S,50.0,S,SE,30,22,70,56,1013.2,1013.9,7.0,7.0,23.1,25.4,Yes,No,1,0,0,0,0,1,23.95,6.3,2.3,14,0.7,26.0,Light (1-10),Warm (20-30),Strong (50-70),0.07,0.29,-0.38,0.91,-0.42,,0
2017-02-03,2017,2,Feb,1,Summer,2017-02,34,22.3,26.4,0.0,6.6,0.1,NNE,24.0,NNE,NE,11,17,79,63,1015.5,1013.5,8.0,8.0,22.8,26.1,No,No,0,0,0,0,0,0,24.35,4.1,3.3,16,-2.0,14.0,Dry (<=1 mm),Warm (20-30),Light (<30),-0.15,1.01,0.17,-1.66,-0.01,,0
2017-02-04,2017,2,Feb,1,Summer,2017-02,35,22.7,30.4,0.0,4.4,7.2,NNE,35.0,ESE,E,4,17,78,65,1013.9,1010.4,8.0,5.0,26.0,28.1,No,No,0,0,0,0,0,0,26.55,7.7,2.1,13,-3.5,10.5,Dry (<=1 mm),Hot (30-35),Moderate (30-50),1.1,1.2,0.33,-0.58,-0.29,,0
2017-02-05,2017,2,Feb,1,Summer,2017-02,36,25.8,34.9,0.0,9.6,7.0,NW,41.0,E,ENE,4,6,50,41,1010.4,1007.3,7.0,7.0,29.5,34.1,No,No,0,0,0,0,0,0,30.35,9.1,4.6,9,-3.1,5.0,Dry (<=1 mm),Hot (30-35),Moderate (30-50),2.52,2.68,-1.57,0.02,-0.91,,0
2017-02-06,2017,2,Feb,1,Summer,2017-02,37,26.2,34.7,0.0,11.8,10.9,S,48.0,S,SE,19,19,55,44,1011.3,1009.3,1.0,1.0,29.6,33.9,No,Yes,0,1,0,0,0,0,30.45,8.5,4.3,11,-2.0,19.0,Dry (<=1 mm),Hot (30-35),Moderate (30-50),2.45,2.87,-1.33,0.71,-0.75,,0
2017-02-07,2017,2,Feb,1,Summer,2017-02,38,22.1,24.9,6.4,8.2,1.3,W,41.0,S,S,24,19,88,89,1017.6,1018.7,8.0,7.0,22.2,21.0,Yes,Yes,1,1,0,0,1,1,23.5,2.8,-1.2,-1,1.1,21.5,Light (1-10),Warm (20-30),Moderate (30-50),-0.62,0.91,2.23,0.02,0.36,,0
2017-02-08,2017,2,Feb,1,Summer,2017-02,39,20.7,27.0,85.0,3.4,5.9,ESE,46.0,ESE,E,37,19,79,85,1022.1,1021.8,7.0,7.0,24.6,23.1,Yes,Yes,1,1,0,0,0,1,23.85,6.3,-1.5,-6,-0.3,28.0,Very heavy (>50),Warm (20-30),Moderate (30-50),0.04,0.24,1.91,0.51,1.16,Extreme rain,1
2017-02-09,2017,2,Feb,1,Summer,2017-02,40,22.5,30.9,5.4,5.2,11.8,NNE,54.0,NNW,NE,17,20,72,55,1018.6,1013.0,3.0,1.0,25.7,29.7,Yes,No,1,0,0,0,0,1,26.7,8.4,4.0,17,-5.6,18.5,Light (1-10),Hot (30-35),Strong (50-70),1.26,1.1,-0.46,1.31,0.54,,0
2017-02-10,2017,2,Feb,1,Summer,2017-02,41,23.7,37.5,0.0,10.0,12.0,SSE,44.0,NW,ENE,7,17,61,35,1010.4,1006.4,6.0,2.0,27.4,36.2,No,No,0,0,0,0,0,0,30.6,13.8,8.8,26,-4.0,12.0,Dry (<=1 mm),Extreme heat (>=35),Moderate (30-50),3.33,1.67,-2.04,0.32,-0.91,Heat,1
2017-02-11,2017,2,Feb,1,Summer,2017-02,42,23.9,36.2,0.0,11.0,11.4,SSW,63.0,W,E,9,19,72,51,1007.8,1002.7,5.0,3.0,26.4,33.1,No,No,0,0,0,0,0,0,30.05,12.3,6.7,21,-5.1,14.0,Dry (<=1 mm),Extreme heat (>=35),Strong (50-70),2.92,1.77,-0.78,2.2,-1.38,,0
2017-02-12,2017,2,Feb,1,Summer,2017-02,43,24.5,31.9,0.0,10.4,7.8,SSE,59.0,S,SSE,2,33,67,59,1000.5,998.0,1.0,7.0,28.1,28.1,No,No,0,0,0,0,0,0,28.2,7.4,0.0,8,-2.5,17.5,Dry (<=1 mm),Hot (30-35),Strong (50-70),1.58,2.06,-0.14,1.8,-2.67,,0
2017-02-13,2017,2,Feb,1,Summer,2017-02,44,17.8,27.3,0.0,7.0,12.8,SW,37.0,SSW,ESE,19,22,29,32,1008.1,1007.3,1.0,1.0,21.9,26.9,No,No,0,0,0,0,0,0,22.55,9.5,5.0,-3,-0.8,20.5,Dry (<=1 mm),Warm (20-30),Moderate (30-50),0.13,-1.14,-2.28,-0.38,-1.32,,0
2017-02-14,2017,2,Feb,1,Summer,2017-02,45,21.6,24.0,0.0,9.0,1.9,SSE,44.0,E,SSE,17,24,68,73,1015.0,1015.9,5.0,6.0,22.3,21.2,No,Yes,0,1,0,0,1,0,22.8,2.4,-1.1,-5,0.9,20.5,Dry (<=1 mm),Warm (20-30),Moderate (30-50),-0.9,0.67,0.96,0.32,-0.1,,0
2017-02-15,2017,2,Feb,1,Summer,2017-02,46,18.0,26.1,25.6,1.2,10.1,ENE,37.0,WSW,E,7,17,66,52,1017.4,1013.6,4.0,2.0,21.3,26.1,Yes,No,1,0,0,0,0,1,22.05,8.1,4.8,14,-3.8,12.0,Heavy (25-50),Warm (20-30),Moderate (30-50),-0.25,-1.04,-0.7,-0.38,0.33,,0
2017-02-16,2017,2,Feb,1,Summer,2017-02,47,19.5,30.0,0.0,8.0,11.1,NNE,54.0,W,ENE,6,24,63,51,1012.1,1009.0,1.0,1.0,23.4,28.8,No,No,0,0,0,0,0,0,24.75,10.5,5.4,12,-3.1,15.0,Dry (<=1 mm),Hot (30-35),Strong (50-70),0.98,-0.33,-0.78,1.31,-0.61,,0
2017-02-17,2017,2,Feb,1,Summer,2017-02,48,22.6,29.9,0.0,11.2,6.6,N,70.0,NE,NE,9,9,66,59,1009.8,1005.7,4.0,7.0,26.6,26.8,No,Yes,0,1,0,0,0,0,26.25,7.3,0.2,7,-4.1,9.0,Dry (<=1 mm),Warm (20-30),Gale-force (>=70),0.95,1.15,-0.14,2.89,-1.02,,0
2017-02-18,2017,2,Feb,1,Summer,2017-02,49,21.8,29.4,8.0,5.4,7.0,SE,41.0,S,ESE,17,20,79,58,1007.1,1004.9,3.0,2.0,22.9,28.8,Yes,Yes,1,1,0,0,0,1,25.6,7.6,5.9,21,-2.2,18.5,Light (1-10),Warm (20-30),Moderate (30-50),0.79,0.77,-0.22,0.02,-1.5,,0
2017-02-19,2017,2,Feb,1,Summer,2017-02,50,18.6,26.1,3.2,6.4,7.9,S,48.0,W,ESE,17,19,69,48,1008.7,1006.1,5.0,2.0,19.7,25.0,Yes,No,1,0,0,0,0,1,22.35,7.5,5.3,21,-2.6,18.0,Light (1-10),Warm (20-30),Moderate (30-50),-0.25,-0.76,-1.01,0.71,-1.22,,0
2017-02-20,2017,2,Feb,1,Summer,2017-02,51,17.5,28.3,0.6,8.0,12.5,WSW,63.0,W,WNW,35,19,32,18,1010.5,1009.6,0.0,0.0,19.9,27.5,No,No,0,0,0,0,0,0,22.9,10.8,7.6,14,-0.9,27.0,Dry (<=1 mm),Warm (20-30),Strong (50-70),0.45,-1.28,-3.38,2.2,-0.9,Very dry,1
2017-02-21,2017,2,Feb,1,Summer,2017-02,52,16.9,27.6,0.0,10.4,11.7,NNE,33.0,WNW,ESE,17,19,41,36,1019.7,1018.5,6.0,2.0,19.4,26.3,No,No,0,0,0,0,0,0,22.25,10.7,6.9,5,-1.2,18.0,Dry (<=1 mm),Warm (20-30),Moderate (30-50),0.23,-1.57,-1.96,-0.77,0.74,,0
2017-02-22,2017,2,Feb,1,Summer,2017-02,53,19.3,27.7,0.0,7.0,12.2,NE,48.0,NNE,NE,15,22,50,47,1021.6,1018.5,2.0,1.0,25.8,26.2,No,No,0,0,0,0,0,0,23.5,8.4,0.4,3,-3.1,18.5,Dry (<=1 mm),Warm (20-30),Moderate (30-50),0.26,-0.42,-1.09,0.71,1.07,,0
2017-02-23,2017,2,Feb,1,Summer,2017-02,54,21.6,28.1,0.0,11.6,11.5,NNE,46.0,N,ENE,17,22,55,52,1019.8,1017.2,1.0,1.0,25.4,27.3,No,No,0,0,0,0,0,0,24.85,6.5,1.9,3,-2.6,19.5,Dry (<=1 mm),Warm (20-30),Moderate (30-50),0.38,0.67,-0.7,0.51,0.75,,0
2017-02-24,2017,2,Feb,1,Summer,2017-02,55,21.8,28.0,0.0,10.6,5.7,S,31.0,SE,ESE,7,15,69,56,1020.8,1018.6,8.0,7.0,24.5,27.3,No,Yes,0,1,0,0,0,0,24.9,6.2,2.8,13,-2.2,11.0,Dry (<=1 mm),Warm (20-30),Moderate (30-50),0.35,0.77,-0.38,-0.97,0.93,,0
2017-02-25,2017,2,Feb,1,Summer,2017-02,56,18.6,20.8,7.8,4.4,0.0,SSW,44.0,S,SSW,19,19,89,87,1020.5,1020.1,8.0,8.0,18.7,19.0,Yes,Yes,1,1,0,0,0,1,19.7,2.2,0.3,2,-0.4,19.0,Light (1-10),Warm (20-30),Moderate (30-50),-1.91,-0.76,2.07,0.32,0.88,,0
2017-02-26,2017,2,Feb,1,Summer,2017-02,57,18.3,25.5,28.6,5.8,5.3,S,48.0,SSE,SSW,15,24,67,54,1021.8,1021.8,6.0,3.0,20.7,24.3,Yes,Yes,1,1,0,0,0,1,21.9,7.2,3.6,13,0.0,19.5,Heavy (25-50),Warm (20-30),Moderate (30-50),-0.43,-0.9,-0.54,0.71,1.11,,0
2017-02-27,2017,2,Feb,1,Summer,2017-02,58,18.7,26.6,26.4,7.6,7.5,ESE,44.0,SE,SE,19,24,60,47,1024.0,1022.8,7.0,3.0,23.3,25.6,Yes,Yes,1,1,0,0,0,1,22.65,7.9,2.3,13,-1.2,21.5,Heavy (25-50),Warm (20-30),Moderate (30-50),-0.09,-0.71,-1.09,0.32,1.5,,0
2017-02-28,2017,2,Feb,1,Summer,2017-02,59,20.7,26.7,2.6,5.6,9.2,ESE,48.0,ESE,E,19,17,63,61,1022.7,1021.4,6.0,6.0,25.1,26.4,Yes,Yes,1,1,0,0,0,1,23.7,6.0,1.3,2,-1.3,18.0,Light (1-10),Warm (20-30),Moderate (30-50),-0.06,0.24,0.01,0.71,1.27,,0
2017-03-01,2017,3,Mar,1,Autumn,2017-03,60,20.6,27.2,26.4,7.2,2.2,E,43.0,SE,ESE,9,22,87,67,1021.0,1019.4,6.0,7.0,21.4,25.0,Yes,Yes,1,1,0,0,0,1,23.9,6.6,3.6,20,-1.6,15.5,Heavy (25-50),Warm (20-30),Moderate (30-50),0.54,0.81,0.56,0.1,0.54,,0
2017-03-02,2017,3,Mar,1,Autumn,2017-03,61,20.5,26.3,3.2,3.6,7.6,E,26.0,WNW,E,13,15,81,69,1018.1,1016.0,3.0,5.0,23.0,25.0,Yes,Yes,1,1,0,0,0,1,23.4,5.8,2.0,12,-2.1,14.0,Light (1-10),Warm (20-30),Light (<30),0.17,0.77,0.71,-1.34,-0.0,,0
2017-03-03,2017,3,Mar,1,Autumn,2017-03,62,20.7,24.8,37.8,5.2,1.4,SE,63.0,S,SE,6,17,89,85,1016.9,1016.0,7.0,8.0,21.7,22.2,Yes,Yes,1,1,0,0,0,1,22.75,4.1,0.5,4,-0.9,11.5,Heavy (25-50),Warm (20-30),Strong (50-70),-0.44,0.86,1.95,1.8,-0.23,,0
2017-03-04,2017,3,Mar,1,Autumn,2017-03,63,19.9,23.3,27.6,4.0,0.2,SSE,54.0,SE,S,19,20,87,86,1015.2,1013.1,7.0,7.0,21.5,20.9,Yes,Yes,1,1,0,0,0,1,21.6,3.4,-0.6,1,-2.1,19.5,Heavy (25-50),Warm (20-30),Strong (50-70),-1.05,0.49,2.02,1.03,-0.55,,0
2017-03-05,2017,3,Mar,1,Autumn,2017-03,64,20.1,23.0,7.6,2.4,0.0,SW,56.0,W,SW,20,24,78,76,1010.2,1009.6,7.0,7.0,20.4,22.1,Yes,Yes,1,1,0,0,0,1,21.55,2.9,1.7,2,-0.6,22.0,Light (1-10),Warm (20-30),Strong (50-70),-1.18,0.58,1.25,1.2,-1.48,,0
2017-03-06,2017,3,Mar,1,Autumn,2017-03,65,19.6,25.7,2.4,4.0,7.7,SSW,65.0,WSW,SSW,19,33,63,49,1012.8,1013.2,5.0,3.0,20.5,25.5,Yes,No,1,0,0,0,0,1,22.65,6.1,5.0,14,0.4,26.0,Light (1-10),Warm (20-30),Strong (50-70),-0.07,0.35,-0.83,1.97,-1.0,,0
2017-03-07,2017,3,Mar,1,Autumn,2017-03,66,18.8,23.2,0.0,9.4,3.6,SSE,54.0,SW,SSW,13,30,73,62,1017.6,1017.7,7.0,7.0,19.3,21.7,No,Yes,0,1,0,0,0,0,21.0,4.4,2.4,11,0.1,21.5,Dry (<=1 mm),Warm (20-30),Strong (50-70),-1.09,-0.03,0.17,1.03,-0.1,,0
2017-03-08,2017,3,Mar,1,Autumn,2017-03,67,16.9,23.5,5.0,8.8,1.4,SE,46.0,ESE,SE,17,20,67,56,1018.5,1017.4,8.0,8.0,19.9,22.0,Yes,No,1,0,0,0,0,1,20.2,6.6,2.1,11,-1.1,18.5,Light (1-10),Warm (20-30),Moderate (30-50),-0.97,-0.91,-0.29,0.36,0.07,,0
2017-03-09,2017,3,Mar,1,Autumn,2017-03,68,17.9,25.1,1.0,5.4,2.7,SSE,43.0,SE,SSE,15,31,69,54,1017.0,1016.0,7.0,7.0,20.3,23.3,No,No,0,0,0,0,0,0,21.5,7.2,3.0,15,-1.0,23.0,Dry (<=1 mm),Warm (20-30),Moderate (30-50),-0.32,-0.45,-0.45,0.1,-0.21,,0
2017-03-10,2017,3,Mar,1,Autumn,2017-03,69,17.3,25.8,0.6,5.4,7.4,SSE,44.0,W,S,17,24,73,51,1015.1,1014.0,3.0,3.0,19.3,25.1,No,No,0,0,0,0,0,0,21.55,8.5,5.8,22,-1.1,20.5,Dry (<=1 mm),Warm (20-30),Moderate (30-50),-0.03,-0.73,-0.68,0.19,-0.57,,0
2017-03-11,2017,3,Mar,1,Autumn,2017-03,70,16.9,26.1,0.2,5.0,10.7,SSE,31.0,WNW,ESE,17,20,61,47,1014.2,1012.3,5.0,2.0,20.1,25.5,No,No,0,0,0,0,0,0,21.5,9.2,5.4,14,-1.9,18.5,Dry (<=1 mm),Warm (20-30),Moderate (30-50),0.09,-0.91,-0.99,-0.92,-0.73,,0
2017-03-12,2017,3,Mar,1,Autumn,2017-03,71,17.4,26.4,0.0,7.2,10.6,NNE,46.0,NNE,ENE,9,28,62,50,1010.6,1007.7,1.0,1.0,22.3,26.0,No,No,0,0,0,0,0,0,21.9,9.0,3.7,12,-2.9,18.5,Dry (<=1 mm),Warm (20-30),Moderate (30-50),0.21,-0.68,-0.76,0.36,-1.41,,0
2017-03-13,2017,3,Mar,1,Autumn,2017-03,72,22.2,27.4,0.0,7.2,6.2,E,56.0,NNE,E,7,19,68,63,1011.1,1012.4,6.0,6.0,23.7,27.0,No,No,0,0,0,0,0,0,24.8,5.2,3.3,5,1.3,13.0,Dry (<=1 mm),Warm (20-30),Strong (50-70),0.62,1.56,0.25,1.2,-1.32,,0
2017-03-14,2017,3,Mar,1,Autumn,2017-03,73,22.6,25.9,0.4,7.6,0.5,E,44.0,ESE,ENE,20,24,71,67,1019.2,1020.2,7.0,8.0,23.9,21.4,No,Yes,0,1,0,0,1,0,24.25,3.3,-2.5,4,1.0,22.0,Dry (<=1 mm),Warm (20-30),Moderate (30-50),0.01,1.74,0.56,0.19,0.2,,0
2017-03-15,2017,3,Mar,1,Autumn,2017-03,74,19.8,25.9,38.0,4.8,5.5,E,54.0,E,E,30,31,76,67,1020.6,1018.7,7.0,6.0,22.9,24.8,Yes,Yes,1,1,0,0,0,1,22.85,6.1,1.9,9,-1.9,30.5,Heavy (25-50),Warm (20-30),Strong (50-70),0.01,0.44,0.56,1.03,0.47,,0
2017-03-16,2017,3,Mar,1,Autumn,2017-03,75,21.9,24.9,2.6,7.6,1.0,ENE,56.0,ENE,NE,26,24,84,85,1013.2,1009.0,8.0,7.0,23.1,24.5,Yes,Yes,1,1,0,0,0,1,23.4,3.0,1.4,-1,-4.2,25.0,Light (1-10),Warm (20-30),Strong (50-70),-0.4,1.42,1.95,1.2,-0.92,,0
2017-03-17,2017,3,Mar,1,Autumn,2017-03,76,20.0,22.7,20.0,3.0,1.3,S,59.0,SSW,S,26,35,83,81,1018.4,1020.6,8.0,8.0,20.3,20.5,Yes,Yes,1,1,0,0,0,1,21.35,2.7,0.2,2,2.2,30.5,Moderate (10-25),Warm (20-30),Strong (50-70),-1.3,0.53,1.64,1.46,0.05,,0
2017-03-18,2017,3,Mar,1,Autumn,2017-03,77,19.3,25.8,45.8,2.8,3.6,SSE,65.0,SE,ESE,24,22,88,79,1022.9,1022.2,8.0,7.0,21.8,24.1,Yes,Yes,1,1,0,0,0,1,22.55,6.5,2.3,9,-0.7,23.0,Heavy (25-50),Warm (20-30),Strong (50-70),-0.03,0.21,1.48,1.97,0.9,,0
2017-03-19,2017,3,Mar,1,Autumn,2017-03,78,21.6,26.2,4.2,4.8,5.5,ESE,57.0,E,ENE,28,24,86,76,1020.3,1017.9,7.0,7.0,23.7,25.3,Yes,No,1,0,0,0,0,1,23.9,4.6,1.6,10,-2.4,26.0,Light (1-10),Warm (20-30),Strong (50-70),0.13,1.28,1.25,1.29,0.41,,0
2017-03-20,2017,3,Mar,1,Autumn,2017-03,79,23.7,27.9,0.2,8.4,4.4,NNE,39.0,NE,NE,11,20,74,66,1018.5,1015.6,7.0,7.0,25.8,26.9,No,No,0,0,0,0,0,0,25.8,4.2,1.1,8,-2.9,15.5,Dry (<=1 mm),Warm (20-30),Moderate (30-50),0.82,2.26,0.48,-0.24,0.07,,0
2017-03-21,2017,3,Mar,1,Autumn,2017-03,80,23.3,27.1,0.0,5.2,1.5,NNE,30.0,NNE,E,11,17,77,72,1015.7,1012.6,7.0,6.0,24.5,26.0,No,Yes,0,1,0,0,0,0,25.2,3.8,1.5,5,-3.1,14.0,Dry (<=1 mm),Warm (20-30),Moderate (30-50),0.5,2.07,0.94,-1.0,-0.45,,0
2017-03-22,2017,3,Mar,1,Autumn,2017-03,81,22.3,31.9,25.6,6.0,4.4,WSW,63.0,SE,E,4,19,82,57,1012.6,1010.7,7.0,6.0,23.9,29.8,Yes,Yes,1,1,0,0,0,1,27.1,9.6,5.9,25,-1.9,11.5,Heavy (25-50),Hot (30-35),Strong (50-70),2.46,1.6,-0.22,1.8,-1.03,,0
2017-03-23,2017,3,Mar,1,Autumn,2017-03,82,20.7,23.3,18.2,4.8,0.2,SSW,41.0,SSW,SSW,19,20,72,71,1018.5,1017.4,7.0,8.0,21.5,22.2,Yes,Yes,1,1,0,0,0,1,22.0,2.6,0.7,1,-1.1,19.5,Moderate (10-25),Warm (20-30),Moderate (30-50),-1.05,0.86,0.87,-0.07,0.07,,0
2017-03-24,2017,3,Mar,1,Autumn,2017-03,83,18.5,24.1,10.2,7.8,5.5,S,41.0,W,SSW,13,20,85,70,1019.9,1019.1,2.0,7.0,20.4,21.7,Yes,Yes,1,1,0,0,0,1,21.3,5.6,1.3,15,-0.8,16.5,Moderate (10-25),Warm (20-30),Moderate (30-50),-0.73,-0.17,0.79,-0.07,0.33,,0
2017-03-25,2017,3,Mar,1,Autumn,2017-03,84,19.2,24.5,4.8,3.2,4.9,ENE,26.0,WNW,NE,11,13,81,58,1017.8,1014.1,6.0,7.0,20.2,24.2,Yes,No,1,0,0,0,0,1,21.85,5.3,4.0,23,-3.7,12.0,Light (1-10),Warm (20-30),Light (<30),-0.56,0.16,-0.14,-1.34,-0.06,,0
2017-03-26,2017,3,Mar,1,Autumn,2017-03,85,18.9,26.5,0.0,3.0,11.0,ENE,28.0,WNW,E,13,19,74,66,1015.9,1014.7,1.0,2.0,21.3,26.0,No,No,0,0,0,0,0,0,22.7,7.6,4.7,8,-1.2,16.0,Dry (<=1 mm),Warm (20-30),Light (<30),0.25,0.02,0.48,-1.17,-0.42,,0
2017-03-27,2017,3,Mar,1,Autumn,2017-03,86,19.2,27.0,0.0,5.8,11.0,NNE,41.0,W,NE,11,22,76,62,1017.1,1012.3,1.0,1.0,21.8,26.0,No,No,0,0,0,0,0,0,23.1,7.8,4.2,14,-4.8,16.5,Dry (<=1 mm),Warm (20-30),Moderate (30-50),0.46,0.16,0.17,-0.07,-0.19,,0
2017-03-28,2017,3,Mar,1,Autumn,2017-03,87,21.2,23.8,0.0,7.4,0.0,SSW,54.0,SSW,S,19,11,76,69,1013.9,1012.4,7.0,8.0,21.8,23.6,No,No,0,0,0,0,0,0,22.5,2.6,1.8,7,-1.5,15.0,Dry (<=1 mm),Warm (20-30),Strong (50-70),-0.85,1.09,0.71,1.03,-0.79,,0
2017-03-29,2017,3,Mar,1,Autumn,2017-03,88,21.4,28.8,0.0,2.4,8.4,E,30.0,E,E,2,22,84,71,1012.3,1007.4,8.0,1.0,22.5,27.0,No,Yes,0,1,0,0,0,0,25.1,7.4,4.5,13,-4.9,12.0,Dry (<=1 mm),Warm (20-30),Moderate (30-50),1.19,1.19,0.87,-1.0,-1.09,,0
2017-03-30,2017,3,Mar,1,Autumn,2017-03,89,22.5,26.0,2.4,7.4,0.0,SSW,69.0,NNE,SSW,19,28,70,88,1007.0,1007.7,8.0,8.0,25.2,19.2,Yes,Yes,1,1,0,0,1,1,24.25,3.5,-6.0,-18,0.7,23.5,Light (1-10),Warm (20-30),Strong (50-70),0.05,1.7,2.18,2.31,-2.08,,0
2017-03-31,2017,3,Mar,1,Autumn,2017-03,90,15.3,22.6,42.4,4.8,9.9,SW,54.0,W,S,20,28,56,53,1016.4,1015.6,4.0,2.0,16.9,21.6,Yes,No,1,0,0,0,0,1,18.95,7.3,4.7,3,-0.8,24.0,Heavy (25-50),Warm (20-30),Strong (50-70),-1.34,-1.66,-0.53,1.03,-0.32,,0
2017-04-01,2017,4,Apr,2,Autumn,2017-04,91,14.5,25.6,0.0,4.8,10.7,SSE,35.0,W,ESE,17,17,63,48,1018.2,1016.6,1.0,2.0,17.1,22.5,No,No,0,0,0,0,0,0,20.05,11.1,5.4,15,-1.6,17.0,Dry (<=1 mm),Warm (20-30),Moderate (30-50),0.76,-0.37,-0.62,-0.19,-0.42,,0
2017-04-02,2017,4,Apr,2,Autumn,2017-04,92,17.0,22.0,0.0,4.8,5.8,SSE,50.0,SSW,SSE,15,22,66,59,1025.1,1024.7,6.0,6.0,19.8,20.1,No,Yes,0,1,0,0,0,0,19.5,5.0,0.3,7,-0.4,18.5,Dry (<=1 mm),Warm (20-30),Strong (50-70),-0.54,0.72,0.09,0.96,0.81,,0
2017-04-03,2017,4,Apr,2,Autumn,2017-04,93,14.8,22.0,33.8,4.2,1.5,SSE,50.0,W,ESE,19,24,90,49,1028.4,1026.3,8.0,7.0,15.7,21.8,Yes,Yes,1,1,0,0,0,1,18.4,7.2,6.1,41,-2.1,21.5,Heavy (25-50),Warm (20-30),Strong (50-70),-0.54,-0.24,-0.56,0.96,1.4,,0
2017-04-04,2017,4,Apr,2,Autumn,2017-04,94,14.9,22.8,7.8,0.4,6.4,SE,41.0,WNW,SSE,15,20,78,60,1028.1,1026.3,3.0,6.0,17.9,20.7,Yes,No,1,0,0,0,0,1,18.85,7.9,2.8,18,-1.8,17.5,Light (1-10),Warm (20-30),Moderate (30-50),-0.25,-0.2,0.16,0.27,1.34,,0
2017-04-05,2017,4,Apr,2,Autumn,2017-04,95,14.1,23.3,0.4,5.4,10.2,ESE,37.0,W,ESE,9,22,72,45,1026.1,1023.3,3.0,3.0,18.1,22.9,No,No,0,0,0,0,0,0,18.7,9.2,4.8,27,-2.8,15.5,Dry (<=1 mm),Warm (20-30),Moderate (30-50),-0.07,-0.55,-0.82,-0.03,0.99,,0
2017-04-06,2017,4,Apr,2,Autumn,2017-04,96,13.2,23.4,0.2,6.0,8.7,ESE,24.0,W,ENE,17,15,69,42,1026.2,1023.9,2.0,3.0,17.1,23.2,No,No,0,0,0,0,0,0,18.3,10.2,6.1,27,-2.3,16.0,Dry (<=1 mm),Warm (20-30),Light (<30),-0.03,-0.94,-1.01,-1.02,1.0,,0
2017-04-07,2017,4,Apr,2,Autumn,2017-04,97,14.1,23.8,0.0,3.4,10.6,ENE,28.0,WNW,E,11,13,69,41,1028.4,1025.7,2.0,2.0,18.7,23.7,No,No,0,0,0,0,0,0,18.95,9.7,5.0,28,-2.7,12.0,Dry (<=1 mm),Warm (20-30),Light (<30),0.11,-0.55,-1.08,-0.72,1.4,,0
2017-04-08,2017,4,Apr,2,Autumn,2017-04,98,14.9,24.9,0.0,5.0,9.8,ENE,37.0,WNW,NE,13,20,68,49,1026.2,1021.4,4.0,4.0,18.4,23.1,No,No,0,0,0,0,0,0,19.9,10.0,4.7,19,-4.8,16.5,Dry (<=1 mm),Warm (20-30),Moderate (30-50),0.51,-0.2,-0.56,-0.03,1.0,,0
2017-04-09,2017,4,Apr,2,Autumn,2017-04,99,15.5,28.7,0.0,7.0,9.6,WNW,67.0,NW,NNE,7,20,62,35,1015.3,1007.1,1.0,4.0,20.1,27.9,No,Yes,0,1,0,0,0,0,22.1,13.2,7.8,27,-8.2,13.5,Dry (<=1 mm),Warm (20-30),Strong (50-70),1.87,0.06,-1.47,2.25,-0.93,,0
2017-04-10,2017,4,Apr,2,Autumn,2017-04,100,11.7,17.9,8.8,7.8,6.1,W,54.0,WNW,W,26,26,51,56,1009.3,1008.5,7.0,7.0,13.9,15.7,Yes,No,1,0,0,0,0,1,14.8,6.2,1.8,-5,-0.8,26.0,Light (1-10),Mild (<20),Strong (50-70),-2.01,-1.6,-0.1,1.26,-2.0,,0
2017-04-11,2017,4,Apr,2,Autumn,2017-04,101,13.8,23.0,0.0,3.6,2.1,SSW,54.0,W,SSW,22,26,56,48,1017.2,1017.3,7.0,7.0,17.9,22.2,No,Yes,0,1,0,0,0,0,18.4,9.2,4.3,8,0.1,24.0,Dry (<=1 mm),Warm (20-30),Strong (50-70),-0.18,-0.68,-0.62,1.26,-0.6,,0
2017-04-12,2017,4,Apr,2,Autumn,2017-04,102,15.0,22.7,9.4,4.2,2.8,SSW,43.0,W,SSW,19,17,71,75,1023.7,1022.2,7.0,7.0,17.4,20.2,Yes,Yes,1,1,0,0,0,1,18.85,7.7,2.8,-4,-1.5,18.0,Light (1-10),Warm (20-30),Moderate (30-50),-0.28,-0.16,1.13,0.42,0.56,,0
2017-04-13,2017,4,Apr,2,Autumn,2017-04,103,15.3,23.6,19.8,2.4,9.2,SSE,31.0,W,SSE,17,20,80,51,1023.8,1020.9,4.0,3.0,17.3,22.6,Yes,No,1,0,0,0,0,1,19.45,8.3,5.3,29,-2.9,18.5,Moderate (10-25),Warm (20-30),Moderate (30-50),0.04,-0.03,-0.43,-0.49,0.58,,0
2017-04-14,2017,4,Apr,2,Autumn,2017-04,104,13.9,24.7,0.0,4.0,10.8,W,26.0,WNW,SE,11,15,69,41,1022.1,1019.3,1.0,1.0,17.2,23.5,No,No,0,0,0,0,0,0,19.3,10.8,6.3,28,-2.8,13.0,Dry (<=1 mm),Warm (20-30),Light (<30),0.43,-0.64,-1.08,-0.87,0.28,,0
2017-04-15,2017,4,Apr,2,Autumn,2017-04,105,13.2,23.8,0.0,5.2,9.8,W,26.0,W,ESE,13,17,72,55,1021.0,1018.7,1.0,4.0,16.5,22.0,No,No,0,0,0,0,0,0,18.5,10.6,5.5,17,-2.3,15.0,Dry (<=1 mm),Warm (20-30),Light (<30),0.11,-0.94,-0.17,-0.87,0.08,,0
2017-04-16,2017,4,Apr,2,Autumn,2017-04,106,15.2,26.9,0.0,4.4,8.1,WSW,39.0,W,WSW,13,9,75,30,1020.0,1017.4,3.0,5.0,18.2,26.2,No,No,0,0,0,0,0,0,21.05,11.7,8.0,45,-2.6,11.0,Dry (<=1 mm),Warm (20-30),Moderate (30-50),1.22,-0.07,-1.79,0.12,-0.1,,0
2017-04-17,2017,4,Apr,2,Autumn,2017-04,107,14.2,24.1,0.0,3.0,8.9,W,24.0,WNW,ESE,15,13,68,55,1024.4,1022.1,2.0,2.0,17.4,22.3,No,No,0,0,0,0,0,0,19.15,9.9,4.9,13,-2.3,14.0,Dry (<=1 mm),Warm (20-30),Light (<30),0.22,-0.51,-0.17,-1.02,0.68,,0
2017-04-18,2017,4,Apr,2,Autumn,2017-04,108,16.0,24.3,0.0,4.0,9.3,ESE,24.0,W,E,15,17,73,55,1027.0,1025.3,1.0,1.0,19.2,23.0,No,No,0,0,0,0,0,0,20.15,8.3,3.8,18,-1.7,16.0,Dry (<=1 mm),Warm (20-30),Light (<30),0.29,0.28,-0.17,-1.02,1.15,,0
2017-04-19,2017,4,Apr,2,Autumn,2017-04,109,15.2,24.9,0.0,4.6,6.1,SE,30.0,W,SE,17,15,72,63,1030.6,1028.1,3.0,6.0,17.7,22.3,No,No,0,0,0,0,0,0,20.05,9.7,4.6,9,-2.5,16.0,Dry (<=1 mm),Warm (20-30),Moderate (30-50),0.51,-0.07,0.35,-0.57,1.79,,0
2017-04-20,2017,4,Apr,2,Autumn,2017-04,110,16.2,24.0,0.2,3.8,9.9,E,30.0,WNW,ENE,9,20,83,48,1030.3,1027.5,4.0,2.0,19.0,23.0,No,No,0,0,0,0,0,0,20.1,7.8,4.0,35,-2.8,14.5,Dry (<=1 mm),Warm (20-30),Moderate (30-50),0.18,0.37,-0.62,-0.57,1.73,,0
2017-04-21,2017,4,Apr,2,Autumn,2017-04,111,14.4,23.9,0.0,4.0,7.2,ENE,26.0,WNW,E,15,17,68,58,1028.4,1024.8,5.0,6.0,17.9,22.4,No,No,0,0,0,0,0,0,19.15,9.5,4.5,10,-3.6,16.0,Dry (<=1 mm),Warm (20-30),Light (<30),0.15,-0.42,0.03,-0.87,1.4,,0
2017-04-22,2017,4,Apr,2,Autumn,2017-04,112,17.7,24.1,0.0,4.2,3.5,N,19.0,NNE,ENE,2,15,68,60,1025.9,1022.2,7.0,5.0,19.9,22.5,No,No,0,0,0,0,0,0,20.9,6.4,2.6,8,-3.7,8.5,Dry (<=1 mm),Warm (20-30),Light (<30),0.22,1.02,0.16,-1.4,0.95,,0
2017-04-23,2017,4,Apr,2,Autumn,2017-04,113,15.9,26.7,0.0,3.6,9.5,E,22.0,WNW,ESE,11,17,74,58,1024.1,1020.9,1.0,2.0,18.5,23.6,No,No,0,0,0,0,0,0,21.3,10.8,5.1,16,-3.2,14.0,Dry (<=1 mm),Warm (20-30),Light (<30),1.15,0.24,0.03,-1.17,0.63,,0
2017-04-24,2017,4,Apr,2,Autumn,2017-04,114,15.7,23.9,0.0,3.0,10.0,NNE,24.0,W,E,15,17,74,61,1022.7,1018.4,1.0,3.0,18.2,22.7,No,No,0,0,0,0,0,0,19.8,8.2,4.5,13,-4.3,16.0,Dry (<=1 mm),Warm (20-30),Light (<30),0.15,0.15,0.22,-1.02,0.38,,0
2017-04-25,2017,4,Apr,2,Autumn,2017-04,115,18.2,26.7,0.0,4.4,3.0,NW,39.0,E,NW,4,22,69,65,1014.0,1008.8,7.0,7.0,20.6,21.9,No,Yes,0,1,0,0,0,0,22.45,8.5,1.3,4,-5.2,13.0,Dry (<=1 mm),Warm (20-30),Moderate (30-50),1.15,1.24,0.48,0.12,-1.17,,0
2017-04-27,2017,4,Apr,2,Autumn,2017-04,117,12.1,20.0,0.4,7.0,8.2,S,46.0,W,S,22,24,46,45,1015.8,1015.2,2.0,4.0,13.1,18.5,No,No,0,0,0,0,0,0,16.05,7.9,5.4,1,-0.6,23.0,Dry (<=1 mm),Warm (20-30),Moderate (30-50),-1.25,-1.42,-0.82,0.65,-0.84,,0
2017-04-28,2017,4,Apr,2,Autumn,2017-04,118,10.2,21.8,0.0,5.0,10.4,SW,44.0,W,S,22,13,51,39,1022.7,1020.3,1.0,5.0,13.5,20.1,No,No,0,0,0,0,0,0,16.0,11.6,6.6,12,-2.4,17.5,Dry (<=1 mm),Warm (20-30),Moderate (30-50),-0.61,-2.25,-1.21,0.5,0.38,,0
2017-04-29,2017,4,Apr,2,Autumn,2017-04,119,10.8,22.7,0.0,3.6,10.5,W,31.0,W,ESE,24,13,60,51,1020.8,1018.2,1.0,3.0,14.0,21.2,No,No,0,0,0,0,0,0,16.75,11.9,7.2,9,-2.6,18.5,Dry (<=1 mm),Warm (20-30),Moderate (30-50),-0.28,-1.99,-0.43,-0.49,0.04,,0
2017-04-30,2017,4,Apr,2,Autumn,2017-04,120,14.0,22.6,0.0,3.0,7.8,SSE,28.0,WNW,SE,15,13,66,59,1023.0,1020.9,7.0,4.0,17.2,20.5,No,No,0,0,0,0,0,0,18.3,8.6,3.3,7,-2.1,14.0,Dry (<=1 mm),Warm (20-30),Light (<30),-0.32,-0.59,0.09,-0.72,0.44,,0
2017-05-01,2017,5,May,2,Autumn,2017-05,121,13.2,25.6,0.0,4.0,9.5,NNW,30.0,W,N,11,19,78,40,1019.5,1014.9,5.0,5.0,15.9,24.2,No,No,0,0,0,0,0,0,19.4,12.4,8.3,38,-4.6,15.0,Dry (<=1 mm),Warm (20-30),Moderate (30-50),1.73,0.52,-0.77,-0.59,-0.24,,0
2017-05-02,2017,5,May,2,Autumn,2017-05,122,14.6,23.9,0.0,5.0,8.4,SSW,39.0,W,SSW,17,15,65,33,1017.5,1016.0,3.0,6.0,17.2,23.2,No,Yes,0,1,0,0,0,0,19.25,9.3,6.0,32,-1.5,16.0,Dry (<=1 mm),Warm (20-30),Moderate (30-50),1.07,1.19,-1.22,0.16,-0.54,,0
2017-05-03,2017,5,May,2,Autumn,2017-05,123,14.9,18.4,1.4,5.0,3.4,S,43.0,S,SSE,17,15,61,67,1027.0,1027.3,6.0,8.0,16.9,16.3,Yes,Yes,1,1,0,0,0,1,16.65,3.5,-0.6,-6,0.3,16.0,Light (1-10),Mild (<20),Moderate (30-50),-1.07,1.33,0.96,0.49,0.89,,0
2017-05-04,2017,5,May,2,Autumn,2017-05,124,11.8,20.0,3.8,3.8,3.3,W,24.0,WNW,ESE,13,13,78,45,1031.6,1029.4,6.0,7.0,14.7,19.5,Yes,No,1,0,0,0,0,1,15.9,8.2,4.8,33,-2.2,13.0,Light (1-10),Warm (20-30),Light (<30),-0.45,-0.15,-0.45,-1.09,1.58,,0
2017-05-05,2017,5,May,2,Autumn,2017-05,125,12.7,21.6,0.4,2.4,8.5,E,26.0,WNW,ENE,15,20,74,54,1031.2,1027.8,1.0,1.0,15.1,20.5,No,No,0,0,0,0,0,0,17.15,8.9,5.4,20,-3.4,17.5,Dry (<=1 mm),Warm (20-30),Light (<30),0.17,0.28,0.12,-0.92,1.52,,0
2017-05-06,2017,5,May,2,Autumn,2017-05,126,12.7,26.2,0.0,4.0,8.4,NNW,43.0,W,N,11,13,77,39,1025.9,1021.1,7.0,6.0,14.8,25.2,No,No,0,0,0,0,0,0,19.45,13.5,10.4,38,-4.8,12.0,Dry (<=1 mm),Warm (20-30),Moderate (30-50),1.97,0.28,-0.84,0.49,0.72,,0
2017-05-07,2017,5,May,2,Autumn,2017-05,127,14.6,22.2,0.2,4.0,10.0,W,50.0,W,ESE,22,13,47,25,1023.6,1023.2,1.0,1.0,17.2,21.1,No,No,0,0,0,0,0,0,18.4,7.6,3.9,22,-0.4,17.5,Dry (<=1 mm),Warm (20-30),Strong (50-70),0.41,1.19,-1.73,1.07,0.38,,0
2017-05-08,2017,5,May,2,Autumn,2017-05,128,10.2,20.1,0.0,4.8,9.9,SSW,33.0,W,SE,22,20,49,41,1027.9,1025.1,2.0,1.0,12.2,18.9,No,No,0,0,0,0,0,0,15.15,9.9,6.7,8,-2.8,21.0,Dry (<=1 mm),Warm (20-30),Moderate (30-50),-0.41,-0.91,-0.71,-0.34,1.02,,0
2017-05-09,2017,5,May,2,Autumn,2017-05,129,10.7,21.0,0.0,9.6,7.5,SSE,31.0,W,S,19,13,67,45,1026.9,1024.0,5.0,1.0,13.3,19.8,No,No,0,0,0,0,0,0,15.85,10.3,6.5,22,-2.9,16.0,Dry (<=1 mm),Warm (20-30),Moderate (30-50),-0.06,-0.67,-0.45,-0.51,0.87,,0
2017-05-10,2017,5,May,2,Autumn,2017-05,130,10.5,21.7,0.0,3.4,10.0,W,37.0,W,SE,20,13,70,52,1025.1,1021.9,1.0,1.0,13.3,20.3,No,No,0,0,0,0,0,0,16.1,11.2,7.0,18,-3.2,16.5,Dry (<=1 mm),Warm (20-30),Moderate (30-50),0.21,-0.77,-0.0,-0.01,0.6,,0
2017-05-11,2017,5,May,2,Autumn,2017-05,131,10.9,22.1,0.0,2.0,8.5,W,30.0,W,SSE,24,19,73,56,1024.7,1022.9,1.0,7.0,13.4,19.7,No,No,0,0,0,0,0,0,16.5,11.2,6.3,17,-1.8,21.5,Dry (<=1 mm),Warm (20-30),Moderate (30-50),0.37,-0.58,0.25,-0.59,0.54,,0
2017-05-12,2017,5,May,2,Autumn,2017-05,132,12.5,19.6,0.4,2.6,1.7,WNW,26.0,W,ESE,19,17,78,71,1027.0,1024.5,7.0,7.0,14.1,18.5,No,Yes,0,1,0,0,0,0,16.05,7.1,4.4,7,-2.5,18.0,Dry (<=1 mm),Mild (<20),Light (<30),-0.61,0.19,1.21,-0.92,0.89,,0
2017-05-13,2017,5,May,2,Autumn,2017-05,133,14.0,21.3,3.2,0.6,7.3,ENE,28.0,WNW,NE,11,17,86,67,1024.9,1021.7,1.0,7.0,15.8,20.1,Yes,No,1,0,0,0,0,1,17.65,7.3,4.3,19,-3.2,14.0,Light (1-10),Warm (20-30),Light (<30),0.06,0.9,0.96,-0.76,0.57,,0
2017-05-14,2017,5,May,2,Autumn,2017-05,134,14.7,18.7,0.0,4.0,0.3,ESE,26.0,SW,SE,7,9,89,74,1021.9,1019.2,7.0,7.0,16.3,18.1,No,Yes,0,1,0,0,0,0,16.7,4.0,1.8,15,-2.7,8.0,Dry (<=1 mm),Mild (<20),Light (<30),-0.96,1.24,1.4,-0.92,0.12,,0
2017-05-15,2017,5,May,2,Autumn,2017-05,135,13.1,20.8,5.2,1.6,5.5,SSW,43.0,W,SSW,20,20,75,49,1017.1,1014.0,7.0,1.0,14.6,20.2,Yes,No,1,0,0,0,0,1,16.95,7.7,5.6,26,-3.1,20.0,Light (1-10),Warm (20-30),Moderate (30-50),-0.14,0.47,-0.2,0.49,-0.61,,0
2017-05-16,2017,5,May,2,Autumn,2017-05,136,11.1,21.9,0.0,3.0,9.9,W,33.0,W,SSE,19,11,59,39,1017.9,1016.5,1.0,1.0,14.4,20.3,No,No,0,0,0,0,0,0,16.5,10.8,5.9,20,-1.4,15.0,Dry (<=1 mm),Warm (20-30),Moderate (30-50),0.29,-0.48,-0.84,-0.34,-0.48,,0
2017-05-17,2017,5,May,2,Autumn,2017-05,137,9.8,20.2,0.0,3.4,9.5,W,28.0,W,E,17,17,72,52,1023.4,1021.3,1.0,2.0,12.7,19.6,No,No,0,0,0,0,0,0,15.0,10.4,6.9,20,-2.1,17.0,Dry (<=1 mm),Warm (20-30),Light (<30),-0.37,-1.11,-0.0,-0.76,0.35,,0
2017-05-18,2017,5,May,2,Autumn,2017-05,138,12.6,21.5,0.0,3.6,6.4,E,33.0,WNW,E,15,22,79,62,1027.0,1024.7,7.0,4.0,14.8,20.2,No,No,0,0,0,0,0,0,17.05,8.9,5.4,17,-2.3,18.5,Dry (<=1 mm),Warm (20-30),Moderate (30-50),0.13,0.23,0.64,-0.34,0.89,,0
2017-05-19,2017,5,May,2,Autumn,2017-05,139,14.8,20.4,0.0,1.4,0.5,NNE,43.0,NE,NNE,11,17,78,72,1025.3,1020.9,7.0,7.0,19.5,20.2,No,Yes,0,1,0,0,0,0,17.6,5.6,0.7,6,-4.4,14.0,Dry (<=1 mm),Warm (20-30),Moderate (30-50),-0.29,1.29,1.28,0.49,0.63,,0
2017-05-20,2017,5,May,2,Autumn,2017-05,140,16.7,23.2,14.6,1.0,5.4,NE,35.0,NW,WNW,11,9,86,58,1017.9,1015.4,8.0,3.0,17.5,22.8,Yes,No,1,0,0,0,0,1,19.95,6.5,5.3,28,-2.5,10.0,Moderate (10-25),Warm (20-30),Moderate (30-50),0.8,2.19,0.38,-0.18,-0.48,,0
2017-05-21,2017,5,May,2,Autumn,2017-05,141,13.8,23.5,0.0,4.0,9.2,W,30.0,W,ESE,22,17,69,49,1021.0,1019.3,2.0,1.0,15.7,21.9,No,No,0,0,0,0,0,0,18.65,9.7,6.2,20,-1.7,19.5,Dry (<=1 mm),Warm (20-30),Moderate (30-50),0.91,0.81,-0.2,-0.59,-0.02,,0
2017-05-22,2017,5,May,2,Autumn,2017-05,142,13.0,21.0,0.0,1.0,6.9,W,22.0,W,E,17,11,84,65,1024.7,1021.9,2.0,4.0,14.7,20.1,No,No,0,0,0,0,0,0,17.0,8.0,5.4,19,-2.8,14.0,Dry (<=1 mm),Warm (20-30),Light (<30),-0.06,0.43,0.83,-1.26,0.54,,0
2017-05-23,2017,5,May,2,Autumn,2017-05,143,14.7,22.6,0.0,2.4,8.8,ENE,24.0,WNW,ENE,11,17,82,65,1022.1,1017.2,1.0,2.0,16.6,22.4,No,No,0,0,0,0,0,0,18.65,7.9,5.8,17,-4.9,14.0,Dry (<=1 mm),Warm (20-30),Light (<30),0.56,1.24,0.83,-1.09,0.15,,0
2017-05-24,2017,5,May,2,Autumn,2017-05,144,14.8,22.7,0.8,3.4,9.0,WSW,54.0,NNW,WSW,7,22,77,31,1014.7,1012.7,5.0,1.0,16.7,22.5,No,No,0,0,0,0,0,0,18.75,7.9,5.8,46,-2.0,14.5,Dry (<=1 mm),Warm (20-30),Strong (50-70),0.6,1.29,-1.35,1.41,-0.97,,0
2017-05-25,2017,5,May,2,Autumn,2017-05,145,11.6,21.4,0.0,5.6,9.6,WSW,33.0,W,E,22,11,60,43,1021.3,1018.9,1.0,0.0,14.0,19.7,No,No,0,0,0,0,0,0,16.5,9.8,5.7,17,-2.4,16.5,Dry (<=1 mm),Warm (20-30),Moderate (30-50),0.1,-0.24,-0.58,-0.34,0.03,,0
2017-05-26,2017,5,May,2,Autumn,2017-05,146,10.6,20.8,0.0,1.8,9.8,W,30.0,W,S,19,13,58,56,1021.7,1019.7,2.0,3.0,14.0,19.6,No,No,0,0,0,0,0,0,15.7,10.2,5.6,2,-2.0,16.0,Dry (<=1 mm),Warm (20-30),Moderate (30-50),-0.14,-0.72,0.25,-0.59,0.09,,0
2017-05-27,2017,5,May,2,Autumn,2017-05,147,12.6,20.6,0.0,2.8,7.0,W,24.0,W,ENE,19,15,77,65,1021.8,1017.6,3.0,3.0,14.2,19.4,No,No,0,0,0,0,0,0,16.6,8.0,5.2,12,-4.2,17.0,Dry (<=1 mm),Warm (20-30),Light (<30),-0.22,0.23,0.83,-1.09,0.1,,0
2017-05-28,2017,5,May,2,Autumn,2017-05,148,11.9,23.7,0.0,2.4,8.4,NNW,48.0,W,NW,13,24,83,37,1013.2,1009.0,1.0,6.0,13.3,23.2,No,No,0,0,0,0,0,0,17.8,11.8,9.9,46,-4.2,18.5,Dry (<=1 mm),Warm (20-30),Moderate (30-50),0.99,-0.1,-0.96,0.91,-1.19,,0
2017-05-29,2017,5,May,2,Autumn,2017-05,149,11.4,18.3,0.0,5.2,9.4,W,56.0,SW,WSW,15,19,44,30,1017.8,1018.6,1.0,1.0,13.5,17.5,No,No,0,0,0,0,0,0,14.85,6.9,4.0,14,0.8,17.0,Dry (<=1 mm),Mild (<20),Strong (50-70),-1.11,-0.34,-1.41,1.57,-0.5,,0
2017-05-30,2017,5,May,2,Autumn,2017-05,150,7.1,17.1,0.0,3.4,9.7,WSW,39.0,W,WNW,17,17,60,37,1023.1,1020.1,1.0,6.0,9.7,16.7,No,No,0,0,0,0,0,0,12.1,10.0,7.0,23,-3.0,17.0,Dry (<=1 mm),Mild (<20),Moderate (30-50),-1.58,-2.4,-0.96,0.16,0.3,,0
2017-05-31,2017,5,May,2,Autumn,2017-05,151,9.7,16.3,0.0,3.4,7.8,SSW,52.0,SSW,SSW,20,28,58,43,1025.4,1026.0,6.0,4.0,13.4,15.9,No,No,0,0,0,0,0,0,13.0,6.6,2.5,15,0.6,24.0,Dry (<=1 mm),Mild (<20),Strong (50-70),-1.89,-1.15,-0.58,1.24,0.65,,0
2017-06-01,2017,6,Jun,2,Winter,2017-06,152,8.0,18.3,0.0,4.8,9.7,WSW,43.0,W,SSW,28,26,54,39,1032.8,1031.2,1.0,1.0,10.3,17.8,No,No,0,0,0,0,0,0,13.15,10.3,7.5,15,-1.6,27.0,Dry (<=1 mm),Mild (<20),Moderate (30-50),-0.04,-1.12,-1.03,0.2,1.45,,0
2017-06-02,2017,6,Jun,2,Winter,2017-06,153,8.5,18.1,0.0,3.2,4.8,SSW,41.0,W,SSW,24,20,61,50,1032.7,1030.8,1.0,4.0,10.7,16.4,No,No,0,0,0,0,0,0,13.3,9.6,5.7,11,-1.9,22.0,Dry (<=1 mm),Mild (<20),Moderate (30-50),-0.14,-0.9,-0.42,0.07,1.44,,0
2017-06-03,2017,6,Jun,2,Winter,2017-06,154,10.7,17.4,0.0,3.4,2.1,S,41.0,W,S,20,22,64,66,1031.1,1028.8,4.0,7.0,13.4,16.4,No,Yes,0,1,0,0,0,0,14.05,6.7,3.0,-2,-2.3,21.0,Dry (<=1 mm),Mild (<20),Moderate (30-50),-0.48,0.07,0.47,0.07,1.23,,0
2017-06-04,2017,6,Jun,2,Winter,2017-06,155,10.5,19.7,1.4,0.6,6.8,W,28.0,W,SSE,20,17,77,57,1028.3,1024.5,1.0,2.0,12.2,19.0,Yes,No,1,0,0,0,0,1,15.1,9.2,6.8,20,-3.8,18.5,Light (1-10),Mild (<20),Light (<30),0.65,-0.02,-0.03,-0.81,0.87,,0
2017-06-05,2017,6,Jun,2,Winter,2017-06,156,9.4,19.6,0.0,2.8,9.4,W,28.0,W,WSW,20,7,78,41,1025.0,1021.5,3.0,5.0,11.5,19.2,No,No,0,0,0,0,0,0,14.5,10.2,7.7,37,-3.5,13.5,Dry (<=1 mm),Mild (<20),Light (<30),0.6,-0.5,-0.92,-0.81,0.45,,0
2017-06-06,2017,6,Jun,2,Winter,2017-06,157,9.1,17.9,0.0,2.2,7.2,WSW,59.0,W,S,19,15,58,43,1019.7,1017.7,2.0,2.0,11.2,14.7,No,Yes,0,1,0,0,0,0,13.5,8.8,3.5,15,-2.0,17.0,Dry (<=1 mm),Mild (<20),Strong (50-70),-0.23,-0.64,-0.81,1.28,-0.24,,0
2017-06-07,2017,6,Jun,2,Winter,2017-06,158,8.8,15.5,54.6,2.6,0.0,SSW,56.0,SSW,S,24,17,82,85,1020.2,1019.6,8.0,8.0,13.3,14.2,Yes,Yes,1,1,0,0,0,1,12.15,6.7,0.9,-3,-0.6,20.5,Very heavy (>50),Mild (<20),Strong (50-70),-1.42,-0.77,1.53,1.08,-0.17,Extreme rain,1
2017-06-08,2017,6,Jun,2,Winter,2017-06,159,12.4,18.1,61.0,1.8,1.3,SE,44.0,W,S,17,15,91,84,1024.2,1023.4,5.0,6.0,13.3,16.9,Yes,Yes,1,1,0,0,0,1,15.25,5.7,3.6,7,-0.8,16.0,Very heavy (>50),Mild (<20),Moderate (30-50),-0.14,0.82,1.48,0.27,0.34,Extreme rain,1
2017-06-09,2017,6,Jun,2,Winter,2017-06,160,10.4,18.9,3.4,1.6,4.8,ESE,52.0,W,SSE,19,28,90,64,1027.6,1026.7,6.0,7.0,12.5,18.2,Yes,Yes,1,1,0,0,0,1,14.65,8.5,5.7,26,-0.9,23.5,Light (1-10),Mild (<20),Strong (50-70),0.26,-0.06,0.36,0.81,0.78,,0
2017-06-10,2017,6,Jun,2,Winter,2017-06,161,12.5,18.1,38.8,3.6,0.2,SSE,50.0,SE,SSE,17,15,85,70,1031.9,1030.2,7.0,7.0,15.8,17.5,Yes,Yes,1,1,0,0,0,1,15.3,5.6,1.7,15,-1.7,16.0,Heavy (25-50),Mild (<20),Strong (50-70),-0.14,0.87,0.7,0.68,1.34,,0
2017-06-11,2017,6,Jun,2,Winter,2017-06,162,12.5,17.2,2.8,1.6,0.2,WNW,20.0,W,W,15,6,90,85,1029.2,1025.9,5.0,6.0,13.1,16.0,Yes,Yes,1,1,0,0,0,1,14.85,4.7,2.9,5,-3.3,10.5,Light (1-10),Mild (<20),Light (<30),-0.58,0.87,1.53,-1.35,0.99,,0
2017-06-12,2017,6,Jun,2,Winter,2017-06,163,11.3,20.4,1.2,0.8,7.5,SSE,26.0,WNW,SSE,15,15,92,59,1025.0,1024.0,2.0,3.0,11.6,19.1,Yes,No,1,0,0,0,0,1,15.85,9.1,7.5,33,-1.0,15.0,Light (1-10),Warm (20-30),Light (<30),1.0,0.34,0.08,-0.94,0.45,,0
2017-06-13,2017,6,Jun,2,Winter,2017-06,164,9.5,18.7,0.0,2.2,9.1,SSE,37.0,W,SSE,20,22,82,62,1030.0,1029.1,2.0,3.0,11.2,18.2,No,Yes,0,1,0,0,0,0,14.1,9.2,7.0,20,-0.9,21.0,Dry (<=1 mm),Mild (<20),Moderate (30-50),0.16,-0.46,0.25,-0.2,1.09,,0
2017-06-14,2017,6,Jun,2,Winter,2017-06,165,11.1,17.8,2.6,1.8,2.9,WNW,24.0,WNW,ENE,13,9,82,78,1031.3,1028.4,3.0,7.0,13.3,17.4,Yes,No,1,0,0,0,0,1,14.45,6.7,4.1,4,-2.9,11.0,Light (1-10),Mild (<20),Light (<30),-0.28,0.25,1.14,-1.08,1.26,,0
2017-06-15,2017,6,Jun,2,Winter,2017-06,166,10.7,20.1,0.6,1.2,6.4,W,22.0,W,ENE,13,15,89,69,1027.9,1024.4,2.0,6.0,11.9,18.7,No,No,0,0,0,0,0,0,15.4,9.4,6.8,20,-3.5,14.0,Dry (<=1 mm),Warm (20-30),Light (<30),0.85,0.07,0.64,-1.21,0.82,,0
2017-06-16,2017,6,Jun,2,Winter,2017-06,167,11.9,17.3,0.0,1.6,0.2,WNW,26.0,W,WSW,19,7,79,69,1026.2,1023.5,7.0,7.0,13.3,17.2,No,No,0,0,0,0,0,0,14.6,5.4,3.9,10,-2.7,13.0,Dry (<=1 mm),Mild (<20),Light (<30),-0.53,0.6,0.64,-0.94,0.6,,0
2017-06-17,2017,6,Jun,2,Winter,2017-06,168,13.2,19.1,0.0,1.0,0.2,SSW,26.0,WNW,SSW,9,13,81,67,1024.3,1021.8,7.0,7.0,14.6,17.4,No,Yes,0,1,0,0,0,0,16.15,5.9,2.8,14,-2.5,11.0,Dry (<=1 mm),Mild (<20),Light (<30),0.36,1.18,0.53,-0.94,0.36,,0
2017-06-18,2017,6,Jun,2,Winter,2017-06,169,11.3,18.0,1.8,2.0,6.3,S,52.0,SW,SSW,13,28,83,62,1025.7,1025.8,3.0,5.0,12.9,17.6,Yes,No,1,0,0,0,0,1,14.65,6.7,4.7,21,0.1,20.5,Light (1-10),Mild (<20),Strong (50-70),-0.19,0.34,0.25,0.81,0.54,,0
2017-06-19,2017,6,Jun,2,Winter,2017-06,170,11.2,18.3,0.4,2.2,1.9,SSW,37.0,W,S,17,19,79,69,1030.4,1028.4,6.0,7.0,12.7,17.2,No,Yes,0,1,0,0,0,0,14.75,7.1,4.5,10,-2.0,18.0,Dry (<=1 mm),Mild (<20),Moderate (30-50),-0.04,0.29,0.64,-0.2,1.14,,0
2017-06-20,2017,6,Jun,2,Winter,2017-06,171,11.3,20.0,4.4,2.2,5.8,W,26.0,W,SSW,19,9,88,60,1028.7,1025.2,6.0,1.0,11.9,19.7,Yes,No,1,0,0,0,0,1,15.65,8.7,7.8,28,-3.5,14.0,Light (1-10),Warm (20-30),Light (<30),0.8,0.34,0.14,-0.94,0.92,,0
2017-06-21,2017,6,Jun,2,Winter,2017-06,172,8.6,19.6,0.0,2.0,7.8,SSE,37.0,W,SSE,22,20,73,52,1025.9,1025.3,2.0,2.0,10.5,17.9,No,No,0,0,0,0,0,0,14.1,11.0,7.4,21,-0.6,21.0,Dry (<=1 mm),Mild (<20),Moderate (30-50),0.6,-0.86,-0.31,-0.2,0.56,,0
2017-06-22,2017,6,Jun,2,Winter,2017-06,173,9.3,19.2,0.0,2.0,9.2,W,30.0,W,ESE,20,7,78,53,1028.5,1024.6,2.0,2.0,11.0,18.7,No,No,0,0,0,0,0,0,14.25,9.9,7.7,25,-3.9,13.5,Dry (<=1 mm),Mild (<20),Moderate (30-50),0.41,-0.55,-0.25,-0.67,0.9,,0
2017-06-23,2017,6,Jun,2,Winter,2017-06,174,9.4,17.7,0.0,2.4,2.7,W,24.0,WNW,N,15,13,85,56,1020.8,1015.0,6.0,6.0,10.2,17.3,No,No,0,0,0,0,0,0,13.55,8.3,7.1,29,-5.8,14.0,Dry (<=1 mm),Mild (<20),Light (<30),-0.33,-0.5,-0.08,-1.08,-0.1,,0
2017-06-24,2017,6,Jun,2,Winter,2017-06,175,10.1,19.3,0.0,1.4,9.3,W,43.0,W,W,17,19,56,35,1017.3,1015.1,5.0,2.0,12.4,19.0,No,No,0,0,0,0,0,0,14.7,9.2,6.6,21,-2.2,18.0,Dry (<=1 mm),Mild (<20),Moderate (30-50),0.45,-0.19,-1.26,0.2,-0.55,,0
2017-06-25,2017,6,Jun,2,Winter,2017-06,176,7.6,19.3,0.0,3.4,9.4,W,35.0,W,W,13,13,73,32,1018.6,1015.4,1.0,1.0,9.4,18.8,No,No,0,0,0,0,0,0,13.45,11.7,9.4,41,-3.2,13.0,Dry (<=1 mm),Mild (<20),Moderate (30-50),0.45,-1.3,-1.42,-0.34,-0.38,,0
