Customer_ID,Name,First_Name,Last_Name,Gender,Gender_Name_Conflict,Age,Age_Group,Age_Status,Email,Email_Domain,Phone_Status,Purchase_Amount,Amount_Status,Spend_Band,Purchase_Date,Date_Status,Year,Quarter,Year_Month,Month_Num,Month_Name,Weekday_Num,Weekday,Full_Month,Product_Category,Rating,Rating_Status,Rating_Band,Valid_Fields,Complete_Record
CUST1000,Ali Hassan,Ali,Hassan,Unknown,n/a,72,60-74,Valid,ali.hassan@gmail.com,gmail.com,Placeholder,837.31,Recorded,$750+,2023-10-12,Valid,2023,2023-Q4,2023-10,10,Oct,4,Thu,Yes,Books,3,Valid,Neutral (3),5,No
CUST1001,Fatma Ali,Fatma,Ali,Female,No,,Unknown,Missing,fatma.ali@hotmail.com,hotmail.com,Missing,900.25,Recorded,$750+,2023-02-23,Valid,2023,2023-Q1,2023-02,2,Feb,4,Thu,Yes,Unknown,3,Valid,Neutral (3),4,No
CUST1002,Ahmed Mahmoud,Ahmed,Mahmoud,Male,No,,Unknown,Placeholder -1,ahmed.mahmoud@hotmail.com,hotmail.com,Missing,761.72,Recorded,$750+,2023-07-07,Valid,2023,2023-Q3,2023-07,7,Jul,5,Fri,Yes,Toys,2,Valid,Dissatisfied (1-2),5,No
CUST1003,Ahmed Gaber,Ahmed,Gaber,Female,Yes,,Unknown,Placeholder -1,ahmed.gaber@gmail.com,gmail.com,Missing,303.72,Recorded,$250-499,2023-12-30,Valid,2023,2023-Q4,2023-12,12,Dec,6,Sat,Yes,Unknown,2,Valid,Dissatisfied (1-2),4,No
CUST1004,Ali Ibrahim,Ali,Ibrahim,Male,No,73,60-74,Valid,ali.ibrahim@yahoo.com,yahoo.com,Placeholder,635.81,Recorded,$500-749,2023-12-07,Valid,2023,2023-Q4,2023-12,12,Dec,4,Thu,Yes,Clothing,2,Valid,Dissatisfied (1-2),6,Yes
CUST1005,Alaa Ibrahim,Alaa,Ibrahim,Female,n/a,,Unknown,Missing,alaa.ibrahim@hotmail.com,hotmail.com,Placeholder,886.26,Recorded,$750+,2025-01-16,Valid,2025,2025-Q1,2025-01,1,Jan,4,Thu,Yes,Unknown,2,Valid,Dissatisfied (1-2),4,No
CUST1006,Mark Ali,Mark,Ali,Male,No,,Unknown,Placeholder -1,mark.ali@hotmail.com,hotmail.com,Missing,92.53,Recorded,Under $250,2024-06-12,Valid,2024,2024-Q2,2024-06,6,Jun,3,Wed,Yes,Books,2,Valid,Dissatisfied (1-2),5,No
CUST1007,Alaa Hassan,Alaa,Hassan,Female,n/a,,Unknown,Placeholder 200,alaa.hassan@hotmail.com,hotmail.com,Placeholder,318.43,Recorded,$250-499,2024-05-17,Valid,2024,2024-Q2,2024-05,5,May,5,Fri,Yes,Toys,,Out of range (10),No rating,4,No
CUST1008,John Hassan,John,Hassan,Male,No,89,75-90,Valid,john.hassan@yahoo.com,yahoo.com,Missing,883.52,Recorded,$750+,,Invalid,,,,,,,,,Home,4,Valid,Satisfied (4-5),5,No
CUST1009,Fatma Gaber,Fatma,Gaber,Female,No,,Unknown,Placeholder 200,fatma.gaber@hotmail.com,hotmail.com,Missing,966.47,Recorded,$750+,2025-01-24,Valid,2025,2025-Q1,2025-01,1,Jan,5,Fri,Yes,Electronics,2,Valid,Dissatisfied (1-2),5,No
CUST1010,Ahmed Smith,Ahmed,Smith,Male,No,,Unknown,Placeholder -1,ahmed.smith@gmail.com,gmail.com,Placeholder,882.19,Recorded,$750+,2025-06-24,Valid,2025,2025-Q2,2025-06,6,Jun,2,Tue,Yes,Unknown,3,Valid,Neutral (3),4,No
CUST1011,Sara Smith,Sara,Smith,Male,Yes,,Unknown,Placeholder -1,sara.smith@yahoo.com,yahoo.com,Missing,405.79,Recorded,$250-499,2024-08-05,Valid,2024,2024-Q3,2024-08,8,Aug,1,Mon,Yes,Unknown,,Out of range (10),No rating,3,No
CUST1012,Lina Ibrahim,Lina,Ibrahim,Unknown,n/a,,Unknown,Missing,lina.ibrahim@hotmail.com,hotmail.com,Missing,142.6,Recorded,Under $250,2023-05-23,Valid,2023,2023-Q2,2023-05,5,May,2,Tue,Yes,Home,2,Valid,Dissatisfied (1-2),4,No
CUST1013,Lina Gaber,Lina,Gaber,Male,Yes,,Unknown,Missing,lina.gaber@gmail.com,gmail.com,Missing,,Missing,Unknown,2024-02-04,Valid,2024,2024-Q1,2024-02,2,Feb,7,Sun,Yes,Electronics,2,Valid,Dissatisfied (1-2),4,No
CUST1014,Alaa Ali,Alaa,Ali,Male,n/a,,Unknown,Missing,alaa.ali@gmail.com,gmail.com,Missing,891.8,Recorded,$750+,2023-05-21,Valid,2023,2023-Q2,2023-05,5,May,7,Sun,Yes,Clothing,,Missing,No rating,4,No
CUST1015,Ali Ibrahim,Ali,Ibrahim,Female,Yes,18,15-29,Valid,ali.ibrahim@hotmail.com,hotmail.com,Placeholder,337.49,Recorded,$250-499,2024-06-25,Valid,2024,2024-Q2,2024-06,6,Jun,2,Tue,Yes,Home,1,Valid,Dissatisfied (1-2),6,Yes
CUST1016,Fatma Hassan,Fatma,Hassan,Female,No,,Unknown,Placeholder 200,fatma.hassan@gmail.com,gmail.com,Placeholder,272.08,Recorded,$250-499,2024-01-09,Valid,2024,2024-Q1,2024-01,1,Jan,2,Tue,Yes,Toys,2,Valid,Dissatisfied (1-2),5,No
CUST1017,John Mahmoud,John,Mahmoud,Male,No,,Unknown,Placeholder 200,john.mahmoud@gmail.com,gmail.com,Missing,833.56,Recorded,$750+,2025-02-19,Valid,2025,2025-Q1,2025-02,2,Feb,3,Wed,Yes,Unknown,,Missing,No rating,3,No
CUST1018,Alaa Ali,Alaa,Ali,Female,n/a,15,15-29,Valid,alaa.ali@hotmail.com,hotmail.com,Placeholder,923.5,Recorded,$750+,2024-01-04,Valid,2024,2024-Q1,2024-01,1,Jan,4,Thu,Yes,Toys,1,Valid,Dissatisfied (1-2),6,Yes
CUST1019,Ahmed Ibrahim,Ahmed,Ibrahim,Male,No,,Unknown,Placeholder -1,ahmed.ibrahim@yahoo.com,yahoo.com,Placeholder,497.45,Recorded,$250-499,,Invalid,,,,,,,,,Unknown,1,Valid,Dissatisfied (1-2),3,No
CUST1020,Lina Gaber,Lina,Gaber,Male,Yes,,Unknown,Missing,lina.gaber@hotmail.com,hotmail.com,Missing,667.69,Recorded,$500-749,2023-04-27,Valid,2023,2023-Q2,2023-04,4,Apr,4,Thu,Yes,Clothing,,Missing,No rating,4,No
CUST1021,Fatma Ibrahim,Fatma,Ibrahim,Male,Yes,,Unknown,Missing,fatma.ibrahim@yahoo.com,yahoo.com,Placeholder,118.22,Recorded,Under $250,2024-12-30,Valid,2024,2024-Q4,2024-12,12,Dec,1,Mon,Yes,Clothing,1,Valid,Dissatisfied (1-2),5,No
CUST1022,Ahmed Mahmoud,Ahmed,Mahmoud,Unknown,n/a,,Unknown,Placeholder -1,ahmed.mahmoud@gmail.com,gmail.com,Missing,22.02,Recorded,Under $250,2025-02-22,Valid,2025,2025-Q1,2025-02,2,Feb,6,Sat,Yes,Electronics,1,Valid,Dissatisfied (1-2),4,No
CUST1023,Lina Ibrahim,Lina,Ibrahim,Male,Yes,44,30-44,Valid,lina.ibrahim@yahoo.com,yahoo.com,Placeholder,389.24,Recorded,$250-499,,Invalid,,,,,,,,,Clothing,,Out of range (10),No rating,4,No
CUST1024,John Hassan,John,Hassan,Male,No,,Unknown,Placeholder 200,john.hassan@hotmail.com,hotmail.com,Missing,125.65,Recorded,Under $250,2023-02-27,Valid,2023,2023-Q1,2023-02,2,Feb,1,Mon,Yes,Unknown,,Out of range (10),No rating,3,No
CUST1025,Fatma Mahmoud,Fatma,Mahmoud,Female,No,,Unknown,Placeholder -1,fatma.mahmoud@yahoo.com,yahoo.com,Placeholder,334.63,Recorded,$250-499,2025-06-18,Valid,2025,2025-Q2,2025-06,6,Jun,3,Wed,Yes,Electronics,3,Valid,Neutral (3),5,No
CUST1026,Sara Mahmoud,Sara,Mahmoud,Male,Yes,,Unknown,Placeholder -1,sara.mahmoud@hotmail.com,hotmail.com,Placeholder,801.36,Recorded,$750+,,Invalid,,,,,,,,,Unknown,,Out of range (10),No rating,2,No
CUST1027,Ahmed Hassan,Ahmed,Hassan,Male,No,,Unknown,Missing,ahmed.hassan@hotmail.com,hotmail.com,Missing,478.39,Recorded,$250-499,2025-03-22,Valid,2025,2025-Q1,2025-03,3,Mar,6,Sat,Yes,Unknown,,Missing,No rating,3,No
CUST1028,Lina Smith,Lina,Smith,Male,Yes,,Unknown,Placeholder -1,lina.smith@gmail.com,gmail.com,Placeholder,303.65,Recorded,$250-499,2023-11-10,Valid,2023,2023-Q4,2023-11,11,Nov,5,Fri,Yes,Clothing,2,Valid,Dissatisfied (1-2),5,No
CUST1029,John Mahmoud,John,Mahmoud,Female,Yes,67,60-74,Valid,john.mahmoud@hotmail.com,hotmail.com,Missing,387.63,Recorded,$250-499,2024-02-28,Valid,2024,2024-Q1,2024-02,2,Feb,3,Wed,Yes,Books,4,Valid,Satisfied (4-5),6,Yes
CUST1030,Ali Ali,Ali,Ali,Female,Yes,62,60-74,Valid,ali.ali@gmail.com,gmail.com,Placeholder,,Missing,Unknown,2023-05-16,Valid,2023,2023-Q2,2023-05,5,May,2,Tue,Yes,Toys,2,Valid,Dissatisfied (1-2),5,No
CUST1031,John Hassan,John,Hassan,Male,No,90,75-90,Valid,john.hassan@yahoo.com,yahoo.com,Missing,598.93,Recorded,$500-749,2024-10-13,Valid,2024,2024-Q4,2024-10,10,Oct,7,Sun,Yes,Clothing,5,Valid,Satisfied (4-5),6,Yes
CUST1032,Lina Mahmoud,Lina,Mahmoud,Male,Yes,,Unknown,Placeholder 200,lina.mahmoud@hotmail.com,hotmail.com,Missing,958.61,Recorded,$750+,2024-03-01,Valid,2024,2024-Q1,2024-03,3,Mar,5,Fri,Yes,Unknown,,Missing,No rating,3,No
CUST1033,Sara Mahmoud,Sara,Mahmoud,Male,Yes,,Unknown,Placeholder 200,sara.mahmoud@gmail.com,gmail.com,Placeholder,378.4,Recorded,$250-499,2024-05-30,Valid,2024,2024-Q2,2024-05,5,May,4,Thu,Yes,Unknown,,Missing,No rating,3,No
CUST1034,Fatma Mahmoud,Fatma,Mahmoud,Female,No,,Unknown,Placeholder 200,fatma.mahmoud@hotmail.com,hotmail.com,Placeholder,892.09,Recorded,$750+,2023-11-15,Valid,2023,2023-Q4,2023-11,11,Nov,3,Wed,Yes,Unknown,4,Valid,Satisfied (4-5),4,No
CUST1035,Mark Gaber,Mark,Gaber,Male,No,,Unknown,Placeholder 200,mark.gaber@yahoo.com,yahoo.com,Missing,917.28,Recorded,$750+,2024-11-16,Valid,2024,2024-Q4,2024-11,11,Nov,6,Sat,Yes,Home,2,Valid,Dissatisfied (1-2),5,No
CUST1036,Sara Ali,Sara,Ali,Female,No,70,60-74,Valid,sara.ali@yahoo.com,yahoo.com,Missing,542.06,Recorded,$500-749,2023-01-12,Valid,2023,2023-Q1,2023-01,1,Jan,4,Thu,Yes,Electronics,,Missing,No rating,5,No
CUST1037,Sara Hassan,Sara,Hassan,Male,Yes,,Unknown,Missing,sara.hassan@yahoo.com,yahoo.com,Missing,273.27,Recorded,$250-499,2025-01-17,Valid,2025,2025-Q1,2025-01,1,Jan,5,Fri,Yes,Electronics,5,Valid,Satisfied (4-5),5,No
CUST1038,Lina Gaber,Lina,Gaber,Female,No,46,45-59,Valid,lina.gaber@hotmail.com,hotmail.com,Placeholder,273.77,Recorded,$250-499,2023-01-30,Valid,2023,2023-Q1,2023-01,1,Jan,1,Mon,Yes,Electronics,3,Valid,Neutral (3),6,Yes
CUST1039,Ahmed Hassan,Ahmed,Hassan,Male,No,,Unknown,Placeholder -1,ahmed.hassan@gmail.com,gmail.com,Placeholder,513.99,Recorded,$500-749,2024-02-02,Valid,2024,2024-Q1,2024-02,2,Feb,5,Fri,Yes,Unknown,5,Valid,Satisfied (4-5),4,No
CUST1040,Fatma Gaber,Fatma,Gaber,Female,No,,Unknown,Placeholder 200,fatma.gaber@gmail.com,gmail.com,Placeholder,812.78,Recorded,$750+,2024-11-27,Valid,2024,2024-Q4,2024-11,11,Nov,3,Wed,Yes,Unknown,1,Valid,Dissatisfied (1-2),4,No
CUST1041,Alaa Mahmoud,Alaa,Mahmoud,Male,n/a,,Unknown,Missing,alaa.mahmoud@hotmail.com,hotmail.com,Placeholder,543.97,Recorded,$500-749,2025-03-08,Valid,2025,2025-Q1,2025-03,3,Mar,6,Sat,Yes,Toys,4,Valid,Satisfied (4-5),5,No
CUST1042,Sara Mahmoud,Sara,Mahmoud,Female,No,,Unknown,Placeholder -1,sara.mahmoud@gmail.com,gmail.com,Placeholder,70.55,Recorded,Under $250,2024-01-03,Valid,2024,2024-Q1,2024-01,1,Jan,3,Wed,Yes,Home,2,Valid,Dissatisfied (1-2),5,No
CUST1043,John Ibrahim,John,Ibrahim,Female,Yes,57,45-59,Valid,john.ibrahim@hotmail.com,hotmail.com,Missing,330.84,Recorded,$250-499,2024-08-12,Valid,2024,2024-Q3,2024-08,8,Aug,1,Mon,Yes,Unknown,,Missing,No rating,4,No
CUST1044,Sara Gaber,Sara,Gaber,Unknown,n/a,,Unknown,Placeholder 200,sara.gaber@hotmail.com,hotmail.com,Placeholder,156.51,Recorded,Under $250,2024-02-24,Valid,2024,2024-Q1,2024-02,2,Feb,6,Sat,Yes,Home,3,Valid,Neutral (3),4,No
CUST1045,John Gaber,John,Gaber,Male,No,,Unknown,Missing,john.gaber@gmail.com,gmail.com,Missing,207.45,Recorded,Under $250,2024-12-24,Valid,2024,2024-Q4,2024-12,12,Dec,2,Tue,Yes,Clothing,5,Valid,Satisfied (4-5),5,No
CUST1046,Ahmed Hassan,Ahmed,Hassan,Unknown,n/a,,Unknown,Placeholder -1,ahmed.hassan@hotmail.com,hotmail.com,Missing,713.49,Recorded,$500-749,2023-02-27,Valid,2023,2023-Q1,2023-02,2,Feb,1,Mon,Yes,Books,5,Valid,Satisfied (4-5),4,No
CUST1047,Ahmed Ibrahim,Ahmed,Ibrahim,Female,Yes,,Unknown,Missing,ahmed.ibrahim@yahoo.com,yahoo.com,Placeholder,911.39,Recorded,$750+,2024-11-26,Valid,2024,2024-Q4,2024-11,11,Nov,2,Tue,Yes,Clothing,2,Valid,Dissatisfied (1-2),5,No
CUST1048,Mark Smith,Mark,Smith,Female,Yes,81,75-90,Valid,mark.smith@yahoo.com,yahoo.com,Missing,309.4,Recorded,$250-499,2024-02-05,Valid,2024,2024-Q1,2024-02,2,Feb,1,Mon,Yes,Clothing,,Out of range (10),No rating,5,No
CUST1049,Fatma Mahmoud,Fatma,Mahmoud,Male,Yes,,Unknown,Placeholder -1,fatma.mahmoud@yahoo.com,yahoo.com,Missing,500.24,Recorded,$500-749,2023-02-13,Valid,2023,2023-Q1,2023-02,2,Feb,1,Mon,Yes,Unknown,4,Valid,Satisfied (4-5),4,No
CUST1050,Ahmed Ibrahim,Ahmed,Ibrahim,Male,No,,Unknown,Placeholder -1,ahmed.ibrahim@gmail.com,gmail.com,Missing,93.1,Recorded,Under $250,2022-11-18,Valid,2022,2022-Q4,2022-11,11,Nov,5,Fri,Yes,Clothing,5,Valid,Satisfied (4-5),5,No
CUST1051,Ali Smith,Ali,Smith,Male,No,,Unknown,Placeholder -1,ali.smith@yahoo.com,yahoo.com,Missing,968.44,Recorded,$750+,2024-07-01,Valid,2024,2024-Q3,2024-07,7,Jul,1,Mon,Yes,Home,2,Valid,Dissatisfied (1-2),5,No
CUST1052,Sara Ali,Sara,Ali,Female,No,,Unknown,Missing,sara.ali@gmail.com,gmail.com,Missing,521.87,Recorded,$500-749,2024-11-07,Valid,2024,2024-Q4,2024-11,11,Nov,4,Thu,Yes,Unknown,2,Valid,Dissatisfied (1-2),4,No
CUST1053,Mark Mahmoud,Mark,Mahmoud,Female,Yes,,Unknown,Missing,mark.mahmoud@hotmail.com,hotmail.com,Missing,678.65,Recorded,$500-749,2024-05-30,Valid,2024,2024-Q2,2024-05,5,May,4,Thu,Yes,Home,1,Valid,Dissatisfied (1-2),5,No
CUST1054,Ali Hassan,Ali,Hassan,Male,No,,Unknown,Placeholder -1,ali.hassan@yahoo.com,yahoo.com,Missing,639.4,Recorded,$500-749,2023-07-21,Valid,2023,2023-Q3,2023-07,7,Jul,5,Fri,Yes,Electronics,,Missing,No rating,4,No
CUST1055,Sara Hassan,Sara,Hassan,Male,Yes,,Unknown,Placeholder 200,sara.hassan@yahoo.com,yahoo.com,Placeholder,887.67,Recorded,$750+,2024-11-17,Valid,2024,2024-Q4,2024-11,11,Nov,7,Sun,Yes,Books,1,Valid,Dissatisfied (1-2),5,No
CUST1056,John Mahmoud,John,Mahmoud,Male,No,,Unknown,Placeholder -1,john.mahmoud@gmail.com,gmail.com,Missing,346.31,Recorded,$250-499,2025-01-02,Valid,2025,2025-Q1,2025-01,1,Jan,4,Thu,Yes,Toys,3,Valid,Neutral (3),5,No
CUST1057,Mark Ibrahim,Mark,Ibrahim,Female,Yes,29,15-29,Valid,mark.ibrahim@hotmail.com,hotmail.com,Missing,924.82,Recorded,$750+,2024-05-09,Valid,2024,2024-Q2,2024-05,5,May,4,Thu,Yes,Home,,Missing,No rating,5,No
CUST1058,Alaa Ali,Alaa,Ali,Male,n/a,,Unknown,Placeholder 200,alaa.ali@hotmail.com,hotmail.com,Placeholder,382.76,Recorded,$250-499,2023-09-25,Valid,2023,2023-Q3,2023-09,9,Sep,1,Mon,Yes,Electronics,,Missing,No rating,4,No
CUST1059,Ali Mahmoud,Ali,Mahmoud,Female,Yes,,Unknown,Placeholder -1,ali.mahmoud@yahoo.com,yahoo.com,Missing,847.9,Recorded,$750+,2025-01-28,Valid,2025,2025-Q1,2025-01,1,Jan,2,Tue,Yes,Electronics,5,Valid,Satisfied (4-5),5,No
CUST1060,Sara Gaber,Sara,Gaber,Unknown,n/a,,Unknown,Placeholder 200,sara.gaber@gmail.com,gmail.com,Placeholder,72.75,Recorded,Under $250,2024-11-21,Valid,2024,2024-Q4,2024-11,11,Nov,4,Thu,Yes,Electronics,,Missing,No rating,3,No
CUST1061,Ali Gaber,Ali,Gaber,Male,No,,Unknown,Placeholder 200,ali.gaber@hotmail.com,hotmail.com,Placeholder,538.83,Recorded,$500-749,2025-03-29,Valid,2025,2025-Q1,2025-03,3,Mar,6,Sat,Yes,Toys,5,Valid,Satisfied (4-5),5,No
CUST1062,Fatma Gaber,Fatma,Gaber,Female,No,,Unknown,Placeholder 200,fatma.gaber@hotmail.com,hotmail.com,Missing,462.04,Recorded,$250-499,2024-09-26,Valid,2024,2024-Q3,2024-09,9,Sep,4,Thu,Yes,Clothing,2,Valid,Dissatisfied (1-2),5,No
CUST1063,Ahmed Ibrahim,Ahmed,Ibrahim,Male,No,,Unknown,Missing,ahmed.ibrahim@yahoo.com,yahoo.com,Placeholder,665.71,Recorded,$500-749,2024-12-22,Valid,2024,2024-Q4,2024-12,12,Dec,7,Sun,Yes,Electronics,,Missing,No rating,4,No
CUST1064,Sara Ali,Sara,Ali,Male,Yes,,Unknown,Placeholder -1,sara.ali@hotmail.com,hotmail.com,Missing,627.16,Recorded,$500-749,2023-11-24,Valid,2023,2023-Q4,2023-11,11,Nov,5,Fri,Yes,Clothing,5,Valid,Satisfied (4-5),5,No
CUST1065,John Ali,John,Ali,Female,Yes,83,75-90,Valid,john.ali@hotmail.com,hotmail.com,Missing,326.42,Recorded,$250-499,2024-03-10,Valid,2024,2024-Q1,2024-03,3,Mar,7,Sun,Yes,Unknown,5,Valid,Satisfied (4-5),5,No
CUST1066,Sara Mahmoud,Sara,Mahmoud,Unknown,n/a,,Unknown,Placeholder 200,sara.mahmoud@hotmail.com,hotmail.com,Placeholder,600.8,Recorded,$500-749,2023-10-10,Valid,2023,2023-Q4,2023-10,10,Oct,2,Tue,Yes,Books,3,Valid,Neutral (3),4,No
CUST1067,Sara Gaber,Sara,Gaber,Unknown,n/a,,Unknown,Missing,sara.gaber@yahoo.com,yahoo.com,Placeholder,85.14,Recorded,Under $250,,Invalid,,,,,,,,,Clothing,,Missing,No rating,2,No
CUST1068,Ali Hassan,Ali,Hassan,Female,Yes,,Unknown,Placeholder -1,ali.hassan@gmail.com,gmail.com,Missing,336.17,Recorded,$250-499,2024-08-11,Valid,2024,2024-Q3,2024-08,8,Aug,7,Sun,Yes,Home,1,Valid,Dissatisfied (1-2),5,No
CUST1069,Sara Hassan,Sara,Hassan,Female,No,,Unknown,Placeholder -1,sara.hassan@yahoo.com,yahoo.com,Placeholder,338.8,Recorded,$250-499,2024-07-02,Valid,2024,2024-Q3,2024-07,7,Jul,2,Tue,Yes,Clothing,5,Valid,Satisfied (4-5),5,No
CUST1070,Mark Mahmoud,Mark,Mahmoud,Female,Yes,81,75-90,Valid,mark.mahmoud@gmail.com,gmail.com,Missing,330.97,Recorded,$250-499,2024-08-30,Valid,2024,2024-Q3,2024-08,8,Aug,5,Fri,Yes,Clothing,2,Valid,Dissatisfied (1-2),6,Yes
CUST1071,Fatma Ibrahim,Fatma,Ibrahim,Female,No,62,60-74,Valid,fatma.ibrahim@yahoo.com,yahoo.com,Placeholder,642.53,Recorded,$500-749,2024-05-20,Valid,2024,2024-Q2,2024-05,5,May,1,Mon,Yes,Clothing,4,Valid,Satisfied (4-5),6,Yes
CUST1072,Lina Mahmoud,Lina,Mahmoud,Female,No,,Unknown,Missing,lina.mahmoud@gmail.com,gmail.com,Missing,624.57,Recorded,$500-749,2025-01-31,Valid,2025,2025-Q1,2025-01,1,Jan,5,Fri,Yes,Electronics,5,Valid,Satisfied (4-5),5,No
CUST1073,Ali Ali,Ali,Ali,Male,No,,Unknown,Placeholder -1,ali.ali@gmail.com,gmail.com,Missing,140.28,Recorded,Under $250,2024-06-21,Valid,2024,2024-Q2,2024-06,6,Jun,5,Fri,Yes,Books,5,Valid,Satisfied (4-5),5,No
CUST1074,Ahmed Ibrahim,Ahmed,Ibrahim,Unknown,n/a,,Unknown,Missing,ahmed.ibrahim@yahoo.com,yahoo.com,Placeholder,434.82,Recorded,$250-499,2023-01-11,Valid,2023,2023-Q1,2023-01,1,Jan,3,Wed,Yes,Home,,Missing,No rating,3,No
CUST1075,Mark Ibrahim,Mark,Ibrahim,Female,Yes,,Unknown,Placeholder 200,mark.ibrahim@yahoo.com,yahoo.com,Missing,991.85,Recorded,$750+,2025-06-07,Valid,2025,2025-Q2,2025-06,6,Jun,6,Sat,Yes,Clothing,1,Valid,Dissatisfied (1-2),5,No
CUST1076,Fatma Smith,Fatma,Smith,Female,No,,Unknown,Placeholder -1,fatma.smith@hotmail.com,hotmail.com,Placeholder,95.42,Recorded,Under $250,2025-04-24,Valid,2025,2025-Q2,2025-04,4,Apr,4,Thu,Yes,Toys,3,Valid,Neutral (3),5,No
CUST1077,Mark Mahmoud,Mark,Mahmoud,Female,Yes,,Unknown,Missing,mark.mahmoud@yahoo.com,yahoo.com,Missing,384.79,Recorded,$250-499,2023-05-31,Valid,2023,2023-Q2,2023-05,5,May,3,Wed,Yes,Clothing,5,Valid,Satisfied (4-5),5,No
CUST1078,Ali Ibrahim,Ali,Ibrahim,Male,No,,Unknown,Missing,ali.ibrahim@yahoo.com,yahoo.com,Missing,580.82,Recorded,$500-749,2023-04-13,Valid,2023,2023-Q2,2023-04,4,Apr,4,Thu,Yes,Unknown,5,Valid,Satisfied (4-5),4,No
CUST1079,Mark Smith,Mark,Smith,Female,Yes,,Unknown,Missing,mark.smith@yahoo.com,yahoo.com,Missing,356.65,Recorded,$250-499,2024-03-13,Valid,2024,2024-Q1,2024-03,3,Mar,3,Wed,Yes,Clothing,2,Valid,Dissatisfied (1-2),5,No
CUST1080,Sara Gaber,Sara,Gaber,Unknown,n/a,73,60-74,Valid,sara.gaber@gmail.com,gmail.com,Placeholder,979.66,Recorded,$750+,2025-06-10,Valid,2025,2025-Q2,2025-06,6,Jun,2,Tue,Yes,Home,,Out of range (10),No rating,4,No
CUST1081,Lina Ibrahim,Lina,Ibrahim,Male,Yes,,Unknown,Missing,lina.ibrahim@hotmail.com,hotmail.com,Placeholder,416.05,Recorded,$250-499,2022-10-28,Valid,2022,2022-Q4,2022-10,10,Oct,5,Fri,Partial,Unknown,1,Valid,Dissatisfied (1-2),4,No
CUST1082,Ali Mahmoud,Ali,Mahmoud,Male,No,,Unknown,Missing,ali.mahmoud@yahoo.com,yahoo.com,Missing,424.64,Recorded,$250-499,2025-01-24,Valid,2025,2025-Q1,2025-01,1,Jan,5,Fri,Yes,Electronics,,Out of range (10),No rating,4,No
CUST1083,Ali Hassan,Ali,Hassan,Male,No,,Unknown,Missing,ali.hassan@yahoo.com,yahoo.com,Missing,141.87,Recorded,Under $250,2022-11-24,Valid,2022,2022-Q4,2022-11,11,Nov,4,Thu,Yes,Unknown,,Out of range (10),No rating,3,No
CUST1084,John Smith,John,Smith,Female,Yes,,Unknown,Missing,john.smith@yahoo.com,yahoo.com,Missing,58.44,Recorded,Under $250,2025-04-24,Valid,2025,2025-Q2,2025-04,4,Apr,4,Thu,Yes,Home,1,Valid,Dissatisfied (1-2),5,No
CUST1085,Ali Gaber,Ali,Gaber,Unknown,n/a,,Unknown,Placeholder -1,ali.gaber@yahoo.com,yahoo.com,Missing,458.49,Recorded,$250-499,2025-07-17,Valid,2025,2025-Q3,2025-07,7,Jul,4,Thu,Partial,Unknown,,Out of range (10),No rating,2,No
CUST1086,Fatma Hassan,Fatma,Hassan,Female,No,,Unknown,Placeholder 200,fatma.hassan@hotmail.com,hotmail.com,Placeholder,693.15,Recorded,$500-749,2024-08-26,Valid,2024,2024-Q3,2024-08,8,Aug,1,Mon,Yes,Clothing,4,Valid,Satisfied (4-5),5,No
CUST1087,Sara Gaber,Sara,Gaber,Female,No,41,30-44,Valid,sara.gaber@gmail.com,gmail.com,Missing,467.33,Recorded,$250-499,2024-02-13,Valid,2024,2024-Q1,2024-02,2,Feb,2,Tue,Yes,Unknown,4,Valid,Satisfied (4-5),5,No
CUST1088,Lina Hassan,Lina,Hassan,Male,Yes,,Unknown,Placeholder -1,lina.hassan@gmail.com,gmail.com,Placeholder,216.88,Recorded,Under $250,2024-05-13,Valid,2024,2024-Q2,2024-05,5,May,1,Mon,Yes,Electronics,3,Valid,Neutral (3),5,No
CUST1089,Alaa Gaber,Alaa,Gaber,Female,n/a,,Unknown,Missing,alaa.gaber@hotmail.com,hotmail.com,Missing,349.65,Recorded,$250-499,2022-10-31,Valid,2022,2022-Q4,2022-10,10,Oct,1,Mon,Partial,Toys,1,Valid,Dissatisfied (1-2),5,No
CUST1090,Ali Mahmoud,Ali,Mahmoud,Male,No,,Unknown,Placeholder -1,ali.mahmoud@yahoo.com,yahoo.com,Placeholder,143.28,Recorded,Under $250,2025-06-25,Valid,2025,2025-Q2,2025-06,6,Jun,3,Wed,Yes,Clothing,1,Valid,Dissatisfied (1-2),5,No
CUST1091,Sara Hassan,Sara,Hassan,Female,No,,Unknown,Placeholder -1,sara.hassan@hotmail.com,hotmail.com,Missing,753.92,Recorded,$750+,2023-02-19,Valid,2023,2023-Q1,2023-02,2,Feb,7,Sun,Yes,Books,3,Valid,Neutral (3),5,No
CUST1092,John Ali,John,Ali,Female,Yes,,Unknown,Placeholder -1,john.ali@gmail.com,gmail.com,Placeholder,771.55,Recorded,$750+,2023-09-07,Valid,2023,2023-Q3,2023-09,9,Sep,4,Thu,Yes,Unknown,,Out of range (10),No rating,3,No
CUST1093,Fatma Ibrahim,Fatma,Ibrahim,Male,Yes,,Unknown,Placeholder 200,fatma.ibrahim@gmail.com,gmail.com,Missing,558.24,Recorded,$500-749,2023-07-23,Valid,2023,2023-Q3,2023-07,7,Jul,7,Sun,Yes,Electronics,1,Valid,Dissatisfied (1-2),5,No
CUST1094,Fatma Smith,Fatma,Smith,Male,Yes,,Unknown,Placeholder -1,fatma.smith@gmail.com,gmail.com,Missing,883.32,Recorded,$750+,2023-07-06,Valid,2023,2023-Q3,2023-07,7,Jul,4,Thu,Yes,Unknown,,Missing,No rating,3,No
CUST1095,Lina Ali,Lina,Ali,Male,Yes,31,30-44,Valid,lina.ali@gmail.com,gmail.com,Placeholder,989.5,Recorded,$750+,2025-06-14,Valid,2025,2025-Q2,2025-06,6,Jun,6,Sat,Yes,Clothing,5,Valid,Satisfied (4-5),6,Yes
CUST1096,Ahmed Smith,Ahmed,Smith,Male,No,,Unknown,Placeholder -1,ahmed.smith@gmail.com,gmail.com,Placeholder,179.9,Recorded,Under $250,2025-04-14,Valid,2025,2025-Q2,2025-04,4,Apr,1,Mon,Yes,Home,4,Valid,Satisfied (4-5),5,No
CUST1097,Sara Ali,Sara,Ali,Male,Yes,,Unknown,Placeholder 200,sara.ali@yahoo.com,yahoo.com,Missing,290.07,Recorded,$250-499,2023-06-14,Valid,2023,2023-Q2,2023-06,6,Jun,3,Wed,Yes,Home,,Missing,No rating,4,No
CUST1098,Alaa Hassan,Alaa,Hassan,Female,n/a,,Unknown,Placeholder -1,alaa.hassan@hotmail.com,hotmail.com,Placeholder,951.65,Recorded,$750+,2023-08-13,Valid,2023,2023-Q3,2023-08,8,Aug,7,Sun,Yes,Toys,2,Valid,Dissatisfied (1-2),5,No
CUST1099,Mark Ibrahim,Mark,Ibrahim,Female,Yes,,Unknown,Placeholder 200,mark.ibrahim@gmail.com,gmail.com,Placeholder,402.26,Recorded,$250-499,2024-02-03,Valid,2024,2024-Q1,2024-02,2,Feb,6,Sat,Yes,Clothing,2,Valid,Dissatisfied (1-2),5,No
CUST1100,Sara Ali,Sara,Ali,Male,Yes,,Unknown,Placeholder 200,sara.ali@gmail.com,gmail.com,Placeholder,438.21,Recorded,$250-499,,Invalid,,,,,,,,,Unknown,3,Valid,Neutral (3),3,No
CUST1101,Ali Mahmoud,Ali,Mahmoud,Female,Yes,,Unknown,Missing,ali.mahmoud@hotmail.com,hotmail.com,Placeholder,502.86,Recorded,$500-749,2023-11-08,Valid,2023,2023-Q4,2023-11,11,Nov,3,Wed,Yes,Unknown,1,Valid,Dissatisfied (1-2),4,No
CUST1102,Ali Smith,Ali,Smith,Male,No,,Unknown,Placeholder 200,ali.smith@yahoo.com,yahoo.com,Placeholder,76.21,Recorded,Under $250,2024-12-23,Valid,2024,2024-Q4,2024-12,12,Dec,1,Mon,Yes,Electronics,5,Valid,Satisfied (4-5),5,No
CUST1103,Mark Mahmoud,Mark,Mahmoud,Male,No,,Unknown,Missing,mark.mahmoud@yahoo.com,yahoo.com,Missing,35.01,Recorded,Under $250,2025-04-23,Valid,2025,2025-Q2,2025-04,4,Apr,3,Wed,Yes,Clothing,2,Valid,Dissatisfied (1-2),5,No
CUST1104,Ali Hassan,Ali,Hassan,Unknown,n/a,,Unknown,Placeholder -1,ali.hassan@gmail.com,gmail.com,Missing,392.66,Recorded,$250-499,2024-04-04,Valid,2024,2024-Q2,2024-04,4,Apr,4,Thu,Yes,Home,,Missing,No rating,3,No
CUST1105,Sara Ibrahim,Sara,Ibrahim,Female,No,,Unknown,Missing,sara.ibrahim@gmail.com,gmail.com,Placeholder,530.59,Recorded,$500-749,2025-05-23,Valid,2025,2025-Q2,2025-05,5,May,5,Fri,Yes,Clothing,,Missing,No rating,4,No
CUST1106,Ali Gaber,Ali,Gaber,Unknown,n/a,,Unknown,Placeholder -1,ali.gaber@hotmail.com,hotmail.com,Placeholder,361.23,Recorded,$250-499,2024-01-02,Valid,2024,2024-Q1,2024-01,1,Jan,2,Tue,Yes,Toys,2,Valid,Dissatisfied (1-2),4,No
CUST1107,Lina Ibrahim,Lina,Ibrahim,Female,No,,Unknown,Missing,lina.ibrahim@gmail.com,gmail.com,Missing,654.55,Recorded,$500-749,2024-03-29,Valid,2024,2024-Q1,2024-03,3,Mar,5,Fri,Yes,Unknown,3,Valid,Neutral (3),4,No
CUST1108,Mark Ibrahim,Mark,Ibrahim,Female,Yes,,Unknown,Placeholder 200,mark.ibrahim@gmail.com,gmail.com,Placeholder,380.2,Recorded,$250-499,2023-07-09,Valid,2023,2023-Q3,2023-07,7,Jul,7,Sun,Yes,Books,2,Valid,Dissatisfied (1-2),5,No
CUST1109,Ali Hassan,Ali,Hassan,Female,Yes,,Unknown,Placeholder 200,ali.hassan@yahoo.com,yahoo.com,Placeholder,586.24,Recorded,$500-749,2025-04-27,Valid,2025,2025-Q2,2025-04,4,Apr,7,Sun,Yes,Electronics,,Missing,No rating,4,No
CUST1110,Alaa Mahmoud,Alaa,Mahmoud,Male,n/a,,Unknown,Placeholder 200,alaa.mahmoud@hotmail.com,hotmail.com,Missing,524.98,Recorded,$500-749,2023-03-14,Valid,2023,2023-Q1,2023-03,3,Mar,2,Tue,Yes,Home,,Missing,No rating,4,No
CUST1111,Ali Mahmoud,Ali,Mahmoud,Female,Yes,,Unknown,Missing,ali.mahmoud@yahoo.com,yahoo.com,Missing,237.89,Recorded,Under $250,2023-07-13,Valid,2023,2023-Q3,2023-07,7,Jul,4,Thu,Yes,Home,3,Valid,Neutral (3),5,No
CUST1112,Alaa Mahmoud,Alaa,Mahmoud,Female,n/a,,Unknown,Placeholder -1,alaa.mahmoud@yahoo.com,yahoo.com,Placeholder,519.25,Recorded,$500-749,2024-07-06,Valid,2024,2024-Q3,2024-07,7,Jul,6,Sat,Yes,Unknown,4,Valid,Satisfied (4-5),4,No
CUST1113,Mark Smith,Mark,Smith,Female,Yes,,Unknown,Placeholder -1,mark.smith@gmail.com,gmail.com,Placeholder,440.41,Recorded,$250-499,2022-11-28,Valid,2022,2022-Q4,2022-11,11,Nov,1,Mon,Yes,Unknown,1,Valid,Dissatisfied (1-2),4,No
CUST1114,Sara Mahmoud,Sara,Mahmoud,Unknown,n/a,,Unknown,Placeholder 200,sara.mahmoud@yahoo.com,yahoo.com,Placeholder,490.23,Recorded,$250-499,2023-12-21,Valid,2023,2023-Q4,2023-12,12,Dec,4,Thu,Yes,Toys,2,Valid,Dissatisfied (1-2),4,No
CUST1115,John Ali,John,Ali,Male,No,,Unknown,Placeholder 200,john.ali@hotmail.com,hotmail.com,Missing,12.52,Recorded,Under $250,2024-06-02,Valid,2024,2024-Q2,2024-06,6,Jun,7,Sun,Yes,Clothing,4,Valid,Satisfied (4-5),5,No
CUST1116,Sara Gaber,Sara,Gaber,Female,No,,Unknown,Placeholder 200,sara.gaber@gmail.com,gmail.com,Placeholder,500.41,Recorded,$500-749,2024-10-23,Valid,2024,2024-Q4,2024-10,10,Oct,3,Wed,Yes,Clothing,3,Valid,Neutral (3),5,No
CUST1117,Ali Hassan,Ali,Hassan,Male,No,,Unknown,Placeholder 200,ali.hassan@yahoo.com,yahoo.com,Missing,71.93,Recorded,Under $250,2022-11-22,Valid,2022,2022-Q4,2022-11,11,Nov,2,Tue,Yes,Unknown,,Missing,No rating,3,No
CUST1118,Alaa Mahmoud,Alaa,Mahmoud,Unknown,n/a,,Unknown,Placeholder 200,alaa.mahmoud@gmail.com,gmail.com,Placeholder,287.82,Recorded,$250-499,,Invalid,,,,,,,,,Unknown,,Out of range (10),No rating,1,No
CUST1119,Ali Mahmoud,Ali,Mahmoud,Male,No,,Unknown,Placeholder -1,ali.mahmoud@yahoo.com,yahoo.com,Placeholder,259.98,Recorded,$250-499,,Invalid,,,,,,,,,Electronics,,Missing,No rating,3,No
CUST1120,Ali Mahmoud,Ali,Mahmoud,Female,Yes,,Unknown,Missing,ali.mahmoud@gmail.com,gmail.com,Missing,741.43,Recorded,$500-749,2024-09-07,Valid,2024,2024-Q3,2024-09,9,Sep,6,Sat,Yes,Unknown,4,Valid,Satisfied (4-5),4,No
CUST1121,Fatma Mahmoud,Fatma,Mahmoud,Female,No,,Unknown,Missing,fatma.mahmoud@yahoo.com,yahoo.com,Missing,373.22,Recorded,$250-499,2024-11-04,Valid,2024,2024-Q4,2024-11,11,Nov,1,Mon,Yes,Electronics,,Missing,No rating,4,No
CUST1122,Mark Ali,Mark,Ali,Female,Yes,,Unknown,Missing,mark.ali@hotmail.com,hotmail.com,Placeholder,548.34,Recorded,$500-749,2024-06-25,Valid,2024,2024-Q2,2024-06,6,Jun,2,Tue,Yes,Books,4,Valid,Satisfied (4-5),5,No
CUST1123,Fatma Ibrahim,Fatma,Ibrahim,Male,Yes,,Unknown,Missing,fatma.ibrahim@gmail.com,gmail.com,Missing,80.53,Recorded,Under $250,2023-08-03,Valid,2023,2023-Q3,2023-08,8,Aug,4,Thu,Yes,Toys,4,Valid,Satisfied (4-5),5,No
CUST1124,Ahmed Mahmoud,Ahmed,Mahmoud,Male,No,44,30-44,Valid,ahmed.mahmoud@gmail.com,gmail.com,Missing,927.77,Recorded,$750+,2024-05-25,Valid,2024,2024-Q2,2024-05,5,May,6,Sat,Yes,Toys,5,Valid,Satisfied (4-5),6,Yes
CUST1125,John Gaber,John,Gaber,Female,Yes,,Unknown,Missing,john.gaber@yahoo.com,yahoo.com,Missing,520.22,Recorded,$500-749,2023-04-19,Valid,2023,2023-Q2,2023-04,4,Apr,3,Wed,Yes,Toys,,Out of range (10),No rating,4,No
CUST1126,Fatma Gaber,Fatma,Gaber,Female,No,,Unknown,Missing,fatma.gaber@gmail.com,gmail.com,Missing,257.81,Recorded,$250-499,2023-06-02,Valid,2023,2023-Q2,2023-06,6,Jun,5,Fri,Yes,Unknown,4,Valid,Satisfied (4-5),4,No
CUST1127,Ali Smith,Ali,Smith,Unknown,n/a,,Unknown,Missing,ali.smith@gmail.com,gmail.com,Missing,411.02,Recorded,$250-499,2022-10-28,Valid,2022,2022-Q4,2022-10,10,Oct,5,Fri,Partial,Unknown,,Out of range (10),No rating,2,No
CUST1128,Fatma Gaber,Fatma,Gaber,Female,No,,Unknown,Missing,fatma.gaber@gmail.com,gmail.com,Placeholder,430.01,Recorded,$250-499,2024-02-27,Valid,2024,2024-Q1,2024-02,2,Feb,2,Tue,Yes,Books,3,Valid,Neutral (3),5,No
CUST1129,Fatma Ibrahim,Fatma,Ibrahim,Male,Yes,40,30-44,Valid,fatma.ibrahim@gmail.com,gmail.com,Placeholder,958.06,Recorded,$750+,2024-06-25,Valid,2024,2024-Q2,2024-06,6,Jun,2,Tue,Yes,Clothing,2,Valid,Dissatisfied (1-2),6,Yes
CUST1130,Sara Ali,Sara,Ali,Female,No,,Unknown,Placeholder 200,sara.ali@hotmail.com,hotmail.com,Missing,89.27,Recorded,Under $250,2024-10-08,Valid,2024,2024-Q4,2024-10,10,Oct,2,Tue,Yes,Unknown,5,Valid,Satisfied (4-5),4,No
CUST1131,Sara Gaber,Sara,Gaber,Male,Yes,,Unknown,Placeholder -1,sara.gaber@yahoo.com,yahoo.com,Missing,950.64,Recorded,$750+,2025-03-08,Valid,2025,2025-Q1,2025-03,3,Mar,6,Sat,Yes,Home,5,Valid,Satisfied (4-5),5,No
CUST1132,John Ali,John,Ali,Male,No,,Unknown,Placeholder -1,john.ali@gmail.com,gmail.com,Missing,7.36,Recorded,Under $250,2025-01-15,Valid,2025,2025-Q1,2025-01,1,Jan,3,Wed,Yes,Clothing,2,Valid,Dissatisfied (1-2),5,No
CUST1133,Alaa Mahmoud,Alaa,Mahmoud,Female,n/a,,Unknown,Missing,alaa.mahmoud@hotmail.com,hotmail.com,Missing,456.98,Recorded,$250-499,2024-08-22,Valid,2024,2024-Q3,2024-08,8,Aug,4,Thu,Yes,Clothing,,Out of range (10),No rating,4,No
CUST1134,Sara Ali,Sara,Ali,Female,No,,Unknown,Placeholder 200,sara.ali@gmail.com,gmail.com,Missing,979.32,Recorded,$750+,2024-08-09,Valid,2024,2024-Q3,2024-08,8,Aug,5,Fri,Yes,Toys,1,Valid,Dissatisfied (1-2),5,No
CUST1135,Ali Smith,Ali,Smith,Male,No,,Unknown,Placeholder -1,ali.smith@hotmail.com,hotmail.com,Placeholder,320.92,Recorded,$250-499,2025-02-20,Valid,2025,2025-Q1,2025-02,2,Feb,4,Thu,Yes,Home,4,Valid,Satisfied (4-5),5,No
CUST1136,Alaa Hassan,Alaa,Hassan,Female,n/a,,Unknown,Placeholder 200,alaa.hassan@gmail.com,gmail.com,Placeholder,615.09,Recorded,$500-749,2025-01-25,Valid,2025,2025-Q1,2025-01,1,Jan,6,Sat,Yes,Toys,3,Valid,Neutral (3),5,No
CUST1137,Alaa Ali,Alaa,Ali,Female,n/a,,Unknown,Placeholder 200,alaa.ali@yahoo.com,yahoo.com,Placeholder,755.4,Recorded,$750+,2025-03-03,Valid,2025,2025-Q1,2025-03,3,Mar,1,Mon,Yes,Unknown,2,Valid,Dissatisfied (1-2),4,No
CUST1138,Fatma Ibrahim,Fatma,Ibrahim,Male,Yes,79,75-90,Valid,fatma.ibrahim@yahoo.com,yahoo.com,Placeholder,,Missing,Unknown,2025-05-16,Valid,2025,2025-Q2,2025-05,5,May,5,Fri,Yes,Electronics,3,Valid,Neutral (3),5,No
CUST1139,Fatma Gaber,Fatma,Gaber,Male,Yes,35,30-44,Valid,fatma.gaber@gmail.com,gmail.com,Placeholder,5.57,Recorded,Under $250,2024-08-29,Valid,2024,2024-Q3,2024-08,8,Aug,4,Thu,Yes,Books,,Missing,No rating,5,No
CUST1140,Sara Hassan,Sara,Hassan,Male,Yes,53,45-59,Valid,sara.hassan@yahoo.com,yahoo.com,Missing,415.28,Recorded,$250-499,,Invalid,,,,,,,,,Books,,Missing,No rating,4,No
CUST1141,Ali Mahmoud,Ali,Mahmoud,Female,Yes,,Unknown,Missing,ali.mahmoud@yahoo.com,yahoo.com,Missing,362.53,Recorded,$250-499,2025-04-12,Valid,2025,2025-Q2,2025-04,4,Apr,6,Sat,Yes,Toys,1,Valid,Dissatisfied (1-2),5,No
CUST1142,Ahmed Hassan,Ahmed,Hassan,Male,No,79,75-90,Valid,ahmed.hassan@gmail.com,gmail.com,Missing,924.96,Recorded,$750+,2024-04-21,Valid,2024,2024-Q2,2024-04,4,Apr,7,Sun,Yes,Clothing,3,Valid,Neutral (3),6,Yes
CUST1143,Alaa Mahmoud,Alaa,Mahmoud,Male,n/a,,Unknown,Missing,alaa.mahmoud@hotmail.com,hotmail.com,Placeholder,663.01,Recorded,$500-749,2024-08-26,Valid,2024,2024-Q3,2024-08,8,Aug,1,Mon,Yes,Clothing,3,Valid,Neutral (3),5,No
CUST1144,Ahmed Smith,Ahmed,Smith,Male,No,,Unknown,Placeholder -1,ahmed.smith@gmail.com,gmail.com,Placeholder,316.02,Recorded,$250-499,2023-01-14,Valid,2023,2023-Q1,2023-01,1,Jan,6,Sat,Yes,Home,3,Valid,Neutral (3),5,No
CUST1145,John Mahmoud,John,Mahmoud,Female,Yes,,Unknown,Placeholder -1,john.mahmoud@yahoo.com,yahoo.com,Placeholder,756.48,Recorded,$750+,2023-06-08,Valid,2023,2023-Q2,2023-06,6,Jun,4,Thu,Yes,Electronics,4,Valid,Satisfied (4-5),5,No
CUST1146,Alaa Smith,Alaa,Smith,Female,n/a,,Unknown,Placeholder 200,alaa.smith@hotmail.com,hotmail.com,Placeholder,891.17,Recorded,$750+,2023-04-28,Valid,2023,2023-Q2,2023-04,4,Apr,5,Fri,Yes,Books,4,Valid,Satisfied (4-5),5,No
CUST1147,Fatma Hassan,Fatma,Hassan,Male,Yes,,Unknown,Missing,fatma.hassan@hotmail.com,hotmail.com,Placeholder,749.79,Recorded,$500-749,2025-07-11,Valid,2025,2025-Q3,2025-07,7,Jul,5,Fri,Partial,Books,5,Valid,Satisfied (4-5),5,No
CUST1148,Mark Gaber,Mark,Gaber,Male,No,,Unknown,Placeholder -1,mark.gaber@gmail.com,gmail.com,Missing,323.94,Recorded,$250-499,2023-09-17,Valid,2023,2023-Q3,2023-09,9,Sep,7,Sun,Yes,Unknown,2,Valid,Dissatisfied (1-2),4,No
CUST1149,Lina Ali,Lina,Ali,Female,No,,Unknown,Placeholder -1,lina.ali@hotmail.com,hotmail.com,Missing,232.81,Recorded,Under $250,2023-07-04,Valid,2023,2023-Q3,2023-07,7,Jul,2,Tue,Yes,Electronics,,Missing,No rating,4,No
CUST1150,Sara Ali,Sara,Ali,Male,Yes,,Unknown,Missing,sara.ali@gmail.com,gmail.com,Placeholder,341.99,Recorded,$250-499,2024-06-13,Valid,2024,2024-Q2,2024-06,6,Jun,4,Thu,Yes,Electronics,5,Valid,Satisfied (4-5),5,No
CUST1151,Lina Ibrahim,Lina,Ibrahim,Male,Yes,,Unknown,Placeholder 200,lina.ibrahim@hotmail.com,hotmail.com,Missing,251.62,Recorded,$250-499,2025-03-27,Valid,2025,2025-Q1,2025-03,3,Mar,4,Thu,Yes,Home,,Out of range (10),No rating,4,No
CUST1152,Alaa Hassan,Alaa,Hassan,Female,n/a,,Unknown,Placeholder -1,alaa.hassan@gmail.com,gmail.com,Placeholder,660.14,Recorded,$500-749,2024-09-20,Valid,2024,2024-Q3,2024-09,9,Sep,5,Fri,Yes,Electronics,,Missing,No rating,4,No
CUST1153,Ali Smith,Ali,Smith,Male,No,,Unknown,Placeholder 200,ali.smith@gmail.com,gmail.com,Missing,656.09,Recorded,$500-749,2024-07-26,Valid,2024,2024-Q3,2024-07,7,Jul,5,Fri,Yes,Home,2,Valid,Dissatisfied (1-2),5,No
CUST1154,John Gaber,John,Gaber,Male,No,,Unknown,Placeholder -1,john.gaber@yahoo.com,yahoo.com,Placeholder,891.14,Recorded,$750+,2024-02-18,Valid,2024,2024-Q1,2024-02,2,Feb,7,Sun,Yes,Clothing,1,Valid,Dissatisfied (1-2),5,No
CUST1155,Ahmed Ibrahim,Ahmed,Ibrahim,Male,No,,Unknown,Placeholder 200,ahmed.ibrahim@hotmail.com,hotmail.com,Missing,65.06,Recorded,Under $250,2022-12-29,Valid,2022,2022-Q4,2022-12,12,Dec,4,Thu,Yes,Unknown,,Out of range (10),No rating,3,No
CUST1156,Ali Ali,Ali,Ali,Male,No,,Unknown,Placeholder -1,ali.ali@yahoo.com,yahoo.com,Missing,354.43,Recorded,$250-499,2023-09-23,Valid,2023,2023-Q3,2023-09,9,Sep,6,Sat,Yes,Unknown,3,Valid,Neutral (3),4,No
CUST1157,Ahmed Ali,Ahmed,Ali,Female,Yes,89,75-90,Valid,ahmed.ali@hotmail.com,hotmail.com,Missing,660.07,Recorded,$500-749,2023-04-21,Valid,2023,2023-Q2,2023-04,4,Apr,5,Fri,Yes,Toys,1,Valid,Dissatisfied (1-2),6,Yes
CUST1158,Lina Gaber,Lina,Gaber,Male,Yes,,Unknown,Missing,lina.gaber@yahoo.com,yahoo.com,Missing,916.59,Recorded,$750+,2024-12-20,Valid,2024,2024-Q4,2024-12,12,Dec,5,Fri,Yes,Home,4,Valid,Satisfied (4-5),5,No
CUST1159,Fatma Ibrahim,Fatma,Ibrahim,Female,No,,Unknown,Missing,fatma.ibrahim@hotmail.com,hotmail.com,Missing,629.77,Recorded,$500-749,2025-04-22,Valid,2025,2025-Q2,2025-04,4,Apr,2,Tue,Yes,Toys,2,Valid,Dissatisfied (1-2),5,No
CUST1160,Ahmed Gaber,Ahmed,Gaber,Unknown,n/a,,Unknown,Placeholder -1,ahmed.gaber@yahoo.com,yahoo.com,Missing,839.25,Recorded,$750+,2023-12-19,Valid,2023,2023-Q4,2023-12,12,Dec,2,Tue,Yes,Books,,Out of range (10),No rating,3,No
CUST1161,Mark Ibrahim,Mark,Ibrahim,Female,Yes,,Unknown,Placeholder -1,mark.ibrahim@hotmail.com,hotmail.com,Placeholder,647.76,Recorded,$500-749,2023-12-01,Valid,2023,2023-Q4,2023-12,12,Dec,5,Fri,Yes,Unknown,5,Valid,Satisfied (4-5),4,No
CUST1162,Fatma Gaber,Fatma,Gaber,Male,Yes,,Unknown,Placeholder 200,fatma.gaber@yahoo.com,yahoo.com,Missing,249.85,Recorded,Under $250,2023-07-01,Valid,2023,2023-Q3,2023-07,7,Jul,6,Sat,Yes,Home,5,Valid,Satisfied (4-5),5,No
CUST1163,Lina Ibrahim,Lina,Ibrahim,Female,No,,Unknown,Placeholder -1,lina.ibrahim@hotmail.com,hotmail.com,Placeholder,340.52,Recorded,$250-499,,Invalid,,,,,,,,,Electronics,3,Valid,Neutral (3),4,No
CUST1164,Ahmed Mahmoud,Ahmed,Mahmoud,Male,No,,Unknown,Placeholder 200,ahmed.mahmoud@yahoo.com,yahoo.com,Placeholder,902.48,Recorded,$750+,2023-10-14,Valid,2023,2023-Q4,2023-10,10,Oct,6,Sat,Yes,Clothing,1,Valid,Dissatisfied (1-2),5,No
CUST1165,Sara Ali,Sara,Ali,Male,Yes,,Unknown,Placeholder 200,sara.ali@hotmail.com,hotmail.com,Missing,382.67,Recorded,$250-499,2024-01-29,Valid,2024,2024-Q1,2024-01,1,Jan,1,Mon,Yes,Home,,Out of range (10),No rating,4,No
CUST1166,Ali Hassan,Ali,Hassan,Male,No,,Unknown,Missing,ali.hassan@hotmail.com,hotmail.com,Placeholder,653.73,Recorded,$500-749,2024-02-10,Valid,2024,2024-Q1,2024-02,2,Feb,6,Sat,Yes,Clothing,2,Valid,Dissatisfied (1-2),5,No
CUST1167,Ali Smith,Ali,Smith,Female,Yes,,Unknown,Placeholder -1,ali.smith@hotmail.com,hotmail.com,Missing,972.88,Recorded,$750+,2023-10-14,Valid,2023,2023-Q4,2023-10,10,Oct,6,Sat,Yes,Home,4,Valid,Satisfied (4-5),5,No
CUST1168,Ali Mahmoud,Ali,Mahmoud,Female,Yes,,Unknown,Placeholder -1,ali.mahmoud@yahoo.com,yahoo.com,Missing,835.86,Recorded,$750+,,Invalid,,,,,,,,,Clothing,4,Valid,Satisfied (4-5),4,No
CUST1169,Fatma Ibrahim,Fatma,Ibrahim,Female,No,,Unknown,Placeholder 200,fatma.ibrahim@hotmail.com,hotmail.com,Placeholder,641.96,Recorded,$500-749,2024-06-13,Valid,2024,2024-Q2,2024-06,6,Jun,4,Thu,Yes,Unknown,1,Valid,Dissatisfied (1-2),4,No
CUST1170,John Smith,John,Smith,Male,No,,Unknown,Placeholder 200,john.smith@hotmail.com,hotmail.com,Placeholder,307.77,Recorded,$250-499,2025-03-29,Valid,2025,2025-Q1,2025-03,3,Mar,6,Sat,Yes,Unknown,4,Valid,Satisfied (4-5),4,No
CUST1171,Fatma Smith,Fatma,Smith,Male,Yes,87,75-90,Valid,fatma.smith@yahoo.com,yahoo.com,Placeholder,867.78,Recorded,$750+,,Invalid,,,,,,,,,Clothing,3,Valid,Neutral (3),5,No
CUST1172,Fatma Gaber,Fatma,Gaber,Male,Yes,,Unknown,Missing,fatma.gaber@yahoo.com,yahoo.com,Missing,198.0,Recorded,Under $250,2025-07-04,Valid,2025,2025-Q3,2025-07,7,Jul,5,Fri,Partial,Unknown,3,Valid,Neutral (3),4,No
CUST1173,Alaa Hassan,Alaa,Hassan,Female,n/a,,Unknown,Missing,alaa.hassan@hotmail.com,hotmail.com,Missing,685.55,Recorded,$500-749,2024-10-30,Valid,2024,2024-Q4,2024-10,10,Oct,3,Wed,Yes,Home,,Out of range (10),No rating,4,No
CUST1174,Alaa Smith,Alaa,Smith,Female,n/a,,Unknown,Placeholder -1,alaa.smith@yahoo.com,yahoo.com,Placeholder,592.21,Recorded,$500-749,,Invalid,,,,,,,,,Toys,2,Valid,Dissatisfied (1-2),4,No
CUST1175,Alaa Smith,Alaa,Smith,Female,n/a,,Unknown,Missing,alaa.smith@yahoo.com,yahoo.com,Missing,583.35,Recorded,$500-749,2023-12-16,Valid,2023,2023-Q4,2023-12,12,Dec,6,Sat,Yes,Unknown,2,Valid,Dissatisfied (1-2),4,No
CUST1176,Mark Mahmoud,Mark,Mahmoud,Male,No,,Unknown,Missing,mark.mahmoud@gmail.com,gmail.com,Missing,65.43,Recorded,Under $250,2024-03-06,Valid,2024,2024-Q1,2024-03,3,Mar,3,Wed,Yes,Toys,2,Valid,Dissatisfied (1-2),5,No
CUST1177,John Ali,John,Ali,Female,Yes,,Unknown,Missing,john.ali@hotmail.com,hotmail.com,Placeholder,563.54,Recorded,$500-749,2025-04-14,Valid,2025,2025-Q2,2025-04,4,Apr,1,Mon,Yes,Toys,5,Valid,Satisfied (4-5),5,No
CUST1178,John Smith,John,Smith,Male,No,,Unknown,Placeholder -1,john.smith@yahoo.com,yahoo.com,Missing,566.84,Recorded,$500-749,2023-07-05,Valid,2023,2023-Q3,2023-07,7,Jul,3,Wed,Yes,Unknown,2,Valid,Dissatisfied (1-2),4,No
CUST1179,Fatma Hassan,Fatma,Hassan,Male,Yes,,Unknown,Placeholder 200,fatma.hassan@hotmail.com,hotmail.com,Missing,338.73,Recorded,$250-499,2025-06-08,Valid,2025,2025-Q2,2025-06,6,Jun,7,Sun,Yes,Home,4,Valid,Satisfied (4-5),5,No
CUST1180,Ali Ali,Ali,Ali,Male,No,,Unknown,Placeholder 200,ali.ali@hotmail.com,hotmail.com,Missing,153.08,Recorded,Under $250,2025-05-16,Valid,2025,2025-Q2,2025-05,5,May,5,Fri,Yes,Books,,Missing,No rating,4,No
CUST1181,John Gaber,John,Gaber,Female,Yes,,Unknown,Placeholder -1,john.gaber@yahoo.com,yahoo.com,Placeholder,203.2,Recorded,Under $250,2024-07-27,Valid,2024,2024-Q3,2024-07,7,Jul,6,Sat,Yes,Books,1,Valid,Dissatisfied (1-2),5,No
CUST1182,Lina Hassan,Lina,Hassan,Male,Yes,,Unknown,Missing,lina.hassan@gmail.com,gmail.com,Missing,173.4,Recorded,Under $250,2024-06-25,Valid,2024,2024-Q2,2024-06,6,Jun,2,Tue,Yes,Home,3,Valid,Neutral (3),5,No
CUST1183,John Hassan,John,Hassan,Female,Yes,30,30-44,Valid,john.hassan@gmail.com,gmail.com,Missing,957.09,Recorded,$750+,,Invalid,,,,,,,,,Toys,1,Valid,Dissatisfied (1-2),5,No
CUST1184,John Gaber,John,Gaber,Male,No,,Unknown,Missing,john.gaber@hotmail.com,hotmail.com,Placeholder,39.61,Recorded,Under $250,2022-10-31,Valid,2022,2022-Q4,2022-10,10,Oct,1,Mon,Partial,Clothing,1,Valid,Dissatisfied (1-2),5,No
CUST1185,Lina Gaber,Lina,Gaber,Male,Yes,,Unknown,Placeholder 200,lina.gaber@hotmail.com,hotmail.com,Missing,467.64,Recorded,$250-499,2025-01-04,Valid,2025,2025-Q1,2025-01,1,Jan,6,Sat,Yes,Electronics,3,Valid,Neutral (3),5,No
CUST1186,Mark Hassan,Mark,Hassan,Male,No,,Unknown,Missing,mark.hassan@gmail.com,gmail.com,Placeholder,879.07,Recorded,$750+,2023-11-06,Valid,2023,2023-Q4,2023-11,11,Nov,1,Mon,Yes,Toys,3,Valid,Neutral (3),5,No
CUST1187,Alaa Gaber,Alaa,Gaber,Male,n/a,,Unknown,Placeholder 200,alaa.gaber@yahoo.com,yahoo.com,Missing,739.06,Recorded,$500-749,2024-12-18,Valid,2024,2024-Q4,2024-12,12,Dec,3,Wed,Yes,Electronics,2,Valid,Dissatisfied (1-2),5,No
CUST1188,Ali Gaber,Ali,Gaber,Male,No,,Unknown,Placeholder 200,ali.gaber@yahoo.com,yahoo.com,Placeholder,337.71,Recorded,$250-499,2024-05-12,Valid,2024,2024-Q2,2024-05,5,May,7,Sun,Yes,Unknown,5,Valid,Satisfied (4-5),4,No
CUST1189,Fatma Gaber,Fatma,Gaber,Female,No,,Unknown,Missing,fatma.gaber@yahoo.com,yahoo.com,Missing,211.5,Recorded,Under $250,2024-05-24,Valid,2024,2024-Q2,2024-05,5,May,5,Fri,Yes,Electronics,5,Valid,Satisfied (4-5),5,No
CUST1190,Lina Mahmoud,Lina,Mahmoud,Unknown,n/a,,Unknown,Placeholder 200,lina.mahmoud@yahoo.com,yahoo.com,Placeholder,546.44,Recorded,$500-749,2022-10-30,Valid,2022,2022-Q4,2022-10,10,Oct,7,Sun,Partial,Home,3,Valid,Neutral (3),4,No
CUST1191,Ahmed Hassan,Ahmed,Hassan,Male,No,,Unknown,Missing,ahmed.hassan@hotmail.com,hotmail.com,Placeholder,802.26,Recorded,$750+,2025-03-17,Valid,2025,2025-Q1,2025-03,3,Mar,1,Mon,Yes,Clothing,3,Valid,Neutral (3),5,No
CUST1192,Ahmed Smith,Ahmed,Smith,Male,No,,Unknown,Placeholder -1,ahmed.smith@hotmail.com,hotmail.com,Placeholder,464.5,Recorded,$250-499,,Invalid,,,,,,,,,Clothing,,Missing,No rating,3,No
CUST1193,John Hassan,John,Hassan,Male,No,,Unknown,Placeholder -1,john.hassan@gmail.com,gmail.com,Missing,293.42,Recorded,$250-499,2023-11-12,Valid,2023,2023-Q4,2023-11,11,Nov,7,Sun,Yes,Unknown,5,Valid,Satisfied (4-5),4,No
CUST1194,Lina Gaber,Lina,Gaber,Male,Yes,23,15-29,Valid,lina.gaber@gmail.com,gmail.com,Placeholder,584.56,Recorded,$500-749,,Invalid,,,,,,,,,Books,,Missing,No rating,4,No
CUST1195,Fatma Hassan,Fatma,Hassan,Male,Yes,84,75-90,Valid,fatma.hassan@yahoo.com,yahoo.com,Missing,449.45,Recorded,$250-499,2023-03-18,Valid,2023,2023-Q1,2023-03,3,Mar,6,Sat,Yes,Electronics,,Out of range (10),No rating,5,No
CUST1196,Ali Gaber,Ali,Gaber,Male,No,,Unknown,Placeholder 200,ali.gaber@yahoo.com,yahoo.com,Placeholder,647.39,Recorded,$500-749,2025-01-10,Valid,2025,2025-Q1,2025-01,1,Jan,5,Fri,Yes,Electronics,4,Valid,Satisfied (4-5),5,No
CUST1197,John Hassan,John,Hassan,Female,Yes,,Unknown,Placeholder 200,john.hassan@hotmail.com,hotmail.com,Missing,225.1,Recorded,Under $250,2025-07-16,Valid,2025,2025-Q3,2025-07,7,Jul,3,Wed,Partial,Unknown,5,Valid,Satisfied (4-5),4,No
CUST1198,Ahmed Ali,Ahmed,Ali,Male,No,26,15-29,Valid,ahmed.ali@hotmail.com,hotmail.com,Missing,,Missing,Unknown,2023-11-04,Valid,2023,2023-Q4,2023-11,11,Nov,6,Sat,Yes,Clothing,,Missing,No rating,4,No
CUST1199,Alaa Gaber,Alaa,Gaber,Female,n/a,,Unknown,Missing,alaa.gaber@hotmail.com,hotmail.com,Placeholder,616.2,Recorded,$500-749,2023-05-04,Valid,2023,2023-Q2,2023-05,5,May,4,Thu,Yes,Books,4,Valid,Satisfied (4-5),5,No
CUST1200,Ali Ali,Ali,Ali,Female,Yes,,Unknown,Placeholder -1,ali.ali@hotmail.com,hotmail.com,Placeholder,538.75,Recorded,$500-749,2023-06-14,Valid,2023,2023-Q2,2023-06,6,Jun,3,Wed,Yes,Toys,,Out of range (10),No rating,4,No
CUST1201,Fatma Mahmoud,Fatma,Mahmoud,Male,Yes,,Unknown,Placeholder 200,fatma.mahmoud@gmail.com,gmail.com,Missing,193.47,Recorded,Under $250,2025-04-06,Valid,2025,2025-Q2,2025-04,4,Apr,7,Sun,Yes,Unknown,,Missing,No rating,3,No
CUST1202,Sara Ibrahim,Sara,Ibrahim,Male,Yes,,Unknown,Placeholder -1,sara.ibrahim@hotmail.com,hotmail.com,Missing,45.36,Recorded,Under $250,2023-08-13,Valid,2023,2023-Q3,2023-08,8,Aug,7,Sun,Yes,Unknown,1,Valid,Dissatisfied (1-2),4,No
CUST1203,Ali Gaber,Ali,Gaber,Male,No,,Unknown,Missing,ali.gaber@yahoo.com,yahoo.com,Placeholder,736.35,Recorded,$500-749,2023-10-05,Valid,2023,2023-Q4,2023-10,10,Oct,4,Thu,Yes,Home,,Missing,No rating,4,No
CUST1204,Fatma Mahmoud,Fatma,Mahmoud,Male,Yes,36,30-44,Valid,fatma.mahmoud@gmail.com,gmail.com,Placeholder,273.43,Recorded,$250-499,2023-09-26,Valid,2023,2023-Q3,2023-09,9,Sep,2,Tue,Yes,Toys,5,Valid,Satisfied (4-5),6,Yes
CUST1205,John Hassan,John,Hassan,Male,No,23,15-29,Valid,john.hassan@yahoo.com,yahoo.com,Placeholder,,Missing,Unknown,2023-11-27,Valid,2023,2023-Q4,2023-11,11,Nov,1,Mon,Yes,Home,,Missing,No rating,4,No
CUST1206,Alaa Mahmoud,Alaa,Mahmoud,Male,n/a,,Unknown,Placeholder 200,alaa.mahmoud@gmail.com,gmail.com,Missing,689.79,Recorded,$500-749,2025-06-08,Valid,2025,2025-Q2,2025-06,6,Jun,7,Sun,Yes,Toys,3,Valid,Neutral (3),5,No
CUST1207,Ahmed Ali,Ahmed,Ali,Male,No,,Unknown,Placeholder 200,ahmed.ali@hotmail.com,hotmail.com,Placeholder,877.79,Recorded,$750+,2022-11-23,Valid,2022,2022-Q4,2022-11,11,Nov,3,Wed,Yes,Home,5,Valid,Satisfied (4-5),5,No
CUST1208,Fatma Hassan,Fatma,Hassan,Unknown,n/a,,Unknown,Placeholder -1,fatma.hassan@yahoo.com,yahoo.com,Missing,179.63,Recorded,Under $250,2023-02-02,Valid,2023,2023-Q1,2023-02,2,Feb,4,Thu,Yes,Electronics,,Out of range (10),No rating,3,No
CUST1209,Alaa Smith,Alaa,Smith,Male,n/a,,Unknown,Placeholder -1,alaa.smith@hotmail.com,hotmail.com,Placeholder,87.22,Recorded,Under $250,2023-04-19,Valid,2023,2023-Q2,2023-04,4,Apr,3,Wed,Yes,Books,,Out of range (10),No rating,4,No
CUST1210,Fatma Ibrahim,Fatma,Ibrahim,Male,Yes,79,75-90,Valid,fatma.ibrahim@yahoo.com,yahoo.com,Missing,688.98,Recorded,$500-749,2024-11-28,Valid,2024,2024-Q4,2024-11,11,Nov,4,Thu,Yes,Toys,2,Valid,Dissatisfied (1-2),6,Yes
CUST1211,Fatma Mahmoud,Fatma,Mahmoud,Male,Yes,,Unknown,Placeholder 200,fatma.mahmoud@gmail.com,gmail.com,Missing,545.4,Recorded,$500-749,2023-11-08,Valid,2023,2023-Q4,2023-11,11,Nov,3,Wed,Yes,Electronics,,Out of range (10),No rating,4,No
CUST1212,Sara Ibrahim,Sara,Ibrahim,Male,Yes,,Unknown,Placeholder 200,sara.ibrahim@hotmail.com,hotmail.com,Placeholder,859.82,Recorded,$750+,2025-06-22,Valid,2025,2025-Q2,2025-06,6,Jun,7,Sun,Yes,Toys,5,Valid,Satisfied (4-5),5,No
CUST1213,Ahmed Ibrahim,Ahmed,Ibrahim,Male,No,,Unknown,Placeholder 200,ahmed.ibrahim@hotmail.com,hotmail.com,Placeholder,740.96,Recorded,$500-749,2023-03-01,Valid,2023,2023-Q1,2023-03,3,Mar,3,Wed,Yes,Unknown,3,Valid,Neutral (3),4,No
CUST1214,Lina Hassan,Lina,Hassan,Female,No,,Unknown,Placeholder 200,lina.hassan@gmail.com,gmail.com,Missing,240.1,Recorded,Under $250,2023-07-14,Valid,2023,2023-Q3,2023-07,7,Jul,5,Fri,Yes,Home,1,Valid,Dissatisfied (1-2),5,No
CUST1215,Ali Hassan,Ali,Hassan,Male,No,90,75-90,Valid,ali.hassan@gmail.com,gmail.com,Placeholder,81.5,Recorded,Under $250,2025-04-23,Valid,2025,2025-Q2,2025-04,4,Apr,3,Wed,Yes,Unknown,2,Valid,Dissatisfied (1-2),5,No
CUST1216,John Mahmoud,John,Mahmoud,Male,No,,Unknown,Placeholder 200,john.mahmoud@hotmail.com,hotmail.com,Missing,325.06,Recorded,$250-499,2024-12-08,Valid,2024,2024-Q4,2024-12,12,Dec,7,Sun,Yes,Unknown,,Out of range (10),No rating,3,No
CUST1217,Alaa Smith,Alaa,Smith,Unknown,n/a,,Unknown,Missing,alaa.smith@gmail.com,gmail.com,Placeholder,272.24,Recorded,$250-499,2024-04-16,Valid,2024,2024-Q2,2024-04,4,Apr,2,Tue,Yes,Toys,3,Valid,Neutral (3),4,No
CUST1218,Sara Gaber,Sara,Gaber,Male,Yes,,Unknown,Placeholder 200,sara.gaber@yahoo.com,yahoo.com,Missing,44.14,Recorded,Under $250,,Invalid,,,,,,,,,Clothing,,Out of range (10),No rating,3,No
CUST1219,Ali Smith,Ali,Smith,Male,No,,Unknown,Placeholder 200,ali.smith@hotmail.com,hotmail.com,Missing,70.94,Recorded,Under $250,2025-03-07,Valid,2025,2025-Q1,2025-03,3,Mar,5,Fri,Yes,Clothing,,Out of range (10),No rating,4,No
CUST1220,Sara Hassan,Sara,Hassan,Female,No,67,60-74,Valid,sara.hassan@yahoo.com,yahoo.com,Placeholder,350.38,Recorded,$250-499,2023-02-17,Valid,2023,2023-Q1,2023-02,2,Feb,5,Fri,Yes,Unknown,1,Valid,Dissatisfied (1-2),5,No
CUST1221,Alaa Smith,Alaa,Smith,Female,n/a,33,30-44,Valid,alaa.smith@gmail.com,gmail.com,Missing,836.95,Recorded,$750+,2023-12-10,Valid,2023,2023-Q4,2023-12,12,Dec,7,Sun,Yes,Clothing,,Out of range (10),No rating,5,No
CUST1222,Fatma Smith,Fatma,Smith,Male,Yes,,Unknown,Missing,fatma.smith@gmail.com,gmail.com,Placeholder,505.89,Recorded,$500-749,2025-03-01,Valid,2025,2025-Q1,2025-03,3,Mar,6,Sat,Yes,Unknown,,Out of range (10),No rating,3,No
CUST1223,Fatma Mahmoud,Fatma,Mahmoud,Male,Yes,83,75-90,Valid,fatma.mahmoud@gmail.com,gmail.com,Missing,917.86,Recorded,$750+,2023-03-01,Valid,2023,2023-Q1,2023-03,3,Mar,3,Wed,Yes,Books,2,Valid,Dissatisfied (1-2),6,Yes
CUST1224,Lina Ibrahim,Lina,Ibrahim,Unknown,n/a,67,60-74,Valid,lina.ibrahim@yahoo.com,yahoo.com,Missing,321.98,Recorded,$250-499,2024-07-10,Valid,2024,2024-Q3,2024-07,7,Jul,3,Wed,Yes,Electronics,4,Valid,Satisfied (4-5),5,No
CUST1225,Sara Hassan,Sara,Hassan,Female,No,,Unknown,Placeholder 200,sara.hassan@gmail.com,gmail.com,Missing,,Missing,Unknown,2023-03-11,Valid,2023,2023-Q1,2023-03,3,Mar,6,Sat,Yes,Unknown,2,Valid,Dissatisfied (1-2),3,No
CUST1226,Sara Mahmoud,Sara,Mahmoud,Male,Yes,58,45-59,Valid,sara.mahmoud@yahoo.com,yahoo.com,Missing,190.38,Recorded,Under $250,2023-04-14,Valid,2023,2023-Q2,2023-04,4,Apr,5,Fri,Yes,Home,,Out of range (10),No rating,5,No
CUST1227,Mark Mahmoud,Mark,Mahmoud,Male,No,49,45-59,Valid,mark.mahmoud@gmail.com,gmail.com,Placeholder,24.98,Recorded,Under $250,2025-05-26,Valid,2025,2025-Q2,2025-05,5,May,1,Mon,Yes,Electronics,2,Valid,Dissatisfied (1-2),6,Yes
CUST1228,Lina Ibrahim,Lina,Ibrahim,Female,No,,Unknown,Placeholder -1,lina.ibrahim@gmail.com,gmail.com,Missing,798.65,Recorded,$750+,2023-12-27,Valid,2023,2023-Q4,2023-12,12,Dec,3,Wed,Yes,Books,2,Valid,Dissatisfied (1-2),5,No
CUST1229,Fatma Ibrahim,Fatma,Ibrahim,Female,No,,Unknown,Placeholder -1,fatma.ibrahim@gmail.com,gmail.com,Missing,,Missing,Unknown,,Invalid,,,,,,,,,Electronics,5,Valid,Satisfied (4-5),3,No
CUST1230,Ali Smith,Ali,Smith,Unknown,n/a,,Unknown,Placeholder 200,ali.smith@gmail.com,gmail.com,Placeholder,938.95,Recorded,$750+,2023-09-06,Valid,2023,2023-Q3,2023-09,9,Sep,3,Wed,Yes,Books,,Out of range (10),No rating,3,No
CUST1231,Ahmed Smith,Ahmed,Smith,Female,Yes,,Unknown,Missing,ahmed.smith@yahoo.com,yahoo.com,Missing,610.21,Recorded,$500-749,2023-03-23,Valid,2023,2023-Q1,2023-03,3,Mar,4,Thu,Yes,Unknown,,Out of range (10),No rating,3,No
CUST1232,Alaa Hassan,Alaa,Hassan,Female,n/a,28,15-29,Valid,alaa.hassan@hotmail.com,hotmail.com,Placeholder,679.49,Recorded,$500-749,2022-12-30,Valid,2022,2022-Q4,2022-12,12,Dec,5,Fri,Yes,Books,5,Valid,Satisfied (4-5),6,Yes
CUST1233,Lina Smith,Lina,Smith,Unknown,n/a,65,60-74,Valid,lina.smith@yahoo.com,yahoo.com,Missing,741.96,Recorded,$500-749,2022-11-24,Valid,2022,2022-Q4,2022-11,11,Nov,4,Thu,Yes,Electronics,2,Valid,Dissatisfied (1-2),5,No
CUST1234,Lina Ali,Lina,Ali,Unknown,n/a,,Unknown,Missing,lina.ali@hotmail.com,hotmail.com,Placeholder,460.62,Recorded,$250-499,2025-03-06,Valid,2025,2025-Q1,2025-03,3,Mar,4,Thu,Yes,Toys,2,Valid,Dissatisfied (1-2),4,No
CUST1235,Fatma Mahmoud,Fatma,Mahmoud,Male,Yes,,Unknown,Missing,fatma.mahmoud@yahoo.com,yahoo.com,Placeholder,,Missing,Unknown,2022-11-07,Valid,2022,2022-Q4,2022-11,11,Nov,1,Mon,Yes,Unknown,3,Valid,Neutral (3),3,No
CUST1236,Lina Ali,Lina,Ali,Male,Yes,,Unknown,Placeholder 200,lina.ali@gmail.com,gmail.com,Placeholder,72.41,Recorded,Under $250,2024-12-05,Valid,2024,2024-Q4,2024-12,12,Dec,4,Thu,Yes,Unknown,3,Valid,Neutral (3),4,No
CUST1237,John Hassan,John,Hassan,Male,No,,Unknown,Placeholder -1,john.hassan@yahoo.com,yahoo.com,Missing,74.24,Recorded,Under $250,2024-07-28,Valid,2024,2024-Q3,2024-07,7,Jul,7,Sun,Yes,Electronics,5,Valid,Satisfied (4-5),5,No
CUST1238,Ahmed Ibrahim,Ahmed,Ibrahim,Male,No,,Unknown,Missing,ahmed.ibrahim@hotmail.com,hotmail.com,Placeholder,400.75,Recorded,$250-499,2024-09-13,Valid,2024,2024-Q3,2024-09,9,Sep,5,Fri,Yes,Toys,5,Valid,Satisfied (4-5),5,No
CUST1239,Alaa Smith,Alaa,Smith,Female,n/a,,Unknown,Placeholder -1,alaa.smith@hotmail.com,hotmail.com,Placeholder,526.05,Recorded,$500-749,2023-09-05,Valid,2023,2023-Q3,2023-09,9,Sep,2,Tue,Yes,Toys,,Missing,No rating,4,No
CUST1240,Alaa Smith,Alaa,Smith,Female,n/a,30,30-44,Valid,alaa.smith@gmail.com,gmail.com,Placeholder,41.71,Recorded,Under $250,2024-05-28,Valid,2024,2024-Q2,2024-05,5,May,2,Tue,Yes,Electronics,,Out of range (10),No rating,5,No
CUST1241,Ahmed Gaber,Ahmed,Gaber,Unknown,n/a,44,30-44,Valid,ahmed.gaber@hotmail.com,hotmail.com,Placeholder,174.79,Recorded,Under $250,2024-05-09,Valid,2024,2024-Q2,2024-05,5,May,4,Thu,Yes,Unknown,,Out of range (10),No rating,3,No
CUST1242,Sara Gaber,Sara,Gaber,Male,Yes,71,60-74,Valid,sara.gaber@hotmail.com,hotmail.com,Missing,321.95,Recorded,$250-499,2025-04-25,Valid,2025,2025-Q2,2025-04,4,Apr,5,Fri,Yes,Unknown,5,Valid,Satisfied (4-5),5,No
CUST1243,Fatma Ibrahim,Fatma,Ibrahim,Female,No,,Unknown,Placeholder 200,fatma.ibrahim@gmail.com,gmail.com,Placeholder,384.26,Recorded,$250-499,2023-12-25,Valid,2023,2023-Q4,2023-12,12,Dec,1,Mon,Yes,Toys,2,Valid,Dissatisfied (1-2),5,No
CUST1244,Sara Ali,Sara,Ali,Female,No,56,45-59,Valid,sara.ali@yahoo.com,yahoo.com,Placeholder,292.02,Recorded,$250-499,2025-06-11,Valid,2025,2025-Q2,2025-06,6,Jun,3,Wed,Yes,Clothing,,Out of range (10),No rating,5,No
CUST1245,Ahmed Ibrahim,Ahmed,Ibrahim,Male,No,,Unknown,Missing,ahmed.ibrahim@hotmail.com,hotmail.com,Placeholder,796.59,Recorded,$750+,2024-11-25,Valid,2024,2024-Q4,2024-11,11,Nov,1,Mon,Yes,Clothing,1,Valid,Dissatisfied (1-2),5,No
CUST1246,Ahmed Ali,Ahmed,Ali,Female,Yes,,Unknown,Placeholder 200,ahmed.ali@gmail.com,gmail.com,Placeholder,111.12,Recorded,Under $250,2025-01-27,Valid,2025,2025-Q1,2025-01,1,Jan,1,Mon,Yes,Unknown,3,Valid,Neutral (3),4,No
CUST1247,John Mahmoud,John,Mahmoud,Male,No,26,15-29,Valid,john.mahmoud@yahoo.com,yahoo.com,Missing,,Missing,Unknown,2025-05-21,Valid,2025,2025-Q2,2025-05,5,May,3,Wed,Yes,Toys,1,Valid,Dissatisfied (1-2),5,No
CUST1248,Mark Hassan,Mark,Hassan,Female,Yes,,Unknown,Placeholder -1,mark.hassan@yahoo.com,yahoo.com,Missing,48.51,Recorded,Under $250,2023-02-13,Valid,2023,2023-Q1,2023-02,2,Feb,1,Mon,Yes,Books,2,Valid,Dissatisfied (1-2),5,No
CUST1249,John Smith,John,Smith,Female,Yes,26,15-29,Valid,john.smith@yahoo.com,yahoo.com,Placeholder,497.9,Recorded,$250-499,2024-01-23,Valid,2024,2024-Q1,2024-01,1,Jan,2,Tue,Yes,Unknown,1,Valid,Dissatisfied (1-2),5,No
CUST1250,Alaa Ali,Alaa,Ali,Male,n/a,,Unknown,Placeholder 200,alaa.ali@hotmail.com,hotmail.com,Placeholder,338.96,Recorded,$250-499,2024-05-13,Valid,2024,2024-Q2,2024-05,5,May,1,Mon,Yes,Books,,Out of range (10),No rating,4,No
CUST1251,Mark Hassan,Mark,Hassan,Female,Yes,,Unknown,Placeholder 200,mark.hassan@hotmail.com,hotmail.com,Placeholder,563.61,Recorded,$500-749,2025-05-15,Valid,2025,2025-Q2,2025-05,5,May,4,Thu,Yes,Toys,2,Valid,Dissatisfied (1-2),5,No
CUST1252,Lina Mahmoud,Lina,Mahmoud,Male,Yes,,Unknown,Placeholder -1,lina.mahmoud@gmail.com,gmail.com,Placeholder,907.78,Recorded,$750+,2023-10-14,Valid,2023,2023-Q4,2023-10,10,Oct,6,Sat,Yes,Unknown,,Missing,No rating,3,No
CUST1253,Fatma Mahmoud,Fatma,Mahmoud,Male,Yes,23,15-29,Valid,fatma.mahmoud@hotmail.com,hotmail.com,Placeholder,675.59,Recorded,$500-749,2025-01-18,Valid,2025,2025-Q1,2025-01,1,Jan,6,Sat,Yes,Books,2,Valid,Dissatisfied (1-2),6,Yes
CUST1254,Lina Smith,Lina,Smith,Male,Yes,76,75-90,Valid,lina.smith@gmail.com,gmail.com,Placeholder,308.32,Recorded,$250-499,2023-01-05,Valid,2023,2023-Q1,2023-01,1,Jan,4,Thu,Yes,Unknown,,Missing,No rating,4,No
CUST1255,Sara Ibrahim,Sara,Ibrahim,Female,No,,Unknown,Placeholder -1,sara.ibrahim@gmail.com,gmail.com,Placeholder,28.77,Recorded,Under $250,2023-11-13,Valid,2023,2023-Q4,2023-11,11,Nov,1,Mon,Yes,Toys,,Missing,No rating,4,No
CUST1256,Mark Smith,Mark,Smith,Unknown,n/a,,Unknown,Placeholder -1,mark.smith@hotmail.com,hotmail.com,Placeholder,441.18,Recorded,$250-499,2024-08-14,Valid,2024,2024-Q3,2024-08,8,Aug,3,Wed,Yes,Unknown,4,Valid,Satisfied (4-5),3,No
CUST1257,Fatma Ibrahim,Fatma,Ibrahim,Unknown,n/a,,Unknown,Placeholder -1,fatma.ibrahim@yahoo.com,yahoo.com,Missing,83.67,Recorded,Under $250,2022-11-21,Valid,2022,2022-Q4,2022-11,11,Nov,1,Mon,Yes,Books,3,Valid,Neutral (3),4,No
CUST1258,Alaa Smith,Alaa,Smith,Male,n/a,,Unknown,Placeholder -1,alaa.smith@gmail.com,gmail.com,Missing,44.27,Recorded,Under $250,2025-04-22,Valid,2025,2025-Q2,2025-04,4,Apr,2,Tue,Yes,Electronics,2,Valid,Dissatisfied (1-2),5,No
CUST1259,Mark Gaber,Mark,Gaber,Unknown,n/a,,Unknown,Placeholder -1,mark.gaber@hotmail.com,hotmail.com,Missing,251.68,Recorded,$250-499,2023-11-07,Valid,2023,2023-Q4,2023-11,11,Nov,2,Tue,Yes,Toys,,Missing,No rating,3,No
CUST1260,Ahmed Gaber,Ahmed,Gaber,Male,No,25,15-29,Valid,ahmed.gaber@yahoo.com,yahoo.com,Placeholder,161.47,Recorded,Under $250,2022-12-28,Valid,2022,2022-Q4,2022-12,12,Dec,3,Wed,Yes,Clothing,4,Valid,Satisfied (4-5),6,Yes
CUST1261,Lina Hassan,Lina,Hassan,Female,No,,Unknown,Placeholder -1,lina.hassan@hotmail.com,hotmail.com,Placeholder,434.13,Recorded,$250-499,2023-04-24,Valid,2023,2023-Q2,2023-04,4,Apr,1,Mon,Yes,Books,1,Valid,Dissatisfied (1-2),5,No
CUST1262,Sara Ali,Sara,Ali,Male,Yes,,Unknown,Placeholder 200,sara.ali@hotmail.com,hotmail.com,Missing,317.64,Recorded,$250-499,2024-10-06,Valid,2024,2024-Q4,2024-10,10,Oct,7,Sun,Yes,Home,3,Valid,Neutral (3),5,No
CUST1263,Mark Mahmoud,Mark,Mahmoud,Female,Yes,,Unknown,Placeholder -1,mark.mahmoud@yahoo.com,yahoo.com,Missing,628.62,Recorded,$500-749,2024-10-16,Valid,2024,2024-Q4,2024-10,10,Oct,3,Wed,Yes,Unknown,4,Valid,Satisfied (4-5),4,No
CUST1264,John Ali,John,Ali,Female,Yes,,Unknown,Missing,john.ali@yahoo.com,yahoo.com,Missing,981.69,Recorded,$750+,,Invalid,,,,,,,,,Clothing,2,Valid,Dissatisfied (1-2),4,No
CUST1265,John Mahmoud,John,Mahmoud,Unknown,n/a,,Unknown,Placeholder 200,john.mahmoud@yahoo.com,yahoo.com,Missing,603.83,Recorded,$500-749,2024-08-02,Valid,2024,2024-Q3,2024-08,8,Aug,5,Fri,Yes,Books,2,Valid,Dissatisfied (1-2),4,No
CUST1266,Fatma Smith,Fatma,Smith,Female,No,43,30-44,Valid,fatma.smith@hotmail.com,hotmail.com,Missing,,Missing,Unknown,2024-05-05,Valid,2024,2024-Q2,2024-05,5,May,7,Sun,Yes,Books,2,Valid,Dissatisfied (1-2),5,No
CUST1267,John Ibrahim,John,Ibrahim,Female,Yes,,Unknown,Placeholder 200,john.ibrahim@yahoo.com,yahoo.com,Placeholder,105.11,Recorded,Under $250,2024-10-28,Valid,2024,2024-Q4,2024-10,10,Oct,1,Mon,Yes,Unknown,3,Valid,Neutral (3),4,No
CUST1268,Ahmed Ibrahim,Ahmed,Ibrahim,Female,Yes,,Unknown,Missing,ahmed.ibrahim@yahoo.com,yahoo.com,Placeholder,658.73,Recorded,$500-749,2023-09-19,Valid,2023,2023-Q3,2023-09,9,Sep,2,Tue,Yes,Electronics,5,Valid,Satisfied (4-5),5,No
CUST1269,Alaa Smith,Alaa,Smith,Male,n/a,,Unknown,Missing,alaa.smith@yahoo.com,yahoo.com,Missing,,Missing,Unknown,2024-05-13,Valid,2024,2024-Q2,2024-05,5,May,1,Mon,Yes,Clothing,5,Valid,Satisfied (4-5),4,No
CUST1270,Sara Mahmoud,Sara,Mahmoud,Female,No,21,15-29,Valid,sara.mahmoud@gmail.com,gmail.com,Missing,672.62,Recorded,$500-749,2023-04-02,Valid,2023,2023-Q2,2023-04,4,Apr,7,Sun,Yes,Home,1,Valid,Dissatisfied (1-2),6,Yes
CUST1271,Ali Hassan,Ali,Hassan,Unknown,n/a,,Unknown,Missing,ali.hassan@yahoo.com,yahoo.com,Placeholder,599.23,Recorded,$500-749,2025-01-28,Valid,2025,2025-Q1,2025-01,1,Jan,2,Tue,Yes,Unknown,,Out of range (10),No rating,2,No
CUST1272,Fatma Hassan,Fatma,Hassan,Male,Yes,46,45-59,Valid,fatma.hassan@yahoo.com,yahoo.com,Missing,717.71,Recorded,$500-749,2024-10-25,Valid,2024,2024-Q4,2024-10,10,Oct,5,Fri,Yes,Unknown,4,Valid,Satisfied (4-5),5,No
CUST1273,Lina Gaber,Lina,Gaber,Male,Yes,,Unknown,Placeholder -1,lina.gaber@hotmail.com,hotmail.com,Placeholder,463.51,Recorded,$250-499,2024-07-04,Valid,2024,2024-Q3,2024-07,7,Jul,4,Thu,Yes,Clothing,1,Valid,Dissatisfied (1-2),5,No
CUST1274,Lina Mahmoud,Lina,Mahmoud,Male,Yes,,Unknown,Missing,lina.mahmoud@yahoo.com,yahoo.com,Placeholder,24.82,Recorded,Under $250,2024-12-06,Valid,2024,2024-Q4,2024-12,12,Dec,5,Fri,Yes,Electronics,4,Valid,Satisfied (4-5),5,No
CUST1275,Ali Mahmoud,Ali,Mahmoud,Female,Yes,,Unknown,Placeholder 200,ali.mahmoud@yahoo.com,yahoo.com,Missing,449.84,Recorded,$250-499,2025-07-10,Valid,2025,2025-Q3,2025-07,7,Jul,4,Thu,Partial,Unknown,4,Valid,Satisfied (4-5),4,No
CUST1276,Alaa Smith,Alaa,Smith,Unknown,n/a,83,75-90,Valid,alaa.smith@hotmail.com,hotmail.com,Missing,127.73,Recorded,Under $250,2024-09-09,Valid,2024,2024-Q3,2024-09,9,Sep,1,Mon,Yes,Books,5,Valid,Satisfied (4-5),5,No
CUST1277,Alaa Smith,Alaa,Smith,Male,n/a,,Unknown,Placeholder -1,alaa.smith@hotmail.com,hotmail.com,Missing,376.39,Recorded,$250-499,2022-11-03,Valid,2022,2022-Q4,2022-11,11,Nov,4,Thu,Yes,Clothing,3,Valid,Neutral (3),5,No
CUST1278,John Smith,John,Smith,Unknown,n/a,,Unknown,Missing,john.smith@hotmail.com,hotmail.com,Placeholder,254.03,Recorded,$250-499,2024-06-03,Valid,2024,2024-Q2,2024-06,6,Jun,1,Mon,Yes,Unknown,5,Valid,Satisfied (4-5),3,No
CUST1279,Lina Ali,Lina,Ali,Male,Yes,,Unknown,Placeholder 200,lina.ali@hotmail.com,hotmail.com,Placeholder,844.62,Recorded,$750+,2023-04-18,Valid,2023,2023-Q2,2023-04,4,Apr,2,Tue,Yes,Unknown,2,Valid,Dissatisfied (1-2),4,No
CUST1280,John Ibrahim,John,Ibrahim,Male,No,,Unknown,Placeholder -1,john.ibrahim@gmail.com,gmail.com,Placeholder,314.01,Recorded,$250-499,2023-08-18,Valid,2023,2023-Q3,2023-08,8,Aug,5,Fri,Yes,Books,5,Valid,Satisfied (4-5),5,No
CUST1281,Sara Gaber,Sara,Gaber,Female,No,,Unknown,Placeholder -1,sara.gaber@gmail.com,gmail.com,Placeholder,926.08,Recorded,$750+,2024-09-23,Valid,2024,2024-Q3,2024-09,9,Sep,1,Mon,Yes,Unknown,,Missing,No rating,3,No
CUST1282,Alaa Hassan,Alaa,Hassan,Unknown,n/a,,Unknown,Missing,alaa.hassan@yahoo.com,yahoo.com,Placeholder,868.99,Recorded,$750+,2023-03-29,Valid,2023,2023-Q1,2023-03,3,Mar,3,Wed,Yes,Toys,,Missing,No rating,3,No
CUST1283,Fatma Smith,Fatma,Smith,Female,No,,Unknown,Missing,fatma.smith@hotmail.com,hotmail.com,Placeholder,934.41,Recorded,$750+,2023-05-23,Valid,2023,2023-Q2,2023-05,5,May,2,Tue,Yes,Unknown,5,Valid,Satisfied (4-5),4,No
CUST1284,Ahmed Ali,Ahmed,Ali,Male,No,,Unknown,Placeholder -1,ahmed.ali@yahoo.com,yahoo.com,Missing,733.23,Recorded,$500-749,2025-06-18,Valid,2025,2025-Q2,2025-06,6,Jun,3,Wed,Yes,Toys,1,Valid,Dissatisfied (1-2),5,No
CUST1285,Fatma Hassan,Fatma,Hassan,Male,Yes,,Unknown,Placeholder 200,fatma.hassan@hotmail.com,hotmail.com,Placeholder,889.03,Recorded,$750+,2023-08-03,Valid,2023,2023-Q3,2023-08,8,Aug,4,Thu,Yes,Clothing,2,Valid,Dissatisfied (1-2),5,No
CUST1286,Mark Gaber,Mark,Gaber,Female,Yes,,Unknown,Missing,mark.gaber@hotmail.com,hotmail.com,Missing,584.75,Recorded,$500-749,2023-10-29,Valid,2023,2023-Q4,2023-10,10,Oct,7,Sun,Yes,Unknown,5,Valid,Satisfied (4-5),4,No
CUST1287,Ali Hassan,Ali,Hassan,Male,No,,Unknown,Placeholder 200,ali.hassan@yahoo.com,yahoo.com,Missing,225.16,Recorded,Under $250,2023-02-07,Valid,2023,2023-Q1,2023-02,2,Feb,2,Tue,Yes,Clothing,5,Valid,Satisfied (4-5),5,No
CUST1288,Alaa Hassan,Alaa,Hassan,Male,n/a,70,60-74,Valid,alaa.hassan@hotmail.com,hotmail.com,Placeholder,938.89,Recorded,$750+,2022-12-14,Valid,2022,2022-Q4,2022-12,12,Dec,3,Wed,Yes,Electronics,2,Valid,Dissatisfied (1-2),6,Yes
CUST1289,John Ali,John,Ali,Male,No,,Unknown,Placeholder -1,john.ali@gmail.com,gmail.com,Missing,671.26,Recorded,$500-749,2024-09-02,Valid,2024,2024-Q3,2024-09,9,Sep,1,Mon,Yes,Home,2,Valid,Dissatisfied (1-2),5,No
CUST1290,Lina Mahmoud,Lina,Mahmoud,Male,Yes,15,15-29,Valid,lina.mahmoud@hotmail.com,hotmail.com,Missing,686.89,Recorded,$500-749,2022-12-31,Valid,2022,2022-Q4,2022-12,12,Dec,6,Sat,Yes,Unknown,1,Valid,Dissatisfied (1-2),5,No
CUST1291,Ali Gaber,Ali,Gaber,Male,No,63,60-74,Valid,ali.gaber@hotmail.com,hotmail.com,Placeholder,587.06,Recorded,$500-749,2023-05-26,Valid,2023,2023-Q2,2023-05,5,May,5,Fri,Yes,Home,2,Valid,Dissatisfied (1-2),6,Yes
CUST1292,Ahmed Ibrahim,Ahmed,Ibrahim,Male,No,,Unknown,Missing,ahmed.ibrahim@yahoo.com,yahoo.com,Missing,,Missing,Unknown,2024-04-03,Valid,2024,2024-Q2,2024-04,4,Apr,3,Wed,Yes,Unknown,,Out of range (10),No rating,2,No
CUST1293,Mark Gaber,Mark,Gaber,Female,Yes,,Unknown,Placeholder -1,mark.gaber@yahoo.com,yahoo.com,Placeholder,823.05,Recorded,$750+,2022-12-08,Valid,2022,2022-Q4,2022-12,12,Dec,4,Thu,Yes,Home,3,Valid,Neutral (3),5,No
CUST1294,Fatma Mahmoud,Fatma,Mahmoud,Female,No,,Unknown,Placeholder 200,fatma.mahmoud@gmail.com,gmail.com,Missing,266.52,Recorded,$250-499,2025-04-19,Valid,2025,2025-Q2,2025-04,4,Apr,6,Sat,Yes,Electronics,1,Valid,Dissatisfied (1-2),5,No
CUST1295,Ali Hassan,Ali,Hassan,Female,Yes,,Unknown,Missing,ali.hassan@yahoo.com,yahoo.com,Placeholder,97.91,Recorded,Under $250,2022-11-22,Valid,2022,2022-Q4,2022-11,11,Nov,2,Tue,Yes,Electronics,3,Valid,Neutral (3),5,No
CUST1296,Fatma Ibrahim,Fatma,Ibrahim,Female,No,,Unknown,Placeholder -1,fatma.ibrahim@yahoo.com,yahoo.com,Placeholder,931.77,Recorded,$750+,2024-09-11,Valid,2024,2024-Q3,2024-09,9,Sep,3,Wed,Yes,Toys,1,Valid,Dissatisfied (1-2),5,No
CUST1297,John Mahmoud,John,Mahmoud,Female,Yes,,Unknown,Placeholder -1,john.mahmoud@gmail.com,gmail.com,Missing,818.98,Recorded,$750+,2024-07-13,Valid,2024,2024-Q3,2024-07,7,Jul,6,Sat,Yes,Toys,,Out of range (10),No rating,4,No
CUST1298,Ali Gaber,Ali,Gaber,Male,No,,Unknown,Placeholder 200,ali.gaber@yahoo.com,yahoo.com,Missing,257.24,Recorded,$250-499,2023-06-10,Valid,2023,2023-Q2,2023-06,6,Jun,6,Sat,Yes,Toys,3,Valid,Neutral (3),5,No
CUST1299,John Smith,John,Smith,Unknown,n/a,,Unknown,Placeholder -1,john.smith@gmail.com,gmail.com,Placeholder,942.66,Recorded,$750+,2023-04-29,Valid,2023,2023-Q2,2023-04,4,Apr,6,Sat,Yes,Unknown,3,Valid,Neutral (3),3,No
CUST1300,Alaa Smith,Alaa,Smith,Male,n/a,,Unknown,Placeholder 200,alaa.smith@hotmail.com,hotmail.com,Placeholder,701.82,Recorded,$500-749,2025-03-21,Valid,2025,2025-Q1,2025-03,3,Mar,5,Fri,Yes,Home,5,Valid,Satisfied (4-5),5,No
CUST1301,John Mahmoud,John,Mahmoud,Male,No,,Unknown,Placeholder 200,john.mahmoud@yahoo.com,yahoo.com,Placeholder,390.78,Recorded,$250-499,2024-07-02,Valid,2024,2024-Q3,2024-07,7,Jul,2,Tue,Yes,Home,,Out of range (10),No rating,4,No
CUST1302,Ali Mahmoud,Ali,Mahmoud,Female,Yes,,Unknown,Placeholder 200,ali.mahmoud@yahoo.com,yahoo.com,Placeholder,,Missing,Unknown,2024-04-21,Valid,2024,2024-Q2,2024-04,4,Apr,7,Sun,Yes,Clothing,4,Valid,Satisfied (4-5),4,No
CUST1303,Fatma Ibrahim,Fatma,Ibrahim,Female,No,,Unknown,Placeholder -1,fatma.ibrahim@hotmail.com,hotmail.com,Placeholder,637.52,Recorded,$500-749,2023-05-04,Valid,2023,2023-Q2,2023-05,5,May,4,Thu,Yes,Books,4,Valid,Satisfied (4-5),5,No
CUST1304,Alaa Gaber,Alaa,Gaber,Female,n/a,,Unknown,Placeholder 200,alaa.gaber@yahoo.com,yahoo.com,Placeholder,714.03,Recorded,$500-749,2024-08-07,Valid,2024,2024-Q3,2024-08,8,Aug,3,Wed,Yes,Toys,,Out of range (10),No rating,4,No
CUST1305,Fatma Ibrahim,Fatma,Ibrahim,Unknown,n/a,15,15-29,Valid,fatma.ibrahim@gmail.com,gmail.com,Missing,601.69,Recorded,$500-749,2025-07-12,Valid,2025,2025-Q3,2025-07,7,Jul,6,Sat,Partial,Books,,Missing,No rating,4,No
CUST1306,Ahmed Ibrahim,Ahmed,Ibrahim,Male,No,,Unknown,Missing,ahmed.ibrahim@gmail.com,gmail.com,Missing,871.2,Recorded,$750+,2023-12-15,Valid,2023,2023-Q4,2023-12,12,Dec,5,Fri,Yes,Electronics,,Missing,No rating,4,No
CUST1307,Fatma Hassan,Fatma,Hassan,Female,No,,Unknown,Missing,fatma.hassan@gmail.com,gmail.com,Placeholder,137.52,Recorded,Under $250,2024-07-17,Valid,2024,2024-Q3,2024-07,7,Jul,3,Wed,Yes,Home,5,Valid,Satisfied (4-5),5,No
CUST1308,Alaa Mahmoud,Alaa,Mahmoud,Female,n/a,,Unknown,Placeholder 200,alaa.mahmoud@yahoo.com,yahoo.com,Placeholder,297.43,Recorded,$250-499,2023-09-15,Valid,2023,2023-Q3,2023-09,9,Sep,5,Fri,Yes,Books,5,Valid,Satisfied (4-5),5,No
CUST1309,Ahmed Ali,Ahmed,Ali,Female,Yes,,Unknown,Placeholder -1,ahmed.ali@hotmail.com,hotmail.com,Placeholder,93.62,Recorded,Under $250,2024-12-18,Valid,2024,2024-Q4,2024-12,12,Dec,3,Wed,Yes,Home,3,Valid,Neutral (3),5,No
CUST1310,Alaa Gaber,Alaa,Gaber,Male,n/a,,Unknown,Placeholder 200,alaa.gaber@yahoo.com,yahoo.com,Placeholder,200.63,Recorded,Under $250,2024-04-27,Valid,2024,2024-Q2,2024-04,4,Apr,6,Sat,Yes,Electronics,2,Valid,Dissatisfied (1-2),5,No
CUST1311,Alaa Smith,Alaa,Smith,Male,n/a,,Unknown,Placeholder 200,alaa.smith@gmail.com,gmail.com,Missing,527.79,Recorded,$500-749,2024-05-06,Valid,2024,2024-Q2,2024-05,5,May,1,Mon,Yes,Home,3,Valid,Neutral (3),5,No
CUST1312,John Ibrahim,John,Ibrahim,Female,Yes,,Unknown,Placeholder 200,john.ibrahim@yahoo.com,yahoo.com,Missing,815.49,Recorded,$750+,2024-04-20,Valid,2024,2024-Q2,2024-04,4,Apr,6,Sat,Yes,Books,2,Valid,Dissatisfied (1-2),5,No
CUST1313,Alaa Hassan,Alaa,Hassan,Female,n/a,,Unknown,Placeholder -1,alaa.hassan@yahoo.com,yahoo.com,Placeholder,901.41,Recorded,$750+,2025-04-07,Valid,2025,2025-Q2,2025-04,4,Apr,1,Mon,Yes,Toys,3,Valid,Neutral (3),5,No
CUST1314,Mark Ali,Mark,Ali,Female,Yes,,Unknown,Placeholder -1,mark.ali@gmail.com,gmail.com,Placeholder,71.28,Recorded,Under $250,2025-07-01,Valid,2025,2025-Q3,2025-07,7,Jul,2,Tue,Partial,Home,4,Valid,Satisfied (4-5),5,No
CUST1315,Fatma Ibrahim,Fatma,Ibrahim,Female,No,,Unknown,Missing,fatma.ibrahim@yahoo.com,yahoo.com,Missing,9.78,Recorded,Under $250,2025-07-14,Valid,2025,2025-Q3,2025-07,7,Jul,1,Mon,Partial,Electronics,2,Valid,Dissatisfied (1-2),5,No
CUST1316,John Smith,John,Smith,Female,Yes,,Unknown,Placeholder -1,john.smith@gmail.com,gmail.com,Placeholder,939.67,Recorded,$750+,2022-12-28,Valid,2022,2022-Q4,2022-12,12,Dec,3,Wed,Yes,Clothing,3,Valid,Neutral (3),5,No
CUST1317,Sara Smith,Sara,Smith,Female,No,53,45-59,Valid,sara.smith@yahoo.com,yahoo.com,Missing,780.3,Recorded,$750+,2025-03-05,Valid,2025,2025-Q1,2025-03,3,Mar,3,Wed,Yes,Electronics,,Missing,No rating,5,No
CUST1318,Mark Hassan,Mark,Hassan,Male,No,,Unknown,Placeholder 200,mark.hassan@yahoo.com,yahoo.com,Missing,242.71,Recorded,Under $250,2023-11-02,Valid,2023,2023-Q4,2023-11,11,Nov,4,Thu,Yes,Books,,Out of range (10),No rating,4,No
CUST1319,John Hassan,John,Hassan,Female,Yes,,Unknown,Placeholder 200,john.hassan@yahoo.com,yahoo.com,Missing,84.68,Recorded,Under $250,2025-03-20,Valid,2025,2025-Q1,2025-03,3,Mar,4,Thu,Yes,Unknown,,Out of range (10),No rating,3,No
CUST1320,Ali Ali,Ali,Ali,Male,No,66,60-74,Valid,ali.ali@yahoo.com,yahoo.com,Placeholder,750.14,Recorded,$750+,2025-05-31,Valid,2025,2025-Q2,2025-05,5,May,6,Sat,Yes,Toys,3,Valid,Neutral (3),6,Yes
CUST1321,Lina Ibrahim,Lina,Ibrahim,Female,No,,Unknown,Placeholder 200,lina.ibrahim@gmail.com,gmail.com,Placeholder,,Missing,Unknown,2025-02-03,Valid,2025,2025-Q1,2025-02,2,Feb,1,Mon,Yes,Home,2,Valid,Dissatisfied (1-2),4,No
CUST1322,Ali Gaber,Ali,Gaber,Female,Yes,77,75-90,Valid,ali.gaber@gmail.com,gmail.com,Placeholder,523.57,Recorded,$500-749,,Invalid,,,,,,,,,Electronics,,Missing,No rating,4,No
CUST1323,Sara Gaber,Sara,Gaber,Female,No,,Unknown,Placeholder -1,sara.gaber@gmail.com,gmail.com,Placeholder,194.79,Recorded,Under $250,2023-10-30,Valid,2023,2023-Q4,2023-10,10,Oct,1,Mon,Yes,Clothing,2,Valid,Dissatisfied (1-2),5,No
CUST1324,Fatma Hassan,Fatma,Hassan,Male,Yes,,Unknown,Placeholder -1,fatma.hassan@yahoo.com,yahoo.com,Missing,622.12,Recorded,$500-749,2023-05-01,Valid,2023,2023-Q2,2023-05,5,May,1,Mon,Yes,Clothing,1,Valid,Dissatisfied (1-2),5,No
CUST1325,John Gaber,John,Gaber,Female,Yes,,Unknown,Missing,john.gaber@yahoo.com,yahoo.com,Placeholder,666.82,Recorded,$500-749,2023-04-07,Valid,2023,2023-Q2,2023-04,4,Apr,5,Fri,Yes,Home,1,Valid,Dissatisfied (1-2),5,No
CUST1326,Sara Gaber,Sara,Gaber,Male,Yes,,Unknown,Missing,sara.gaber@yahoo.com,yahoo.com,Placeholder,884.87,Recorded,$750+,,Invalid,,,,,,,,,Unknown,3,Valid,Neutral (3),3,No
CUST1327,John Smith,John,Smith,Female,Yes,,Unknown,Placeholder 200,john.smith@hotmail.com,hotmail.com,Placeholder,291.22,Recorded,$250-499,2024-03-03,Valid,2024,2024-Q1,2024-03,3,Mar,7,Sun,Yes,Unknown,,Missing,No rating,3,No
CUST1328,Fatma Ibrahim,Fatma,Ibrahim,Male,Yes,,Unknown,Placeholder 200,fatma.ibrahim@yahoo.com,yahoo.com,Placeholder,473.49,Recorded,$250-499,2024-08-09,Valid,2024,2024-Q3,2024-08,8,Aug,5,Fri,Yes,Unknown,3,Valid,Neutral (3),4,No
CUST1329,Fatma Smith,Fatma,Smith,Male,Yes,,Unknown,Missing,fatma.smith@gmail.com,gmail.com,Placeholder,957.68,Recorded,$750+,2023-07-17,Valid,2023,2023-Q3,2023-07,7,Jul,1,Mon,Yes,Clothing,3,Valid,Neutral (3),5,No
CUST1330,Sara Gaber,Sara,Gaber,Female,No,,Unknown,Missing,sara.gaber@gmail.com,gmail.com,Placeholder,850.25,Recorded,$750+,2024-12-16,Valid,2024,2024-Q4,2024-12,12,Dec,1,Mon,Yes,Clothing,,Missing,No rating,4,No
CUST1331,Ali Mahmoud,Ali,Mahmoud,Male,No,,Unknown,Placeholder -1,ali.mahmoud@hotmail.com,hotmail.com,Placeholder,200.3,Recorded,Under $250,2023-09-14,Valid,2023,2023-Q3,2023-09,9,Sep,4,Thu,Yes,Unknown,,Missing,No rating,3,No
CUST1332,Alaa Ali,Alaa,Ali,Male,n/a,,Unknown,Placeholder 200,alaa.ali@gmail.com,gmail.com,Placeholder,311.24,Recorded,$250-499,2023-12-02,Valid,2023,2023-Q4,2023-12,12,Dec,6,Sat,Yes,Electronics,1,Valid,Dissatisfied (1-2),5,No
CUST1333,Fatma Gaber,Fatma,Gaber,Male,Yes,79,75-90,Valid,fatma.gaber@gmail.com,gmail.com,Missing,521.68,Recorded,$500-749,2024-12-12,Valid,2024,2024-Q4,2024-12,12,Dec,4,Thu,Yes,Books,2,Valid,Dissatisfied (1-2),6,Yes
CUST1334,Alaa Mahmoud,Alaa,Mahmoud,Male,n/a,,Unknown,Placeholder -1,alaa.mahmoud@gmail.com,gmail.com,Placeholder,558.61,Recorded,$500-749,2024-02-28,Valid,2024,2024-Q1,2024-02,2,Feb,3,Wed,Yes,Clothing,2,Valid,Dissatisfied (1-2),5,No
CUST1335,Alaa Mahmoud,Alaa,Mahmoud,Female,n/a,,Unknown,Placeholder -1,alaa.mahmoud@yahoo.com,yahoo.com,Placeholder,995.41,Recorded,$750+,2024-02-11,Valid,2024,2024-Q1,2024-02,2,Feb,7,Sun,Yes,Toys,3,Valid,Neutral (3),5,No
CUST1336,Alaa Gaber,Alaa,Gaber,Female,n/a,,Unknown,Placeholder 200,alaa.gaber@yahoo.com,yahoo.com,Missing,677.57,Recorded,$500-749,2023-11-04,Valid,2023,2023-Q4,2023-11,11,Nov,6,Sat,Yes,Toys,1,Valid,Dissatisfied (1-2),5,No
CUST1337,Fatma Ibrahim,Fatma,Ibrahim,Female,No,,Unknown,Placeholder -1,fatma.ibrahim@hotmail.com,hotmail.com,Missing,377.78,Recorded,$250-499,2025-05-03,Valid,2025,2025-Q2,2025-05,5,May,6,Sat,Yes,Unknown,5,Valid,Satisfied (4-5),4,No
CUST1338,Ahmed Hassan,Ahmed,Hassan,Female,Yes,,Unknown,Placeholder -1,ahmed.hassan@gmail.com,gmail.com,Missing,29.18,Recorded,Under $250,2024-07-13,Valid,2024,2024-Q3,2024-07,7,Jul,6,Sat,Yes,Unknown,1,Valid,Dissatisfied (1-2),4,No
CUST1339,Sara Gaber,Sara,Gaber,Female,No,,Unknown,Placeholder -1,sara.gaber@hotmail.com,hotmail.com,Placeholder,204.37,Recorded,Under $250,,Invalid,,,,,,,,,Books,1,Valid,Dissatisfied (1-2),4,No
CUST1340,Alaa Ali,Alaa,Ali,Male,n/a,,Unknown,Placeholder -1,alaa.ali@hotmail.com,hotmail.com,Placeholder,,Missing,Unknown,2023-09-25,Valid,2023,2023-Q3,2023-09,9,Sep,1,Mon,Yes,Home,,Missing,No rating,3,No
CUST1341,Ahmed Hassan,Ahmed,Hassan,Male,No,,Unknown,Missing,ahmed.hassan@yahoo.com,yahoo.com,Missing,,Missing,Unknown,2023-02-14,Valid,2023,2023-Q1,2023-02,2,Feb,2,Tue,Yes,Toys,3,Valid,Neutral (3),4,No
CUST1342,Lina Mahmoud,Lina,Mahmoud,Female,No,,Unknown,Placeholder -1,lina.mahmoud@hotmail.com,hotmail.com,Missing,900.69,Recorded,$750+,2024-06-28,Valid,2024,2024-Q2,2024-06,6,Jun,5,Fri,Yes,Electronics,,Out of range (10),No rating,4,No
CUST1343,John Smith,John,Smith,Male,No,,Unknown,Placeholder 200,john.smith@hotmail.com,hotmail.com,Missing,281.76,Recorded,$250-499,2025-06-03,Valid,2025,2025-Q2,2025-06,6,Jun,2,Tue,Yes,Home,4,Valid,Satisfied (4-5),5,No
CUST1344,Ali Gaber,Ali,Gaber,Male,No,,Unknown,Placeholder 200,ali.gaber@yahoo.com,yahoo.com,Placeholder,395.81,Recorded,$250-499,2023-07-27,Valid,2023,2023-Q3,2023-07,7,Jul,4,Thu,Yes,Books,,Out of range (10),No rating,4,No
CUST1345,Ahmed Ali,Ahmed,Ali,Unknown,n/a,16,15-29,Valid,ahmed.ali@hotmail.com,hotmail.com,Missing,424.65,Recorded,$250-499,2023-04-13,Valid,2023,2023-Q2,2023-04,4,Apr,4,Thu,Yes,Unknown,4,Valid,Satisfied (4-5),4,No
CUST1346,Mark Ali,Mark,Ali,Unknown,n/a,,Unknown,Missing,mark.ali@gmail.com,gmail.com,Placeholder,575.19,Recorded,$500-749,2025-05-07,Valid,2025,2025-Q2,2025-05,5,May,3,Wed,Yes,Clothing,3,Valid,Neutral (3),4,No
CUST1347,Sara Ibrahim,Sara,Ibrahim,Male,Yes,,Unknown,Placeholder 200,sara.ibrahim@hotmail.com,hotmail.com,Missing,51.71,Recorded,Under $250,2023-05-26,Valid,2023,2023-Q2,2023-05,5,May,5,Fri,Yes,Electronics,3,Valid,Neutral (3),5,No
CUST1348,Alaa Gaber,Alaa,Gaber,Female,n/a,,Unknown,Placeholder 200,alaa.gaber@yahoo.com,yahoo.com,Missing,24.65,Recorded,Under $250,2024-03-11,Valid,2024,2024-Q1,2024-03,3,Mar,1,Mon,Yes,Unknown,5,Valid,Satisfied (4-5),4,No
CUST1349,Sara Hassan,Sara,Hassan,Male,Yes,,Unknown,Placeholder 200,sara.hassan@yahoo.com,yahoo.com,Missing,802.97,Recorded,$750+,2025-01-17,Valid,2025,2025-Q1,2025-01,1,Jan,5,Fri,Yes,Unknown,3,Valid,Neutral (3),4,No
CUST1350,Sara Ibrahim,Sara,Ibrahim,Female,No,,Unknown,Placeholder -1,sara.ibrahim@hotmail.com,hotmail.com,Placeholder,552.21,Recorded,$500-749,2024-12-20,Valid,2024,2024-Q4,2024-12,12,Dec,5,Fri,Yes,Unknown,,Out of range (10),No rating,3,No
CUST1351,Ali Gaber,Ali,Gaber,Female,Yes,,Unknown,Missing,ali.gaber@yahoo.com,yahoo.com,Missing,79.04,Recorded,Under $250,2024-07-14,Valid,2024,2024-Q3,2024-07,7,Jul,7,Sun,Yes,Books,1,Valid,Dissatisfied (1-2),5,No
CUST1352,Sara Gaber,Sara,Gaber,Male,Yes,,Unknown,Placeholder 200,sara.gaber@gmail.com,gmail.com,Placeholder,,Missing,Unknown,2023-12-28,Valid,2023,2023-Q4,2023-12,12,Dec,4,Thu,Yes,Clothing,2,Valid,Dissatisfied (1-2),4,No
CUST1353,Sara Hassan,Sara,Hassan,Female,No,,Unknown,Missing,sara.hassan@yahoo.com,yahoo.com,Placeholder,803.56,Recorded,$750+,,Invalid,,,,,,,,,Clothing,3,Valid,Neutral (3),4,No
CUST1354,Ali Ibrahim,Ali,Ibrahim,Male,No,35,30-44,Valid,ali.ibrahim@hotmail.com,hotmail.com,Placeholder,142.92,Recorded,Under $250,2023-04-03,Valid,2023,2023-Q2,2023-04,4,Apr,1,Mon,Yes,Electronics,4,Valid,Satisfied (4-5),6,Yes
CUST1355,Ahmed Ali,Ahmed,Ali,Male,No,,Unknown,Placeholder 200,ahmed.ali@hotmail.com,hotmail.com,Placeholder,619.61,Recorded,$500-749,2023-04-21,Valid,2023,2023-Q2,2023-04,4,Apr,5,Fri,Yes,Clothing,5,Valid,Satisfied (4-5),5,No
CUST1356,Ahmed Smith,Ahmed,Smith,Female,Yes,,Unknown,Placeholder -1,ahmed.smith@yahoo.com,yahoo.com,Missing,594.27,Recorded,$500-749,2023-02-15,Valid,2023,2023-Q1,2023-02,2,Feb,3,Wed,Yes,Electronics,2,Valid,Dissatisfied (1-2),5,No
CUST1357,Mark Ibrahim,Mark,Ibrahim,Male,No,,Unknown,Placeholder 200,mark.ibrahim@hotmail.com,hotmail.com,Missing,535.88,Recorded,$500-749,2025-06-08,Valid,2025,2025-Q2,2025-06,6,Jun,7,Sun,Yes,Home,,Out of range (10),No rating,4,No
CUST1358,John Hassan,John,Hassan,Female,Yes,,Unknown,Placeholder -1,john.hassan@yahoo.com,yahoo.com,Missing,832.52,Recorded,$750+,2023-12-24,Valid,2023,2023-Q4,2023-12,12,Dec,7,Sun,Yes,Books,4,Valid,Satisfied (4-5),5,No
CUST1359,Lina Ali,Lina,Ali,Female,No,,Unknown,Missing,lina.ali@yahoo.com,yahoo.com,Placeholder,14.84,Recorded,Under $250,2022-11-22,Valid,2022,2022-Q4,2022-11,11,Nov,2,Tue,Yes,Unknown,3,Valid,Neutral (3),4,No
CUST1360,Lina Gaber,Lina,Gaber,Female,No,,Unknown,Placeholder 200,lina.gaber@hotmail.com,hotmail.com,Missing,730.06,Recorded,$500-749,2024-03-13,Valid,2024,2024-Q1,2024-03,3,Mar,3,Wed,Yes,Home,5,Valid,Satisfied (4-5),5,No
CUST1361,Fatma Mahmoud,Fatma,Mahmoud,Male,Yes,,Unknown,Missing,fatma.mahmoud@gmail.com,gmail.com,Placeholder,405.19,Recorded,$250-499,2022-11-19,Valid,2022,2022-Q4,2022-11,11,Nov,6,Sat,Yes,Clothing,4,Valid,Satisfied (4-5),5,No
CUST1362,Sara Smith,Sara,Smith,Unknown,n/a,,Unknown,Missing,sara.smith@yahoo.com,yahoo.com,Missing,858.88,Recorded,$750+,2024-06-09,Valid,2024,2024-Q2,2024-06,6,Jun,7,Sun,Yes,Unknown,1,Valid,Dissatisfied (1-2),3,No
CUST1363,Ali Smith,Ali,Smith,Male,No,,Unknown,Missing,ali.smith@hotmail.com,hotmail.com,Placeholder,222.59,Recorded,Under $250,2023-12-18,Valid,2023,2023-Q4,2023-12,12,Dec,1,Mon,Yes,Books,,Out of range (10),No rating,4,No
CUST1364,Lina Ibrahim,Lina,Ibrahim,Male,Yes,,Unknown,Missing,lina.ibrahim@gmail.com,gmail.com,Placeholder,907.0,Recorded,$750+,2023-02-17,Valid,2023,2023-Q1,2023-02,2,Feb,5,Fri,Yes,Unknown,,Out of range (10),No rating,3,No
CUST1365,Fatma Ali,Fatma,Ali,Female,No,82,75-90,Valid,fatma.ali@gmail.com,gmail.com,Placeholder,232.94,Recorded,Under $250,2025-01-22,Valid,2025,2025-Q1,2025-01,1,Jan,3,Wed,Yes,Toys,1,Valid,Dissatisfied (1-2),6,Yes
CUST1366,Lina Ali,Lina,Ali,Female,No,72,60-74,Valid,lina.ali@gmail.com,gmail.com,Missing,797.69,Recorded,$750+,2023-06-05,Valid,2023,2023-Q2,2023-06,6,Jun,1,Mon,Yes,Clothing,2,Valid,Dissatisfied (1-2),6,Yes
CUST1367,Sara Hassan,Sara,Hassan,Male,Yes,,Unknown,Placeholder 200,sara.hassan@yahoo.com,yahoo.com,Placeholder,40.38,Recorded,Under $250,2023-05-25,Valid,2023,2023-Q2,2023-05,5,May,4,Thu,Yes,Unknown,1,Valid,Dissatisfied (1-2),4,No
CUST1368,Fatma Gaber,Fatma,Gaber,Male,Yes,,Unknown,Placeholder 200,fatma.gaber@hotmail.com,hotmail.com,Missing,366.88,Recorded,$250-499,2024-03-12,Valid,2024,2024-Q1,2024-03,3,Mar,2,Tue,Yes,Unknown,4,Valid,Satisfied (4-5),4,No
CUST1369,Sara Smith,Sara,Smith,Male,Yes,63,60-74,Valid,sara.smith@hotmail.com,hotmail.com,Missing,326.12,Recorded,$250-499,2025-01-23,Valid,2025,2025-Q1,2025-01,1,Jan,4,Thu,Yes,Home,1,Valid,Dissatisfied (1-2),6,Yes
CUST1370,John Ibrahim,John,Ibrahim,Unknown,n/a,,Unknown,Placeholder 200,john.ibrahim@yahoo.com,yahoo.com,Missing,688.35,Recorded,$500-749,2023-06-03,Valid,2023,2023-Q2,2023-06,6,Jun,6,Sat,Yes,Electronics,4,Valid,Satisfied (4-5),4,No
CUST1371,Ahmed Gaber,Ahmed,Gaber,Unknown,n/a,,Unknown,Placeholder -1,ahmed.gaber@hotmail.com,hotmail.com,Missing,919.74,Recorded,$750+,2025-04-18,Valid,2025,2025-Q2,2025-04,4,Apr,5,Fri,Yes,Home,,Missing,No rating,3,No
CUST1372,Sara Smith,Sara,Smith,Male,Yes,,Unknown,Placeholder 200,sara.smith@yahoo.com,yahoo.com,Placeholder,911.74,Recorded,$750+,2022-10-31,Valid,2022,2022-Q4,2022-10,10,Oct,1,Mon,Partial,Toys,1,Valid,Dissatisfied (1-2),5,No
CUST1373,Ali Ali,Ali,Ali,Male,No,,Unknown,Placeholder -1,ali.ali@gmail.com,gmail.com,Placeholder,610.0,Recorded,$500-749,2024-11-24,Valid,2024,2024-Q4,2024-11,11,Nov,7,Sun,Yes,Home,,Missing,No rating,4,No
CUST1374,Lina Hassan,Lina,Hassan,Female,No,40,30-44,Valid,lina.hassan@hotmail.com,hotmail.com,Missing,351.82,Recorded,$250-499,2023-08-03,Valid,2023,2023-Q3,2023-08,8,Aug,4,Thu,Yes,Unknown,1,Valid,Dissatisfied (1-2),5,No
CUST1375,Sara Ali,Sara,Ali,Female,No,,Unknown,Missing,sara.ali@hotmail.com,hotmail.com,Placeholder,376.1,Recorded,$250-499,2024-02-17,Valid,2024,2024-Q1,2024-02,2,Feb,6,Sat,Yes,Home,5,Valid,Satisfied (4-5),5,No
CUST1376,Mark Smith,Mark,Smith,Unknown,n/a,,Unknown,Placeholder -1,mark.smith@hotmail.com,hotmail.com,Placeholder,646.27,Recorded,$500-749,2023-07-08,Valid,2023,2023-Q3,2023-07,7,Jul,6,Sat,Yes,Books,2,Valid,Dissatisfied (1-2),4,No
CUST1377,Fatma Smith,Fatma,Smith,Female,No,,Unknown,Placeholder 200,fatma.smith@hotmail.com,hotmail.com,Missing,687.64,Recorded,$500-749,2023-08-11,Valid,2023,2023-Q3,2023-08,8,Aug,5,Fri,Yes,Books,3,Valid,Neutral (3),5,No
CUST1378,Mark Ali,Mark,Ali,Female,Yes,,Unknown,Missing,mark.ali@hotmail.com,hotmail.com,Missing,31.89,Recorded,Under $250,2024-05-08,Valid,2024,2024-Q2,2024-05,5,May,3,Wed,Yes,Unknown,2,Valid,Dissatisfied (1-2),4,No
CUST1379,Fatma Smith,Fatma,Smith,Male,Yes,67,60-74,Valid,fatma.smith@hotmail.com,hotmail.com,Missing,804.1,Recorded,$750+,2023-02-20,Valid,2023,2023-Q1,2023-02,2,Feb,1,Mon,Yes,Clothing,3,Valid,Neutral (3),6,Yes
CUST1380,Fatma Ibrahim,Fatma,Ibrahim,Male,Yes,22,15-29,Valid,fatma.ibrahim@hotmail.com,hotmail.com,Missing,887.01,Recorded,$750+,,Invalid,,,,,,,,,Books,1,Valid,Dissatisfied (1-2),5,No
CUST1381,Fatma Hassan,Fatma,Hassan,Male,Yes,,Unknown,Missing,fatma.hassan@yahoo.com,yahoo.com,Missing,237.62,Recorded,Under $250,2024-01-28,Valid,2024,2024-Q1,2024-01,1,Jan,7,Sun,Yes,Toys,5,Valid,Satisfied (4-5),5,No
CUST1382,Lina Mahmoud,Lina,Mahmoud,Male,Yes,,Unknown,Placeholder 200,lina.mahmoud@gmail.com,gmail.com,Placeholder,120.37,Recorded,Under $250,2024-06-30,Valid,2024,2024-Q2,2024-06,6,Jun,7,Sun,Yes,Home,,Out of range (10),No rating,4,No
CUST1383,John Hassan,John,Hassan,Unknown,n/a,,Unknown,Placeholder -1,john.hassan@gmail.com,gmail.com,Missing,294.38,Recorded,$250-499,2025-03-06,Valid,2025,2025-Q1,2025-03,3,Mar,4,Thu,Yes,Unknown,4,Valid,Satisfied (4-5),3,No
CUST1384,Fatma Gaber,Fatma,Gaber,Unknown,n/a,,Unknown,Missing,fatma.gaber@yahoo.com,yahoo.com,Placeholder,212.04,Recorded,Under $250,2023-03-16,Valid,2023,2023-Q1,2023-03,3,Mar,4,Thu,Yes,Toys,2,Valid,Dissatisfied (1-2),4,No
CUST1385,Ali Ibrahim,Ali,Ibrahim,Male,No,,Unknown,Placeholder 200,ali.ibrahim@yahoo.com,yahoo.com,Missing,425.09,Recorded,$250-499,,Invalid,,,,,,,,,Unknown,,Out of range (10),No rating,2,No
CUST1386,Fatma Ali,Fatma,Ali,Female,No,,Unknown,Placeholder 200,fatma.ali@hotmail.com,hotmail.com,Placeholder,995.55,Recorded,$750+,2022-11-12,Valid,2022,2022-Q4,2022-11,11,Nov,6,Sat,Yes,Clothing,4,Valid,Satisfied (4-5),5,No
CUST1387,Fatma Smith,Fatma,Smith,Male,Yes,57,45-59,Valid,fatma.smith@yahoo.com,yahoo.com,Missing,775.67,Recorded,$750+,2025-04-05,Valid,2025,2025-Q2,2025-04,4,Apr,6,Sat,Yes,Unknown,,Out of range (10),No rating,4,No
CUST1388,Alaa Hassan,Alaa,Hassan,Male,n/a,,Unknown,Placeholder -1,alaa.hassan@hotmail.com,hotmail.com,Missing,228.06,Recorded,Under $250,2024-09-22,Valid,2024,2024-Q3,2024-09,9,Sep,7,Sun,Yes,Books,1,Valid,Dissatisfied (1-2),5,No
CUST1389,Ali Ibrahim,Ali,Ibrahim,Male,No,,Unknown,Missing,ali.ibrahim@hotmail.com,hotmail.com,Missing,433.68,Recorded,$250-499,2024-04-19,Valid,2024,2024-Q2,2024-04,4,Apr,5,Fri,Yes,Toys,,Missing,No rating,4,No
CUST1390,Alaa Hassan,Alaa,Hassan,Female,n/a,,Unknown,Missing,alaa.hassan@gmail.com,gmail.com,Placeholder,20.48,Recorded,Under $250,2024-07-03,Valid,2024,2024-Q3,2024-07,7,Jul,3,Wed,Yes,Home,4,Valid,Satisfied (4-5),5,No
CUST1391,Alaa Ali,Alaa,Ali,Female,n/a,,Unknown,Missing,alaa.ali@gmail.com,gmail.com,Placeholder,663.65,Recorded,$500-749,2022-12-10,Valid,2022,2022-Q4,2022-12,12,Dec,6,Sat,Yes,Clothing,3,Valid,Neutral (3),5,No
CUST1392,Sara Mahmoud,Sara,Mahmoud,Female,No,71,60-74,Valid,sara.mahmoud@hotmail.com,hotmail.com,Missing,751.33,Recorded,$750+,2024-04-06,Valid,2024,2024-Q2,2024-04,4,Apr,6,Sat,Yes,Clothing,,Missing,No rating,5,No
CUST1393,Ali Ibrahim,Ali,Ibrahim,Female,Yes,,Unknown,Placeholder -1,ali.ibrahim@gmail.com,gmail.com,Placeholder,69.21,Recorded,Under $250,2023-09-10,Valid,2023,2023-Q3,2023-09,9,Sep,7,Sun,Yes,Home,,Out of range (10),No rating,4,No
CUST1394,Ali Smith,Ali,Smith,Female,Yes,,Unknown,Placeholder 200,ali.smith@hotmail.com,hotmail.com,Missing,,Missing,Unknown,2025-03-07,Valid,2025,2025-Q1,2025-03,3,Mar,5,Fri,Yes,Home,3,Valid,Neutral (3),4,No
CUST1395,Lina Smith,Lina,Smith,Male,Yes,34,30-44,Valid,lina.smith@gmail.com,gmail.com,Placeholder,263.31,Recorded,$250-499,2023-12-16,Valid,2023,2023-Q4,2023-12,12,Dec,6,Sat,Yes,Unknown,2,Valid,Dissatisfied (1-2),5,No
CUST1396,Fatma Mahmoud,Fatma,Mahmoud,Female,No,50,45-59,Valid,fatma.mahmoud@hotmail.com,hotmail.com,Placeholder,649.52,Recorded,$500-749,2023-05-15,Valid,2023,2023-Q2,2023-05,5,May,1,Mon,Yes,Toys,2,Valid,Dissatisfied (1-2),6,Yes
CUST1397,Fatma Hassan,Fatma,Hassan,Female,No,,Unknown,Missing,fatma.hassan@hotmail.com,hotmail.com,Placeholder,217.49,Recorded,Under $250,2024-06-06,Valid,2024,2024-Q2,2024-06,6,Jun,4,Thu,Yes,Clothing,1,Valid,Dissatisfied (1-2),5,No
CUST1398,Alaa Ali,Alaa,Ali,Male,n/a,,Unknown,Missing,alaa.ali@hotmail.com,hotmail.com,Placeholder,886.49,Recorded,$750+,2024-06-03,Valid,2024,2024-Q2,2024-06,6,Jun,1,Mon,Yes,Unknown,1,Valid,Dissatisfied (1-2),4,No
CUST1399,Sara Mahmoud,Sara,Mahmoud,Male,Yes,19,15-29,Valid,sara.mahmoud@yahoo.com,yahoo.com,Missing,116.5,Recorded,Under $250,2023-02-23,Valid,2023,2023-Q1,2023-02,2,Feb,4,Thu,Yes,Unknown,1,Valid,Dissatisfied (1-2),5,No
CUST1400,Mark Mahmoud,Mark,Mahmoud,Male,No,,Unknown,Missing,mark.mahmoud@hotmail.com,hotmail.com,Missing,797.04,Recorded,$750+,2023-09-23,Valid,2023,2023-Q3,2023-09,9,Sep,6,Sat,Yes,Unknown,3,Valid,Neutral (3),4,No
CUST1401,Lina Ibrahim,Lina,Ibrahim,Male,Yes,,Unknown,Missing,lina.ibrahim@gmail.com,gmail.com,Placeholder,968.8,Recorded,$750+,,Invalid,,,,,,,,,Clothing,,Missing,No rating,3,No
CUST1402,Mark Gaber,Mark,Gaber,Male,No,,Unknown,Placeholder 200,mark.gaber@gmail.com,gmail.com,Missing,517.27,Recorded,$500-749,2023-10-25,Valid,2023,2023-Q4,2023-10,10,Oct,3,Wed,Yes,Home,,Out of range (10),No rating,4,No
CUST1403,John Smith,John,Smith,Female,Yes,81,75-90,Valid,john.smith@hotmail.com,hotmail.com,Missing,916.2,Recorded,$750+,2024-06-27,Valid,2024,2024-Q2,2024-06,6,Jun,4,Thu,Yes,Clothing,1,Valid,Dissatisfied (1-2),6,Yes
CUST1404,Mark Ibrahim,Mark,Ibrahim,Unknown,n/a,48,45-59,Valid,mark.ibrahim@yahoo.com,yahoo.com,Missing,633.85,Recorded,$500-749,,Invalid,,,,,,,,,Toys,5,Valid,Satisfied (4-5),4,No
CUST1405,Ali Gaber,Ali,Gaber,Female,Yes,,Unknown,Placeholder 200,ali.gaber@yahoo.com,yahoo.com,Placeholder,738.83,Recorded,$500-749,2024-07-22,Valid,2024,2024-Q3,2024-07,7,Jul,1,Mon,Yes,Books,,Missing,No rating,4,No
CUST1406,John Smith,John,Smith,Female,Yes,,Unknown,Missing,john.smith@gmail.com,gmail.com,Placeholder,391.83,Recorded,$250-499,2025-06-19,Valid,2025,2025-Q2,2025-06,6,Jun,4,Thu,Yes,Unknown,2,Valid,Dissatisfied (1-2),4,No
CUST1407,Alaa Ibrahim,Alaa,Ibrahim,Male,n/a,46,45-59,Valid,alaa.ibrahim@yahoo.com,yahoo.com,Placeholder,743.46,Recorded,$500-749,2025-06-29,Valid,2025,2025-Q2,2025-06,6,Jun,7,Sun,Yes,Unknown,3,Valid,Neutral (3),5,No
CUST1408,Sara Ibrahim,Sara,Ibrahim,Male,Yes,,Unknown,Missing,sara.ibrahim@gmail.com,gmail.com,Missing,778.85,Recorded,$750+,2023-05-14,Valid,2023,2023-Q2,2023-05,5,May,7,Sun,Yes,Unknown,4,Valid,Satisfied (4-5),4,No
CUST1409,Sara Smith,Sara,Smith,Female,No,,Unknown,Missing,sara.smith@gmail.com,gmail.com,Missing,796.85,Recorded,$750+,2024-07-22,Valid,2024,2024-Q3,2024-07,7,Jul,1,Mon,Yes,Unknown,4,Valid,Satisfied (4-5),4,No
CUST1410,Mark Hassan,Mark,Hassan,Female,Yes,,Unknown,Placeholder -1,mark.hassan@yahoo.com,yahoo.com,Missing,603.89,Recorded,$500-749,2024-10-31,Valid,2024,2024-Q4,2024-10,10,Oct,4,Thu,Yes,Unknown,,Missing,No rating,3,No
CUST1411,Fatma Ibrahim,Fatma,Ibrahim,Male,Yes,30,30-44,Valid,fatma.ibrahim@hotmail.com,hotmail.com,Missing,388.84,Recorded,$250-499,2023-09-25,Valid,2023,2023-Q3,2023-09,9,Sep,1,Mon,Yes,Electronics,,Out of range (10),No rating,5,No
CUST1412,Ali Mahmoud,Ali,Mahmoud,Male,No,,Unknown,Missing,ali.mahmoud@gmail.com,gmail.com,Placeholder,69.6,Recorded,Under $250,2024-05-06,Valid,2024,2024-Q2,2024-05,5,May,1,Mon,Yes,Books,4,Valid,Satisfied (4-5),5,No
CUST1413,Ali Ibrahim,Ali,Ibrahim,Female,Yes,,Unknown,Placeholder 200,ali.ibrahim@gmail.com,gmail.com,Placeholder,75.97,Recorded,Under $250,2023-12-29,Valid,2023,2023-Q4,2023-12,12,Dec,5,Fri,Yes,Home,2,Valid,Dissatisfied (1-2),5,No
CUST1414,Alaa Gaber,Alaa,Gaber,Female,n/a,,Unknown,Placeholder -1,alaa.gaber@hotmail.com,hotmail.com,Missing,989.08,Recorded,$750+,2025-04-08,Valid,2025,2025-Q2,2025-04,4,Apr,2,Tue,Yes,Books,5,Valid,Satisfied (4-5),5,No
CUST1415,Ahmed Gaber,Ahmed,Gaber,Female,Yes,,Unknown,Missing,ahmed.gaber@hotmail.com,hotmail.com,Missing,805.24,Recorded,$750+,2022-11-02,Valid,2022,2022-Q4,2022-11,11,Nov,3,Wed,Yes,Unknown,4,Valid,Satisfied (4-5),4,No
CUST1416,Sara Gaber,Sara,Gaber,Female,No,,Unknown,Placeholder 200,sara.gaber@yahoo.com,yahoo.com,Placeholder,589.09,Recorded,$500-749,2024-10-05,Valid,2024,2024-Q4,2024-10,10,Oct,6,Sat,Yes,Clothing,,Missing,No rating,4,No
CUST1417,Fatma Gaber,Fatma,Gaber,Female,No,71,60-74,Valid,fatma.gaber@hotmail.com,hotmail.com,Placeholder,519.42,Recorded,$500-749,2024-11-01,Valid,2024,2024-Q4,2024-11,11,Nov,5,Fri,Yes,Unknown,3,Valid,Neutral (3),5,No
CUST1418,Ali Ali,Ali,Ali,Male,No,,Unknown,Placeholder -1,ali.ali@hotmail.com,hotmail.com,Missing,994.98,Recorded,$750+,2025-07-04,Valid,2025,2025-Q3,2025-07,7,Jul,5,Fri,Partial,Toys,3,Valid,Neutral (3),5,No
CUST1419,Sara Ibrahim,Sara,Ibrahim,Female,No,,Unknown,Missing,sara.ibrahim@yahoo.com,yahoo.com,Placeholder,788.32,Recorded,$750+,2025-04-07,Valid,2025,2025-Q2,2025-04,4,Apr,1,Mon,Yes,Electronics,2,Valid,Dissatisfied (1-2),5,No
CUST1420,Lina Gaber,Lina,Gaber,Male,Yes,50,45-59,Valid,lina.gaber@gmail.com,gmail.com,Missing,607.73,Recorded,$500-749,2023-12-30,Valid,2023,2023-Q4,2023-12,12,Dec,6,Sat,Yes,Home,,Out of range (10),No rating,5,No
CUST1421,Lina Gaber,Lina,Gaber,Female,No,,Unknown,Placeholder 200,lina.gaber@gmail.com,gmail.com,Placeholder,914.12,Recorded,$750+,2025-01-04,Valid,2025,2025-Q1,2025-01,1,Jan,6,Sat,Yes,Clothing,,Out of range (10),No rating,4,No
CUST1422,Alaa Ibrahim,Alaa,Ibrahim,Unknown,n/a,52,45-59,Valid,alaa.ibrahim@gmail.com,gmail.com,Missing,522.54,Recorded,$500-749,2023-03-21,Valid,2023,2023-Q1,2023-03,3,Mar,2,Tue,Yes,Unknown,,Missing,No rating,3,No
CUST1423,Ahmed Ibrahim,Ahmed,Ibrahim,Male,No,,Unknown,Placeholder -1,ahmed.ibrahim@gmail.com,gmail.com,Missing,145.66,Recorded,Under $250,2023-10-29,Valid,2023,2023-Q4,2023-10,10,Oct,7,Sun,Yes,Books,3,Valid,Neutral (3),5,No
CUST1424,John Ali,John,Ali,Male,No,80,75-90,Valid,john.ali@gmail.com,gmail.com,Placeholder,999.23,Recorded,$750+,2024-06-30,Valid,2024,2024-Q2,2024-06,6,Jun,7,Sun,Yes,Toys,5,Valid,Satisfied (4-5),6,Yes
CUST1425,Fatma Hassan,Fatma,Hassan,Female,No,,Unknown,Placeholder -1,fatma.hassan@yahoo.com,yahoo.com,Placeholder,975.34,Recorded,$750+,2024-03-26,Valid,2024,2024-Q1,2024-03,3,Mar,2,Tue,Yes,Electronics,2,Valid,Dissatisfied (1-2),5,No
CUST1426,Alaa Mahmoud,Alaa,Mahmoud,Female,n/a,,Unknown,Placeholder 200,alaa.mahmoud@yahoo.com,yahoo.com,Placeholder,595.84,Recorded,$500-749,2024-03-30,Valid,2024,2024-Q1,2024-03,3,Mar,6,Sat,Yes,Clothing,1,Valid,Dissatisfied (1-2),5,No
CUST1427,Ali Ali,Ali,Ali,Male,No,,Unknown,Placeholder -1,ali.ali@yahoo.com,yahoo.com,Placeholder,,Missing,Unknown,2023-04-12,Valid,2023,2023-Q2,2023-04,4,Apr,3,Wed,Yes,Books,2,Valid,Dissatisfied (1-2),4,No
CUST1428,John Gaber,John,Gaber,Male,No,27,15-29,Valid,john.gaber@hotmail.com,hotmail.com,Placeholder,28.63,Recorded,Under $250,2024-10-03,Valid,2024,2024-Q4,2024-10,10,Oct,4,Thu,Yes,Unknown,2,Valid,Dissatisfied (1-2),5,No
CUST1429,Sara Smith,Sara,Smith,Female,No,,Unknown,Placeholder -1,sara.smith@yahoo.com,yahoo.com,Placeholder,664.35,Recorded,$500-749,2023-04-02,Valid,2023,2023-Q2,2023-04,4,Apr,7,Sun,Yes,Unknown,5,Valid,Satisfied (4-5),4,No
CUST1430,Mark Ibrahim,Mark,Ibrahim,Male,No,,Unknown,Missing,mark.ibrahim@gmail.com,gmail.com,Missing,706.1,Recorded,$500-749,2024-05-10,Valid,2024,2024-Q2,2024-05,5,May,5,Fri,Yes,Books,,Missing,No rating,4,No
CUST1431,John Ali,John,Ali,Female,Yes,30,30-44,Valid,john.ali@yahoo.com,yahoo.com,Placeholder,185.57,Recorded,Under $250,2023-09-19,Valid,2023,2023-Q3,2023-09,9,Sep,2,Tue,Yes,Toys,,Out of range (10),No rating,5,No
CUST1432,Sara Mahmoud,Sara,Mahmoud,Female,No,,Unknown,Placeholder 200,sara.mahmoud@yahoo.com,yahoo.com,Missing,32.55,Recorded,Under $250,2024-12-27,Valid,2024,2024-Q4,2024-12,12,Dec,5,Fri,Yes,Clothing,1,Valid,Dissatisfied (1-2),5,No
CUST1433,John Mahmoud,John,Mahmoud,Female,Yes,,Unknown,Missing,john.mahmoud@hotmail.com,hotmail.com,Missing,835.0,Recorded,$750+,2024-01-22,Valid,2024,2024-Q1,2024-01,1,Jan,1,Mon,Yes,Unknown,2,Valid,Dissatisfied (1-2),4,No
CUST1434,Lina Ali,Lina,Ali,Male,Yes,,Unknown,Placeholder 200,lina.ali@gmail.com,gmail.com,Missing,241.62,Recorded,Under $250,2024-08-09,Valid,2024,2024-Q3,2024-08,8,Aug,5,Fri,Yes,Unknown,5,Valid,Satisfied (4-5),4,No
CUST1435,Ali Ali,Ali,Ali,Female,Yes,21,15-29,Valid,ali.ali@gmail.com,gmail.com,Missing,680.91,Recorded,$500-749,2024-01-30,Valid,2024,2024-Q1,2024-01,1,Jan,2,Tue,Yes,Unknown,,Out of range (10),No rating,4,No
CUST1436,Lina Ibrahim,Lina,Ibrahim,Female,No,,Unknown,Placeholder 200,lina.ibrahim@gmail.com,gmail.com,Placeholder,965.04,Recorded,$750+,2024-07-04,Valid,2024,2024-Q3,2024-07,7,Jul,4,Thu,Yes,Unknown,2,Valid,Dissatisfied (1-2),4,No
CUST1437,Mark Smith,Mark,Smith,Female,Yes,,Unknown,Placeholder -1,mark.smith@gmail.com,gmail.com,Placeholder,433.8,Recorded,$250-499,2025-07-17,Valid,2025,2025-Q3,2025-07,7,Jul,4,Thu,Partial,Home,,Missing,No rating,4,No
CUST1438,Fatma Gaber,Fatma,Gaber,Unknown,n/a,,Unknown,Placeholder -1,fatma.gaber@yahoo.com,yahoo.com,Missing,549.1,Recorded,$500-749,2023-07-19,Valid,2023,2023-Q3,2023-07,7,Jul,3,Wed,Yes,Unknown,,Missing,No rating,2,No
CUST1439,Alaa Smith,Alaa,Smith,Female,n/a,82,75-90,Valid,alaa.smith@hotmail.com,hotmail.com,Missing,824.07,Recorded,$750+,2024-06-19,Valid,2024,2024-Q2,2024-06,6,Jun,3,Wed,Yes,Electronics,,Out of range (10),No rating,5,No
CUST1440,Ahmed Ibrahim,Ahmed,Ibrahim,Female,Yes,,Unknown,Placeholder -1,ahmed.ibrahim@yahoo.com,yahoo.com,Placeholder,107.44,Recorded,Under $250,2023-03-11,Valid,2023,2023-Q1,2023-03,3,Mar,6,Sat,Yes,Electronics,5,Valid,Satisfied (4-5),5,No
CUST1441,Mark Mahmoud,Mark,Mahmoud,Male,No,,Unknown,Placeholder 200,mark.mahmoud@yahoo.com,yahoo.com,Placeholder,234.2,Recorded,Under $250,,Invalid,,,,,,,,,Unknown,2,Valid,Dissatisfied (1-2),3,No
CUST1442,Sara Gaber,Sara,Gaber,Male,Yes,,Unknown,Placeholder -1,sara.gaber@yahoo.com,yahoo.com,Placeholder,314.29,Recorded,$250-499,2024-01-08,Valid,2024,2024-Q1,2024-01,1,Jan,1,Mon,Yes,Home,,Out of range (10),No rating,4,No
CUST1443,Lina Hassan,Lina,Hassan,Unknown,n/a,,Unknown,Placeholder -1,lina.hassan@gmail.com,gmail.com,Missing,174.35,Recorded,Under $250,2023-02-08,Valid,2023,2023-Q1,2023-02,2,Feb,3,Wed,Yes,Toys,2,Valid,Dissatisfied (1-2),4,No
CUST1444,Alaa Ibrahim,Alaa,Ibrahim,Female,n/a,22,15-29,Valid,alaa.ibrahim@hotmail.com,hotmail.com,Placeholder,730.76,Recorded,$500-749,2023-09-22,Valid,2023,2023-Q3,2023-09,9,Sep,5,Fri,Yes,Home,5,Valid,Satisfied (4-5),6,Yes
CUST1445,Lina Ibrahim,Lina,Ibrahim,Male,Yes,,Unknown,Placeholder -1,lina.ibrahim@hotmail.com,hotmail.com,Missing,383.7,Recorded,$250-499,2024-01-04,Valid,2024,2024-Q1,2024-01,1,Jan,4,Thu,Yes,Toys,,Missing,No rating,4,No
CUST1446,Sara Ibrahim,Sara,Ibrahim,Female,No,,Unknown,Placeholder -1,sara.ibrahim@hotmail.com,hotmail.com,Missing,302.43,Recorded,$250-499,2023-08-26,Valid,2023,2023-Q3,2023-08,8,Aug,6,Sat,Yes,Home,5,Valid,Satisfied (4-5),5,No
CUST1447,Mark Mahmoud,Mark,Mahmoud,Male,No,66,60-74,Valid,mark.mahmoud@hotmail.com,hotmail.com,Placeholder,462.47,Recorded,$250-499,2023-08-04,Valid,2023,2023-Q3,2023-08,8,Aug,5,Fri,Yes,Toys,5,Valid,Satisfied (4-5),6,Yes
CUST1448,Sara Mahmoud,Sara,Mahmoud,Male,Yes,,Unknown,Placeholder 200,sara.mahmoud@gmail.com,gmail.com,Placeholder,255.01,Recorded,$250-499,2024-06-21,Valid,2024,2024-Q2,2024-06,6,Jun,5,Fri,Yes,Unknown,3,Valid,Neutral (3),4,No
CUST1449,Ahmed Hassan,Ahmed,Hassan,Female,Yes,53,45-59,Valid,ahmed.hassan@yahoo.com,yahoo.com,Missing,833.13,Recorded,$750+,2024-09-08,Valid,2024,2024-Q3,2024-09,9,Sep,7,Sun,Yes,Home,2,Valid,Dissatisfied (1-2),6,Yes
CUST1450,Ali Hassan,Ali,Hassan,Male,No,87,75-90,Valid,ali.hassan@gmail.com,gmail.com,Placeholder,814.29,Recorded,$750+,2025-04-08,Valid,2025,2025-Q2,2025-04,4,Apr,2,Tue,Yes,Books,5,Valid,Satisfied (4-5),6,Yes
CUST1451,John Mahmoud,John,Mahmoud,Male,No,40,30-44,Valid,john.mahmoud@hotmail.com,hotmail.com,Missing,,Missing,Unknown,2023-09-11,Valid,2023,2023-Q3,2023-09,9,Sep,1,Mon,Yes,Clothing,,Missing,No rating,4,No
CUST1452,Sara Mahmoud,Sara,Mahmoud,Male,Yes,,Unknown,Missing,sara.mahmoud@hotmail.com,hotmail.com,Missing,862.72,Recorded,$750+,2025-01-24,Valid,2025,2025-Q1,2025-01,1,Jan,5,Fri,Yes,Home,,Missing,No rating,4,No
CUST1453,Fatma Ibrahim,Fatma,Ibrahim,Female,No,,Unknown,Placeholder -1,fatma.ibrahim@yahoo.com,yahoo.com,Placeholder,387.83,Recorded,$250-499,2024-05-31,Valid,2024,2024-Q2,2024-05,5,May,5,Fri,Yes,Unknown,4,Valid,Satisfied (4-5),4,No
CUST1454,Fatma Gaber,Fatma,Gaber,Male,Yes,69,60-74,Valid,fatma.gaber@yahoo.com,yahoo.com,Missing,53.71,Recorded,Under $250,2024-12-03,Valid,2024,2024-Q4,2024-12,12,Dec,2,Tue,Yes,Clothing,4,Valid,Satisfied (4-5),6,Yes
CUST1455,Ahmed Hassan,Ahmed,Hassan,Female,Yes,,Unknown,Missing,ahmed.hassan@hotmail.com,hotmail.com,Missing,979.43,Recorded,$750+,2023-05-11,Valid,2023,2023-Q2,2023-05,5,May,4,Thu,Yes,Home,,Missing,No rating,4,No
CUST1456,Mark Gaber,Mark,Gaber,Male,No,,Unknown,Placeholder -1,mark.gaber@gmail.com,gmail.com,Missing,934.35,Recorded,$750+,2023-12-09,Valid,2023,2023-Q4,2023-12,12,Dec,6,Sat,Yes,Home,,Missing,No rating,4,No
CUST1457,Fatma Gaber,Fatma,Gaber,Male,Yes,60,60-74,Valid,fatma.gaber@yahoo.com,yahoo.com,Placeholder,85.72,Recorded,Under $250,2024-10-02,Valid,2024,2024-Q4,2024-10,10,Oct,3,Wed,Yes,Unknown,1,Valid,Dissatisfied (1-2),5,No
CUST1458,John Mahmoud,John,Mahmoud,Female,Yes,63,60-74,Valid,john.mahmoud@gmail.com,gmail.com,Placeholder,266.57,Recorded,$250-499,2024-02-03,Valid,2024,2024-Q1,2024-02,2,Feb,6,Sat,Yes,Clothing,2,Valid,Dissatisfied (1-2),6,Yes
CUST1459,Mark Gaber,Mark,Gaber,Female,Yes,,Unknown,Missing,mark.gaber@hotmail.com,hotmail.com,Missing,855.43,Recorded,$750+,2025-05-29,Valid,2025,2025-Q2,2025-05,5,May,4,Thu,Yes,Unknown,5,Valid,Satisfied (4-5),4,No
CUST1460,Fatma Smith,Fatma,Smith,Male,Yes,,Unknown,Missing,fatma.smith@gmail.com,gmail.com,Placeholder,494.9,Recorded,$250-499,2024-08-22,Valid,2024,2024-Q3,2024-08,8,Aug,4,Thu,Yes,Books,1,Valid,Dissatisfied (1-2),5,No
CUST1461,Mark Hassan,Mark,Hassan,Male,No,,Unknown,Placeholder -1,mark.hassan@hotmail.com,hotmail.com,Placeholder,278.31,Recorded,$250-499,2024-07-13,Valid,2024,2024-Q3,2024-07,7,Jul,6,Sat,Yes,Electronics,5,Valid,Satisfied (4-5),5,No
CUST1462,Lina Gaber,Lina,Gaber,Male,Yes,,Unknown,Placeholder 200,lina.gaber@yahoo.com,yahoo.com,Placeholder,340.25,Recorded,$250-499,2023-10-26,Valid,2023,2023-Q4,2023-10,10,Oct,4,Thu,Yes,Toys,5,Valid,Satisfied (4-5),5,No
CUST1463,Alaa Mahmoud,Alaa,Mahmoud,Unknown,n/a,,Unknown,Placeholder 200,alaa.mahmoud@yahoo.com,yahoo.com,Missing,22.17,Recorded,Under $250,2024-04-27,Valid,2024,2024-Q2,2024-04,4,Apr,6,Sat,Yes,Electronics,,Missing,No rating,3,No
CUST1464,Fatma Mahmoud,Fatma,Mahmoud,Unknown,n/a,,Unknown,Placeholder -1,fatma.mahmoud@yahoo.com,yahoo.com,Placeholder,25.35,Recorded,Under $250,2024-12-23,Valid,2024,2024-Q4,2024-12,12,Dec,1,Mon,Yes,Unknown,2,Valid,Dissatisfied (1-2),3,No
CUST1465,Mark Ali,Mark,Ali,Female,Yes,,Unknown,Missing,mark.ali@yahoo.com,yahoo.com,Missing,284.98,Recorded,$250-499,2024-11-06,Valid,2024,2024-Q4,2024-11,11,Nov,3,Wed,Yes,Clothing,4,Valid,Satisfied (4-5),5,No
CUST1466,Ali Smith,Ali,Smith,Male,No,,Unknown,Placeholder 200,ali.smith@yahoo.com,yahoo.com,Placeholder,558.41,Recorded,$500-749,2023-09-17,Valid,2023,2023-Q3,2023-09,9,Sep,7,Sun,Yes,Electronics,1,Valid,Dissatisfied (1-2),5,No
CUST1467,John Mahmoud,John,Mahmoud,Female,Yes,,Unknown,Missing,john.mahmoud@yahoo.com,yahoo.com,Placeholder,825.72,Recorded,$750+,2023-12-28,Valid,2023,2023-Q4,2023-12,12,Dec,4,Thu,Yes,Electronics,,Missing,No rating,4,No
CUST1468,John Gaber,John,Gaber,Male,No,,Unknown,Placeholder -1,john.gaber@hotmail.com,hotmail.com,Placeholder,,Missing,Unknown,2024-09-06,Valid,2024,2024-Q3,2024-09,9,Sep,5,Fri,Yes,Unknown,5,Valid,Satisfied (4-5),3,No
CUST1469,Lina Smith,Lina,Smith,Male,Yes,,Unknown,Placeholder -1,lina.smith@gmail.com,gmail.com,Placeholder,606.79,Recorded,$500-749,2024-10-24,Valid,2024,2024-Q4,2024-10,10,Oct,4,Thu,Yes,Clothing,4,Valid,Satisfied (4-5),5,No
CUST1470,Mark Ibrahim,Mark,Ibrahim,Male,No,,Unknown,Placeholder 200,mark.ibrahim@hotmail.com,hotmail.com,Missing,364.8,Recorded,$250-499,2023-04-06,Valid,2023,2023-Q2,2023-04,4,Apr,4,Thu,Yes,Home,5,Valid,Satisfied (4-5),5,No
CUST1471,Sara Smith,Sara,Smith,Female,No,73,60-74,Valid,sara.smith@hotmail.com,hotmail.com,Missing,395.41,Recorded,$250-499,2024-09-25,Valid,2024,2024-Q3,2024-09,9,Sep,3,Wed,Yes,Electronics,,Missing,No rating,5,No
CUST1472,John Smith,John,Smith,Male,No,,Unknown,Missing,john.smith@gmail.com,gmail.com,Placeholder,822.47,Recorded,$750+,2022-11-05,Valid,2022,2022-Q4,2022-11,11,Nov,6,Sat,Yes,Books,4,Valid,Satisfied (4-5),5,No
CUST1473,Sara Ibrahim,Sara,Ibrahim,Female,No,,Unknown,Placeholder -1,sara.ibrahim@gmail.com,gmail.com,Missing,454.3,Recorded,$250-499,2024-08-17,Valid,2024,2024-Q3,2024-08,8,Aug,6,Sat,Yes,Books,,Out of range (10),No rating,4,No
CUST1474,Ali Hassan,Ali,Hassan,Male,No,,Unknown,Placeholder -1,ali.hassan@gmail.com,gmail.com,Missing,397.42,Recorded,$250-499,2023-04-10,Valid,2023,2023-Q2,2023-04,4,Apr,1,Mon,Yes,Unknown,2,Valid,Dissatisfied (1-2),4,No
CUST1475,Mark Ibrahim,Mark,Ibrahim,Male,No,,Unknown,Missing,mark.ibrahim@hotmail.com,hotmail.com,Placeholder,958.05,Recorded,$750+,2024-02-29,Valid,2024,2024-Q1,2024-02,2,Feb,4,Thu,Yes,Electronics,3,Valid,Neutral (3),5,No
CUST1476,Ali Smith,Ali,Smith,Male,No,,Unknown,Placeholder -1,ali.smith@hotmail.com,hotmail.com,Placeholder,798.02,Recorded,$750+,2023-08-23,Valid,2023,2023-Q3,2023-08,8,Aug,3,Wed,Yes,Clothing,4,Valid,Satisfied (4-5),5,No
CUST1477,Ahmed Smith,Ahmed,Smith,Male,No,,Unknown,Placeholder -1,ahmed.smith@yahoo.com,yahoo.com,Missing,317.29,Recorded,$250-499,2023-08-25,Valid,2023,2023-Q3,2023-08,8,Aug,5,Fri,Yes,Unknown,,Missing,No rating,3,No
CUST1478,Fatma Hassan,Fatma,Hassan,Female,No,,Unknown,Missing,fatma.hassan@gmail.com,gmail.com,Placeholder,207.48,Recorded,Under $250,2024-11-03,Valid,2024,2024-Q4,2024-11,11,Nov,7,Sun,Yes,Unknown,,Missing,No rating,3,No
CUST1479,Lina Gaber,Lina,Gaber,Female,No,,Unknown,Missing,lina.gaber@gmail.com,gmail.com,Placeholder,,Missing,Unknown,2024-10-11,Valid,2024,2024-Q4,2024-10,10,Oct,5,Fri,Yes,Books,,Out of range (10),No rating,3,No
CUST1480,Ali Gaber,Ali,Gaber,Male,No,,Unknown,Placeholder 200,ali.gaber@yahoo.com,yahoo.com,Missing,532.98,Recorded,$500-749,2023-11-30,Valid,2023,2023-Q4,2023-11,11,Nov,4,Thu,Yes,Electronics,,Missing,No rating,4,No
CUST1481,Alaa Ali,Alaa,Ali,Male,n/a,,Unknown,Placeholder -1,alaa.ali@hotmail.com,hotmail.com,Placeholder,668.34,Recorded,$500-749,2024-10-14,Valid,2024,2024-Q4,2024-10,10,Oct,1,Mon,Yes,Clothing,2,Valid,Dissatisfied (1-2),5,No
CUST1482,Lina Smith,Lina,Smith,Female,No,,Unknown,Placeholder -1,lina.smith@yahoo.com,yahoo.com,Placeholder,890.73,Recorded,$750+,2024-08-13,Valid,2024,2024-Q3,2024-08,8,Aug,2,Tue,Yes,Home,,Missing,No rating,4,No
CUST1483,Ali Smith,Ali,Smith,Female,Yes,,Unknown,Placeholder 200,ali.smith@hotmail.com,hotmail.com,Placeholder,736.61,Recorded,$500-749,2024-03-08,Valid,2024,2024-Q1,2024-03,3,Mar,5,Fri,Yes,Clothing,3,Valid,Neutral (3),5,No
CUST1484,Fatma Hassan,Fatma,Hassan,Male,Yes,,Unknown,Placeholder -1,fatma.hassan@gmail.com,gmail.com,Missing,963.78,Recorded,$750+,2023-02-17,Valid,2023,2023-Q1,2023-02,2,Feb,5,Fri,Yes,Home,,Missing,No rating,4,No
CUST1485,Lina Smith,Lina,Smith,Female,No,,Unknown,Placeholder -1,lina.smith@hotmail.com,hotmail.com,Missing,125.45,Recorded,Under $250,2023-10-09,Valid,2023,2023-Q4,2023-10,10,Oct,1,Mon,Yes,Books,2,Valid,Dissatisfied (1-2),5,No
CUST1486,Lina Mahmoud,Lina,Mahmoud,Male,Yes,,Unknown,Placeholder -1,lina.mahmoud@yahoo.com,yahoo.com,Placeholder,121.63,Recorded,Under $250,2024-08-04,Valid,2024,2024-Q3,2024-08,8,Aug,7,Sun,Yes,Electronics,,Missing,No rating,4,No
CUST1487,Ahmed Hassan,Ahmed,Hassan,Female,Yes,84,75-90,Valid,ahmed.hassan@hotmail.com,hotmail.com,Placeholder,685.83,Recorded,$500-749,2024-08-31,Valid,2024,2024-Q3,2024-08,8,Aug,6,Sat,Yes,Clothing,3,Valid,Neutral (3),6,Yes
CUST1488,Ali Ibrahim,Ali,Ibrahim,Female,Yes,,Unknown,Placeholder 200,ali.ibrahim@gmail.com,gmail.com,Missing,947.34,Recorded,$750+,2023-08-07,Valid,2023,2023-Q3,2023-08,8,Aug,1,Mon,Yes,Home,5,Valid,Satisfied (4-5),5,No
CUST1489,Mark Smith,Mark,Smith,Male,No,,Unknown,Placeholder 200,mark.smith@yahoo.com,yahoo.com,Missing,86.56,Recorded,Under $250,2023-12-07,Valid,2023,2023-Q4,2023-12,12,Dec,4,Thu,Yes,Books,4,Valid,Satisfied (4-5),5,No
CUST1490,Sara Smith,Sara,Smith,Male,Yes,,Unknown,Placeholder -1,sara.smith@gmail.com,gmail.com,Missing,968.33,Recorded,$750+,2024-09-16,Valid,2024,2024-Q3,2024-09,9,Sep,1,Mon,Yes,Home,,Missing,No rating,4,No
CUST1491,Sara Hassan,Sara,Hassan,Female,No,,Unknown,Missing,sara.hassan@gmail.com,gmail.com,Placeholder,300.1,Recorded,$250-499,2023-08-07,Valid,2023,2023-Q3,2023-08,8,Aug,1,Mon,Yes,Unknown,,Missing,No rating,3,No
CUST1492,Alaa Hassan,Alaa,Hassan,Male,n/a,,Unknown,Placeholder 200,alaa.hassan@gmail.com,gmail.com,Placeholder,625.04,Recorded,$500-749,2023-06-09,Valid,2023,2023-Q2,2023-06,6,Jun,5,Fri,Yes,Unknown,,Out of range (10),No rating,3,No
CUST1493,Fatma Ibrahim,Fatma,Ibrahim,Female,No,66,60-74,Valid,fatma.ibrahim@yahoo.com,yahoo.com,Missing,709.02,Recorded,$500-749,2023-05-14,Valid,2023,2023-Q2,2023-05,5,May,7,Sun,Yes,Unknown,4,Valid,Satisfied (4-5),5,No
CUST1494,Ahmed Hassan,Ahmed,Hassan,Female,Yes,,Unknown,Missing,ahmed.hassan@hotmail.com,hotmail.com,Placeholder,778.69,Recorded,$750+,2023-04-08,Valid,2023,2023-Q2,2023-04,4,Apr,6,Sat,Yes,Unknown,4,Valid,Satisfied (4-5),4,No
CUST1495,Sara Ibrahim,Sara,Ibrahim,Male,Yes,,Unknown,Placeholder -1,sara.ibrahim@gmail.com,gmail.com,Placeholder,903.81,Recorded,$750+,,Invalid,,,,,,,,,Books,,Missing,No rating,3,No
CUST1496,John Hassan,John,Hassan,Female,Yes,,Unknown,Placeholder -1,john.hassan@hotmail.com,hotmail.com,Placeholder,391.26,Recorded,$250-499,2025-05-03,Valid,2025,2025-Q2,2025-05,5,May,6,Sat,Yes,Toys,5,Valid,Satisfied (4-5),5,No
CUST1497,John Mahmoud,John,Mahmoud,Unknown,n/a,,Unknown,Placeholder 200,john.mahmoud@hotmail.com,hotmail.com,Placeholder,520.06,Recorded,$500-749,2024-05-23,Valid,2024,2024-Q2,2024-05,5,May,4,Thu,Yes,Electronics,5,Valid,Satisfied (4-5),4,No
CUST1498,Mark Hassan,Mark,Hassan,Female,Yes,,Unknown,Placeholder 200,mark.hassan@hotmail.com,hotmail.com,Missing,324.24,Recorded,$250-499,2025-07-05,Valid,2025,2025-Q3,2025-07,7,Jul,6,Sat,Partial,Toys,3,Valid,Neutral (3),5,No
CUST1499,Fatma Gaber,Fatma,Gaber,Female,No,,Unknown,Placeholder 200,fatma.gaber@hotmail.com,hotmail.com,Placeholder,909.83,Recorded,$750+,2022-10-30,Valid,2022,2022-Q4,2022-10,10,Oct,7,Sun,Partial,Clothing,4,Valid,Satisfied (4-5),5,No
CUST1500,Ahmed Ali,Ahmed,Ali,Female,Yes,72,60-74,Valid,ahmed.ali@yahoo.com,yahoo.com,Missing,910.91,Recorded,$750+,2024-11-30,Valid,2024,2024-Q4,2024-11,11,Nov,6,Sat,Yes,Books,5,Valid,Satisfied (4-5),6,Yes
CUST1501,Ali Ali,Ali,Ali,Female,Yes,65,60-74,Valid,ali.ali@yahoo.com,yahoo.com,Placeholder,80.13,Recorded,Under $250,,Invalid,,,,,,,,,Electronics,5,Valid,Satisfied (4-5),5,No
CUST1502,Mark Ali,Mark,Ali,Unknown,n/a,21,15-29,Valid,mark.ali@hotmail.com,hotmail.com,Placeholder,114.9,Recorded,Under $250,2025-05-21,Valid,2025,2025-Q2,2025-05,5,May,3,Wed,Yes,Home,,Missing,No rating,4,No
CUST1503,Lina Ibrahim,Lina,Ibrahim,Male,Yes,,Unknown,Placeholder 200,lina.ibrahim@yahoo.com,yahoo.com,Missing,194.24,Recorded,Under $250,2023-04-13,Valid,2023,2023-Q2,2023-04,4,Apr,4,Thu,Yes,Clothing,3,Valid,Neutral (3),5,No
CUST1504,Alaa Ibrahim,Alaa,Ibrahim,Female,n/a,56,45-59,Valid,alaa.ibrahim@hotmail.com,hotmail.com,Missing,964.52,Recorded,$750+,2022-11-08,Valid,2022,2022-Q4,2022-11,11,Nov,2,Tue,Yes,Unknown,2,Valid,Dissatisfied (1-2),5,No
CUST1505,Fatma Gaber,Fatma,Gaber,Male,Yes,,Unknown,Placeholder -1,fatma.gaber@gmail.com,gmail.com,Missing,567.93,Recorded,$500-749,2024-04-24,Valid,2024,2024-Q2,2024-04,4,Apr,3,Wed,Yes,Electronics,3,Valid,Neutral (3),5,No
CUST1506,Ali Gaber,Ali,Gaber,Female,Yes,36,30-44,Valid,ali.gaber@gmail.com,gmail.com,Placeholder,204.66,Recorded,Under $250,2023-07-24,Valid,2023,2023-Q3,2023-07,7,Jul,1,Mon,Yes,Toys,5,Valid,Satisfied (4-5),6,Yes
CUST1507,Fatma Ali,Fatma,Ali,Unknown,n/a,,Unknown,Missing,fatma.ali@yahoo.com,yahoo.com,Missing,329.3,Recorded,$250-499,2022-12-22,Valid,2022,2022-Q4,2022-12,12,Dec,4,Thu,Yes,Home,,Out of range (10),No rating,3,No
CUST1508,Alaa Ibrahim,Alaa,Ibrahim,Female,n/a,,Unknown,Placeholder -1,alaa.ibrahim@gmail.com,gmail.com,Missing,596.82,Recorded,$500-749,2025-06-06,Valid,2025,2025-Q2,2025-06,6,Jun,5,Fri,Yes,Unknown,1,Valid,Dissatisfied (1-2),4,No
CUST1509,Lina Gaber,Lina,Gaber,Unknown,n/a,,Unknown,Missing,lina.gaber@gmail.com,gmail.com,Placeholder,952.9,Recorded,$750+,2022-12-13,Valid,2022,2022-Q4,2022-12,12,Dec,2,Tue,Yes,Books,3,Valid,Neutral (3),4,No
CUST1510,Alaa Smith,Alaa,Smith,Male,n/a,,Unknown,Placeholder -1,alaa.smith@gmail.com,gmail.com,Missing,956.7,Recorded,$750+,2024-05-12,Valid,2024,2024-Q2,2024-05,5,May,7,Sun,Yes,Toys,4,Valid,Satisfied (4-5),5,No
CUST1511,John Smith,John,Smith,Unknown,n/a,,Unknown,Placeholder 200,john.smith@gmail.com,gmail.com,Placeholder,711.26,Recorded,$500-749,2023-11-12,Valid,2023,2023-Q4,2023-11,11,Nov,7,Sun,Yes,Books,5,Valid,Satisfied (4-5),4,No
CUST1512,Sara Gaber,Sara,Gaber,Male,Yes,,Unknown,Missing,sara.gaber@hotmail.com,hotmail.com,Placeholder,981.65,Recorded,$750+,2023-08-28,Valid,2023,2023-Q3,2023-08,8,Aug,1,Mon,Yes,Clothing,5,Valid,Satisfied (4-5),5,No
CUST1513,Alaa Smith,Alaa,Smith,Unknown,n/a,,Unknown,Placeholder 200,alaa.smith@gmail.com,gmail.com,Placeholder,84.61,Recorded,Under $250,2023-11-09,Valid,2023,2023-Q4,2023-11,11,Nov,4,Thu,Yes,Toys,,Missing,No rating,3,No
CUST1514,Mark Ibrahim,Mark,Ibrahim,Female,Yes,,Unknown,Missing,mark.ibrahim@gmail.com,gmail.com,Placeholder,971.83,Recorded,$750+,2025-04-26,Valid,2025,2025-Q2,2025-04,4,Apr,6,Sat,Yes,Unknown,2,Valid,Dissatisfied (1-2),4,No
CUST1515,Ahmed Hassan,Ahmed,Hassan,Male,No,,Unknown,Placeholder 200,ahmed.hassan@yahoo.com,yahoo.com,Missing,789.24,Recorded,$750+,2025-02-17,Valid,2025,2025-Q1,2025-02,2,Feb,1,Mon,Yes,Toys,1,Valid,Dissatisfied (1-2),5,No
CUST1516,Mark Hassan,Mark,Hassan,Male,No,22,15-29,Valid,mark.hassan@gmail.com,gmail.com,Placeholder,95.19,Recorded,Under $250,2023-11-04,Valid,2023,2023-Q4,2023-11,11,Nov,6,Sat,Yes,Books,,Out of range (10),No rating,5,No
CUST1517,Ali Mahmoud,Ali,Mahmoud,Female,Yes,,Unknown,Missing,ali.mahmoud@yahoo.com,yahoo.com,Placeholder,148.97,Recorded,Under $250,2024-03-03,Valid,2024,2024-Q1,2024-03,3,Mar,7,Sun,Yes,Books,4,Valid,Satisfied (4-5),5,No
CUST1518,Ali Hassan,Ali,Hassan,Male,No,,Unknown,Placeholder 200,ali.hassan@hotmail.com,hotmail.com,Placeholder,964.28,Recorded,$750+,2025-03-17,Valid,2025,2025-Q1,2025-03,3,Mar,1,Mon,Yes,Books,1,Valid,Dissatisfied (1-2),5,No
CUST1519,John Mahmoud,John,Mahmoud,Male,No,,Unknown,Placeholder -1,john.mahmoud@gmail.com,gmail.com,Missing,560.86,Recorded,$500-749,2025-07-09,Valid,2025,2025-Q3,2025-07,7,Jul,3,Wed,Partial,Unknown,5,Valid,Satisfied (4-5),4,No
CUST1520,Ahmed Smith,Ahmed,Smith,Male,No,,Unknown,Placeholder -1,ahmed.smith@gmail.com,gmail.com,Missing,377.46,Recorded,$250-499,2024-06-27,Valid,2024,2024-Q2,2024-06,6,Jun,4,Thu,Yes,Books,3,Valid,Neutral (3),5,No
CUST1521,Alaa Smith,Alaa,Smith,Female,n/a,88,75-90,Valid,alaa.smith@hotmail.com,hotmail.com,Missing,778.35,Recorded,$750+,2024-12-31,Valid,2024,2024-Q4,2024-12,12,Dec,2,Tue,Yes,Unknown,,Out of range (10),No rating,4,No
CUST1522,John Gaber,John,Gaber,Male,No,,Unknown,Placeholder 200,john.gaber@hotmail.com,hotmail.com,Missing,59.15,Recorded,Under $250,2025-05-01,Valid,2025,2025-Q2,2025-05,5,May,4,Thu,Yes,Unknown,1,Valid,Dissatisfied (1-2),4,No
CUST1523,Ahmed Gaber,Ahmed,Gaber,Male,No,,Unknown,Placeholder -1,ahmed.gaber@yahoo.com,yahoo.com,Missing,691.73,Recorded,$500-749,2023-10-17,Valid,2023,2023-Q4,2023-10,10,Oct,2,Tue,Yes,Home,5,Valid,Satisfied (4-5),5,No
CUST1524,Alaa Gaber,Alaa,Gaber,Male,n/a,,Unknown,Placeholder -1,alaa.gaber@hotmail.com,hotmail.com,Missing,,Missing,Unknown,2023-06-06,Valid,2023,2023-Q2,2023-06,6,Jun,2,Tue,Yes,Toys,,Missing,No rating,3,No
CUST1525,Ali Ibrahim,Ali,Ibrahim,Female,Yes,,Unknown,Placeholder 200,ali.ibrahim@gmail.com,gmail.com,Missing,444.22,Recorded,$250-499,2025-06-04,Valid,2025,2025-Q2,2025-06,6,Jun,3,Wed,Yes,Unknown,,Out of range (10),No rating,3,No
CUST1526,Sara Hassan,Sara,Hassan,Female,No,,Unknown,Placeholder 200,sara.hassan@yahoo.com,yahoo.com,Placeholder,935.32,Recorded,$750+,2023-09-16,Valid,2023,2023-Q3,2023-09,9,Sep,6,Sat,Yes,Books,2,Valid,Dissatisfied (1-2),5,No
CUST1527,Lina Smith,Lina,Smith,Male,Yes,41,30-44,Valid,lina.smith@hotmail.com,hotmail.com,Placeholder,254.41,Recorded,$250-499,2025-05-22,Valid,2025,2025-Q2,2025-05,5,May,4,Thu,Yes,Books,,Out of range (10),No rating,5,No
CUST1528,John Smith,John,Smith,Male,No,,Unknown,Placeholder 200,john.smith@gmail.com,gmail.com,Placeholder,928.22,Recorded,$750+,2023-04-03,Valid,2023,2023-Q2,2023-04,4,Apr,1,Mon,Yes,Books,1,Valid,Dissatisfied (1-2),5,No
CUST1529,Sara Gaber,Sara,Gaber,Female,No,78,75-90,Valid,sara.gaber@hotmail.com,hotmail.com,Placeholder,880.22,Recorded,$750+,2023-08-21,Valid,2023,2023-Q3,2023-08,8,Aug,1,Mon,Yes,Books,4,Valid,Satisfied (4-5),6,Yes
CUST1530,Ahmed Hassan,Ahmed,Hassan,Male,No,,Unknown,Placeholder 200,ahmed.hassan@hotmail.com,hotmail.com,Missing,894.06,Recorded,$750+,2023-06-18,Valid,2023,2023-Q2,2023-06,6,Jun,7,Sun,Yes,Unknown,5,Valid,Satisfied (4-5),4,No
CUST1531,Lina Ibrahim,Lina,Ibrahim,Female,No,85,75-90,Valid,lina.ibrahim@gmail.com,gmail.com,Missing,302.7,Recorded,$250-499,2025-07-03,Valid,2025,2025-Q3,2025-07,7,Jul,4,Thu,Partial,Clothing,,Out of range (10),No rating,5,No
CUST1532,Fatma Ibrahim,Fatma,Ibrahim,Female,No,,Unknown,Placeholder -1,fatma.ibrahim@gmail.com,gmail.com,Missing,136.42,Recorded,Under $250,2024-08-22,Valid,2024,2024-Q3,2024-08,8,Aug,4,Thu,Yes,Unknown,1,Valid,Dissatisfied (1-2),4,No
CUST1533,Lina Gaber,Lina,Gaber,Female,No,,Unknown,Missing,lina.gaber@hotmail.com,hotmail.com,Missing,498.06,Recorded,$250-499,2025-07-23,Valid,2025,2025-Q3,2025-07,7,Jul,3,Wed,Partial,Books,3,Valid,Neutral (3),5,No
CUST1534,Lina Ibrahim,Lina,Ibrahim,Male,Yes,56,45-59,Valid,lina.ibrahim@gmail.com,gmail.com,Missing,480.31,Recorded,$250-499,2024-03-06,Valid,2024,2024-Q1,2024-03,3,Mar,3,Wed,Yes,Electronics,4,Valid,Satisfied (4-5),6,Yes
CUST1535,Lina Ali,Lina,Ali,Female,No,46,45-59,Valid,lina.ali@gmail.com,gmail.com,Missing,741.91,Recorded,$500-749,2022-12-29,Valid,2022,2022-Q4,2022-12,12,Dec,4,Thu,Yes,Electronics,,Out of range (10),No rating,5,No
CUST1536,Ahmed Mahmoud,Ahmed,Mahmoud,Male,No,67,60-74,Valid,ahmed.mahmoud@hotmail.com,hotmail.com,Placeholder,103.05,Recorded,Under $250,2025-01-13,Valid,2025,2025-Q1,2025-01,1,Jan,1,Mon,Yes,Clothing,2,Valid,Dissatisfied (1-2),6,Yes
CUST1537,Fatma Smith,Fatma,Smith,Unknown,n/a,64,60-74,Valid,fatma.smith@yahoo.com,yahoo.com,Placeholder,784.25,Recorded,$750+,2024-06-22,Valid,2024,2024-Q2,2024-06,6,Jun,6,Sat,Yes,Clothing,2,Valid,Dissatisfied (1-2),5,No
CUST1538,Ali Hassan,Ali,Hassan,Male,No,,Unknown,Placeholder -1,ali.hassan@hotmail.com,hotmail.com,Placeholder,754.93,Recorded,$750+,2024-09-11,Valid,2024,2024-Q3,2024-09,9,Sep,3,Wed,Yes,Unknown,1,Valid,Dissatisfied (1-2),4,No
CUST1539,Ahmed Mahmoud,Ahmed,Mahmoud,Male,No,,Unknown,Placeholder 200,ahmed.mahmoud@yahoo.com,yahoo.com,Missing,846.35,Recorded,$750+,,Invalid,,,,,,,,,Home,2,Valid,Dissatisfied (1-2),4,No
CUST1540,John Gaber,John,Gaber,Male,No,77,75-90,Valid,john.gaber@gmail.com,gmail.com,Placeholder,921.28,Recorded,$750+,2023-12-25,Valid,2023,2023-Q4,2023-12,12,Dec,1,Mon,Yes,Electronics,3,Valid,Neutral (3),6,Yes
CUST1541,Lina Ibrahim,Lina,Ibrahim,Male,Yes,,Unknown,Placeholder -1,lina.ibrahim@yahoo.com,yahoo.com,Missing,155.98,Recorded,Under $250,2025-03-03,Valid,2025,2025-Q1,2025-03,3,Mar,1,Mon,Yes,Toys,,Out of range (10),No rating,4,No
CUST1542,Alaa Smith,Alaa,Smith,Male,n/a,,Unknown,Placeholder 200,alaa.smith@yahoo.com,yahoo.com,Missing,85.3,Recorded,Under $250,2025-02-23,Valid,2025,2025-Q1,2025-02,2,Feb,7,Sun,Yes,Home,,Missing,No rating,4,No
CUST1543,Sara Ibrahim,Sara,Ibrahim,Female,No,,Unknown,Placeholder 200,sara.ibrahim@gmail.com,gmail.com,Missing,29.38,Recorded,Under $250,2023-09-30,Valid,2023,2023-Q3,2023-09,9,Sep,6,Sat,Yes,Electronics,5,Valid,Satisfied (4-5),5,No
CUST1544,Ahmed Ibrahim,Ahmed,Ibrahim,Male,No,,Unknown,Missing,ahmed.ibrahim@yahoo.com,yahoo.com,Placeholder,120.0,Recorded,Under $250,2023-01-17,Valid,2023,2023-Q1,2023-01,1,Jan,2,Tue,Yes,Books,,Out of range (10),No rating,4,No
CUST1545,Sara Mahmoud,Sara,Mahmoud,Male,Yes,,Unknown,Placeholder -1,sara.mahmoud@yahoo.com,yahoo.com,Missing,881.42,Recorded,$750+,2025-07-09,Valid,2025,2025-Q3,2025-07,7,Jul,3,Wed,Partial,Clothing,3,Valid,Neutral (3),5,No
CUST1546,John Ali,John,Ali,Male,No,,Unknown,Placeholder 200,john.ali@gmail.com,gmail.com,Missing,183.48,Recorded,Under $250,2024-01-06,Valid,2024,2024-Q1,2024-01,1,Jan,6,Sat,Yes,Home,3,Valid,Neutral (3),5,No
CUST1547,Alaa Smith,Alaa,Smith,Male,n/a,,Unknown,Missing,alaa.smith@hotmail.com,hotmail.com,Missing,853.06,Recorded,$750+,2024-07-04,Valid,2024,2024-Q3,2024-07,7,Jul,4,Thu,Yes,Unknown,1,Valid,Dissatisfied (1-2),4,No
CUST1548,Alaa Gaber,Alaa,Gaber,Unknown,n/a,,Unknown,Placeholder 200,alaa.gaber@yahoo.com,yahoo.com,Placeholder,556.95,Recorded,$500-749,2023-01-31,Valid,2023,2023-Q1,2023-01,1,Jan,2,Tue,Yes,Electronics,,Out of range (10),No rating,3,No
CUST1549,Lina Ali,Lina,Ali,Female,No,,Unknown,Placeholder 200,lina.ali@hotmail.com,hotmail.com,Placeholder,793.73,Recorded,$750+,2022-11-18,Valid,2022,2022-Q4,2022-11,11,Nov,5,Fri,Yes,Toys,1,Valid,Dissatisfied (1-2),5,No
CUST1550,Fatma Hassan,Fatma,Hassan,Female,No,,Unknown,Placeholder 200,fatma.hassan@gmail.com,gmail.com,Placeholder,893.87,Recorded,$750+,2023-07-03,Valid,2023,2023-Q3,2023-07,7,Jul,1,Mon,Yes,Clothing,,Missing,No rating,4,No
CUST1551,Alaa Mahmoud,Alaa,Mahmoud,Male,n/a,72,60-74,Valid,alaa.mahmoud@yahoo.com,yahoo.com,Missing,23.46,Recorded,Under $250,2025-02-13,Valid,2025,2025-Q1,2025-02,2,Feb,4,Thu,Yes,Unknown,,Out of range (10),No rating,4,No
CUST1552,Fatma Gaber,Fatma,Gaber,Female,No,,Unknown,Missing,fatma.gaber@yahoo.com,yahoo.com,Placeholder,432.89,Recorded,$250-499,2023-02-17,Valid,2023,2023-Q1,2023-02,2,Feb,5,Fri,Yes,Electronics,2,Valid,Dissatisfied (1-2),5,No
CUST1553,Sara Ibrahim,Sara,Ibrahim,Female,No,,Unknown,Placeholder -1,sara.ibrahim@hotmail.com,hotmail.com,Placeholder,859.53,Recorded,$750+,2025-01-13,Valid,2025,2025-Q1,2025-01,1,Jan,1,Mon,Yes,Books,3,Valid,Neutral (3),5,No
CUST1554,Sara Gaber,Sara,Gaber,Female,No,57,45-59,Valid,sara.gaber@hotmail.com,hotmail.com,Missing,502.53,Recorded,$500-749,2025-06-21,Valid,2025,2025-Q2,2025-06,6,Jun,6,Sat,Yes,Unknown,3,Valid,Neutral (3),5,No
CUST1555,Sara Smith,Sara,Smith,Male,Yes,,Unknown,Missing,sara.smith@gmail.com,gmail.com,Missing,116.19,Recorded,Under $250,2023-02-11,Valid,2023,2023-Q1,2023-02,2,Feb,6,Sat,Yes,Unknown,1,Valid,Dissatisfied (1-2),4,No
CUST1556,John Mahmoud,John,Mahmoud,Male,No,,Unknown,Placeholder 200,john.mahmoud@hotmail.com,hotmail.com,Missing,237.03,Recorded,Under $250,2023-05-22,Valid,2023,2023-Q2,2023-05,5,May,1,Mon,Yes,Books,,Missing,No rating,4,No
CUST1557,Alaa Ali,Alaa,Ali,Male,n/a,,Unknown,Missing,alaa.ali@hotmail.com,hotmail.com,Placeholder,430.51,Recorded,$250-499,,Invalid,,,,,,,,,Home,,Missing,No rating,3,No
CUST1558,Alaa Gaber,Alaa,Gaber,Female,n/a,,Unknown,Placeholder -1,alaa.gaber@gmail.com,gmail.com,Missing,907.02,Recorded,$750+,2024-11-13,Valid,2024,2024-Q4,2024-11,11,Nov,3,Wed,Yes,Electronics,4,Valid,Satisfied (4-5),5,No
CUST1559,Ali Ibrahim,Ali,Ibrahim,Unknown,n/a,56,45-59,Valid,ali.ibrahim@yahoo.com,yahoo.com,Missing,279.27,Recorded,$250-499,2024-08-19,Valid,2024,2024-Q3,2024-08,8,Aug,1,Mon,Yes,Electronics,3,Valid,Neutral (3),5,No
CUST1560,Alaa Ibrahim,Alaa,Ibrahim,Male,n/a,,Unknown,Placeholder 200,alaa.ibrahim@yahoo.com,yahoo.com,Placeholder,861.41,Recorded,$750+,2023-05-25,Valid,2023,2023-Q2,2023-05,5,May,4,Thu,Yes,Unknown,1,Valid,Dissatisfied (1-2),4,No
CUST1561,Fatma Mahmoud,Fatma,Mahmoud,Unknown,n/a,,Unknown,Placeholder -1,fatma.mahmoud@gmail.com,gmail.com,Missing,220.77,Recorded,Under $250,2023-03-31,Valid,2023,2023-Q1,2023-03,3,Mar,5,Fri,Yes,Books,,Out of range (10),No rating,3,No
CUST1562,Lina Hassan,Lina,Hassan,Female,No,,Unknown,Placeholder -1,lina.hassan@gmail.com,gmail.com,Missing,817.83,Recorded,$750+,2024-10-17,Valid,2024,2024-Q4,2024-10,10,Oct,4,Thu,Yes,Clothing,,Out of range (10),No rating,4,No
CUST1563,John Ibrahim,John,Ibrahim,Unknown,n/a,,Unknown,Placeholder 200,john.ibrahim@hotmail.com,hotmail.com,Missing,942.39,Recorded,$750+,2024-03-26,Valid,2024,2024-Q1,2024-03,3,Mar,2,Tue,Yes,Toys,3,Valid,Neutral (3),4,No
CUST1564,Sara Ibrahim,Sara,Ibrahim,Female,No,,Unknown,Missing,sara.ibrahim@hotmail.com,hotmail.com,Missing,410.69,Recorded,$250-499,2025-05-31,Valid,2025,2025-Q2,2025-05,5,May,6,Sat,Yes,Electronics,,Out of range (10),No rating,4,No
CUST1565,Lina Smith,Lina,Smith,Male,Yes,,Unknown,Placeholder -1,lina.smith@yahoo.com,yahoo.com,Missing,149.73,Recorded,Under $250,2023-02-01,Valid,2023,2023-Q1,2023-02,2,Feb,3,Wed,Yes,Toys,2,Valid,Dissatisfied (1-2),5,No
CUST1566,Mark Smith,Mark,Smith,Unknown,n/a,49,45-59,Valid,mark.smith@gmail.com,gmail.com,Missing,105.86,Recorded,Under $250,2024-09-01,Valid,2024,2024-Q3,2024-09,9,Sep,7,Sun,Yes,Books,5,Valid,Satisfied (4-5),5,No
CUST1567,Ahmed Hassan,Ahmed,Hassan,Male,No,,Unknown,Missing,ahmed.hassan@yahoo.com,yahoo.com,Placeholder,891.41,Recorded,$750+,2023-10-13,Valid,2023,2023-Q4,2023-10,10,Oct,5,Fri,Yes,Clothing,3,Valid,Neutral (3),5,No
CUST1568,Ahmed Ibrahim,Ahmed,Ibrahim,Male,No,,Unknown,Placeholder 200,ahmed.ibrahim@yahoo.com,yahoo.com,Missing,299.36,Recorded,$250-499,2025-03-10,Valid,2025,2025-Q1,2025-03,3,Mar,1,Mon,Yes,Unknown,3,Valid,Neutral (3),4,No
CUST1569,Ali Ibrahim,Ali,Ibrahim,Unknown,n/a,,Unknown,Placeholder -1,ali.ibrahim@gmail.com,gmail.com,Missing,73.05,Recorded,Under $250,2023-06-20,Valid,2023,2023-Q2,2023-06,6,Jun,2,Tue,Yes,Books,,Out of range (10),No rating,3,No
CUST1570,John Ibrahim,John,Ibrahim,Female,Yes,48,45-59,Valid,john.ibrahim@hotmail.com,hotmail.com,Missing,68.41,Recorded,Under $250,2024-03-08,Valid,2024,2024-Q1,2024-03,3,Mar,5,Fri,Yes,Toys,3,Valid,Neutral (3),6,Yes
CUST1571,Alaa Ali,Alaa,Ali,Unknown,n/a,66,60-74,Valid,alaa.ali@yahoo.com,yahoo.com,Missing,987.4,Recorded,$750+,2025-05-02,Valid,2025,2025-Q2,2025-05,5,May,5,Fri,Yes,Electronics,,Missing,No rating,4,No
CUST1572,Lina Gaber,Lina,Gaber,Unknown,n/a,45,45-59,Valid,lina.gaber@gmail.com,gmail.com,Placeholder,543.1,Recorded,$500-749,2023-01-11,Valid,2023,2023-Q1,2023-01,1,Jan,3,Wed,Yes,Electronics,,Out of range (10),No rating,4,No
CUST1573,Sara Hassan,Sara,Hassan,Female,No,,Unknown,Placeholder 200,sara.hassan@gmail.com,gmail.com,Placeholder,345.42,Recorded,$250-499,2025-04-05,Valid,2025,2025-Q2,2025-04,4,Apr,6,Sat,Yes,Unknown,,Out of range (10),No rating,3,No
CUST1574,Alaa Hassan,Alaa,Hassan,Male,n/a,,Unknown,Missing,alaa.hassan@gmail.com,gmail.com,Placeholder,64.47,Recorded,Under $250,2023-09-22,Valid,2023,2023-Q3,2023-09,9,Sep,5,Fri,Yes,Books,5,Valid,Satisfied (4-5),5,No
CUST1575,John Mahmoud,John,Mahmoud,Female,Yes,,Unknown,Placeholder -1,john.mahmoud@gmail.com,gmail.com,Missing,820.32,Recorded,$750+,2025-03-24,Valid,2025,2025-Q1,2025-03,3,Mar,1,Mon,Yes,Books,1,Valid,Dissatisfied (1-2),5,No
CUST1576,Alaa Smith,Alaa,Smith,Male,n/a,,Unknown,Placeholder 200,alaa.smith@hotmail.com,hotmail.com,Missing,687.85,Recorded,$500-749,2023-12-03,Valid,2023,2023-Q4,2023-12,12,Dec,7,Sun,Yes,Books,1,Valid,Dissatisfied (1-2),5,No
CUST1577,Mark Ibrahim,Mark,Ibrahim,Female,Yes,,Unknown,Placeholder 200,mark.ibrahim@gmail.com,gmail.com,Placeholder,449.64,Recorded,$250-499,2024-05-01,Valid,2024,2024-Q2,2024-05,5,May,3,Wed,Yes,Clothing,,Missing,No rating,4,No
CUST1578,Ali Smith,Ali,Smith,Male,No,,Unknown,Missing,ali.smith@gmail.com,gmail.com,Placeholder,,Missing,Unknown,,Invalid,,,,,,,,,Unknown,5,Valid,Satisfied (4-5),2,No
CUST1579,Ahmed Ali,Ahmed,Ali,Male,No,,Unknown,Missing,ahmed.ali@yahoo.com,yahoo.com,Placeholder,311.98,Recorded,$250-499,2024-12-26,Valid,2024,2024-Q4,2024-12,12,Dec,4,Thu,Yes,Home,,Missing,No rating,4,No
CUST1580,Ali Hassan,Ali,Hassan,Male,No,,Unknown,Missing,ali.hassan@hotmail.com,hotmail.com,Missing,183.34,Recorded,Under $250,2024-02-13,Valid,2024,2024-Q1,2024-02,2,Feb,2,Tue,Yes,Toys,,Out of range (10),No rating,4,No
CUST1581,Alaa Hassan,Alaa,Hassan,Female,n/a,,Unknown,Placeholder 200,alaa.hassan@gmail.com,gmail.com,Missing,148.41,Recorded,Under $250,2025-03-23,Valid,2025,2025-Q1,2025-03,3,Mar,7,Sun,Yes,Unknown,3,Valid,Neutral (3),4,No
CUST1582,Alaa Ali,Alaa,Ali,Female,n/a,38,30-44,Valid,alaa.ali@yahoo.com,yahoo.com,Placeholder,,Missing,Unknown,2025-05-14,Valid,2025,2025-Q2,2025-05,5,May,3,Wed,Yes,Unknown,1,Valid,Dissatisfied (1-2),4,No
CUST1583,Sara Hassan,Sara,Hassan,Female,No,,Unknown,Placeholder 200,sara.hassan@gmail.com,gmail.com,Placeholder,549.44,Recorded,$500-749,2023-12-18,Valid,2023,2023-Q4,2023-12,12,Dec,1,Mon,Yes,Clothing,5,Valid,Satisfied (4-5),5,No
CUST1584,Fatma Ali,Fatma,Ali,Unknown,n/a,,Unknown,Placeholder -1,fatma.ali@gmail.com,gmail.com,Missing,545.1,Recorded,$500-749,2024-10-02,Valid,2024,2024-Q4,2024-10,10,Oct,3,Wed,Yes,Unknown,4,Valid,Satisfied (4-5),3,No
CUST1585,Lina Mahmoud,Lina,Mahmoud,Female,No,,Unknown,Placeholder -1,lina.mahmoud@gmail.com,gmail.com,Placeholder,147.78,Recorded,Under $250,2025-04-01,Valid,2025,2025-Q2,2025-04,4,Apr,2,Tue,Yes,Home,4,Valid,Satisfied (4-5),5,No
CUST1586,Ahmed Smith,Ahmed,Smith,Female,Yes,,Unknown,Placeholder -1,ahmed.smith@hotmail.com,hotmail.com,Missing,563.77,Recorded,$500-749,2023-05-25,Valid,2023,2023-Q2,2023-05,5,May,4,Thu,Yes,Unknown,2,Valid,Dissatisfied (1-2),4,No
CUST1587,John Ali,John,Ali,Male,No,,Unknown,Missing,john.ali@yahoo.com,yahoo.com,Placeholder,843.11,Recorded,$750+,2024-11-24,Valid,2024,2024-Q4,2024-11,11,Nov,7,Sun,Yes,Home,3,Valid,Neutral (3),5,No
CUST1588,Alaa Smith,Alaa,Smith,Female,n/a,90,75-90,Valid,alaa.smith@gmail.com,gmail.com,Placeholder,650.91,Recorded,$500-749,2023-08-25,Valid,2023,2023-Q3,2023-08,8,Aug,5,Fri,Yes,Home,,Missing,No rating,5,No
CUST1589,Ali Ali,Ali,Ali,Unknown,n/a,,Unknown,Placeholder -1,ali.ali@gmail.com,gmail.com,Missing,790.08,Recorded,$750+,2025-03-18,Valid,2025,2025-Q1,2025-03,3,Mar,2,Tue,Yes,Home,1,Valid,Dissatisfied (1-2),4,No
CUST1590,Alaa Mahmoud,Alaa,Mahmoud,Unknown,n/a,,Unknown,Missing,alaa.mahmoud@hotmail.com,hotmail.com,Missing,785.97,Recorded,$750+,2024-12-09,Valid,2024,2024-Q4,2024-12,12,Dec,1,Mon,Yes,Unknown,1,Valid,Dissatisfied (1-2),3,No
CUST1591,Alaa Smith,Alaa,Smith,Male,n/a,,Unknown,Placeholder 200,alaa.smith@yahoo.com,yahoo.com,Missing,125.98,Recorded,Under $250,2022-11-22,Valid,2022,2022-Q4,2022-11,11,Nov,2,Tue,Yes,Clothing,4,Valid,Satisfied (4-5),5,No
CUST1592,John Mahmoud,John,Mahmoud,Male,No,,Unknown,Placeholder 200,john.mahmoud@hotmail.com,hotmail.com,Placeholder,190.64,Recorded,Under $250,2025-01-15,Valid,2025,2025-Q1,2025-01,1,Jan,3,Wed,Yes,Unknown,3,Valid,Neutral (3),4,No
CUST1593,Sara Hassan,Sara,Hassan,Male,Yes,,Unknown,Placeholder -1,sara.hassan@gmail.com,gmail.com,Missing,250.25,Recorded,$250-499,2025-03-14,Valid,2025,2025-Q1,2025-03,3,Mar,5,Fri,Yes,Home,3,Valid,Neutral (3),5,No
CUST1594,John Ibrahim,John,Ibrahim,Male,No,,Unknown,Placeholder 200,john.ibrahim@hotmail.com,hotmail.com,Placeholder,,Missing,Unknown,2023-04-22,Valid,2023,2023-Q2,2023-04,4,Apr,6,Sat,Yes,Clothing,5,Valid,Satisfied (4-5),4,No
CUST1595,Lina Mahmoud,Lina,Mahmoud,Male,Yes,77,75-90,Valid,lina.mahmoud@yahoo.com,yahoo.com,Missing,667.95,Recorded,$500-749,2025-03-05,Valid,2025,2025-Q1,2025-03,3,Mar,3,Wed,Yes,Clothing,4,Valid,Satisfied (4-5),6,Yes
CUST1596,Sara Ibrahim,Sara,Ibrahim,Male,Yes,,Unknown,Placeholder 200,sara.ibrahim@gmail.com,gmail.com,Placeholder,734.3,Recorded,$500-749,2024-05-22,Valid,2024,2024-Q2,2024-05,5,May,3,Wed,Yes,Unknown,,Missing,No rating,3,No
CUST1597,Ali Hassan,Ali,Hassan,Female,Yes,,Unknown,Missing,ali.hassan@hotmail.com,hotmail.com,Missing,51.87,Recorded,Under $250,2024-07-15,Valid,2024,2024-Q3,2024-07,7,Jul,1,Mon,Yes,Toys,3,Valid,Neutral (3),5,No
CUST1598,Mark Ibrahim,Mark,Ibrahim,Male,No,,Unknown,Missing,mark.ibrahim@yahoo.com,yahoo.com,Missing,984.22,Recorded,$750+,,Invalid,,,,,,,,,Electronics,4,Valid,Satisfied (4-5),4,No
CUST1599,Fatma Smith,Fatma,Smith,Female,No,,Unknown,Placeholder 200,fatma.smith@yahoo.com,yahoo.com,Missing,467.98,Recorded,$250-499,2023-01-10,Valid,2023,2023-Q1,2023-01,1,Jan,2,Tue,Yes,Books,1,Valid,Dissatisfied (1-2),5,No
CUST1600,Lina Hassan,Lina,Hassan,Male,Yes,,Unknown,Placeholder 200,lina.hassan@gmail.com,gmail.com,Missing,884.44,Recorded,$750+,2025-03-06,Valid,2025,2025-Q1,2025-03,3,Mar,4,Thu,Yes,Home,5,Valid,Satisfied (4-5),5,No
CUST1601,Fatma Ali,Fatma,Ali,Male,Yes,54,45-59,Valid,fatma.ali@gmail.com,gmail.com,Missing,820.41,Recorded,$750+,2024-07-28,Valid,2024,2024-Q3,2024-07,7,Jul,7,Sun,Yes,Unknown,5,Valid,Satisfied (4-5),5,No
CUST1602,Alaa Gaber,Alaa,Gaber,Male,n/a,,Unknown,Placeholder -1,alaa.gaber@yahoo.com,yahoo.com,Placeholder,259.04,Recorded,$250-499,2023-01-07,Valid,2023,2023-Q1,2023-01,1,Jan,6,Sat,Yes,Electronics,1,Valid,Dissatisfied (1-2),5,No
CUST1603,Fatma Ibrahim,Fatma,Ibrahim,Unknown,n/a,,Unknown,Placeholder 200,fatma.ibrahim@yahoo.com,yahoo.com,Placeholder,894.83,Recorded,$750+,2024-09-17,Valid,2024,2024-Q3,2024-09,9,Sep,2,Tue,Yes,Toys,4,Valid,Satisfied (4-5),4,No
CUST1604,Ali Mahmoud,Ali,Mahmoud,Male,No,,Unknown,Placeholder -1,ali.mahmoud@yahoo.com,yahoo.com,Placeholder,872.56,Recorded,$750+,2024-02-06,Valid,2024,2024-Q1,2024-02,2,Feb,2,Tue,Yes,Unknown,1,Valid,Dissatisfied (1-2),4,No
CUST1605,Lina Ali,Lina,Ali,Female,No,80,75-90,Valid,lina.ali@hotmail.com,hotmail.com,Missing,789.42,Recorded,$750+,2024-08-13,Valid,2024,2024-Q3,2024-08,8,Aug,2,Tue,Yes,Unknown,,Missing,No rating,4,No
CUST1606,John Smith,John,Smith,Female,Yes,,Unknown,Missing,john.smith@gmail.com,gmail.com,Missing,346.18,Recorded,$250-499,2024-10-01,Valid,2024,2024-Q4,2024-10,10,Oct,2,Tue,Yes,Clothing,3,Valid,Neutral (3),5,No
CUST1607,Lina Ali,Lina,Ali,Female,No,,Unknown,Placeholder 200,lina.ali@yahoo.com,yahoo.com,Placeholder,316.66,Recorded,$250-499,2024-09-27,Valid,2024,2024-Q3,2024-09,9,Sep,5,Fri,Yes,Electronics,2,Valid,Dissatisfied (1-2),5,No
CUST1608,Ahmed Ibrahim,Ahmed,Ibrahim,Female,Yes,74,60-74,Valid,ahmed.ibrahim@hotmail.com,hotmail.com,Missing,931.21,Recorded,$750+,2024-07-30,Valid,2024,2024-Q3,2024-07,7,Jul,2,Tue,Yes,Unknown,4,Valid,Satisfied (4-5),5,No
CUST1609,Fatma Ali,Fatma,Ali,Female,No,79,75-90,Valid,fatma.ali@hotmail.com,hotmail.com,Missing,783.2,Recorded,$750+,2024-07-07,Valid,2024,2024-Q3,2024-07,7,Jul,7,Sun,Yes,Books,1,Valid,Dissatisfied (1-2),6,Yes
CUST1610,Ali Smith,Ali,Smith,Male,No,,Unknown,Placeholder -1,ali.smith@hotmail.com,hotmail.com,Placeholder,69.35,Recorded,Under $250,2022-12-17,Valid,2022,2022-Q4,2022-12,12,Dec,6,Sat,Yes,Books,2,Valid,Dissatisfied (1-2),5,No
CUST1611,Fatma Hassan,Fatma,Hassan,Male,Yes,39,30-44,Valid,fatma.hassan@hotmail.com,hotmail.com,Placeholder,339.74,Recorded,$250-499,2024-04-28,Valid,2024,2024-Q2,2024-04,4,Apr,7,Sun,Yes,Unknown,4,Valid,Satisfied (4-5),5,No
CUST1612,Lina Ibrahim,Lina,Ibrahim,Male,Yes,,Unknown,Missing,lina.ibrahim@gmail.com,gmail.com,Placeholder,215.4,Recorded,Under $250,2025-01-01,Valid,2025,2025-Q1,2025-01,1,Jan,3,Wed,Yes,Home,,Missing,No rating,4,No
CUST1613,John Smith,John,Smith,Female,Yes,,Unknown,Placeholder 200,john.smith@gmail.com,gmail.com,Placeholder,581.83,Recorded,$500-749,2024-09-23,Valid,2024,2024-Q3,2024-09,9,Sep,1,Mon,Yes,Toys,2,Valid,Dissatisfied (1-2),5,No
CUST1614,Sara Ali,Sara,Ali,Male,Yes,64,60-74,Valid,sara.ali@yahoo.com,yahoo.com,Placeholder,572.71,Recorded,$500-749,2023-01-29,Valid,2023,2023-Q1,2023-01,1,Jan,7,Sun,Yes,Toys,,Missing,No rating,5,No
CUST1615,Ali Smith,Ali,Smith,Female,Yes,,Unknown,Missing,ali.smith@yahoo.com,yahoo.com,Missing,679.96,Recorded,$500-749,2024-08-21,Valid,2024,2024-Q3,2024-08,8,Aug,3,Wed,Yes,Toys,,Missing,No rating,4,No
CUST1616,John Ibrahim,John,Ibrahim,Male,No,,Unknown,Placeholder -1,john.ibrahim@yahoo.com,yahoo.com,Missing,543.87,Recorded,$500-749,2023-11-23,Valid,2023,2023-Q4,2023-11,11,Nov,4,Thu,Yes,Unknown,,Missing,No rating,3,No
CUST1617,Sara Hassan,Sara,Hassan,Female,No,,Unknown,Placeholder 200,sara.hassan@hotmail.com,hotmail.com,Placeholder,746.9,Recorded,$500-749,,Invalid,,,,,,,,,Unknown,4,Valid,Satisfied (4-5),3,No
CUST1618,Alaa Gaber,Alaa,Gaber,Male,n/a,,Unknown,Placeholder 200,alaa.gaber@hotmail.com,hotmail.com,Placeholder,456.41,Recorded,$250-499,2024-10-16,Valid,2024,2024-Q4,2024-10,10,Oct,3,Wed,Yes,Unknown,3,Valid,Neutral (3),4,No
CUST1619,Lina Gaber,Lina,Gaber,Female,No,,Unknown,Placeholder 200,lina.gaber@gmail.com,gmail.com,Placeholder,,Missing,Unknown,2022-12-21,Valid,2022,2022-Q4,2022-12,12,Dec,3,Wed,Yes,Electronics,1,Valid,Dissatisfied (1-2),4,No
CUST1620,Alaa Smith,Alaa,Smith,Female,n/a,,Unknown,Placeholder -1,alaa.smith@hotmail.com,hotmail.com,Placeholder,213.04,Recorded,Under $250,,Invalid,,,,,,,,,Toys,1,Valid,Dissatisfied (1-2),4,No
CUST1621,Fatma Hassan,Fatma,Hassan,Male,Yes,,Unknown,Placeholder 200,fatma.hassan@hotmail.com,hotmail.com,Missing,37.22,Recorded,Under $250,2024-02-18,Valid,2024,2024-Q1,2024-02,2,Feb,7,Sun,Yes,Books,3,Valid,Neutral (3),5,No
CUST1622,Sara Hassan,Sara,Hassan,Unknown,n/a,,Unknown,Placeholder -1,sara.hassan@yahoo.com,yahoo.com,Missing,270.64,Recorded,$250-499,2024-06-23,Valid,2024,2024-Q2,2024-06,6,Jun,7,Sun,Yes,Unknown,,Missing,No rating,2,No
CUST1623,Alaa Smith,Alaa,Smith,Female,n/a,21,15-29,Valid,alaa.smith@yahoo.com,yahoo.com,Missing,706.71,Recorded,$500-749,2025-05-07,Valid,2025,2025-Q2,2025-05,5,May,3,Wed,Yes,Electronics,5,Valid,Satisfied (4-5),6,Yes
CUST1624,Mark Mahmoud,Mark,Mahmoud,Female,Yes,,Unknown,Placeholder 200,mark.mahmoud@gmail.com,gmail.com,Missing,222.07,Recorded,Under $250,2024-04-11,Valid,2024,2024-Q2,2024-04,4,Apr,4,Thu,Yes,Books,4,Valid,Satisfied (4-5),5,No
CUST1625,Fatma Ibrahim,Fatma,Ibrahim,Female,No,,Unknown,Placeholder -1,fatma.ibrahim@hotmail.com,hotmail.com,Missing,318.73,Recorded,$250-499,2024-02-21,Valid,2024,2024-Q1,2024-02,2,Feb,3,Wed,Yes,Unknown,5,Valid,Satisfied (4-5),4,No
CUST1626,Ahmed Ali,Ahmed,Ali,Male,No,,Unknown,Placeholder -1,ahmed.ali@yahoo.com,yahoo.com,Missing,175.15,Recorded,Under $250,2025-02-10,Valid,2025,2025-Q1,2025-02,2,Feb,1,Mon,Yes,Home,,Missing,No rating,4,No
CUST1627,Ali Smith,Ali,Smith,Female,Yes,22,15-29,Valid,ali.smith@gmail.com,gmail.com,Missing,704.24,Recorded,$500-749,2022-11-03,Valid,2022,2022-Q4,2022-11,11,Nov,4,Thu,Yes,Books,4,Valid,Satisfied (4-5),6,Yes
CUST1628,Ahmed Ibrahim,Ahmed,Ibrahim,Male,No,,Unknown,Missing,ahmed.ibrahim@hotmail.com,hotmail.com,Missing,580.16,Recorded,$500-749,2023-05-24,Valid,2023,2023-Q2,2023-05,5,May,3,Wed,Yes,Books,2,Valid,Dissatisfied (1-2),5,No
CUST1629,Sara Hassan,Sara,Hassan,Female,No,43,30-44,Valid,sara.hassan@yahoo.com,yahoo.com,Placeholder,394.89,Recorded,$250-499,2022-11-18,Valid,2022,2022-Q4,2022-11,11,Nov,5,Fri,Yes,Books,3,Valid,Neutral (3),6,Yes
CUST1630,Sara Smith,Sara,Smith,Unknown,n/a,,Unknown,Placeholder -1,sara.smith@yahoo.com,yahoo.com,Missing,724.41,Recorded,$500-749,2023-06-12,Valid,2023,2023-Q2,2023-06,6,Jun,1,Mon,Yes,Clothing,2,Valid,Dissatisfied (1-2),4,No
CUST1631,Lina Mahmoud,Lina,Mahmoud,Female,No,18,15-29,Valid,lina.mahmoud@gmail.com,gmail.com,Missing,998.16,Recorded,$750+,2023-10-09,Valid,2023,2023-Q4,2023-10,10,Oct,1,Mon,Yes,Books,5,Valid,Satisfied (4-5),6,Yes
CUST1632,John Ibrahim,John,Ibrahim,Male,No,,Unknown,Placeholder 200,john.ibrahim@yahoo.com,yahoo.com,Placeholder,352.96,Recorded,$250-499,2023-10-04,Valid,2023,2023-Q4,2023-10,10,Oct,3,Wed,Yes,Clothing,2,Valid,Dissatisfied (1-2),5,No
CUST1633,Sara Gaber,Sara,Gaber,Male,Yes,,Unknown,Placeholder -1,sara.gaber@hotmail.com,hotmail.com,Missing,576.84,Recorded,$500-749,2024-01-16,Valid,2024,2024-Q1,2024-01,1,Jan,2,Tue,Yes,Clothing,4,Valid,Satisfied (4-5),5,No
CUST1634,John Hassan,John,Hassan,Unknown,n/a,,Unknown,Placeholder -1,john.hassan@hotmail.com,hotmail.com,Placeholder,389.59,Recorded,$250-499,2024-01-10,Valid,2024,2024-Q1,2024-01,1,Jan,3,Wed,Yes,Unknown,,Out of range (10),No rating,2,No
CUST1635,Ali Smith,Ali,Smith,Female,Yes,,Unknown,Placeholder 200,ali.smith@yahoo.com,yahoo.com,Missing,553.52,Recorded,$500-749,2024-06-26,Valid,2024,2024-Q2,2024-06,6,Jun,3,Wed,Yes,Toys,1,Valid,Dissatisfied (1-2),5,No
CUST1636,Ahmed Ibrahim,Ahmed,Ibrahim,Male,No,,Unknown,Missing,ahmed.ibrahim@gmail.com,gmail.com,Missing,474.8,Recorded,$250-499,2025-03-21,Valid,2025,2025-Q1,2025-03,3,Mar,5,Fri,Yes,Home,,Missing,No rating,4,No
CUST1637,Sara Smith,Sara,Smith,Female,No,,Unknown,Placeholder 200,sara.smith@gmail.com,gmail.com,Missing,451.41,Recorded,$250-499,2023-02-13,Valid,2023,2023-Q1,2023-02,2,Feb,1,Mon,Yes,Unknown,,Out of range (10),No rating,3,No
CUST1638,Ahmed Ali,Ahmed,Ali,Female,Yes,32,30-44,Valid,ahmed.ali@yahoo.com,yahoo.com,Missing,817.01,Recorded,$750+,2023-12-04,Valid,2023,2023-Q4,2023-12,12,Dec,1,Mon,Yes,Home,3,Valid,Neutral (3),6,Yes
CUST1639,Mark Hassan,Mark,Hassan,Female,Yes,,Unknown,Missing,mark.hassan@gmail.com,gmail.com,Missing,465.11,Recorded,$250-499,2023-10-07,Valid,2023,2023-Q4,2023-10,10,Oct,6,Sat,Yes,Electronics,5,Valid,Satisfied (4-5),5,No
CUST1640,Alaa Smith,Alaa,Smith,Male,n/a,37,30-44,Valid,alaa.smith@yahoo.com,yahoo.com,Missing,654.18,Recorded,$500-749,2023-03-10,Valid,2023,2023-Q1,2023-03,3,Mar,5,Fri,Yes,Unknown,,Missing,No rating,4,No
CUST1641,Ahmed Ibrahim,Ahmed,Ibrahim,Female,Yes,68,60-74,Valid,ahmed.ibrahim@gmail.com,gmail.com,Missing,766.77,Recorded,$750+,2024-03-23,Valid,2024,2024-Q1,2024-03,3,Mar,6,Sat,Yes,Unknown,4,Valid,Satisfied (4-5),5,No
CUST1642,Mark Hassan,Mark,Hassan,Male,No,,Unknown,Placeholder 200,mark.hassan@yahoo.com,yahoo.com,Placeholder,911.05,Recorded,$750+,2024-10-17,Valid,2024,2024-Q4,2024-10,10,Oct,4,Thu,Yes,Toys,,Missing,No rating,4,No
CUST1643,Sara Ali,Sara,Ali,Female,No,88,75-90,Valid,sara.ali@hotmail.com,hotmail.com,Placeholder,722.13,Recorded,$500-749,2022-12-05,Valid,2022,2022-Q4,2022-12,12,Dec,1,Mon,Yes,Unknown,,Out of range (10),No rating,4,No
CUST1644,John Ali,John,Ali,Male,No,,Unknown,Placeholder 200,john.ali@gmail.com,gmail.com,Placeholder,670.35,Recorded,$500-749,2024-09-01,Valid,2024,2024-Q3,2024-09,9,Sep,7,Sun,Yes,Toys,,Out of range (10),No rating,4,No
CUST1645,Ali Mahmoud,Ali,Mahmoud,Unknown,n/a,,Unknown,Placeholder 200,ali.mahmoud@yahoo.com,yahoo.com,Missing,580.94,Recorded,$500-749,2024-09-24,Valid,2024,2024-Q3,2024-09,9,Sep,2,Tue,Yes,Unknown,,Out of range (10),No rating,2,No
CUST1646,Ahmed Smith,Ahmed,Smith,Unknown,n/a,,Unknown,Placeholder 200,ahmed.smith@yahoo.com,yahoo.com,Missing,690.67,Recorded,$500-749,2023-08-26,Valid,2023,2023-Q3,2023-08,8,Aug,6,Sat,Yes,Home,4,Valid,Satisfied (4-5),4,No
CUST1647,Ali Ibrahim,Ali,Ibrahim,Female,Yes,,Unknown,Placeholder 200,ali.ibrahim@hotmail.com,hotmail.com,Placeholder,282.13,Recorded,$250-499,2023-03-26,Valid,2023,2023-Q1,2023-03,3,Mar,7,Sun,Yes,Clothing,,Missing,No rating,4,No
CUST1648,Mark Gaber,Mark,Gaber,Male,No,,Unknown,Placeholder -1,mark.gaber@gmail.com,gmail.com,Missing,568.45,Recorded,$500-749,2024-09-20,Valid,2024,2024-Q3,2024-09,9,Sep,5,Fri,Yes,Unknown,,Missing,No rating,3,No
CUST1649,Fatma Smith,Fatma,Smith,Male,Yes,,Unknown,Missing,fatma.smith@gmail.com,gmail.com,Missing,207.91,Recorded,Under $250,2025-03-25,Valid,2025,2025-Q1,2025-03,3,Mar,2,Tue,Yes,Unknown,2,Valid,Dissatisfied (1-2),4,No
CUST1650,Lina Ibrahim,Lina,Ibrahim,Male,Yes,,Unknown,Placeholder 200,lina.ibrahim@hotmail.com,hotmail.com,Placeholder,304.37,Recorded,$250-499,2023-05-26,Valid,2023,2023-Q2,2023-05,5,May,5,Fri,Yes,Unknown,5,Valid,Satisfied (4-5),4,No
CUST1651,Mark Mahmoud,Mark,Mahmoud,Female,Yes,,Unknown,Placeholder -1,mark.mahmoud@hotmail.com,hotmail.com,Missing,145.39,Recorded,Under $250,2022-11-29,Valid,2022,2022-Q4,2022-11,11,Nov,2,Tue,Yes,Unknown,2,Valid,Dissatisfied (1-2),4,No
CUST1652,Sara Hassan,Sara,Hassan,Female,No,,Unknown,Placeholder 200,sara.hassan@yahoo.com,yahoo.com,Placeholder,297.5,Recorded,$250-499,2023-10-20,Valid,2023,2023-Q4,2023-10,10,Oct,5,Fri,Yes,Unknown,4,Valid,Satisfied (4-5),4,No
CUST1653,Sara Gaber,Sara,Gaber,Male,Yes,,Unknown,Placeholder -1,sara.gaber@gmail.com,gmail.com,Placeholder,243.64,Recorded,Under $250,2022-11-22,Valid,2022,2022-Q4,2022-11,11,Nov,2,Tue,Yes,Books,1,Valid,Dissatisfied (1-2),5,No
CUST1654,Sara Gaber,Sara,Gaber,Unknown,n/a,,Unknown,Missing,sara.gaber@hotmail.com,hotmail.com,Missing,118.97,Recorded,Under $250,2024-07-19,Valid,2024,2024-Q3,2024-07,7,Jul,5,Fri,Yes,Electronics,,Out of range (10),No rating,3,No
CUST1655,Sara Smith,Sara,Smith,Unknown,n/a,89,75-90,Valid,sara.smith@gmail.com,gmail.com,Missing,465.8,Recorded,$250-499,2023-09-09,Valid,2023,2023-Q3,2023-09,9,Sep,6,Sat,Yes,Clothing,3,Valid,Neutral (3),5,No
CUST1656,Fatma Gaber,Fatma,Gaber,Female,No,,Unknown,Placeholder 200,fatma.gaber@yahoo.com,yahoo.com,Placeholder,340.6,Recorded,$250-499,2024-05-04,Valid,2024,2024-Q2,2024-05,5,May,6,Sat,Yes,Unknown,2,Valid,Dissatisfied (1-2),4,No
CUST1657,Ali Ali,Ali,Ali,Female,Yes,35,30-44,Valid,ali.ali@gmail.com,gmail.com,Placeholder,125.83,Recorded,Under $250,2024-10-16,Valid,2024,2024-Q4,2024-10,10,Oct,3,Wed,Yes,Unknown,3,Valid,Neutral (3),5,No
CUST1658,Fatma Hassan,Fatma,Hassan,Male,Yes,,Unknown,Placeholder 200,fatma.hassan@hotmail.com,hotmail.com,Placeholder,496.34,Recorded,$250-499,2025-07-14,Valid,2025,2025-Q3,2025-07,7,Jul,1,Mon,Partial,Electronics,,Out of range (10),No rating,4,No
CUST1659,Sara Ali,Sara,Ali,Female,No,,Unknown,Placeholder -1,sara.ali@yahoo.com,yahoo.com,Placeholder,503.31,Recorded,$500-749,2024-02-03,Valid,2024,2024-Q1,2024-02,2,Feb,6,Sat,Yes,Books,,Out of range (10),No rating,4,No
CUST1660,Ahmed Smith,Ahmed,Smith,Female,Yes,,Unknown,Placeholder -1,ahmed.smith@gmail.com,gmail.com,Placeholder,591.98,Recorded,$500-749,2025-01-14,Valid,2025,2025-Q1,2025-01,1,Jan,2,Tue,Yes,Toys,,Missing,No rating,4,No
CUST1661,John Smith,John,Smith,Male,No,,Unknown,Missing,john.smith@gmail.com,gmail.com,Placeholder,705.61,Recorded,$500-749,2023-01-29,Valid,2023,2023-Q1,2023-01,1,Jan,7,Sun,Yes,Home,,Out of range (10),No rating,4,No
CUST1662,Ali Hassan,Ali,Hassan,Female,Yes,,Unknown,Placeholder -1,ali.hassan@hotmail.com,hotmail.com,Placeholder,873.12,Recorded,$750+,2025-06-23,Valid,2025,2025-Q2,2025-06,6,Jun,1,Mon,Yes,Electronics,5,Valid,Satisfied (4-5),5,No
CUST1663,Ahmed Hassan,Ahmed,Hassan,Unknown,n/a,,Unknown,Missing,ahmed.hassan@hotmail.com,hotmail.com,Missing,,Missing,Unknown,2024-12-23,Valid,2024,2024-Q4,2024-12,12,Dec,1,Mon,Yes,Unknown,5,Valid,Satisfied (4-5),2,No
CUST1664,Fatma Smith,Fatma,Smith,Female,No,,Unknown,Missing,fatma.smith@gmail.com,gmail.com,Placeholder,197.44,Recorded,Under $250,2025-06-25,Valid,2025,2025-Q2,2025-06,6,Jun,3,Wed,Yes,Unknown,1,Valid,Dissatisfied (1-2),4,No
CUST1665,Sara Gaber,Sara,Gaber,Male,Yes,,Unknown,Placeholder -1,sara.gaber@gmail.com,gmail.com,Placeholder,338.65,Recorded,$250-499,,Invalid,,,,,,,,,Unknown,5,Valid,Satisfied (4-5),3,No
CUST1666,Ali Gaber,Ali,Gaber,Female,Yes,71,60-74,Valid,ali.gaber@yahoo.com,yahoo.com,Placeholder,597.31,Recorded,$500-749,2024-08-08,Valid,2024,2024-Q3,2024-08,8,Aug,4,Thu,Yes,Home,,Missing,No rating,5,No
CUST1667,Ali Ibrahim,Ali,Ibrahim,Male,No,,Unknown,Placeholder -1,ali.ibrahim@hotmail.com,hotmail.com,Missing,413.17,Recorded,$250-499,2023-06-24,Valid,2023,2023-Q2,2023-06,6,Jun,6,Sat,Yes,Clothing,2,Valid,Dissatisfied (1-2),5,No
CUST1668,John Smith,John,Smith,Unknown,n/a,68,60-74,Valid,john.smith@gmail.com,gmail.com,Placeholder,314.68,Recorded,$250-499,2022-12-21,Valid,2022,2022-Q4,2022-12,12,Dec,3,Wed,Yes,Toys,,Out of range (10),No rating,4,No
CUST1669,John Gaber,John,Gaber,Female,Yes,,Unknown,Placeholder -1,john.gaber@yahoo.com,yahoo.com,Placeholder,218.72,Recorded,Under $250,2022-12-26,Valid,2022,2022-Q4,2022-12,12,Dec,1,Mon,Yes,Unknown,3,Valid,Neutral (3),4,No
CUST1670,Mark Hassan,Mark,Hassan,Female,Yes,37,30-44,Valid,mark.hassan@hotmail.com,hotmail.com,Placeholder,409.97,Recorded,$250-499,2023-04-27,Valid,2023,2023-Q2,2023-04,4,Apr,4,Thu,Yes,Toys,,Out of range (10),No rating,5,No
CUST1671,Alaa Smith,Alaa,Smith,Male,n/a,38,30-44,Valid,alaa.smith@yahoo.com,yahoo.com,Placeholder,372.73,Recorded,$250-499,2025-03-22,Valid,2025,2025-Q1,2025-03,3,Mar,6,Sat,Yes,Books,,Missing,No rating,5,No
CUST1672,Fatma Gaber,Fatma,Gaber,Male,Yes,,Unknown,Placeholder 200,fatma.gaber@yahoo.com,yahoo.com,Placeholder,572.33,Recorded,$500-749,2024-04-04,Valid,2024,2024-Q2,2024-04,4,Apr,4,Thu,Yes,Electronics,,Out of range (10),No rating,4,No
CUST1673,Mark Hassan,Mark,Hassan,Female,Yes,34,30-44,Valid,mark.hassan@yahoo.com,yahoo.com,Placeholder,48.81,Recorded,Under $250,2024-08-11,Valid,2024,2024-Q3,2024-08,8,Aug,7,Sun,Yes,Books,4,Valid,Satisfied (4-5),6,Yes
CUST1674,Sara Gaber,Sara,Gaber,Female,No,,Unknown,Missing,sara.gaber@hotmail.com,hotmail.com,Missing,740.1,Recorded,$500-749,2024-05-04,Valid,2024,2024-Q2,2024-05,5,May,6,Sat,Yes,Clothing,,Missing,No rating,4,No
CUST1675,Ahmed Hassan,Ahmed,Hassan,Female,Yes,32,30-44,Valid,ahmed.hassan@hotmail.com,hotmail.com,Missing,949.78,Recorded,$750+,2024-09-03,Valid,2024,2024-Q3,2024-09,9,Sep,2,Tue,Yes,Home,,Out of range (10),No rating,5,No
CUST1676,Mark Ali,Mark,Ali,Male,No,,Unknown,Placeholder 200,mark.ali@gmail.com,gmail.com,Placeholder,842.36,Recorded,$750+,2024-05-12,Valid,2024,2024-Q2,2024-05,5,May,7,Sun,Yes,Home,,Out of range (10),No rating,4,No
CUST1677,Sara Hassan,Sara,Hassan,Male,Yes,,Unknown,Placeholder -1,sara.hassan@gmail.com,gmail.com,Missing,793.81,Recorded,$750+,2022-12-31,Valid,2022,2022-Q4,2022-12,12,Dec,6,Sat,Yes,Unknown,3,Valid,Neutral (3),4,No
CUST1678,Fatma Ali,Fatma,Ali,Unknown,n/a,31,30-44,Valid,fatma.ali@hotmail.com,hotmail.com,Placeholder,513.63,Recorded,$500-749,2024-01-09,Valid,2024,2024-Q1,2024-01,1,Jan,2,Tue,Yes,Clothing,1,Valid,Dissatisfied (1-2),5,No
CUST1679,Mark Hassan,Mark,Hassan,Female,Yes,,Unknown,Missing,mark.hassan@gmail.com,gmail.com,Missing,26.49,Recorded,Under $250,2023-12-14,Valid,2023,2023-Q4,2023-12,12,Dec,4,Thu,Yes,Books,3,Valid,Neutral (3),5,No
CUST1680,Lina Gaber,Lina,Gaber,Male,Yes,,Unknown,Placeholder 200,lina.gaber@hotmail.com,hotmail.com,Missing,759.1,Recorded,$750+,2024-04-22,Valid,2024,2024-Q2,2024-04,4,Apr,1,Mon,Yes,Books,,Out of range (10),No rating,4,No
CUST1681,Mark Ibrahim,Mark,Ibrahim,Male,No,,Unknown,Missing,mark.ibrahim@gmail.com,gmail.com,Missing,857.36,Recorded,$750+,2025-07-07,Valid,2025,2025-Q3,2025-07,7,Jul,1,Mon,Partial,Electronics,,Missing,No rating,4,No
CUST1682,Sara Smith,Sara,Smith,Male,Yes,,Unknown,Placeholder -1,sara.smith@yahoo.com,yahoo.com,Placeholder,555.03,Recorded,$500-749,2025-06-09,Valid,2025,2025-Q2,2025-06,6,Jun,1,Mon,Yes,Unknown,5,Valid,Satisfied (4-5),4,No
CUST1683,Mark Ali,Mark,Ali,Male,No,57,45-59,Valid,mark.ali@gmail.com,gmail.com,Missing,443.63,Recorded,$250-499,2023-06-27,Valid,2023,2023-Q2,2023-06,6,Jun,2,Tue,Yes,Toys,1,Valid,Dissatisfied (1-2),6,Yes
CUST1684,Sara Mahmoud,Sara,Mahmoud,Unknown,n/a,,Unknown,Placeholder 200,sara.mahmoud@hotmail.com,hotmail.com,Placeholder,899.15,Recorded,$750+,2024-03-28,Valid,2024,2024-Q1,2024-03,3,Mar,4,Thu,Yes,Unknown,5,Valid,Satisfied (4-5),3,No
CUST1685,Lina Ali,Lina,Ali,Unknown,n/a,,Unknown,Missing,lina.ali@hotmail.com,hotmail.com,Placeholder,928.77,Recorded,$750+,2025-06-21,Valid,2025,2025-Q2,2025-06,6,Jun,6,Sat,Yes,Books,4,Valid,Satisfied (4-5),4,No
CUST1686,Ahmed Ibrahim,Ahmed,Ibrahim,Male,No,,Unknown,Placeholder 200,ahmed.ibrahim@yahoo.com,yahoo.com,Placeholder,42.66,Recorded,Under $250,2023-03-26,Valid,2023,2023-Q1,2023-03,3,Mar,7,Sun,Yes,Electronics,,Out of range (10),No rating,4,No
CUST1687,Alaa Ibrahim,Alaa,Ibrahim,Female,n/a,,Unknown,Placeholder 200,alaa.ibrahim@yahoo.com,yahoo.com,Placeholder,999.56,Recorded,$750+,2025-05-16,Valid,2025,2025-Q2,2025-05,5,May,5,Fri,Yes,Electronics,1,Valid,Dissatisfied (1-2),5,No
CUST1688,Sara Gaber,Sara,Gaber,Female,No,,Unknown,Placeholder 200,sara.gaber@hotmail.com,hotmail.com,Missing,796.83,Recorded,$750+,2023-12-30,Valid,2023,2023-Q4,2023-12,12,Dec,6,Sat,Yes,Clothing,3,Valid,Neutral (3),5,No
CUST1689,Sara Gaber,Sara,Gaber,Male,Yes,,Unknown,Placeholder 200,sara.gaber@yahoo.com,yahoo.com,Missing,56.7,Recorded,Under $250,2024-12-03,Valid,2024,2024-Q4,2024-12,12,Dec,2,Tue,Yes,Clothing,3,Valid,Neutral (3),5,No
CUST1690,Lina Hassan,Lina,Hassan,Male,Yes,,Unknown,Placeholder 200,lina.hassan@gmail.com,gmail.com,Placeholder,737.59,Recorded,$500-749,2023-04-25,Valid,2023,2023-Q2,2023-04,4,Apr,2,Tue,Yes,Toys,1,Valid,Dissatisfied (1-2),5,No
CUST1691,Mark Mahmoud,Mark,Mahmoud,Female,Yes,,Unknown,Placeholder -1,mark.mahmoud@hotmail.com,hotmail.com,Placeholder,601.36,Recorded,$500-749,2025-01-12,Valid,2025,2025-Q1,2025-01,1,Jan,7,Sun,Yes,Unknown,1,Valid,Dissatisfied (1-2),4,No
CUST1692,Ahmed Smith,Ahmed,Smith,Male,No,,Unknown,Placeholder -1,ahmed.smith@gmail.com,gmail.com,Missing,587.8,Recorded,$500-749,2023-08-07,Valid,2023,2023-Q3,2023-08,8,Aug,1,Mon,Yes,Home,1,Valid,Dissatisfied (1-2),5,No
CUST1693,Mark Smith,Mark,Smith,Unknown,n/a,,Unknown,Placeholder 200,mark.smith@yahoo.com,yahoo.com,Missing,172.89,Recorded,Under $250,2023-10-31,Valid,2023,2023-Q4,2023-10,10,Oct,2,Tue,Yes,Unknown,4,Valid,Satisfied (4-5),3,No
CUST1694,John Ali,John,Ali,Female,Yes,,Unknown,Placeholder 200,john.ali@yahoo.com,yahoo.com,Placeholder,250.47,Recorded,$250-499,2024-02-05,Valid,2024,2024-Q1,2024-02,2,Feb,1,Mon,Yes,Unknown,5,Valid,Satisfied (4-5),4,No
CUST1695,Ahmed Smith,Ahmed,Smith,Female,Yes,,Unknown,Placeholder 200,ahmed.smith@hotmail.com,hotmail.com,Missing,340.8,Recorded,$250-499,2024-09-19,Valid,2024,2024-Q3,2024-09,9,Sep,4,Thu,Yes,Home,5,Valid,Satisfied (4-5),5,No
CUST1696,Lina Ibrahim,Lina,Ibrahim,Male,Yes,21,15-29,Valid,lina.ibrahim@hotmail.com,hotmail.com,Missing,393.94,Recorded,$250-499,2025-07-08,Valid,2025,2025-Q3,2025-07,7,Jul,2,Tue,Partial,Home,,Missing,No rating,5,No
CUST1697,Ali Hassan,Ali,Hassan,Female,Yes,,Unknown,Placeholder 200,ali.hassan@hotmail.com,hotmail.com,Placeholder,828.37,Recorded,$750+,2023-09-20,Valid,2023,2023-Q3,2023-09,9,Sep,3,Wed,Yes,Unknown,5,Valid,Satisfied (4-5),4,No
CUST1698,Alaa Hassan,Alaa,Hassan,Female,n/a,57,45-59,Valid,alaa.hassan@gmail.com,gmail.com,Missing,419.65,Recorded,$250-499,2024-12-17,Valid,2024,2024-Q4,2024-12,12,Dec,2,Tue,Yes,Books,,Out of range (10),No rating,5,No
CUST1699,Ahmed Ali,Ahmed,Ali,Female,Yes,65,60-74,Valid,ahmed.ali@gmail.com,gmail.com,Missing,182.4,Recorded,Under $250,,Invalid,,,,,,,,,Electronics,2,Valid,Dissatisfied (1-2),5,No
CUST1700,Ahmed Mahmoud,Ahmed,Mahmoud,Male,No,58,45-59,Valid,ahmed.mahmoud@hotmail.com,hotmail.com,Missing,730.53,Recorded,$500-749,2023-11-05,Valid,2023,2023-Q4,2023-11,11,Nov,7,Sun,Yes,Unknown,,Missing,No rating,4,No
CUST1701,Sara Ali,Sara,Ali,Female,No,,Unknown,Missing,sara.ali@yahoo.com,yahoo.com,Missing,272.75,Recorded,$250-499,,Invalid,,,,,,,,,Electronics,4,Valid,Satisfied (4-5),4,No
CUST1702,Sara Ibrahim,Sara,Ibrahim,Male,Yes,40,30-44,Valid,sara.ibrahim@gmail.com,gmail.com,Missing,861.93,Recorded,$750+,2023-09-21,Valid,2023,2023-Q3,2023-09,9,Sep,4,Thu,Yes,Clothing,2,Valid,Dissatisfied (1-2),6,Yes
CUST1703,Alaa Gaber,Alaa,Gaber,Male,n/a,17,15-29,Valid,alaa.gaber@hotmail.com,hotmail.com,Placeholder,389.63,Recorded,$250-499,2025-05-05,Valid,2025,2025-Q2,2025-05,5,May,1,Mon,Yes,Books,1,Valid,Dissatisfied (1-2),6,Yes
CUST1704,Alaa Hassan,Alaa,Hassan,Female,n/a,72,60-74,Valid,alaa.hassan@hotmail.com,hotmail.com,Missing,891.56,Recorded,$750+,2023-12-30,Valid,2023,2023-Q4,2023-12,12,Dec,6,Sat,Yes,Electronics,5,Valid,Satisfied (4-5),6,Yes
CUST1705,Ahmed Hassan,Ahmed,Hassan,Male,No,47,45-59,Valid,ahmed.hassan@gmail.com,gmail.com,Missing,829.61,Recorded,$750+,2025-05-26,Valid,2025,2025-Q2,2025-05,5,May,1,Mon,Yes,Books,,Missing,No rating,5,No
CUST1706,Alaa Hassan,Alaa,Hassan,Female,n/a,,Unknown,Placeholder -1,alaa.hassan@hotmail.com,hotmail.com,Placeholder,52.27,Recorded,Under $250,2025-04-16,Valid,2025,2025-Q2,2025-04,4,Apr,3,Wed,Yes,Toys,1,Valid,Dissatisfied (1-2),5,No
CUST1707,Lina Smith,Lina,Smith,Male,Yes,,Unknown,Placeholder 200,lina.smith@gmail.com,gmail.com,Missing,,Missing,Unknown,2022-11-28,Valid,2022,2022-Q4,2022-11,11,Nov,1,Mon,Yes,Unknown,1,Valid,Dissatisfied (1-2),3,No
CUST1708,Ahmed Mahmoud,Ahmed,Mahmoud,Male,No,50,45-59,Valid,ahmed.mahmoud@hotmail.com,hotmail.com,Missing,988.51,Recorded,$750+,2024-08-27,Valid,2024,2024-Q3,2024-08,8,Aug,2,Tue,Yes,Electronics,5,Valid,Satisfied (4-5),6,Yes
CUST1709,Lina Hassan,Lina,Hassan,Male,Yes,,Unknown,Placeholder 200,lina.hassan@gmail.com,gmail.com,Placeholder,907.59,Recorded,$750+,2023-10-07,Valid,2023,2023-Q4,2023-10,10,Oct,6,Sat,Yes,Electronics,2,Valid,Dissatisfied (1-2),5,No
CUST1710,Alaa Ali,Alaa,Ali,Female,n/a,,Unknown,Placeholder 200,alaa.ali@gmail.com,gmail.com,Missing,314.8,Recorded,$250-499,2023-12-22,Valid,2023,2023-Q4,2023-12,12,Dec,5,Fri,Yes,Toys,3,Valid,Neutral (3),5,No
CUST1711,Sara Mahmoud,Sara,Mahmoud,Male,Yes,,Unknown,Placeholder 200,sara.mahmoud@yahoo.com,yahoo.com,Placeholder,406.38,Recorded,$250-499,2023-08-23,Valid,2023,2023-Q3,2023-08,8,Aug,3,Wed,Yes,Electronics,5,Valid,Satisfied (4-5),5,No
CUST1712,Sara Gaber,Sara,Gaber,Female,No,,Unknown,Placeholder -1,sara.gaber@gmail.com,gmail.com,Placeholder,723.88,Recorded,$500-749,2025-02-20,Valid,2025,2025-Q1,2025-02,2,Feb,4,Thu,Yes,Unknown,,Missing,No rating,3,No
CUST1713,Fatma Mahmoud,Fatma,Mahmoud,Female,No,,Unknown,Placeholder -1,fatma.mahmoud@gmail.com,gmail.com,Missing,369.18,Recorded,$250-499,2024-05-23,Valid,2024,2024-Q2,2024-05,5,May,4,Thu,Yes,Unknown,,Out of range (10),No rating,3,No
CUST1714,Sara Gaber,Sara,Gaber,Male,Yes,,Unknown,Missing,sara.gaber@hotmail.com,hotmail.com,Missing,916.9,Recorded,$750+,2024-04-20,Valid,2024,2024-Q2,2024-04,4,Apr,6,Sat,Yes,Unknown,4,Valid,Satisfied (4-5),4,No
CUST1715,Ahmed Hassan,Ahmed,Hassan,Male,No,,Unknown,Missing,ahmed.hassan@hotmail.com,hotmail.com,Placeholder,605.1,Recorded,$500-749,2023-10-24,Valid,2023,2023-Q4,2023-10,10,Oct,2,Tue,Yes,Home,,Missing,No rating,4,No
CUST1716,Mark Ali,Mark,Ali,Female,Yes,,Unknown,Placeholder -1,mark.ali@yahoo.com,yahoo.com,Missing,80.99,Recorded,Under $250,2023-08-17,Valid,2023,2023-Q3,2023-08,8,Aug,4,Thu,Yes,Books,2,Valid,Dissatisfied (1-2),5,No
CUST1717,Sara Hassan,Sara,Hassan,Female,No,,Unknown,Missing,sara.hassan@yahoo.com,yahoo.com,Placeholder,556.6,Recorded,$500-749,2024-07-03,Valid,2024,2024-Q3,2024-07,7,Jul,3,Wed,Yes,Electronics,,Missing,No rating,4,No
CUST1718,Mark Ali,Mark,Ali,Male,No,,Unknown,Missing,mark.ali@gmail.com,gmail.com,Missing,436.91,Recorded,$250-499,,Invalid,,,,,,,,,Electronics,3,Valid,Neutral (3),4,No
CUST1719,Mark Smith,Mark,Smith,Female,Yes,,Unknown,Placeholder -1,mark.smith@yahoo.com,yahoo.com,Placeholder,346.25,Recorded,$250-499,2023-10-14,Valid,2023,2023-Q4,2023-10,10,Oct,6,Sat,Yes,Home,,Out of range (10),No rating,4,No
CUST1720,Mark Ali,Mark,Ali,Female,Yes,34,30-44,Valid,mark.ali@yahoo.com,yahoo.com,Missing,,Missing,Unknown,2024-12-21,Valid,2024,2024-Q4,2024-12,12,Dec,6,Sat,Yes,Toys,,Missing,No rating,4,No
CUST1721,Lina Mahmoud,Lina,Mahmoud,Male,Yes,,Unknown,Missing,lina.mahmoud@gmail.com,gmail.com,Placeholder,620.64,Recorded,$500-749,2023-04-13,Valid,2023,2023-Q2,2023-04,4,Apr,4,Thu,Yes,Clothing,3,Valid,Neutral (3),5,No
CUST1722,Lina Ali,Lina,Ali,Male,Yes,,Unknown,Placeholder 200,lina.ali@yahoo.com,yahoo.com,Missing,715.61,Recorded,$500-749,2025-05-14,Valid,2025,2025-Q2,2025-05,5,May,3,Wed,Yes,Unknown,4,Valid,Satisfied (4-5),4,No
CUST1723,Ali Ibrahim,Ali,Ibrahim,Male,No,,Unknown,Placeholder 200,ali.ibrahim@yahoo.com,yahoo.com,Placeholder,949.91,Recorded,$750+,2022-11-07,Valid,2022,2022-Q4,2022-11,11,Nov,1,Mon,Yes,Books,,Missing,No rating,4,No
CUST1724,Sara Ibrahim,Sara,Ibrahim,Female,No,,Unknown,Placeholder -1,sara.ibrahim@hotmail.com,hotmail.com,Missing,113.77,Recorded,Under $250,2023-07-22,Valid,2023,2023-Q3,2023-07,7,Jul,6,Sat,Yes,Toys,4,Valid,Satisfied (4-5),5,No
CUST1725,Lina Gaber,Lina,Gaber,Male,Yes,,Unknown,Missing,lina.gaber@hotmail.com,hotmail.com,Missing,569.5,Recorded,$500-749,2024-12-28,Valid,2024,2024-Q4,2024-12,12,Dec,6,Sat,Yes,Toys,2,Valid,Dissatisfied (1-2),5,No
CUST1726,Sara Ali,Sara,Ali,Female,No,,Unknown,Missing,sara.ali@hotmail.com,hotmail.com,Missing,116.61,Recorded,Under $250,2023-04-20,Valid,2023,2023-Q2,2023-04,4,Apr,4,Thu,Yes,Books,3,Valid,Neutral (3),5,No
CUST1727,Mark Mahmoud,Mark,Mahmoud,Female,Yes,,Unknown,Missing,mark.mahmoud@yahoo.com,yahoo.com,Missing,860.56,Recorded,$750+,2023-05-17,Valid,2023,2023-Q2,2023-05,5,May,3,Wed,Yes,Unknown,,Out of range (10),No rating,3,No
CUST1728,Fatma Smith,Fatma,Smith,Male,Yes,76,75-90,Valid,fatma.smith@yahoo.com,yahoo.com,Placeholder,787.86,Recorded,$750+,2023-01-03,Valid,2023,2023-Q1,2023-01,1,Jan,2,Tue,Yes,Clothing,4,Valid,Satisfied (4-5),6,Yes
CUST1729,Ahmed Hassan,Ahmed,Hassan,Female,Yes,,Unknown,Missing,ahmed.hassan@hotmail.com,hotmail.com,Missing,530.76,Recorded,$500-749,2024-12-11,Valid,2024,2024-Q4,2024-12,12,Dec,3,Wed,Yes,Electronics,4,Valid,Satisfied (4-5),5,No
CUST1730,Lina Hassan,Lina,Hassan,Female,No,,Unknown,Placeholder 200,lina.hassan@hotmail.com,hotmail.com,Placeholder,257.43,Recorded,$250-499,2024-03-04,Valid,2024,2024-Q1,2024-03,3,Mar,1,Mon,Yes,Books,,Missing,No rating,4,No
CUST1731,Fatma Ibrahim,Fatma,Ibrahim,Male,Yes,,Unknown,Placeholder 200,fatma.ibrahim@hotmail.com,hotmail.com,Placeholder,113.91,Recorded,Under $250,2024-10-05,Valid,2024,2024-Q4,2024-10,10,Oct,6,Sat,Yes,Electronics,5,Valid,Satisfied (4-5),5,No
CUST1732,Fatma Hassan,Fatma,Hassan,Female,No,32,30-44,Valid,fatma.hassan@gmail.com,gmail.com,Placeholder,165.11,Recorded,Under $250,2024-10-03,Valid,2024,2024-Q4,2024-10,10,Oct,4,Thu,Yes,Toys,3,Valid,Neutral (3),6,Yes
CUST1733,Sara Hassan,Sara,Hassan,Male,Yes,47,45-59,Valid,sara.hassan@gmail.com,gmail.com,Missing,920.96,Recorded,$750+,2025-05-29,Valid,2025,2025-Q2,2025-05,5,May,4,Thu,Yes,Unknown,2,Valid,Dissatisfied (1-2),5,No
CUST1734,John Ibrahim,John,Ibrahim,Unknown,n/a,,Unknown,Missing,john.ibrahim@yahoo.com,yahoo.com,Placeholder,42.95,Recorded,Under $250,2025-02-20,Valid,2025,2025-Q1,2025-02,2,Feb,4,Thu,Yes,Clothing,3,Valid,Neutral (3),4,No
CUST1735,Ali Gaber,Ali,Gaber,Female,Yes,,Unknown,Missing,ali.gaber@yahoo.com,yahoo.com,Missing,653.34,Recorded,$500-749,2024-02-04,Valid,2024,2024-Q1,2024-02,2,Feb,7,Sun,Yes,Books,1,Valid,Dissatisfied (1-2),5,No
CUST1736,John Ibrahim,John,Ibrahim,Female,Yes,,Unknown,Placeholder -1,john.ibrahim@hotmail.com,hotmail.com,Placeholder,304.74,Recorded,$250-499,2023-07-11,Valid,2023,2023-Q3,2023-07,7,Jul,2,Tue,Yes,Electronics,3,Valid,Neutral (3),5,No
CUST1737,Fatma Gaber,Fatma,Gaber,Male,Yes,,Unknown,Placeholder -1,fatma.gaber@yahoo.com,yahoo.com,Missing,570.82,Recorded,$500-749,2025-04-18,Valid,2025,2025-Q2,2025-04,4,Apr,5,Fri,Yes,Unknown,,Missing,No rating,3,No
CUST1738,Ali Ali,Ali,Ali,Female,Yes,,Unknown,Missing,ali.ali@yahoo.com,yahoo.com,Missing,,Missing,Unknown,2023-04-26,Valid,2023,2023-Q2,2023-04,4,Apr,3,Wed,Yes,Clothing,,Out of range (10),No rating,3,No
CUST1739,John Hassan,John,Hassan,Male,No,,Unknown,Placeholder -1,john.hassan@hotmail.com,hotmail.com,Missing,338.57,Recorded,$250-499,2025-02-20,Valid,2025,2025-Q1,2025-02,2,Feb,4,Thu,Yes,Unknown,1,Valid,Dissatisfied (1-2),4,No
CUST1740,Mark Mahmoud,Mark,Mahmoud,Male,No,,Unknown,Placeholder 200,mark.mahmoud@yahoo.com,yahoo.com,Missing,450.25,Recorded,$250-499,2024-10-01,Valid,2024,2024-Q4,2024-10,10,Oct,2,Tue,Yes,Toys,1,Valid,Dissatisfied (1-2),5,No
CUST1741,Ali Hassan,Ali,Hassan,Female,Yes,,Unknown,Placeholder -1,ali.hassan@hotmail.com,hotmail.com,Missing,372.13,Recorded,$250-499,2023-09-06,Valid,2023,2023-Q3,2023-09,9,Sep,3,Wed,Yes,Unknown,5,Valid,Satisfied (4-5),4,No
CUST1742,Lina Mahmoud,Lina,Mahmoud,Female,No,,Unknown,Placeholder -1,lina.mahmoud@hotmail.com,hotmail.com,Missing,678.62,Recorded,$500-749,2024-10-07,Valid,2024,2024-Q4,2024-10,10,Oct,1,Mon,Yes,Unknown,2,Valid,Dissatisfied (1-2),4,No
CUST1743,Sara Mahmoud,Sara,Mahmoud,Female,No,,Unknown,Placeholder 200,sara.mahmoud@gmail.com,gmail.com,Missing,508.68,Recorded,$500-749,2024-06-08,Valid,2024,2024-Q2,2024-06,6,Jun,6,Sat,Yes,Unknown,5,Valid,Satisfied (4-5),4,No
CUST1744,Mark Mahmoud,Mark,Mahmoud,Female,Yes,,Unknown,Missing,mark.mahmoud@gmail.com,gmail.com,Placeholder,682.32,Recorded,$500-749,2023-01-08,Valid,2023,2023-Q1,2023-01,1,Jan,7,Sun,Yes,Home,,Missing,No rating,4,No
CUST1745,Fatma Smith,Fatma,Smith,Male,Yes,,Unknown,Placeholder 200,fatma.smith@hotmail.com,hotmail.com,Placeholder,868.67,Recorded,$750+,2023-04-18,Valid,2023,2023-Q2,2023-04,4,Apr,2,Tue,Yes,Electronics,1,Valid,Dissatisfied (1-2),5,No
CUST1746,Mark Hassan,Mark,Hassan,Female,Yes,,Unknown,Missing,mark.hassan@yahoo.com,yahoo.com,Missing,42.47,Recorded,Under $250,2024-02-10,Valid,2024,2024-Q1,2024-02,2,Feb,6,Sat,Yes,Clothing,,Out of range (10),No rating,4,No
CUST1747,John Gaber,John,Gaber,Female,Yes,,Unknown,Placeholder 200,john.gaber@gmail.com,gmail.com,Placeholder,275.5,Recorded,$250-499,2024-11-18,Valid,2024,2024-Q4,2024-11,11,Nov,1,Mon,Yes,Electronics,,Missing,No rating,4,No
CUST1748,Alaa Gaber,Alaa,Gaber,Male,n/a,,Unknown,Placeholder -1,alaa.gaber@hotmail.com,hotmail.com,Missing,806.14,Recorded,$750+,2022-11-11,Valid,2022,2022-Q4,2022-11,11,Nov,5,Fri,Yes,Unknown,,Missing,No rating,3,No
CUST1749,Fatma Mahmoud,Fatma,Mahmoud,Male,Yes,,Unknown,Missing,fatma.mahmoud@hotmail.com,hotmail.com,Placeholder,901.28,Recorded,$750+,2024-01-26,Valid,2024,2024-Q1,2024-01,1,Jan,5,Fri,Yes,Clothing,4,Valid,Satisfied (4-5),5,No
CUST1750,Lina Ali,Lina,Ali,Male,Yes,,Unknown,Missing,lina.ali@hotmail.com,hotmail.com,Missing,789.64,Recorded,$750+,2025-03-22,Valid,2025,2025-Q1,2025-03,3,Mar,6,Sat,Yes,Clothing,,Missing,No rating,4,No
CUST1751,Sara Smith,Sara,Smith,Female,No,,Unknown,Placeholder 200,sara.smith@hotmail.com,hotmail.com,Missing,601.3,Recorded,$500-749,,Invalid,,,,,,,,,Toys,5,Valid,Satisfied (4-5),4,No
CUST1752,Sara Smith,Sara,Smith,Male,Yes,64,60-74,Valid,sara.smith@hotmail.com,hotmail.com,Placeholder,982.24,Recorded,$750+,2023-01-26,Valid,2023,2023-Q1,2023-01,1,Jan,4,Thu,Yes,Home,3,Valid,Neutral (3),6,Yes
CUST1753,Ali Gaber,Ali,Gaber,Female,Yes,,Unknown,Placeholder -1,ali.gaber@hotmail.com,hotmail.com,Placeholder,119.58,Recorded,Under $250,2025-03-12,Valid,2025,2025-Q1,2025-03,3,Mar,3,Wed,Yes,Home,3,Valid,Neutral (3),5,No
CUST1754,Sara Hassan,Sara,Hassan,Male,Yes,53,45-59,Valid,sara.hassan@yahoo.com,yahoo.com,Placeholder,102.21,Recorded,Under $250,2025-07-12,Valid,2025,2025-Q3,2025-07,7,Jul,6,Sat,Partial,Unknown,1,Valid,Dissatisfied (1-2),5,No
CUST1755,Fatma Ali,Fatma,Ali,Female,No,42,30-44,Valid,fatma.ali@yahoo.com,yahoo.com,Placeholder,681.97,Recorded,$500-749,2023-04-30,Valid,2023,2023-Q2,2023-04,4,Apr,7,Sun,Yes,Home,2,Valid,Dissatisfied (1-2),6,Yes
CUST1756,Ahmed Ibrahim,Ahmed,Ibrahim,Female,Yes,,Unknown,Placeholder -1,ahmed.ibrahim@gmail.com,gmail.com,Missing,638.1,Recorded,$500-749,2025-05-26,Valid,2025,2025-Q2,2025-05,5,May,1,Mon,Yes,Toys,,Out of range (10),No rating,4,No
CUST1757,Sara Hassan,Sara,Hassan,Male,Yes,,Unknown,Missing,sara.hassan@hotmail.com,hotmail.com,Missing,875.31,Recorded,$750+,2023-10-18,Valid,2023,2023-Q4,2023-10,10,Oct,3,Wed,Yes,Unknown,2,Valid,Dissatisfied (1-2),4,No
CUST1758,Sara Mahmoud,Sara,Mahmoud,Female,No,,Unknown,Placeholder -1,sara.mahmoud@yahoo.com,yahoo.com,Placeholder,7.31,Recorded,Under $250,2025-06-26,Valid,2025,2025-Q2,2025-06,6,Jun,4,Thu,Yes,Home,2,Valid,Dissatisfied (1-2),5,No
CUST1759,Mark Ibrahim,Mark,Ibrahim,Male,No,,Unknown,Placeholder 200,mark.ibrahim@gmail.com,gmail.com,Placeholder,899.27,Recorded,$750+,2022-12-17,Valid,2022,2022-Q4,2022-12,12,Dec,6,Sat,Yes,Home,1,Valid,Dissatisfied (1-2),5,No
CUST1760,Ahmed Ibrahim,Ahmed,Ibrahim,Male,No,,Unknown,Placeholder -1,ahmed.ibrahim@hotmail.com,hotmail.com,Missing,854.72,Recorded,$750+,2023-07-30,Valid,2023,2023-Q3,2023-07,7,Jul,7,Sun,Yes,Unknown,4,Valid,Satisfied (4-5),4,No
CUST1761,Alaa Ali,Alaa,Ali,Male,n/a,,Unknown,Placeholder 200,alaa.ali@yahoo.com,yahoo.com,Placeholder,485.14,Recorded,$250-499,,Invalid,,,,,,,,,Toys,1,Valid,Dissatisfied (1-2),4,No
CUST1762,Ahmed Ibrahim,Ahmed,Ibrahim,Male,No,,Unknown,Placeholder 200,ahmed.ibrahim@hotmail.com,hotmail.com,Missing,987.26,Recorded,$750+,,Invalid,,,,,,,,,Toys,4,Valid,Satisfied (4-5),4,No
CUST1763,Mark Gaber,Mark,Gaber,Female,Yes,,Unknown,Placeholder -1,mark.gaber@gmail.com,gmail.com,Placeholder,635.27,Recorded,$500-749,2024-12-10,Valid,2024,2024-Q4,2024-12,12,Dec,2,Tue,Yes,Books,3,Valid,Neutral (3),5,No
CUST1764,Sara Gaber,Sara,Gaber,Unknown,n/a,,Unknown,Missing,sara.gaber@hotmail.com,hotmail.com,Missing,118.48,Recorded,Under $250,2024-11-23,Valid,2024,2024-Q4,2024-11,11,Nov,6,Sat,Yes,Electronics,,Missing,No rating,3,No
CUST1765,Mark Smith,Mark,Smith,Female,Yes,,Unknown,Missing,mark.smith@hotmail.com,hotmail.com,Placeholder,762.91,Recorded,$750+,2025-05-25,Valid,2025,2025-Q2,2025-05,5,May,7,Sun,Yes,Books,1,Valid,Dissatisfied (1-2),5,No
CUST1766,Ahmed Smith,Ahmed,Smith,Female,Yes,,Unknown,Missing,ahmed.smith@gmail.com,gmail.com,Placeholder,552.48,Recorded,$500-749,2023-01-05,Valid,2023,2023-Q1,2023-01,1,Jan,4,Thu,Yes,Electronics,,Out of range (10),No rating,4,No
CUST1767,Fatma Gaber,Fatma,Gaber,Unknown,n/a,,Unknown,Missing,fatma.gaber@hotmail.com,hotmail.com,Missing,17.12,Recorded,Under $250,2025-06-20,Valid,2025,2025-Q2,2025-06,6,Jun,5,Fri,Yes,Clothing,3,Valid,Neutral (3),4,No
CUST1768,Lina Hassan,Lina,Hassan,Male,Yes,,Unknown,Placeholder -1,lina.hassan@yahoo.com,yahoo.com,Missing,948.21,Recorded,$750+,2023-09-02,Valid,2023,2023-Q3,2023-09,9,Sep,6,Sat,Yes,Books,,Missing,No rating,4,No
CUST1769,Lina Gaber,Lina,Gaber,Unknown,n/a,,Unknown,Placeholder 200,lina.gaber@yahoo.com,yahoo.com,Missing,103.04,Recorded,Under $250,2024-04-24,Valid,2024,2024-Q2,2024-04,4,Apr,3,Wed,Yes,Unknown,,Out of range (10),No rating,2,No
CUST1770,Ali Mahmoud,Ali,Mahmoud,Female,Yes,,Unknown,Missing,ali.mahmoud@gmail.com,gmail.com,Missing,871.82,Recorded,$750+,2024-03-08,Valid,2024,2024-Q1,2024-03,3,Mar,5,Fri,Yes,Toys,1,Valid,Dissatisfied (1-2),5,No
CUST1771,Mark Mahmoud,Mark,Mahmoud,Female,Yes,45,45-59,Valid,mark.mahmoud@gmail.com,gmail.com,Placeholder,206.95,Recorded,Under $250,2023-10-03,Valid,2023,2023-Q4,2023-10,10,Oct,2,Tue,Yes,Unknown,3,Valid,Neutral (3),5,No
CUST1772,Lina Mahmoud,Lina,Mahmoud,Male,Yes,29,15-29,Valid,lina.mahmoud@gmail.com,gmail.com,Missing,64.63,Recorded,Under $250,2025-04-05,Valid,2025,2025-Q2,2025-04,4,Apr,6,Sat,Yes,Clothing,3,Valid,Neutral (3),6,Yes
CUST1773,Fatma Hassan,Fatma,Hassan,Female,No,,Unknown,Missing,fatma.hassan@yahoo.com,yahoo.com,Placeholder,198.03,Recorded,Under $250,2024-01-23,Valid,2024,2024-Q1,2024-01,1,Jan,2,Tue,Yes,Unknown,4,Valid,Satisfied (4-5),4,No
CUST1774,Ahmed Smith,Ahmed,Smith,Female,Yes,,Unknown,Missing,ahmed.smith@gmail.com,gmail.com,Missing,635.87,Recorded,$500-749,2023-11-03,Valid,2023,2023-Q4,2023-11,11,Nov,5,Fri,Yes,Home,4,Valid,Satisfied (4-5),5,No
CUST1775,John Hassan,John,Hassan,Female,Yes,,Unknown,Missing,john.hassan@yahoo.com,yahoo.com,Placeholder,972.6,Recorded,$750+,2025-02-23,Valid,2025,2025-Q1,2025-02,2,Feb,7,Sun,Yes,Electronics,3,Valid,Neutral (3),5,No
CUST1776,Fatma Ali,Fatma,Ali,Female,No,,Unknown,Placeholder 200,fatma.ali@yahoo.com,yahoo.com,Placeholder,97.2,Recorded,Under $250,2024-01-13,Valid,2024,2024-Q1,2024-01,1,Jan,6,Sat,Yes,Home,,Out of range (10),No rating,4,No
CUST1777,Ali Smith,Ali,Smith,Male,No,,Unknown,Placeholder 200,ali.smith@gmail.com,gmail.com,Placeholder,329.68,Recorded,$250-499,2025-06-07,Valid,2025,2025-Q2,2025-06,6,Jun,6,Sat,Yes,Toys,5,Valid,Satisfied (4-5),5,No
CUST1778,Alaa Ibrahim,Alaa,Ibrahim,Female,n/a,,Unknown,Placeholder -1,alaa.ibrahim@hotmail.com,hotmail.com,Missing,754.62,Recorded,$750+,2024-11-17,Valid,2024,2024-Q4,2024-11,11,Nov,7,Sun,Yes,Clothing,3,Valid,Neutral (3),5,No
CUST1779,Sara Hassan,Sara,Hassan,Unknown,n/a,,Unknown,Placeholder -1,sara.hassan@gmail.com,gmail.com,Placeholder,595.87,Recorded,$500-749,2024-10-10,Valid,2024,2024-Q4,2024-10,10,Oct,4,Thu,Yes,Electronics,1,Valid,Dissatisfied (1-2),4,No
CUST1780,Sara Ali,Sara,Ali,Female,No,,Unknown,Missing,sara.ali@hotmail.com,hotmail.com,Missing,28.55,Recorded,Under $250,,Invalid,,,,,,,,,Unknown,5,Valid,Satisfied (4-5),3,No
CUST1781,Sara Hassan,Sara,Hassan,Male,Yes,,Unknown,Missing,sara.hassan@gmail.com,gmail.com,Missing,221.43,Recorded,Under $250,2024-09-16,Valid,2024,2024-Q3,2024-09,9,Sep,1,Mon,Yes,Unknown,5,Valid,Satisfied (4-5),4,No
CUST1782,Sara Ibrahim,Sara,Ibrahim,Female,No,45,45-59,Valid,sara.ibrahim@yahoo.com,yahoo.com,Missing,231.83,Recorded,Under $250,2022-11-30,Valid,2022,2022-Q4,2022-11,11,Nov,3,Wed,Yes,Books,,Missing,No rating,5,No
CUST1783,Lina Smith,Lina,Smith,Male,Yes,,Unknown,Placeholder -1,lina.smith@hotmail.com,hotmail.com,Missing,439.21,Recorded,$250-499,2023-07-03,Valid,2023,2023-Q3,2023-07,7,Jul,1,Mon,Yes,Books,5,Valid,Satisfied (4-5),5,No
CUST1784,John Ibrahim,John,Ibrahim,Male,No,,Unknown,Placeholder -1,john.ibrahim@hotmail.com,hotmail.com,Placeholder,87.3,Recorded,Under $250,2024-04-21,Valid,2024,2024-Q2,2024-04,4,Apr,7,Sun,Yes,Unknown,1,Valid,Dissatisfied (1-2),4,No
CUST1785,Sara Smith,Sara,Smith,Female,No,87,75-90,Valid,sara.smith@hotmail.com,hotmail.com,Missing,830.95,Recorded,$750+,2025-05-28,Valid,2025,2025-Q2,2025-05,5,May,3,Wed,Yes,Electronics,4,Valid,Satisfied (4-5),6,Yes
CUST1786,Lina Smith,Lina,Smith,Unknown,n/a,,Unknown,Placeholder -1,lina.smith@hotmail.com,hotmail.com,Placeholder,927.98,Recorded,$750+,2023-04-06,Valid,2023,2023-Q2,2023-04,4,Apr,4,Thu,Yes,Toys,,Missing,No rating,3,No
CUST1787,Alaa Ibrahim,Alaa,Ibrahim,Unknown,n/a,,Unknown,Placeholder 200,alaa.ibrahim@yahoo.com,yahoo.com,Missing,178.81,Recorded,Under $250,,Invalid,,,,,,,,,Toys,,Out of range (10),No rating,2,No
CUST1788,Mark Gaber,Mark,Gaber,Female,Yes,32,30-44,Valid,mark.gaber@hotmail.com,hotmail.com,Placeholder,515.89,Recorded,$500-749,2024-12-16,Valid,2024,2024-Q4,2024-12,12,Dec,1,Mon,Yes,Unknown,1,Valid,Dissatisfied (1-2),5,No
CUST1789,Mark Ibrahim,Mark,Ibrahim,Male,No,,Unknown,Placeholder 200,mark.ibrahim@yahoo.com,yahoo.com,Placeholder,295.2,Recorded,$250-499,2025-03-26,Valid,2025,2025-Q1,2025-03,3,Mar,3,Wed,Yes,Unknown,1,Valid,Dissatisfied (1-2),4,No
CUST1790,Lina Ali,Lina,Ali,Male,Yes,,Unknown,Placeholder 200,lina.ali@hotmail.com,hotmail.com,Missing,45.34,Recorded,Under $250,2023-07-12,Valid,2023,2023-Q3,2023-07,7,Jul,3,Wed,Yes,Clothing,3,Valid,Neutral (3),5,No
CUST1791,Lina Gaber,Lina,Gaber,Female,No,,Unknown,Placeholder 200,lina.gaber@hotmail.com,hotmail.com,Missing,652.74,Recorded,$500-749,2024-12-12,Valid,2024,2024-Q4,2024-12,12,Dec,4,Thu,Yes,Toys,5,Valid,Satisfied (4-5),5,No
CUST1792,Ahmed Ibrahim,Ahmed,Ibrahim,Female,Yes,69,60-74,Valid,ahmed.ibrahim@gmail.com,gmail.com,Placeholder,485.33,Recorded,$250-499,2025-07-04,Valid,2025,2025-Q3,2025-07,7,Jul,5,Fri,Partial,Books,2,Valid,Dissatisfied (1-2),6,Yes
CUST1793,Ali Smith,Ali,Smith,Male,No,,Unknown,Placeholder -1,ali.smith@gmail.com,gmail.com,Missing,197.48,Recorded,Under $250,2023-05-27,Valid,2023,2023-Q2,2023-05,5,May,6,Sat,Yes,Electronics,2,Valid,Dissatisfied (1-2),5,No
CUST1794,Fatma Smith,Fatma,Smith,Male,Yes,,Unknown,Placeholder -1,fatma.smith@gmail.com,gmail.com,Missing,13.48,Recorded,Under $250,2025-07-08,Valid,2025,2025-Q3,2025-07,7,Jul,2,Tue,Partial,Clothing,4,Valid,Satisfied (4-5),5,No
CUST1795,Fatma Ibrahim,Fatma,Ibrahim,Female,No,,Unknown,Placeholder 200,fatma.ibrahim@hotmail.com,hotmail.com,Missing,537.43,Recorded,$500-749,2025-04-23,Valid,2025,2025-Q2,2025-04,4,Apr,3,Wed,Yes,Toys,5,Valid,Satisfied (4-5),5,No
CUST1796,Sara Ibrahim,Sara,Ibrahim,Female,No,,Unknown,Missing,sara.ibrahim@gmail.com,gmail.com,Missing,220.36,Recorded,Under $250,2023-10-19,Valid,2023,2023-Q4,2023-10,10,Oct,4,Thu,Yes,Unknown,1,Valid,Dissatisfied (1-2),4,No
CUST1797,Ahmed Gaber,Ahmed,Gaber,Female,Yes,,Unknown,Placeholder -1,ahmed.gaber@gmail.com,gmail.com,Placeholder,292.84,Recorded,$250-499,2023-02-26,Valid,2023,2023-Q1,2023-02,2,Feb,7,Sun,Yes,Clothing,3,Valid,Neutral (3),5,No
CUST1798,Mark Ali,Mark,Ali,Male,No,,Unknown,Placeholder -1,mark.ali@gmail.com,gmail.com,Missing,113.11,Recorded,Under $250,2024-08-31,Valid,2024,2024-Q3,2024-08,8,Aug,6,Sat,Yes,Electronics,4,Valid,Satisfied (4-5),5,No
CUST1799,John Hassan,John,Hassan,Unknown,n/a,,Unknown,Placeholder -1,john.hassan@yahoo.com,yahoo.com,Missing,231.22,Recorded,Under $250,2023-10-12,Valid,2023,2023-Q4,2023-10,10,Oct,4,Thu,Yes,Toys,5,Valid,Satisfied (4-5),4,No
CUST1800,John Ibrahim,John,Ibrahim,Male,No,53,45-59,Valid,john.ibrahim@gmail.com,gmail.com,Missing,992.86,Recorded,$750+,2024-02-10,Valid,2024,2024-Q1,2024-02,2,Feb,6,Sat,Yes,Books,,Missing,No rating,5,No
CUST1801,Sara Smith,Sara,Smith,Male,Yes,,Unknown,Missing,sara.smith@gmail.com,gmail.com,Missing,825.94,Recorded,$750+,2024-06-11,Valid,2024,2024-Q2,2024-06,6,Jun,2,Tue,Yes,Unknown,3,Valid,Neutral (3),4,No
CUST1802,Alaa Ali,Alaa,Ali,Female,n/a,61,60-74,Valid,alaa.ali@yahoo.com,yahoo.com,Placeholder,929.59,Recorded,$750+,,Invalid,,,,,,,,,Toys,3,Valid,Neutral (3),5,No
CUST1803,John Smith,John,Smith,Male,No,,Unknown,Placeholder 200,john.smith@hotmail.com,hotmail.com,Placeholder,664.99,Recorded,$500-749,2024-06-05,Valid,2024,2024-Q2,2024-06,6,Jun,3,Wed,Yes,Unknown,5,Valid,Satisfied (4-5),4,No
CUST1804,Alaa Ali,Alaa,Ali,Unknown,n/a,,Unknown,Missing,alaa.ali@yahoo.com,yahoo.com,Placeholder,772.44,Recorded,$750+,2024-09-16,Valid,2024,2024-Q3,2024-09,9,Sep,1,Mon,Yes,Electronics,3,Valid,Neutral (3),4,No
CUST1805,Ali Ali,Ali,Ali,Female,Yes,,Unknown,Placeholder 200,ali.ali@yahoo.com,yahoo.com,Missing,418.56,Recorded,$250-499,2023-07-29,Valid,2023,2023-Q3,2023-07,7,Jul,6,Sat,Yes,Clothing,5,Valid,Satisfied (4-5),5,No
CUST1806,Sara Gaber,Sara,Gaber,Female,No,51,45-59,Valid,sara.gaber@gmail.com,gmail.com,Placeholder,670.78,Recorded,$500-749,2023-05-21,Valid,2023,2023-Q2,2023-05,5,May,7,Sun,Yes,Toys,,Missing,No rating,5,No
CUST1807,Ali Smith,Ali,Smith,Female,Yes,40,30-44,Valid,ali.smith@gmail.com,gmail.com,Placeholder,528.99,Recorded,$500-749,2025-05-05,Valid,2025,2025-Q2,2025-05,5,May,1,Mon,Yes,Electronics,3,Valid,Neutral (3),6,Yes
CUST1808,Sara Hassan,Sara,Hassan,Female,No,,Unknown,Placeholder -1,sara.hassan@hotmail.com,hotmail.com,Missing,27.4,Recorded,Under $250,2023-01-22,Valid,2023,2023-Q1,2023-01,1,Jan,7,Sun,Yes,Home,4,Valid,Satisfied (4-5),5,No
CUST1809,Fatma Ibrahim,Fatma,Ibrahim,Female,No,,Unknown,Placeholder -1,fatma.ibrahim@hotmail.com,hotmail.com,Missing,117.45,Recorded,Under $250,2023-10-09,Valid,2023,2023-Q4,2023-10,10,Oct,1,Mon,Yes,Electronics,,Missing,No rating,4,No
CUST1810,Ahmed Smith,Ahmed,Smith,Male,No,43,30-44,Valid,ahmed.smith@gmail.com,gmail.com,Placeholder,966.62,Recorded,$750+,2023-10-09,Valid,2023,2023-Q4,2023-10,10,Oct,1,Mon,Yes,Electronics,1,Valid,Dissatisfied (1-2),6,Yes
CUST1811,John Gaber,John,Gaber,Female,Yes,,Unknown,Placeholder -1,john.gaber@yahoo.com,yahoo.com,Missing,449.41,Recorded,$250-499,2023-12-30,Valid,2023,2023-Q4,2023-12,12,Dec,6,Sat,Yes,Toys,5,Valid,Satisfied (4-5),5,No
CUST1812,Sara Gaber,Sara,Gaber,Male,Yes,,Unknown,Placeholder -1,sara.gaber@hotmail.com,hotmail.com,Placeholder,318.1,Recorded,$250-499,2024-07-25,Valid,2024,2024-Q3,2024-07,7,Jul,4,Thu,Yes,Unknown,2,Valid,Dissatisfied (1-2),4,No
CUST1813,Lina Smith,Lina,Smith,Unknown,n/a,25,15-29,Valid,lina.smith@gmail.com,gmail.com,Placeholder,462.99,Recorded,$250-499,2023-07-29,Valid,2023,2023-Q3,2023-07,7,Jul,6,Sat,Yes,Unknown,2,Valid,Dissatisfied (1-2),4,No
CUST1814,Lina Mahmoud,Lina,Mahmoud,Female,No,33,30-44,Valid,lina.mahmoud@hotmail.com,hotmail.com,Missing,133.93,Recorded,Under $250,2025-05-03,Valid,2025,2025-Q2,2025-05,5,May,6,Sat,Yes,Electronics,5,Valid,Satisfied (4-5),6,Yes
CUST1815,Lina Hassan,Lina,Hassan,Female,No,,Unknown,Placeholder 200,lina.hassan@gmail.com,gmail.com,Missing,875.14,Recorded,$750+,2024-02-10,Valid,2024,2024-Q1,2024-02,2,Feb,6,Sat,Yes,Books,3,Valid,Neutral (3),5,No
CUST1816,Alaa Mahmoud,Alaa,Mahmoud,Unknown,n/a,,Unknown,Placeholder -1,alaa.mahmoud@hotmail.com,hotmail.com,Placeholder,902.44,Recorded,$750+,2024-06-21,Valid,2024,2024-Q2,2024-06,6,Jun,5,Fri,Yes,Unknown,2,Valid,Dissatisfied (1-2),3,No
CUST1817,Ali Ali,Ali,Ali,Unknown,n/a,79,75-90,Valid,ali.ali@yahoo.com,yahoo.com,Missing,513.97,Recorded,$500-749,2025-05-24,Valid,2025,2025-Q2,2025-05,5,May,6,Sat,Yes,Books,,Missing,No rating,4,No
CUST1818,John Ibrahim,John,Ibrahim,Female,Yes,,Unknown,Missing,john.ibrahim@gmail.com,gmail.com,Placeholder,558.76,Recorded,$500-749,2024-09-14,Valid,2024,2024-Q3,2024-09,9,Sep,6,Sat,Yes,Books,2,Valid,Dissatisfied (1-2),5,No
CUST1819,Sara Hassan,Sara,Hassan,Female,No,,Unknown,Placeholder 200,sara.hassan@hotmail.com,hotmail.com,Placeholder,750.02,Recorded,$750+,2024-03-28,Valid,2024,2024-Q1,2024-03,3,Mar,4,Thu,Yes,Unknown,,Missing,No rating,3,No
CUST1820,Fatma Hassan,Fatma,Hassan,Female,No,,Unknown,Placeholder 200,fatma.hassan@hotmail.com,hotmail.com,Placeholder,15.21,Recorded,Under $250,2024-10-09,Valid,2024,2024-Q4,2024-10,10,Oct,3,Wed,Yes,Books,1,Valid,Dissatisfied (1-2),5,No
CUST1821,Sara Ali,Sara,Ali,Female,No,,Unknown,Placeholder 200,sara.ali@gmail.com,gmail.com,Placeholder,,Missing,Unknown,2022-12-27,Valid,2022,2022-Q4,2022-12,12,Dec,2,Tue,Yes,Toys,5,Valid,Satisfied (4-5),4,No
CUST1822,Fatma Hassan,Fatma,Hassan,Female,No,,Unknown,Placeholder -1,fatma.hassan@yahoo.com,yahoo.com,Missing,107.16,Recorded,Under $250,2025-01-01,Valid,2025,2025-Q1,2025-01,1,Jan,3,Wed,Yes,Toys,,Out of range (10),No rating,4,No
CUST1823,Sara Mahmoud,Sara,Mahmoud,Male,Yes,,Unknown,Placeholder 200,sara.mahmoud@hotmail.com,hotmail.com,Placeholder,366.79,Recorded,$250-499,2025-07-11,Valid,2025,2025-Q3,2025-07,7,Jul,5,Fri,Partial,Electronics,5,Valid,Satisfied (4-5),5,No
CUST1824,Ahmed Ibrahim,Ahmed,Ibrahim,Female,Yes,81,75-90,Valid,ahmed.ibrahim@hotmail.com,hotmail.com,Missing,580.81,Recorded,$500-749,2023-05-29,Valid,2023,2023-Q2,2023-05,5,May,1,Mon,Yes,Books,,Missing,No rating,5,No
CUST1825,Alaa Smith,Alaa,Smith,Male,n/a,,Unknown,Placeholder 200,alaa.smith@yahoo.com,yahoo.com,Placeholder,676.66,Recorded,$500-749,2024-10-28,Valid,2024,2024-Q4,2024-10,10,Oct,1,Mon,Yes,Unknown,5,Valid,Satisfied (4-5),4,No
CUST1826,Ali Mahmoud,Ali,Mahmoud,Female,Yes,31,30-44,Valid,ali.mahmoud@gmail.com,gmail.com,Placeholder,897.67,Recorded,$750+,2023-06-27,Valid,2023,2023-Q2,2023-06,6,Jun,2,Tue,Yes,Unknown,1,Valid,Dissatisfied (1-2),5,No
CUST1827,Fatma Gaber,Fatma,Gaber,Female,No,,Unknown,Placeholder -1,fatma.gaber@gmail.com,gmail.com,Placeholder,671.19,Recorded,$500-749,2023-02-20,Valid,2023,2023-Q1,2023-02,2,Feb,1,Mon,Yes,Home,1,Valid,Dissatisfied (1-2),5,No
CUST1828,Lina Gaber,Lina,Gaber,Female,No,,Unknown,Placeholder 200,lina.gaber@gmail.com,gmail.com,Placeholder,,Missing,Unknown,2024-03-13,Valid,2024,2024-Q1,2024-03,3,Mar,3,Wed,Yes,Books,2,Valid,Dissatisfied (1-2),4,No
CUST1829,Fatma Ibrahim,Fatma,Ibrahim,Female,No,44,30-44,Valid,fatma.ibrahim@hotmail.com,hotmail.com,Missing,36.85,Recorded,Under $250,2023-04-14,Valid,2023,2023-Q2,2023-04,4,Apr,5,Fri,Yes,Home,,Out of range (10),No rating,5,No
CUST1830,Ali Mahmoud,Ali,Mahmoud,Male,No,,Unknown,Placeholder 200,ali.mahmoud@yahoo.com,yahoo.com,Placeholder,96.07,Recorded,Under $250,2025-07-23,Valid,2025,2025-Q3,2025-07,7,Jul,3,Wed,Partial,Books,,Out of range (10),No rating,4,No
CUST1831,Fatma Ibrahim,Fatma,Ibrahim,Male,Yes,,Unknown,Placeholder 200,fatma.ibrahim@hotmail.com,hotmail.com,Placeholder,419.59,Recorded,$250-499,2022-11-20,Valid,2022,2022-Q4,2022-11,11,Nov,7,Sun,Yes,Unknown,4,Valid,Satisfied (4-5),4,No
CUST1832,Sara Smith,Sara,Smith,Male,Yes,64,60-74,Valid,sara.smith@hotmail.com,hotmail.com,Placeholder,684.65,Recorded,$500-749,2024-08-13,Valid,2024,2024-Q3,2024-08,8,Aug,2,Tue,Yes,Electronics,5,Valid,Satisfied (4-5),6,Yes
CUST1833,Sara Smith,Sara,Smith,Female,No,,Unknown,Placeholder 200,sara.smith@hotmail.com,hotmail.com,Missing,688.93,Recorded,$500-749,2024-04-03,Valid,2024,2024-Q2,2024-04,4,Apr,3,Wed,Yes,Clothing,5,Valid,Satisfied (4-5),5,No
CUST1834,Ali Ibrahim,Ali,Ibrahim,Male,No,16,15-29,Valid,ali.ibrahim@hotmail.com,hotmail.com,Missing,804.02,Recorded,$750+,2025-01-18,Valid,2025,2025-Q1,2025-01,1,Jan,6,Sat,Yes,Books,,Missing,No rating,5,No
CUST1835,Ahmed Mahmoud,Ahmed,Mahmoud,Male,No,,Unknown,Placeholder -1,ahmed.mahmoud@hotmail.com,hotmail.com,Placeholder,705.04,Recorded,$500-749,2023-05-16,Valid,2023,2023-Q2,2023-05,5,May,2,Tue,Yes,Home,3,Valid,Neutral (3),5,No
CUST1836,Sara Gaber,Sara,Gaber,Female,No,,Unknown,Placeholder 200,sara.gaber@yahoo.com,yahoo.com,Missing,414.22,Recorded,$250-499,2023-09-12,Valid,2023,2023-Q3,2023-09,9,Sep,2,Tue,Yes,Clothing,1,Valid,Dissatisfied (1-2),5,No
CUST1837,John Gaber,John,Gaber,Female,Yes,,Unknown,Missing,john.gaber@gmail.com,gmail.com,Missing,440.01,Recorded,$250-499,2023-10-13,Valid,2023,2023-Q4,2023-10,10,Oct,5,Fri,Yes,Electronics,1,Valid,Dissatisfied (1-2),5,No
CUST1838,John Hassan,John,Hassan,Unknown,n/a,,Unknown,Placeholder 200,john.hassan@gmail.com,gmail.com,Placeholder,450.21,Recorded,$250-499,2025-07-06,Valid,2025,2025-Q3,2025-07,7,Jul,7,Sun,Partial,Unknown,1,Valid,Dissatisfied (1-2),3,No
CUST1839,Lina Mahmoud,Lina,Mahmoud,Male,Yes,81,75-90,Valid,lina.mahmoud@yahoo.com,yahoo.com,Placeholder,94.09,Recorded,Under $250,2022-12-04,Valid,2022,2022-Q4,2022-12,12,Dec,7,Sun,Yes,Books,1,Valid,Dissatisfied (1-2),6,Yes
CUST1840,John Gaber,John,Gaber,Male,No,,Unknown,Placeholder -1,john.gaber@gmail.com,gmail.com,Placeholder,782.23,Recorded,$750+,2023-05-18,Valid,2023,2023-Q2,2023-05,5,May,4,Thu,Yes,Books,5,Valid,Satisfied (4-5),5,No
CUST1841,Ahmed Mahmoud,Ahmed,Mahmoud,Male,No,,Unknown,Placeholder 200,ahmed.mahmoud@yahoo.com,yahoo.com,Missing,475.44,Recorded,$250-499,2023-08-19,Valid,2023,2023-Q3,2023-08,8,Aug,6,Sat,Yes,Electronics,2,Valid,Dissatisfied (1-2),5,No
CUST1842,Ali Smith,Ali,Smith,Female,Yes,,Unknown,Missing,ali.smith@yahoo.com,yahoo.com,Placeholder,766.0,Recorded,$750+,2023-01-25,Valid,2023,2023-Q1,2023-01,1,Jan,3,Wed,Yes,Books,,Missing,No rating,4,No
CUST1843,John Gaber,John,Gaber,Female,Yes,,Unknown,Placeholder -1,john.gaber@yahoo.com,yahoo.com,Placeholder,909.58,Recorded,$750+,2023-12-26,Valid,2023,2023-Q4,2023-12,12,Dec,2,Tue,Yes,Home,2,Valid,Dissatisfied (1-2),5,No
CUST1844,Ahmed Hassan,Ahmed,Hassan,Male,No,60,60-74,Valid,ahmed.hassan@gmail.com,gmail.com,Missing,571.23,Recorded,$500-749,2024-09-02,Valid,2024,2024-Q3,2024-09,9,Sep,1,Mon,Yes,Books,,Missing,No rating,5,No
CUST1845,Fatma Ali,Fatma,Ali,Female,No,,Unknown,Missing,fatma.ali@gmail.com,gmail.com,Placeholder,968.91,Recorded,$750+,2023-06-25,Valid,2023,2023-Q2,2023-06,6,Jun,7,Sun,Yes,Clothing,1,Valid,Dissatisfied (1-2),5,No
CUST1846,Ali Mahmoud,Ali,Mahmoud,Female,Yes,,Unknown,Placeholder -1,ali.mahmoud@yahoo.com,yahoo.com,Placeholder,671.33,Recorded,$500-749,2023-05-07,Valid,2023,2023-Q2,2023-05,5,May,7,Sun,Yes,Clothing,2,Valid,Dissatisfied (1-2),5,No
CUST1847,John Ali,John,Ali,Female,Yes,,Unknown,Placeholder 200,john.ali@gmail.com,gmail.com,Placeholder,828.98,Recorded,$750+,2023-11-11,Valid,2023,2023-Q4,2023-11,11,Nov,6,Sat,Yes,Books,1,Valid,Dissatisfied (1-2),5,No
CUST1848,Alaa Hassan,Alaa,Hassan,Female,n/a,,Unknown,Placeholder -1,alaa.hassan@hotmail.com,hotmail.com,Missing,441.57,Recorded,$250-499,2024-06-13,Valid,2024,2024-Q2,2024-06,6,Jun,4,Thu,Yes,Electronics,5,Valid,Satisfied (4-5),5,No
CUST1849,Sara Smith,Sara,Smith,Female,No,,Unknown,Placeholder 200,sara.smith@yahoo.com,yahoo.com,Placeholder,301.45,Recorded,$250-499,2025-02-02,Valid,2025,2025-Q1,2025-02,2,Feb,7,Sun,Yes,Toys,5,Valid,Satisfied (4-5),5,No
CUST1850,Sara Mahmoud,Sara,Mahmoud,Unknown,n/a,,Unknown,Missing,sara.mahmoud@yahoo.com,yahoo.com,Missing,196.89,Recorded,Under $250,2024-02-07,Valid,2024,2024-Q1,2024-02,2,Feb,3,Wed,Yes,Books,1,Valid,Dissatisfied (1-2),4,No
CUST1851,Fatma Smith,Fatma,Smith,Male,Yes,,Unknown,Missing,fatma.smith@gmail.com,gmail.com,Placeholder,854.81,Recorded,$750+,2023-08-18,Valid,2023,2023-Q3,2023-08,8,Aug,5,Fri,Yes,Toys,4,Valid,Satisfied (4-5),5,No
CUST1852,Ali Hassan,Ali,Hassan,Female,Yes,81,75-90,Valid,ali.hassan@yahoo.com,yahoo.com,Missing,191.99,Recorded,Under $250,2024-03-29,Valid,2024,2024-Q1,2024-03,3,Mar,5,Fri,Yes,Books,4,Valid,Satisfied (4-5),6,Yes
CUST1853,Ahmed Hassan,Ahmed,Hassan,Male,No,,Unknown,Placeholder -1,ahmed.hassan@gmail.com,gmail.com,Placeholder,7.82,Recorded,Under $250,2025-01-28,Valid,2025,2025-Q1,2025-01,1,Jan,2,Tue,Yes,Home,5,Valid,Satisfied (4-5),5,No
CUST1854,Ahmed Gaber,Ahmed,Gaber,Female,Yes,31,30-44,Valid,ahmed.gaber@yahoo.com,yahoo.com,Missing,842.92,Recorded,$750+,2025-06-16,Valid,2025,2025-Q2,2025-06,6,Jun,1,Mon,Yes,Books,2,Valid,Dissatisfied (1-2),6,Yes
CUST1855,Lina Hassan,Lina,Hassan,Male,Yes,58,45-59,Valid,lina.hassan@gmail.com,gmail.com,Missing,104.38,Recorded,Under $250,2024-12-27,Valid,2024,2024-Q4,2024-12,12,Dec,5,Fri,Yes,Clothing,4,Valid,Satisfied (4-5),6,Yes
CUST1856,Alaa Smith,Alaa,Smith,Female,n/a,,Unknown,Placeholder -1,alaa.smith@yahoo.com,yahoo.com,Missing,390.48,Recorded,$250-499,2022-12-24,Valid,2022,2022-Q4,2022-12,12,Dec,6,Sat,Yes,Electronics,5,Valid,Satisfied (4-5),5,No
CUST1857,Alaa Mahmoud,Alaa,Mahmoud,Male,n/a,,Unknown,Placeholder -1,alaa.mahmoud@yahoo.com,yahoo.com,Missing,123.28,Recorded,Under $250,2024-01-27,Valid,2024,2024-Q1,2024-01,1,Jan,6,Sat,Yes,Toys,,Out of range (10),No rating,4,No
CUST1858,Alaa Ali,Alaa,Ali,Male,n/a,,Unknown,Missing,alaa.ali@hotmail.com,hotmail.com,Missing,810.93,Recorded,$750+,2023-09-05,Valid,2023,2023-Q3,2023-09,9,Sep,2,Tue,Yes,Books,,Out of range (10),No rating,4,No
CUST1859,Ahmed Ali,Ahmed,Ali,Female,Yes,,Unknown,Placeholder -1,ahmed.ali@hotmail.com,hotmail.com,Placeholder,319.4,Recorded,$250-499,2024-12-31,Valid,2024,2024-Q4,2024-12,12,Dec,2,Tue,Yes,Toys,5,Valid,Satisfied (4-5),5,No
CUST1860,Ahmed Mahmoud,Ahmed,Mahmoud,Male,No,,Unknown,Placeholder 200,ahmed.mahmoud@hotmail.com,hotmail.com,Missing,372.35,Recorded,$250-499,2025-06-29,Valid,2025,2025-Q2,2025-06,6,Jun,7,Sun,Yes,Clothing,,Out of range (10),No rating,4,No
CUST1861,Lina Smith,Lina,Smith,Male,Yes,24,15-29,Valid,lina.smith@gmail.com,gmail.com,Missing,924.97,Recorded,$750+,2024-11-30,Valid,2024,2024-Q4,2024-11,11,Nov,6,Sat,Yes,Unknown,,Out of range (10),No rating,4,No
CUST1862,Alaa Smith,Alaa,Smith,Unknown,n/a,,Unknown,Missing,alaa.smith@hotmail.com,hotmail.com,Missing,57.98,Recorded,Under $250,2024-09-30,Valid,2024,2024-Q3,2024-09,9,Sep,1,Mon,Yes,Electronics,5,Valid,Satisfied (4-5),4,No
CUST1863,Lina Ali,Lina,Ali,Male,Yes,,Unknown,Placeholder -1,lina.ali@yahoo.com,yahoo.com,Missing,439.55,Recorded,$250-499,2022-11-08,Valid,2022,2022-Q4,2022-11,11,Nov,2,Tue,Yes,Clothing,5,Valid,Satisfied (4-5),5,No
CUST1864,Alaa Mahmoud,Alaa,Mahmoud,Male,n/a,,Unknown,Placeholder -1,alaa.mahmoud@hotmail.com,hotmail.com,Missing,233.45,Recorded,Under $250,2024-07-17,Valid,2024,2024-Q3,2024-07,7,Jul,3,Wed,Yes,Clothing,1,Valid,Dissatisfied (1-2),5,No
CUST1865,Lina Hassan,Lina,Hassan,Male,Yes,,Unknown,Placeholder 200,lina.hassan@hotmail.com,hotmail.com,Missing,130.88,Recorded,Under $250,2024-06-16,Valid,2024,2024-Q2,2024-06,6,Jun,7,Sun,Yes,Home,5,Valid,Satisfied (4-5),5,No
CUST1866,Ahmed Ali,Ahmed,Ali,Unknown,n/a,,Unknown,Placeholder 200,ahmed.ali@yahoo.com,yahoo.com,Missing,275.14,Recorded,$250-499,2024-05-23,Valid,2024,2024-Q2,2024-05,5,May,4,Thu,Yes,Unknown,,Missing,No rating,2,No
CUST1867,Mark Gaber,Mark,Gaber,Female,Yes,,Unknown,Placeholder 200,mark.gaber@yahoo.com,yahoo.com,Placeholder,973.32,Recorded,$750+,2023-12-21,Valid,2023,2023-Q4,2023-12,12,Dec,4,Thu,Yes,Unknown,3,Valid,Neutral (3),4,No
CUST1868,Fatma Mahmoud,Fatma,Mahmoud,Male,Yes,,Unknown,Missing,fatma.mahmoud@yahoo.com,yahoo.com,Placeholder,165.11,Recorded,Under $250,2025-06-10,Valid,2025,2025-Q2,2025-06,6,Jun,2,Tue,Yes,Books,4,Valid,Satisfied (4-5),5,No
CUST1869,Ahmed Gaber,Ahmed,Gaber,Male,No,,Unknown,Placeholder 200,ahmed.gaber@hotmail.com,hotmail.com,Missing,775.04,Recorded,$750+,2022-12-24,Valid,2022,2022-Q4,2022-12,12,Dec,6,Sat,Yes,Books,,Missing,No rating,4,No
CUST1870,Alaa Mahmoud,Alaa,Mahmoud,Female,n/a,,Unknown,Missing,alaa.mahmoud@yahoo.com,yahoo.com,Missing,,Missing,Unknown,2023-11-16,Valid,2023,2023-Q4,2023-11,11,Nov,4,Thu,Yes,Home,4,Valid,Satisfied (4-5),4,No
CUST1871,Mark Ali,Mark,Ali,Male,No,85,75-90,Valid,mark.ali@yahoo.com,yahoo.com,Placeholder,484.73,Recorded,$250-499,2024-06-13,Valid,2024,2024-Q2,2024-06,6,Jun,4,Thu,Yes,Toys,,Out of range (10),No rating,5,No
CUST1872,Lina Ali,Lina,Ali,Male,Yes,,Unknown,Placeholder 200,lina.ali@hotmail.com,hotmail.com,Placeholder,558.79,Recorded,$500-749,2023-04-07,Valid,2023,2023-Q2,2023-04,4,Apr,5,Fri,Yes,Toys,5,Valid,Satisfied (4-5),5,No
CUST1873,Ali Hassan,Ali,Hassan,Male,No,,Unknown,Placeholder -1,ali.hassan@gmail.com,gmail.com,Missing,922.79,Recorded,$750+,2023-04-12,Valid,2023,2023-Q2,2023-04,4,Apr,3,Wed,Yes,Electronics,2,Valid,Dissatisfied (1-2),5,No
CUST1874,Ahmed Ibrahim,Ahmed,Ibrahim,Male,No,,Unknown,Missing,ahmed.ibrahim@yahoo.com,yahoo.com,Placeholder,920.48,Recorded,$750+,,Invalid,,,,,,,,,Books,4,Valid,Satisfied (4-5),4,No
CUST1875,Ahmed Ali,Ahmed,Ali,Male,No,,Unknown,Placeholder -1,ahmed.ali@hotmail.com,hotmail.com,Missing,507.92,Recorded,$500-749,2024-12-11,Valid,2024,2024-Q4,2024-12,12,Dec,3,Wed,Yes,Electronics,1,Valid,Dissatisfied (1-2),5,No
CUST1876,Ali Smith,Ali,Smith,Male,No,58,45-59,Valid,ali.smith@yahoo.com,yahoo.com,Placeholder,62.54,Recorded,Under $250,2024-05-14,Valid,2024,2024-Q2,2024-05,5,May,2,Tue,Yes,Unknown,,Out of range (10),No rating,4,No
CUST1877,Mark Smith,Mark,Smith,Female,Yes,,Unknown,Placeholder -1,mark.smith@hotmail.com,hotmail.com,Missing,253.1,Recorded,$250-499,2025-02-16,Valid,2025,2025-Q1,2025-02,2,Feb,7,Sun,Yes,Toys,5,Valid,Satisfied (4-5),5,No
CUST1878,Mark Mahmoud,Mark,Mahmoud,Female,Yes,32,30-44,Valid,mark.mahmoud@yahoo.com,yahoo.com,Placeholder,869.71,Recorded,$750+,,Invalid,,,,,,,,,Clothing,2,Valid,Dissatisfied (1-2),5,No
CUST1879,Alaa Gaber,Alaa,Gaber,Female,n/a,73,60-74,Valid,alaa.gaber@gmail.com,gmail.com,Placeholder,667.14,Recorded,$500-749,2023-07-17,Valid,2023,2023-Q3,2023-07,7,Jul,1,Mon,Yes,Electronics,2,Valid,Dissatisfied (1-2),6,Yes
CUST1880,Ali Gaber,Ali,Gaber,Unknown,n/a,,Unknown,Placeholder -1,ali.gaber@yahoo.com,yahoo.com,Placeholder,713.82,Recorded,$500-749,2025-01-23,Valid,2025,2025-Q1,2025-01,1,Jan,4,Thu,Yes,Home,4,Valid,Satisfied (4-5),4,No
CUST1881,John Smith,John,Smith,Male,No,,Unknown,Missing,john.smith@gmail.com,gmail.com,Placeholder,588.21,Recorded,$500-749,2024-10-13,Valid,2024,2024-Q4,2024-10,10,Oct,7,Sun,Yes,Home,3,Valid,Neutral (3),5,No
CUST1882,Mark Hassan,Mark,Hassan,Male,No,77,75-90,Valid,mark.hassan@yahoo.com,yahoo.com,Missing,824.13,Recorded,$750+,2023-12-19,Valid,2023,2023-Q4,2023-12,12,Dec,2,Tue,Yes,Toys,4,Valid,Satisfied (4-5),6,Yes
CUST1883,Fatma Smith,Fatma,Smith,Unknown,n/a,,Unknown,Placeholder 200,fatma.smith@yahoo.com,yahoo.com,Missing,443.43,Recorded,$250-499,2023-02-28,Valid,2023,2023-Q1,2023-02,2,Feb,2,Tue,Yes,Books,,Out of range (10),No rating,3,No
CUST1884,Ahmed Ali,Ahmed,Ali,Male,No,,Unknown,Placeholder -1,ahmed.ali@yahoo.com,yahoo.com,Placeholder,386.22,Recorded,$250-499,,Invalid,,,,,,,,,Unknown,,Missing,No rating,2,No
CUST1885,Mark Mahmoud,Mark,Mahmoud,Unknown,n/a,,Unknown,Placeholder 200,mark.mahmoud@hotmail.com,hotmail.com,Missing,900.95,Recorded,$750+,2023-08-16,Valid,2023,2023-Q3,2023-08,8,Aug,3,Wed,Yes,Home,3,Valid,Neutral (3),4,No
CUST1886,Fatma Smith,Fatma,Smith,Male,Yes,,Unknown,Placeholder 200,fatma.smith@yahoo.com,yahoo.com,Missing,287.38,Recorded,$250-499,2023-01-06,Valid,2023,2023-Q1,2023-01,1,Jan,5,Fri,Yes,Electronics,,Missing,No rating,4,No
CUST1887,Sara Ibrahim,Sara,Ibrahim,Unknown,n/a,57,45-59,Valid,sara.ibrahim@hotmail.com,hotmail.com,Missing,707.11,Recorded,$500-749,2025-02-13,Valid,2025,2025-Q1,2025-02,2,Feb,4,Thu,Yes,Unknown,4,Valid,Satisfied (4-5),4,No
CUST1888,Lina Mahmoud,Lina,Mahmoud,Female,No,,Unknown,Missing,lina.mahmoud@yahoo.com,yahoo.com,Placeholder,280.01,Recorded,$250-499,2025-03-26,Valid,2025,2025-Q1,2025-03,3,Mar,3,Wed,Yes,Home,5,Valid,Satisfied (4-5),5,No
CUST1889,Fatma Ibrahim,Fatma,Ibrahim,Female,No,,Unknown,Missing,fatma.ibrahim@hotmail.com,hotmail.com,Placeholder,270.0,Recorded,$250-499,2024-08-23,Valid,2024,2024-Q3,2024-08,8,Aug,5,Fri,Yes,Electronics,,Out of range (10),No rating,4,No
CUST1890,Ahmed Ali,Ahmed,Ali,Male,No,,Unknown,Missing,ahmed.ali@yahoo.com,yahoo.com,Missing,417.85,Recorded,$250-499,2023-10-11,Valid,2023,2023-Q4,2023-10,10,Oct,3,Wed,Yes,Toys,1,Valid,Dissatisfied (1-2),5,No
CUST1891,Sara Ali,Sara,Ali,Unknown,n/a,,Unknown,Placeholder 200,sara.ali@yahoo.com,yahoo.com,Missing,881.56,Recorded,$750+,2023-10-19,Valid,2023,2023-Q4,2023-10,10,Oct,4,Thu,Yes,Clothing,1,Valid,Dissatisfied (1-2),4,No
CUST1892,Lina Smith,Lina,Smith,Male,Yes,65,60-74,Valid,lina.smith@hotmail.com,hotmail.com,Missing,615.02,Recorded,$500-749,2024-10-04,Valid,2024,2024-Q4,2024-10,10,Oct,5,Fri,Yes,Toys,,Missing,No rating,5,No
CUST1893,Fatma Gaber,Fatma,Gaber,Male,Yes,,Unknown,Placeholder 200,fatma.gaber@hotmail.com,hotmail.com,Placeholder,406.31,Recorded,$250-499,2024-04-20,Valid,2024,2024-Q2,2024-04,4,Apr,6,Sat,Yes,Toys,5,Valid,Satisfied (4-5),5,No
CUST1894,Fatma Hassan,Fatma,Hassan,Male,Yes,,Unknown,Placeholder 200,fatma.hassan@yahoo.com,yahoo.com,Missing,622.94,Recorded,$500-749,2024-12-08,Valid,2024,2024-Q4,2024-12,12,Dec,7,Sun,Yes,Books,,Missing,No rating,4,No
CUST1895,John Ibrahim,John,Ibrahim,Male,No,,Unknown,Missing,john.ibrahim@hotmail.com,hotmail.com,Missing,98.19,Recorded,Under $250,2022-11-06,Valid,2022,2022-Q4,2022-11,11,Nov,7,Sun,Yes,Home,,Out of range (10),No rating,4,No
CUST1896,Sara Ali,Sara,Ali,Male,Yes,,Unknown,Placeholder 200,sara.ali@yahoo.com,yahoo.com,Placeholder,253.19,Recorded,$250-499,2025-06-23,Valid,2025,2025-Q2,2025-06,6,Jun,1,Mon,Yes,Unknown,2,Valid,Dissatisfied (1-2),4,No
CUST1897,Sara Gaber,Sara,Gaber,Male,Yes,,Unknown,Placeholder 200,sara.gaber@hotmail.com,hotmail.com,Missing,546.06,Recorded,$500-749,2024-08-20,Valid,2024,2024-Q3,2024-08,8,Aug,2,Tue,Yes,Books,5,Valid,Satisfied (4-5),5,No
CUST1898,Ali Hassan,Ali,Hassan,Male,No,35,30-44,Valid,ali.hassan@yahoo.com,yahoo.com,Placeholder,132.09,Recorded,Under $250,2023-12-08,Valid,2023,2023-Q4,2023-12,12,Dec,5,Fri,Yes,Toys,,Out of range (10),No rating,5,No
CUST1899,Lina Smith,Lina,Smith,Unknown,n/a,,Unknown,Placeholder 200,lina.smith@hotmail.com,hotmail.com,Missing,365.7,Recorded,$250-499,2024-02-20,Valid,2024,2024-Q1,2024-02,2,Feb,2,Tue,Yes,Clothing,4,Valid,Satisfied (4-5),4,No
CUST1900,Sara Gaber,Sara,Gaber,Unknown,n/a,,Unknown,Placeholder -1,sara.gaber@yahoo.com,yahoo.com,Missing,660.39,Recorded,$500-749,2024-08-02,Valid,2024,2024-Q3,2024-08,8,Aug,5,Fri,Yes,Unknown,3,Valid,Neutral (3),3,No
CUST1901,John Gaber,John,Gaber,Male,No,,Unknown,Placeholder -1,john.gaber@hotmail.com,hotmail.com,Placeholder,,Missing,Unknown,2024-05-20,Valid,2024,2024-Q2,2024-05,5,May,1,Mon,Yes,Unknown,3,Valid,Neutral (3),3,No
CUST1902,John Hassan,John,Hassan,Unknown,n/a,,Unknown,Placeholder -1,john.hassan@gmail.com,gmail.com,Missing,735.24,Recorded,$500-749,2025-05-08,Valid,2025,2025-Q2,2025-05,5,May,4,Thu,Yes,Unknown,3,Valid,Neutral (3),3,No
CUST1903,Mark Smith,Mark,Smith,Female,Yes,49,45-59,Valid,mark.smith@gmail.com,gmail.com,Placeholder,713.77,Recorded,$500-749,2023-12-25,Valid,2023,2023-Q4,2023-12,12,Dec,1,Mon,Yes,Home,4,Valid,Satisfied (4-5),6,Yes
CUST1904,Lina Mahmoud,Lina,Mahmoud,Male,Yes,,Unknown,Placeholder -1,lina.mahmoud@hotmail.com,hotmail.com,Placeholder,481.41,Recorded,$250-499,2024-06-06,Valid,2024,2024-Q2,2024-06,6,Jun,4,Thu,Yes,Unknown,1,Valid,Dissatisfied (1-2),4,No
CUST1905,Alaa Gaber,Alaa,Gaber,Female,n/a,55,45-59,Valid,alaa.gaber@yahoo.com,yahoo.com,Missing,552.76,Recorded,$500-749,2023-04-03,Valid,2023,2023-Q2,2023-04,4,Apr,1,Mon,Yes,Unknown,2,Valid,Dissatisfied (1-2),5,No
CUST1906,Alaa Ibrahim,Alaa,Ibrahim,Male,n/a,,Unknown,Placeholder 200,alaa.ibrahim@hotmail.com,hotmail.com,Missing,401.33,Recorded,$250-499,2023-08-20,Valid,2023,2023-Q3,2023-08,8,Aug,7,Sun,Yes,Books,,Missing,No rating,4,No
CUST1907,Mark Smith,Mark,Smith,Male,No,,Unknown,Placeholder -1,mark.smith@yahoo.com,yahoo.com,Missing,735.85,Recorded,$500-749,2023-11-01,Valid,2023,2023-Q4,2023-11,11,Nov,3,Wed,Yes,Unknown,1,Valid,Dissatisfied (1-2),4,No
CUST1908,Sara Ali,Sara,Ali,Female,No,,Unknown,Missing,sara.ali@yahoo.com,yahoo.com,Missing,995.32,Recorded,$750+,2023-09-04,Valid,2023,2023-Q3,2023-09,9,Sep,1,Mon,Yes,Clothing,1,Valid,Dissatisfied (1-2),5,No
CUST1909,Lina Mahmoud,Lina,Mahmoud,Male,Yes,,Unknown,Placeholder 200,lina.mahmoud@yahoo.com,yahoo.com,Placeholder,239.97,Recorded,Under $250,2022-12-31,Valid,2022,2022-Q4,2022-12,12,Dec,6,Sat,Yes,Books,5,Valid,Satisfied (4-5),5,No
CUST1910,Fatma Gaber,Fatma,Gaber,Female,No,,Unknown,Missing,fatma.gaber@gmail.com,gmail.com,Placeholder,136.23,Recorded,Under $250,2024-01-03,Valid,2024,2024-Q1,2024-01,1,Jan,3,Wed,Yes,Toys,,Missing,No rating,4,No
CUST1911,Lina Gaber,Lina,Gaber,Male,Yes,,Unknown,Placeholder -1,lina.gaber@yahoo.com,yahoo.com,Placeholder,60.81,Recorded,Under $250,2024-10-09,Valid,2024,2024-Q4,2024-10,10,Oct,3,Wed,Yes,Books,,Missing,No rating,4,No
CUST1912,Fatma Ali,Fatma,Ali,Male,Yes,78,75-90,Valid,fatma.ali@gmail.com,gmail.com,Placeholder,237.65,Recorded,Under $250,2024-07-03,Valid,2024,2024-Q3,2024-07,7,Jul,3,Wed,Yes,Electronics,4,Valid,Satisfied (4-5),6,Yes
CUST1913,Ali Hassan,Ali,Hassan,Male,No,,Unknown,Placeholder 200,ali.hassan@gmail.com,gmail.com,Placeholder,240.68,Recorded,Under $250,2025-03-16,Valid,2025,2025-Q1,2025-03,3,Mar,7,Sun,Yes,Unknown,2,Valid,Dissatisfied (1-2),4,No
CUST1914,Mark Ali,Mark,Ali,Female,Yes,,Unknown,Missing,mark.ali@yahoo.com,yahoo.com,Placeholder,883.8,Recorded,$750+,2024-01-10,Valid,2024,2024-Q1,2024-01,1,Jan,3,Wed,Yes,Home,,Out of range (10),No rating,4,No
CUST1915,Ahmed Mahmoud,Ahmed,Mahmoud,Female,Yes,,Unknown,Placeholder -1,ahmed.mahmoud@gmail.com,gmail.com,Placeholder,267.12,Recorded,$250-499,2023-12-15,Valid,2023,2023-Q4,2023-12,12,Dec,5,Fri,Yes,Unknown,5,Valid,Satisfied (4-5),4,No
CUST1916,Ali Gaber,Ali,Gaber,Male,No,,Unknown,Placeholder 200,ali.gaber@hotmail.com,hotmail.com,Placeholder,498.85,Recorded,$250-499,2024-03-04,Valid,2024,2024-Q1,2024-03,3,Mar,1,Mon,Yes,Toys,3,Valid,Neutral (3),5,No
CUST1917,John Hassan,John,Hassan,Male,No,,Unknown,Placeholder -1,john.hassan@hotmail.com,hotmail.com,Placeholder,852.08,Recorded,$750+,2023-06-25,Valid,2023,2023-Q2,2023-06,6,Jun,7,Sun,Yes,Toys,1,Valid,Dissatisfied (1-2),5,No
CUST1918,Sara Mahmoud,Sara,Mahmoud,Unknown,n/a,84,75-90,Valid,sara.mahmoud@hotmail.com,hotmail.com,Missing,386.13,Recorded,$250-499,,Invalid,,,,,,,,,Unknown,,Out of range (10),No rating,2,No
CUST1919,Sara Gaber,Sara,Gaber,Male,Yes,,Unknown,Placeholder -1,sara.gaber@hotmail.com,hotmail.com,Placeholder,416.23,Recorded,$250-499,2023-12-30,Valid,2023,2023-Q4,2023-12,12,Dec,6,Sat,Yes,Unknown,4,Valid,Satisfied (4-5),4,No
CUST1920,Lina Smith,Lina,Smith,Female,No,,Unknown,Missing,lina.smith@hotmail.com,hotmail.com,Missing,964.11,Recorded,$750+,2024-09-01,Valid,2024,2024-Q3,2024-09,9,Sep,7,Sun,Yes,Books,5,Valid,Satisfied (4-5),5,No
CUST1921,Alaa Gaber,Alaa,Gaber,Male,n/a,,Unknown,Missing,alaa.gaber@gmail.com,gmail.com,Placeholder,865.36,Recorded,$750+,2023-08-28,Valid,2023,2023-Q3,2023-08,8,Aug,1,Mon,Yes,Unknown,1,Valid,Dissatisfied (1-2),4,No
CUST1922,Mark Hassan,Mark,Hassan,Male,No,,Unknown,Placeholder 200,mark.hassan@hotmail.com,hotmail.com,Placeholder,66.29,Recorded,Under $250,2023-04-21,Valid,2023,2023-Q2,2023-04,4,Apr,5,Fri,Yes,Unknown,,Missing,No rating,3,No
CUST1923,Ali Hassan,Ali,Hassan,Male,No,,Unknown,Placeholder 200,ali.hassan@gmail.com,gmail.com,Placeholder,241.37,Recorded,Under $250,2025-07-06,Valid,2025,2025-Q3,2025-07,7,Jul,7,Sun,Partial,Home,,Missing,No rating,4,No
CUST1924,John Mahmoud,John,Mahmoud,Male,No,,Unknown,Placeholder -1,john.mahmoud@gmail.com,gmail.com,Placeholder,61.86,Recorded,Under $250,2025-04-03,Valid,2025,2025-Q2,2025-04,4,Apr,4,Thu,Yes,Unknown,,Out of range (10),No rating,3,No
CUST1925,Ahmed Mahmoud,Ahmed,Mahmoud,Female,Yes,,Unknown,Placeholder -1,ahmed.mahmoud@hotmail.com,hotmail.com,Missing,502.01,Recorded,$500-749,2025-05-16,Valid,2025,2025-Q2,2025-05,5,May,5,Fri,Yes,Electronics,4,Valid,Satisfied (4-5),5,No
CUST1926,Mark Gaber,Mark,Gaber,Female,Yes,,Unknown,Missing,mark.gaber@hotmail.com,hotmail.com,Missing,147.58,Recorded,Under $250,2024-11-20,Valid,2024,2024-Q4,2024-11,11,Nov,3,Wed,Yes,Toys,,Out of range (10),No rating,4,No
CUST1927,Sara Gaber,Sara,Gaber,Female,No,,Unknown,Missing,sara.gaber@gmail.com,gmail.com,Missing,357.1,Recorded,$250-499,2025-04-04,Valid,2025,2025-Q2,2025-04,4,Apr,5,Fri,Yes,Clothing,2,Valid,Dissatisfied (1-2),5,No
CUST1928,Lina Gaber,Lina,Gaber,Female,No,,Unknown,Placeholder 200,lina.gaber@hotmail.com,hotmail.com,Missing,422.74,Recorded,$250-499,2023-09-12,Valid,2023,2023-Q3,2023-09,9,Sep,2,Tue,Yes,Toys,,Missing,No rating,4,No
CUST1929,Ali Ali,Ali,Ali,Male,No,72,60-74,Valid,ali.ali@hotmail.com,hotmail.com,Placeholder,68.23,Recorded,Under $250,2024-06-16,Valid,2024,2024-Q2,2024-06,6,Jun,7,Sun,Yes,Electronics,4,Valid,Satisfied (4-5),6,Yes
CUST1930,Lina Ali,Lina,Ali,Male,Yes,,Unknown,Placeholder -1,lina.ali@gmail.com,gmail.com,Missing,7.76,Recorded,Under $250,2022-12-04,Valid,2022,2022-Q4,2022-12,12,Dec,7,Sun,Yes,Unknown,2,Valid,Dissatisfied (1-2),4,No
CUST1931,Lina Ibrahim,Lina,Ibrahim,Male,Yes,49,45-59,Valid,lina.ibrahim@gmail.com,gmail.com,Placeholder,694.38,Recorded,$500-749,2022-12-22,Valid,2022,2022-Q4,2022-12,12,Dec,4,Thu,Yes,Clothing,,Out of range (10),No rating,5,No
CUST1932,Ahmed Gaber,Ahmed,Gaber,Female,Yes,,Unknown,Placeholder -1,ahmed.gaber@gmail.com,gmail.com,Missing,785.12,Recorded,$750+,2024-10-19,Valid,2024,2024-Q4,2024-10,10,Oct,6,Sat,Yes,Toys,,Missing,No rating,4,No
CUST1933,Ali Ali,Ali,Ali,Male,No,,Unknown,Placeholder -1,ali.ali@hotmail.com,hotmail.com,Missing,20.96,Recorded,Under $250,2024-01-16,Valid,2024,2024-Q1,2024-01,1,Jan,2,Tue,Yes,Toys,3,Valid,Neutral (3),5,No
CUST1934,Mark Hassan,Mark,Hassan,Female,Yes,86,75-90,Valid,mark.hassan@yahoo.com,yahoo.com,Placeholder,50.02,Recorded,Under $250,2024-02-08,Valid,2024,2024-Q1,2024-02,2,Feb,4,Thu,Yes,Books,,Out of range (10),No rating,5,No
CUST1935,Fatma Ali,Fatma,Ali,Male,Yes,,Unknown,Placeholder -1,fatma.ali@gmail.com,gmail.com,Missing,478.15,Recorded,$250-499,,Invalid,,,,,,,,,Books,3,Valid,Neutral (3),4,No
CUST1936,Fatma Ali,Fatma,Ali,Unknown,n/a,,Unknown,Placeholder 200,fatma.ali@gmail.com,gmail.com,Missing,82.46,Recorded,Under $250,2024-09-21,Valid,2024,2024-Q3,2024-09,9,Sep,6,Sat,Yes,Clothing,4,Valid,Satisfied (4-5),4,No
CUST1937,John Smith,John,Smith,Female,Yes,,Unknown,Missing,john.smith@yahoo.com,yahoo.com,Missing,774.03,Recorded,$750+,2023-05-21,Valid,2023,2023-Q2,2023-05,5,May,7,Sun,Yes,Unknown,1,Valid,Dissatisfied (1-2),4,No
CUST1938,Lina Hassan,Lina,Hassan,Female,No,50,45-59,Valid,lina.hassan@yahoo.com,yahoo.com,Missing,531.15,Recorded,$500-749,2023-06-09,Valid,2023,2023-Q2,2023-06,6,Jun,5,Fri,Yes,Toys,3,Valid,Neutral (3),6,Yes
CUST1939,Lina Hassan,Lina,Hassan,Male,Yes,,Unknown,Missing,lina.hassan@gmail.com,gmail.com,Missing,,Missing,Unknown,2025-04-11,Valid,2025,2025-Q2,2025-04,4,Apr,5,Fri,Yes,Electronics,,Out of range (10),No rating,3,No
CUST1940,Fatma Ali,Fatma,Ali,Male,Yes,18,15-29,Valid,fatma.ali@gmail.com,gmail.com,Missing,761.63,Recorded,$750+,2025-04-12,Valid,2025,2025-Q2,2025-04,4,Apr,6,Sat,Yes,Toys,5,Valid,Satisfied (4-5),6,Yes
CUST1941,Fatma Ali,Fatma,Ali,Male,Yes,36,30-44,Valid,fatma.ali@hotmail.com,hotmail.com,Missing,192.32,Recorded,Under $250,2024-10-01,Valid,2024,2024-Q4,2024-10,10,Oct,2,Tue,Yes,Home,4,Valid,Satisfied (4-5),6,Yes
CUST1942,Lina Smith,Lina,Smith,Female,No,37,30-44,Valid,lina.smith@hotmail.com,hotmail.com,Missing,65.6,Recorded,Under $250,2023-07-12,Valid,2023,2023-Q3,2023-07,7,Jul,3,Wed,Yes,Books,,Out of range (10),No rating,5,No
CUST1943,John Smith,John,Smith,Female,Yes,,Unknown,Placeholder -1,john.smith@gmail.com,gmail.com,Missing,496.85,Recorded,$250-499,2025-07-22,Valid,2025,2025-Q3,2025-07,7,Jul,2,Tue,Partial,Unknown,5,Valid,Satisfied (4-5),4,No
CUST1944,Ahmed Ali,Ahmed,Ali,Unknown,n/a,,Unknown,Missing,ahmed.ali@yahoo.com,yahoo.com,Placeholder,962.82,Recorded,$750+,2023-07-20,Valid,2023,2023-Q3,2023-07,7,Jul,4,Thu,Yes,Unknown,1,Valid,Dissatisfied (1-2),3,No
CUST1945,Sara Hassan,Sara,Hassan,Unknown,n/a,,Unknown,Placeholder -1,sara.hassan@hotmail.com,hotmail.com,Missing,703.65,Recorded,$500-749,2024-08-21,Valid,2024,2024-Q3,2024-08,8,Aug,3,Wed,Yes,Home,2,Valid,Dissatisfied (1-2),4,No
CUST1946,Sara Hassan,Sara,Hassan,Unknown,n/a,,Unknown,Placeholder 200,sara.hassan@yahoo.com,yahoo.com,Missing,608.22,Recorded,$500-749,2024-09-09,Valid,2024,2024-Q3,2024-09,9,Sep,1,Mon,Yes,Electronics,,Missing,No rating,3,No
CUST1947,Alaa Hassan,Alaa,Hassan,Unknown,n/a,,Unknown,Missing,alaa.hassan@gmail.com,gmail.com,Missing,500.01,Recorded,$500-749,2024-12-03,Valid,2024,2024-Q4,2024-12,12,Dec,2,Tue,Yes,Clothing,4,Valid,Satisfied (4-5),4,No
CUST1948,Ali Hassan,Ali,Hassan,Female,Yes,,Unknown,Missing,ali.hassan@yahoo.com,yahoo.com,Placeholder,348.05,Recorded,$250-499,2024-05-02,Valid,2024,2024-Q2,2024-05,5,May,4,Thu,Yes,Clothing,,Out of range (10),No rating,4,No
CUST1949,Mark Smith,Mark,Smith,Male,No,45,45-59,Valid,mark.smith@hotmail.com,hotmail.com,Missing,133.04,Recorded,Under $250,2022-11-06,Valid,2022,2022-Q4,2022-11,11,Nov,7,Sun,Yes,Clothing,,Missing,No rating,5,No
CUST1950,Mark Mahmoud,Mark,Mahmoud,Unknown,n/a,,Unknown,Placeholder 200,mark.mahmoud@hotmail.com,hotmail.com,Placeholder,148.63,Recorded,Under $250,2024-11-19,Valid,2024,2024-Q4,2024-11,11,Nov,2,Tue,Yes,Electronics,4,Valid,Satisfied (4-5),4,No
CUST1951,Fatma Ali,Fatma,Ali,Female,No,,Unknown,Placeholder 200,fatma.ali@yahoo.com,yahoo.com,Missing,958.79,Recorded,$750+,2023-06-06,Valid,2023,2023-Q2,2023-06,6,Jun,2,Tue,Yes,Books,,Out of range (10),No rating,4,No
CUST1952,Fatma Ali,Fatma,Ali,Male,Yes,,Unknown,Missing,fatma.ali@gmail.com,gmail.com,Missing,637.44,Recorded,$500-749,2023-05-20,Valid,2023,2023-Q2,2023-05,5,May,6,Sat,Yes,Toys,2,Valid,Dissatisfied (1-2),5,No
CUST1953,Sara Hassan,Sara,Hassan,Female,No,85,75-90,Valid,sara.hassan@yahoo.com,yahoo.com,Missing,538.28,Recorded,$500-749,2024-08-05,Valid,2024,2024-Q3,2024-08,8,Aug,1,Mon,Yes,Toys,5,Valid,Satisfied (4-5),6,Yes
CUST1954,Ali Ibrahim,Ali,Ibrahim,Male,No,,Unknown,Missing,ali.ibrahim@yahoo.com,yahoo.com,Placeholder,10.14,Recorded,Under $250,2024-04-11,Valid,2024,2024-Q2,2024-04,4,Apr,4,Thu,Yes,Unknown,1,Valid,Dissatisfied (1-2),4,No
CUST1955,Mark Ali,Mark,Ali,Male,No,,Unknown,Missing,mark.ali@gmail.com,gmail.com,Missing,304.08,Recorded,$250-499,2023-08-19,Valid,2023,2023-Q3,2023-08,8,Aug,6,Sat,Yes,Unknown,4,Valid,Satisfied (4-5),4,No
CUST1956,Lina Mahmoud,Lina,Mahmoud,Unknown,n/a,89,75-90,Valid,lina.mahmoud@hotmail.com,hotmail.com,Missing,891.62,Recorded,$750+,2023-08-07,Valid,2023,2023-Q3,2023-08,8,Aug,1,Mon,Yes,Unknown,2,Valid,Dissatisfied (1-2),4,No
CUST1957,Ali Ibrahim,Ali,Ibrahim,Male,No,,Unknown,Placeholder 200,ali.ibrahim@yahoo.com,yahoo.com,Missing,769.3,Recorded,$750+,2023-06-18,Valid,2023,2023-Q2,2023-06,6,Jun,7,Sun,Yes,Clothing,,Missing,No rating,4,No
CUST1958,Lina Smith,Lina,Smith,Female,No,,Unknown,Placeholder -1,lina.smith@gmail.com,gmail.com,Placeholder,928.11,Recorded,$750+,,Invalid,,,,,,,,,Unknown,,Missing,No rating,2,No
CUST1959,Lina Smith,Lina,Smith,Male,Yes,,Unknown,Placeholder 200,lina.smith@hotmail.com,hotmail.com,Placeholder,,Missing,Unknown,2024-03-13,Valid,2024,2024-Q1,2024-03,3,Mar,3,Wed,Yes,Toys,5,Valid,Satisfied (4-5),4,No
CUST1960,Sara Hassan,Sara,Hassan,Male,Yes,,Unknown,Placeholder 200,sara.hassan@yahoo.com,yahoo.com,Placeholder,772.13,Recorded,$750+,2025-04-24,Valid,2025,2025-Q2,2025-04,4,Apr,4,Thu,Yes,Books,2,Valid,Dissatisfied (1-2),5,No
CUST1961,Ali Ibrahim,Ali,Ibrahim,Male,No,,Unknown,Placeholder 200,ali.ibrahim@yahoo.com,yahoo.com,Placeholder,171.48,Recorded,Under $250,2025-07-02,Valid,2025,2025-Q3,2025-07,7,Jul,3,Wed,Partial,Unknown,,Out of range (10),No rating,3,No
CUST1962,Alaa Ali,Alaa,Ali,Female,n/a,,Unknown,Placeholder 200,alaa.ali@hotmail.com,hotmail.com,Placeholder,21.41,Recorded,Under $250,2023-04-24,Valid,2023,2023-Q2,2023-04,4,Apr,1,Mon,Yes,Unknown,,Missing,No rating,3,No
CUST1963,Lina Ibrahim,Lina,Ibrahim,Female,No,,Unknown,Placeholder -1,lina.ibrahim@hotmail.com,hotmail.com,Missing,401.18,Recorded,$250-499,2024-09-05,Valid,2024,2024-Q3,2024-09,9,Sep,4,Thu,Yes,Electronics,3,Valid,Neutral (3),5,No
CUST1964,Ahmed Ibrahim,Ahmed,Ibrahim,Male,No,,Unknown,Missing,ahmed.ibrahim@gmail.com,gmail.com,Placeholder,720.07,Recorded,$500-749,2023-03-04,Valid,2023,2023-Q1,2023-03,3,Mar,6,Sat,Yes,Clothing,,Out of range (10),No rating,4,No
CUST1965,John Ibrahim,John,Ibrahim,Male,No,,Unknown,Placeholder 200,john.ibrahim@hotmail.com,hotmail.com,Placeholder,313.65,Recorded,$250-499,,Invalid,,,,,,,,,Electronics,5,Valid,Satisfied (4-5),4,No
CUST1966,Sara Smith,Sara,Smith,Male,Yes,,Unknown,Placeholder 200,sara.smith@gmail.com,gmail.com,Missing,978.75,Recorded,$750+,2023-06-07,Valid,2023,2023-Q2,2023-06,6,Jun,3,Wed,Yes,Toys,4,Valid,Satisfied (4-5),5,No
CUST1967,Ali Smith,Ali,Smith,Male,No,,Unknown,Placeholder 200,ali.smith@gmail.com,gmail.com,Placeholder,199.73,Recorded,Under $250,2024-08-15,Valid,2024,2024-Q3,2024-08,8,Aug,4,Thu,Yes,Clothing,,Out of range (10),No rating,4,No
CUST1968,Ahmed Gaber,Ahmed,Gaber,Female,Yes,57,45-59,Valid,ahmed.gaber@yahoo.com,yahoo.com,Missing,133.59,Recorded,Under $250,2025-05-15,Valid,2025,2025-Q2,2025-05,5,May,4,Thu,Yes,Clothing,1,Valid,Dissatisfied (1-2),6,Yes
CUST1969,John Ibrahim,John,Ibrahim,Male,No,50,45-59,Valid,john.ibrahim@gmail.com,gmail.com,Missing,817.87,Recorded,$750+,2024-06-16,Valid,2024,2024-Q2,2024-06,6,Jun,7,Sun,Yes,Books,2,Valid,Dissatisfied (1-2),6,Yes
CUST1970,Mark Hassan,Mark,Hassan,Male,No,39,30-44,Valid,mark.hassan@yahoo.com,yahoo.com,Placeholder,795.89,Recorded,$750+,2022-10-27,Valid,2022,2022-Q4,2022-10,10,Oct,4,Thu,Partial,Toys,5,Valid,Satisfied (4-5),6,Yes
CUST1971,Lina Smith,Lina,Smith,Male,Yes,,Unknown,Placeholder -1,lina.smith@yahoo.com,yahoo.com,Placeholder,729.0,Recorded,$500-749,2024-11-02,Valid,2024,2024-Q4,2024-11,11,Nov,6,Sat,Yes,Home,,Missing,No rating,4,No
CUST1972,Ahmed Ali,Ahmed,Ali,Unknown,n/a,,Unknown,Missing,ahmed.ali@hotmail.com,hotmail.com,Placeholder,67.43,Recorded,Under $250,2024-11-14,Valid,2024,2024-Q4,2024-11,11,Nov,4,Thu,Yes,Clothing,4,Valid,Satisfied (4-5),4,No
CUST1973,Alaa Smith,Alaa,Smith,Female,n/a,,Unknown,Placeholder 200,alaa.smith@hotmail.com,hotmail.com,Missing,402.62,Recorded,$250-499,2024-10-24,Valid,2024,2024-Q4,2024-10,10,Oct,4,Thu,Yes,Electronics,,Missing,No rating,4,No
CUST1974,Lina Ibrahim,Lina,Ibrahim,Female,No,,Unknown,Missing,lina.ibrahim@gmail.com,gmail.com,Placeholder,943.36,Recorded,$750+,2025-03-13,Valid,2025,2025-Q1,2025-03,3,Mar,4,Thu,Yes,Books,3,Valid,Neutral (3),5,No
CUST1975,Sara Ali,Sara,Ali,Male,Yes,79,75-90,Valid,sara.ali@gmail.com,gmail.com,Placeholder,398.76,Recorded,$250-499,2022-11-01,Valid,2022,2022-Q4,2022-11,11,Nov,2,Tue,Yes,Electronics,,Missing,No rating,5,No
CUST1976,Lina Gaber,Lina,Gaber,Male,Yes,,Unknown,Placeholder -1,lina.gaber@gmail.com,gmail.com,Missing,26.72,Recorded,Under $250,2025-03-15,Valid,2025,2025-Q1,2025-03,3,Mar,6,Sat,Yes,Electronics,5,Valid,Satisfied (4-5),5,No
CUST1977,Alaa Gaber,Alaa,Gaber,Female,n/a,58,45-59,Valid,alaa.gaber@gmail.com,gmail.com,Missing,,Missing,Unknown,2023-02-23,Valid,2023,2023-Q1,2023-02,2,Feb,4,Thu,Yes,Unknown,,Out of range (10),No rating,3,No
CUST1978,Alaa Gaber,Alaa,Gaber,Female,n/a,,Unknown,Placeholder -1,alaa.gaber@yahoo.com,yahoo.com,Placeholder,270.25,Recorded,$250-499,2024-02-05,Valid,2024,2024-Q1,2024-02,2,Feb,1,Mon,Yes,Home,4,Valid,Satisfied (4-5),5,No
CUST1979,Fatma Gaber,Fatma,Gaber,Male,Yes,87,75-90,Valid,fatma.gaber@gmail.com,gmail.com,Placeholder,655.97,Recorded,$500-749,,Invalid,,,,,,,,,Unknown,4,Valid,Satisfied (4-5),4,No
CUST1980,Alaa Mahmoud,Alaa,Mahmoud,Female,n/a,,Unknown,Placeholder -1,alaa.mahmoud@hotmail.com,hotmail.com,Missing,161.6,Recorded,Under $250,2022-12-03,Valid,2022,2022-Q4,2022-12,12,Dec,6,Sat,Yes,Unknown,2,Valid,Dissatisfied (1-2),4,No
CUST1981,Sara Ali,Sara,Ali,Female,No,73,60-74,Valid,sara.ali@hotmail.com,hotmail.com,Missing,111.75,Recorded,Under $250,2023-10-04,Valid,2023,2023-Q4,2023-10,10,Oct,3,Wed,Yes,Unknown,,Out of range (10),No rating,4,No
CUST1982,Mark Hassan,Mark,Hassan,Male,No,,Unknown,Missing,mark.hassan@hotmail.com,hotmail.com,Placeholder,437.5,Recorded,$250-499,2023-10-18,Valid,2023,2023-Q4,2023-10,10,Oct,3,Wed,Yes,Home,,Out of range (10),No rating,4,No
CUST1983,Alaa Hassan,Alaa,Hassan,Female,n/a,,Unknown,Placeholder 200,alaa.hassan@yahoo.com,yahoo.com,Placeholder,695.75,Recorded,$500-749,2024-06-02,Valid,2024,2024-Q2,2024-06,6,Jun,7,Sun,Yes,Unknown,,Missing,No rating,3,No
CUST1984,John Mahmoud,John,Mahmoud,Male,No,,Unknown,Placeholder 200,john.mahmoud@yahoo.com,yahoo.com,Missing,346.73,Recorded,$250-499,2024-06-22,Valid,2024,2024-Q2,2024-06,6,Jun,6,Sat,Yes,Clothing,,Missing,No rating,4,No
CUST1985,Lina Hassan,Lina,Hassan,Male,Yes,,Unknown,Placeholder 200,lina.hassan@hotmail.com,hotmail.com,Missing,318.35,Recorded,$250-499,2024-06-27,Valid,2024,2024-Q2,2024-06,6,Jun,4,Thu,Yes,Unknown,5,Valid,Satisfied (4-5),4,No
CUST1986,Sara Ali,Sara,Ali,Female,No,90,75-90,Valid,sara.ali@hotmail.com,hotmail.com,Missing,558.91,Recorded,$500-749,2023-07-07,Valid,2023,2023-Q3,2023-07,7,Jul,5,Fri,Yes,Home,5,Valid,Satisfied (4-5),6,Yes
CUST1987,John Gaber,John,Gaber,Male,No,,Unknown,Placeholder -1,john.gaber@yahoo.com,yahoo.com,Placeholder,655.35,Recorded,$500-749,2024-03-23,Valid,2024,2024-Q1,2024-03,3,Mar,6,Sat,Yes,Toys,4,Valid,Satisfied (4-5),5,No
CUST1988,Fatma Ali,Fatma,Ali,Female,No,,Unknown,Placeholder 200,fatma.ali@hotmail.com,hotmail.com,Missing,473.39,Recorded,$250-499,2025-06-29,Valid,2025,2025-Q2,2025-06,6,Jun,7,Sun,Yes,Clothing,,Out of range (10),No rating,4,No
CUST1989,Ali Hassan,Ali,Hassan,Female,Yes,,Unknown,Placeholder -1,ali.hassan@gmail.com,gmail.com,Placeholder,246.87,Recorded,Under $250,2023-04-23,Valid,2023,2023-Q2,2023-04,4,Apr,7,Sun,Yes,Unknown,,Out of range (10),No rating,3,No
CUST1990,Ahmed Ibrahim,Ahmed,Ibrahim,Female,Yes,,Unknown,Placeholder -1,ahmed.ibrahim@hotmail.com,hotmail.com,Missing,51.54,Recorded,Under $250,2023-05-30,Valid,2023,2023-Q2,2023-05,5,May,2,Tue,Yes,Unknown,4,Valid,Satisfied (4-5),4,No
CUST1991,Lina Ali,Lina,Ali,Female,No,,Unknown,Placeholder 200,lina.ali@yahoo.com,yahoo.com,Placeholder,,Missing,Unknown,,Invalid,,,,,,,,,Unknown,5,Valid,Satisfied (4-5),2,No
CUST1992,John Ali,John,Ali,Female,Yes,79,75-90,Valid,john.ali@gmail.com,gmail.com,Missing,68.52,Recorded,Under $250,2025-02-21,Valid,2025,2025-Q1,2025-02,2,Feb,5,Fri,Yes,Unknown,3,Valid,Neutral (3),5,No
CUST1993,Lina Gaber,Lina,Gaber,Male,Yes,,Unknown,Missing,lina.gaber@gmail.com,gmail.com,Placeholder,661.72,Recorded,$500-749,2025-06-16,Valid,2025,2025-Q2,2025-06,6,Jun,1,Mon,Yes,Toys,5,Valid,Satisfied (4-5),5,No
CUST1994,Sara Smith,Sara,Smith,Male,Yes,,Unknown,Placeholder -1,sara.smith@yahoo.com,yahoo.com,Missing,766.04,Recorded,$750+,2024-10-14,Valid,2024,2024-Q4,2024-10,10,Oct,1,Mon,Yes,Toys,1,Valid,Dissatisfied (1-2),5,No
CUST1995,Alaa Gaber,Alaa,Gaber,Male,n/a,,Unknown,Placeholder 200,alaa.gaber@yahoo.com,yahoo.com,Missing,956.56,Recorded,$750+,2024-03-19,Valid,2024,2024-Q1,2024-03,3,Mar,2,Tue,Yes,Unknown,,Missing,No rating,3,No
CUST1996,Fatma Smith,Fatma,Smith,Unknown,n/a,,Unknown,Missing,fatma.smith@gmail.com,gmail.com,Missing,973.82,Recorded,$750+,2024-02-17,Valid,2024,2024-Q1,2024-02,2,Feb,6,Sat,Yes,Unknown,5,Valid,Satisfied (4-5),3,No
CUST1997,Alaa Ali,Alaa,Ali,Male,n/a,68,60-74,Valid,alaa.ali@yahoo.com,yahoo.com,Missing,882.47,Recorded,$750+,2024-07-27,Valid,2024,2024-Q3,2024-07,7,Jul,6,Sat,Yes,Electronics,,Missing,No rating,5,No
CUST1998,John Smith,John,Smith,Female,Yes,66,60-74,Valid,john.smith@gmail.com,gmail.com,Placeholder,,Missing,Unknown,2023-06-14,Valid,2023,2023-Q2,2023-06,6,Jun,3,Wed,Yes,Home,,Missing,No rating,4,No
CUST1999,Alaa Hassan,Alaa,Hassan,Female,n/a,,Unknown,Placeholder 200,alaa.hassan@hotmail.com,hotmail.com,Missing,844.29,Recorded,$750+,2023-10-02,Valid,2023,2023-Q4,2023-10,10,Oct,1,Mon,Yes,Toys,3,Valid,Neutral (3),5,No
CUST2000,Lina Ibrahim,Lina,Ibrahim,Female,No,,Unknown,Placeholder 200,lina.ibrahim@gmail.com,gmail.com,Missing,753.41,Recorded,$750+,2023-06-20,Valid,2023,2023-Q2,2023-06,6,Jun,2,Tue,Yes,Clothing,5,Valid,Satisfied (4-5),5,No
CUST2001,Fatma Smith,Fatma,Smith,Unknown,n/a,,Unknown,Missing,fatma.smith@yahoo.com,yahoo.com,Missing,377.49,Recorded,$250-499,2025-01-02,Valid,2025,2025-Q1,2025-01,1,Jan,4,Thu,Yes,Unknown,4,Valid,Satisfied (4-5),3,No
CUST2002,Sara Hassan,Sara,Hassan,Female,No,,Unknown,Missing,sara.hassan@hotmail.com,hotmail.com,Missing,271.18,Recorded,$250-499,2024-12-07,Valid,2024,2024-Q4,2024-12,12,Dec,6,Sat,Yes,Books,2,Valid,Dissatisfied (1-2),5,No
CUST2003,Fatma Ali,Fatma,Ali,Female,No,,Unknown,Missing,fatma.ali@yahoo.com,yahoo.com,Missing,456.16,Recorded,$250-499,2024-05-31,Valid,2024,2024-Q2,2024-05,5,May,5,Fri,Yes,Electronics,,Out of range (10),No rating,4,No
CUST2004,John Hassan,John,Hassan,Female,Yes,32,30-44,Valid,john.hassan@hotmail.com,hotmail.com,Placeholder,564.13,Recorded,$500-749,2024-08-06,Valid,2024,2024-Q3,2024-08,8,Aug,2,Tue,Yes,Home,5,Valid,Satisfied (4-5),6,Yes
CUST2005,Alaa Gaber,Alaa,Gaber,Female,n/a,,Unknown,Placeholder 200,alaa.gaber@yahoo.com,yahoo.com,Placeholder,426.99,Recorded,$250-499,2024-05-02,Valid,2024,2024-Q2,2024-05,5,May,4,Thu,Yes,Electronics,,Out of range (10),No rating,4,No
CUST2006,Fatma Ibrahim,Fatma,Ibrahim,Female,No,,Unknown,Placeholder -1,fatma.ibrahim@hotmail.com,hotmail.com,Missing,707.65,Recorded,$500-749,2022-11-25,Valid,2022,2022-Q4,2022-11,11,Nov,5,Fri,Yes,Unknown,4,Valid,Satisfied (4-5),4,No
CUST2007,Lina Smith,Lina,Smith,Male,Yes,,Unknown,Placeholder 200,lina.smith@gmail.com,gmail.com,Missing,56.46,Recorded,Under $250,2023-12-23,Valid,2023,2023-Q4,2023-12,12,Dec,6,Sat,Yes,Unknown,5,Valid,Satisfied (4-5),4,No
CUST2008,John Mahmoud,John,Mahmoud,Male,No,,Unknown,Placeholder 200,john.mahmoud@gmail.com,gmail.com,Missing,32.22,Recorded,Under $250,2024-02-18,Valid,2024,2024-Q1,2024-02,2,Feb,7,Sun,Yes,Unknown,2,Valid,Dissatisfied (1-2),4,No
CUST2009,Lina Gaber,Lina,Gaber,Female,No,,Unknown,Missing,lina.gaber@hotmail.com,hotmail.com,Placeholder,857.08,Recorded,$750+,2024-07-31,Valid,2024,2024-Q3,2024-07,7,Jul,3,Wed,Yes,Unknown,4,Valid,Satisfied (4-5),4,No
CUST2010,Ali Mahmoud,Ali,Mahmoud,Male,No,,Unknown,Placeholder 200,ali.mahmoud@yahoo.com,yahoo.com,Missing,567.38,Recorded,$500-749,2023-04-11,Valid,2023,2023-Q2,2023-04,4,Apr,2,Tue,Yes,Unknown,2,Valid,Dissatisfied (1-2),4,No
CUST2011,Ahmed Ali,Ahmed,Ali,Female,Yes,,Unknown,Placeholder 200,ahmed.ali@hotmail.com,hotmail.com,Missing,887.59,Recorded,$750+,2023-12-09,Valid,2023,2023-Q4,2023-12,12,Dec,6,Sat,Yes,Books,3,Valid,Neutral (3),5,No
CUST2012,Ahmed Gaber,Ahmed,Gaber,Male,No,67,60-74,Valid,ahmed.gaber@yahoo.com,yahoo.com,Missing,654.53,Recorded,$500-749,2024-11-05,Valid,2024,2024-Q4,2024-11,11,Nov,2,Tue,Yes,Books,,Missing,No rating,5,No
CUST2013,Ahmed Smith,Ahmed,Smith,Unknown,n/a,,Unknown,Placeholder -1,ahmed.smith@hotmail.com,hotmail.com,Missing,96.84,Recorded,Under $250,2023-07-12,Valid,2023,2023-Q3,2023-07,7,Jul,3,Wed,Yes,Electronics,5,Valid,Satisfied (4-5),4,No
CUST2014,Fatma Gaber,Fatma,Gaber,Female,No,88,75-90,Valid,fatma.gaber@gmail.com,gmail.com,Placeholder,341.26,Recorded,$250-499,2023-12-04,Valid,2023,2023-Q4,2023-12,12,Dec,1,Mon,Yes,Unknown,4,Valid,Satisfied (4-5),5,No
CUST2015,John Smith,John,Smith,Male,No,,Unknown,Placeholder 200,john.smith@gmail.com,gmail.com,Missing,98.57,Recorded,Under $250,2023-05-25,Valid,2023,2023-Q2,2023-05,5,May,4,Thu,Yes,Electronics,,Out of range (10),No rating,4,No
CUST2016,Sara Hassan,Sara,Hassan,Male,Yes,24,15-29,Valid,sara.hassan@gmail.com,gmail.com,Placeholder,369.46,Recorded,$250-499,2025-07-08,Valid,2025,2025-Q3,2025-07,7,Jul,2,Tue,Partial,Electronics,4,Valid,Satisfied (4-5),6,Yes
CUST2017,Alaa Hassan,Alaa,Hassan,Unknown,n/a,,Unknown,Placeholder 200,alaa.hassan@hotmail.com,hotmail.com,Missing,101.53,Recorded,Under $250,2022-11-09,Valid,2022,2022-Q4,2022-11,11,Nov,3,Wed,Yes,Books,,Missing,No rating,3,No
CUST2018,Fatma Hassan,Fatma,Hassan,Female,No,,Unknown,Missing,fatma.hassan@yahoo.com,yahoo.com,Placeholder,206.02,Recorded,Under $250,2023-04-25,Valid,2023,2023-Q2,2023-04,4,Apr,2,Tue,Yes,Clothing,1,Valid,Dissatisfied (1-2),5,No
CUST2019,Ali Gaber,Ali,Gaber,Male,No,77,75-90,Valid,ali.gaber@gmail.com,gmail.com,Missing,713.49,Recorded,$500-749,2023-08-18,Valid,2023,2023-Q3,2023-08,8,Aug,5,Fri,Yes,Home,1,Valid,Dissatisfied (1-2),6,Yes
CUST2020,Ali Ibrahim,Ali,Ibrahim,Male,No,,Unknown,Missing,ali.ibrahim@gmail.com,gmail.com,Placeholder,695.18,Recorded,$500-749,2024-07-11,Valid,2024,2024-Q3,2024-07,7,Jul,4,Thu,Yes,Unknown,2,Valid,Dissatisfied (1-2),4,No
CUST2021,John Smith,John,Smith,Female,Yes,,Unknown,Missing,john.smith@yahoo.com,yahoo.com,Placeholder,580.59,Recorded,$500-749,2023-04-16,Valid,2023,2023-Q2,2023-04,4,Apr,7,Sun,Yes,Home,,Out of range (10),No rating,4,No
CUST2022,Alaa Mahmoud,Alaa,Mahmoud,Female,n/a,,Unknown,Placeholder 200,alaa.mahmoud@yahoo.com,yahoo.com,Placeholder,670.08,Recorded,$500-749,2023-06-16,Valid,2023,2023-Q2,2023-06,6,Jun,5,Fri,Yes,Electronics,4,Valid,Satisfied (4-5),5,No
CUST2023,Sara Mahmoud,Sara,Mahmoud,Female,No,,Unknown,Placeholder -1,sara.mahmoud@yahoo.com,yahoo.com,Placeholder,,Missing,Unknown,2023-10-18,Valid,2023,2023-Q4,2023-10,10,Oct,3,Wed,Yes,Toys,,Missing,No rating,3,No
CUST2024,Lina Gaber,Lina,Gaber,Female,No,72,60-74,Valid,lina.gaber@hotmail.com,hotmail.com,Placeholder,681.86,Recorded,$500-749,2024-04-26,Valid,2024,2024-Q2,2024-04,4,Apr,5,Fri,Yes,Toys,1,Valid,Dissatisfied (1-2),6,Yes
CUST2025,Ahmed Hassan,Ahmed,Hassan,Male,No,,Unknown,Placeholder -1,ahmed.hassan@gmail.com,gmail.com,Placeholder,471.54,Recorded,$250-499,2025-07-06,Valid,2025,2025-Q3,2025-07,7,Jul,7,Sun,Partial,Electronics,5,Valid,Satisfied (4-5),5,No
CUST2026,John Hassan,John,Hassan,Unknown,n/a,,Unknown,Missing,john.hassan@gmail.com,gmail.com,Missing,459.47,Recorded,$250-499,2023-04-04,Valid,2023,2023-Q2,2023-04,4,Apr,2,Tue,Yes,Toys,3,Valid,Neutral (3),4,No
CUST2027,John Mahmoud,John,Mahmoud,Male,No,,Unknown,Placeholder -1,john.mahmoud@gmail.com,gmail.com,Placeholder,680.3,Recorded,$500-749,2022-11-14,Valid,2022,2022-Q4,2022-11,11,Nov,1,Mon,Yes,Unknown,,Out of range (10),No rating,3,No
CUST2028,John Mahmoud,John,Mahmoud,Female,Yes,29,15-29,Valid,john.mahmoud@hotmail.com,hotmail.com,Missing,832.74,Recorded,$750+,2022-11-12,Valid,2022,2022-Q4,2022-11,11,Nov,6,Sat,Yes,Books,,Out of range (10),No rating,5,No
CUST2029,Ahmed Ali,Ahmed,Ali,Female,Yes,,Unknown,Placeholder -1,ahmed.ali@yahoo.com,yahoo.com,Missing,131.29,Recorded,Under $250,2023-05-02,Valid,2023,2023-Q2,2023-05,5,May,2,Tue,Yes,Home,5,Valid,Satisfied (4-5),5,No
CUST2030,Fatma Gaber,Fatma,Gaber,Female,No,50,45-59,Valid,fatma.gaber@hotmail.com,hotmail.com,Placeholder,339.81,Recorded,$250-499,2025-06-16,Valid,2025,2025-Q2,2025-06,6,Jun,1,Mon,Yes,Clothing,1,Valid,Dissatisfied (1-2),6,Yes
CUST2031,Sara Ibrahim,Sara,Ibrahim,Male,Yes,,Unknown,Placeholder 200,sara.ibrahim@gmail.com,gmail.com,Missing,,Missing,Unknown,2024-10-17,Valid,2024,2024-Q4,2024-10,10,Oct,4,Thu,Yes,Books,,Out of range (10),No rating,3,No
CUST2032,Sara Smith,Sara,Smith,Unknown,n/a,,Unknown,Missing,sara.smith@gmail.com,gmail.com,Missing,228.29,Recorded,Under $250,2024-05-02,Valid,2024,2024-Q2,2024-05,5,May,4,Thu,Yes,Clothing,,Missing,No rating,3,No
CUST2033,Alaa Ali,Alaa,Ali,Male,n/a,80,75-90,Valid,alaa.ali@hotmail.com,hotmail.com,Placeholder,910.15,Recorded,$750+,2024-09-21,Valid,2024,2024-Q3,2024-09,9,Sep,6,Sat,Yes,Clothing,,Missing,No rating,5,No
CUST2034,Ali Mahmoud,Ali,Mahmoud,Male,No,,Unknown,Placeholder -1,ali.mahmoud@hotmail.com,hotmail.com,Placeholder,335.36,Recorded,$250-499,2024-07-17,Valid,2024,2024-Q3,2024-07,7,Jul,3,Wed,Yes,Unknown,3,Valid,Neutral (3),4,No
CUST2035,Fatma Mahmoud,Fatma,Mahmoud,Female,No,18,15-29,Valid,fatma.mahmoud@gmail.com,gmail.com,Missing,284.24,Recorded,$250-499,2024-06-13,Valid,2024,2024-Q2,2024-06,6,Jun,4,Thu,Yes,Toys,2,Valid,Dissatisfied (1-2),6,Yes
CUST2036,Mark Ali,Mark,Ali,Female,Yes,,Unknown,Placeholder -1,mark.ali@hotmail.com,hotmail.com,Placeholder,947.25,Recorded,$750+,2024-11-05,Valid,2024,2024-Q4,2024-11,11,Nov,2,Tue,Yes,Unknown,,Out of range (10),No rating,3,No
CUST2037,Mark Ali,Mark,Ali,Female,Yes,26,15-29,Valid,mark.ali@gmail.com,gmail.com,Placeholder,710.96,Recorded,$500-749,2023-11-06,Valid,2023,2023-Q4,2023-11,11,Nov,1,Mon,Yes,Electronics,5,Valid,Satisfied (4-5),6,Yes
CUST2038,Ali Smith,Ali,Smith,Unknown,n/a,72,60-74,Valid,ali.smith@yahoo.com,yahoo.com,Missing,505.12,Recorded,$500-749,2023-05-14,Valid,2023,2023-Q2,2023-05,5,May,7,Sun,Yes,Toys,4,Valid,Satisfied (4-5),5,No
CUST2039,Ahmed Ali,Ahmed,Ali,Female,Yes,,Unknown,Placeholder -1,ahmed.ali@gmail.com,gmail.com,Missing,432.17,Recorded,$250-499,2025-03-04,Valid,2025,2025-Q1,2025-03,3,Mar,2,Tue,Yes,Books,4,Valid,Satisfied (4-5),5,No
CUST2040,Alaa Gaber,Alaa,Gaber,Male,n/a,,Unknown,Placeholder 200,alaa.gaber@yahoo.com,yahoo.com,Placeholder,624.71,Recorded,$500-749,2024-10-21,Valid,2024,2024-Q4,2024-10,10,Oct,1,Mon,Yes,Books,,Out of range (10),No rating,4,No
CUST2041,Ali Gaber,Ali,Gaber,Female,Yes,,Unknown,Placeholder -1,ali.gaber@hotmail.com,hotmail.com,Missing,,Missing,Unknown,2023-06-03,Valid,2023,2023-Q2,2023-06,6,Jun,6,Sat,Yes,Toys,,Out of range (10),No rating,3,No
CUST2042,Lina Ibrahim,Lina,Ibrahim,Female,No,,Unknown,Missing,lina.ibrahim@yahoo.com,yahoo.com,Missing,360.85,Recorded,$250-499,2023-12-17,Valid,2023,2023-Q4,2023-12,12,Dec,7,Sun,Yes,Unknown,,Missing,No rating,3,No
CUST2043,Mark Ali,Mark,Ali,Female,Yes,,Unknown,Placeholder 200,mark.ali@yahoo.com,yahoo.com,Placeholder,222.7,Recorded,Under $250,2024-08-14,Valid,2024,2024-Q3,2024-08,8,Aug,3,Wed,Yes,Books,4,Valid,Satisfied (4-5),5,No
CUST2044,Lina Gaber,Lina,Gaber,Male,Yes,,Unknown,Placeholder -1,lina.gaber@yahoo.com,yahoo.com,Missing,34.21,Recorded,Under $250,2024-01-02,Valid,2024,2024-Q1,2024-01,1,Jan,2,Tue,Yes,Unknown,1,Valid,Dissatisfied (1-2),4,No
CUST2045,Ali Ali,Ali,Ali,Female,Yes,,Unknown,Missing,ali.ali@hotmail.com,hotmail.com,Placeholder,95.59,Recorded,Under $250,2023-09-10,Valid,2023,2023-Q3,2023-09,9,Sep,7,Sun,Yes,Home,2,Valid,Dissatisfied (1-2),5,No
CUST2046,Ali Hassan,Ali,Hassan,Male,No,86,75-90,Valid,ali.hassan@hotmail.com,hotmail.com,Placeholder,,Missing,Unknown,2023-02-14,Valid,2023,2023-Q1,2023-02,2,Feb,2,Tue,Yes,Electronics,2,Valid,Dissatisfied (1-2),5,No
CUST2047,John Hassan,John,Hassan,Female,Yes,,Unknown,Placeholder 200,john.hassan@hotmail.com,hotmail.com,Missing,957.66,Recorded,$750+,2025-04-01,Valid,2025,2025-Q2,2025-04,4,Apr,2,Tue,Yes,Toys,1,Valid,Dissatisfied (1-2),5,No
CUST2048,Ahmed Mahmoud,Ahmed,Mahmoud,Unknown,n/a,,Unknown,Missing,ahmed.mahmoud@yahoo.com,yahoo.com,Placeholder,793.45,Recorded,$750+,2024-01-30,Valid,2024,2024-Q1,2024-01,1,Jan,2,Tue,Yes,Unknown,,Missing,No rating,2,No
CUST2049,John Smith,John,Smith,Female,Yes,64,60-74,Valid,john.smith@gmail.com,gmail.com,Placeholder,18.18,Recorded,Under $250,2025-02-28,Valid,2025,2025-Q1,2025-02,2,Feb,5,Fri,Yes,Home,2,Valid,Dissatisfied (1-2),6,Yes
CUST2050,Ahmed Smith,Ahmed,Smith,Female,Yes,,Unknown,Missing,ahmed.smith@hotmail.com,hotmail.com,Missing,723.48,Recorded,$500-749,2024-05-14,Valid,2024,2024-Q2,2024-05,5,May,2,Tue,Yes,Books,5,Valid,Satisfied (4-5),5,No
CUST2051,Lina Mahmoud,Lina,Mahmoud,Male,Yes,,Unknown,Placeholder -1,lina.mahmoud@gmail.com,gmail.com,Placeholder,956.78,Recorded,$750+,2025-01-12,Valid,2025,2025-Q1,2025-01,1,Jan,7,Sun,Yes,Toys,4,Valid,Satisfied (4-5),5,No
CUST2052,Ahmed Ali,Ahmed,Ali,Male,No,,Unknown,Placeholder -1,ahmed.ali@hotmail.com,hotmail.com,Placeholder,241.6,Recorded,Under $250,2024-10-04,Valid,2024,2024-Q4,2024-10,10,Oct,5,Fri,Yes,Books,2,Valid,Dissatisfied (1-2),5,No
CUST2053,Ali Ali,Ali,Ali,Female,Yes,,Unknown,Placeholder -1,ali.ali@hotmail.com,hotmail.com,Missing,856.77,Recorded,$750+,,Invalid,,,,,,,,,Clothing,,Missing,No rating,3,No
CUST2054,Sara Smith,Sara,Smith,Unknown,n/a,,Unknown,Placeholder -1,sara.smith@gmail.com,gmail.com,Missing,177.83,Recorded,Under $250,2023-04-23,Valid,2023,2023-Q2,2023-04,4,Apr,7,Sun,Yes,Clothing,2,Valid,Dissatisfied (1-2),4,No
CUST2055,Fatma Ibrahim,Fatma,Ibrahim,Male,Yes,76,75-90,Valid,fatma.ibrahim@yahoo.com,yahoo.com,Placeholder,566.91,Recorded,$500-749,2023-12-28,Valid,2023,2023-Q4,2023-12,12,Dec,4,Thu,Yes,Unknown,,Out of range (10),No rating,4,No
CUST2056,Alaa Hassan,Alaa,Hassan,Female,n/a,,Unknown,Missing,alaa.hassan@yahoo.com,yahoo.com,Missing,66.02,Recorded,Under $250,2023-07-23,Valid,2023,2023-Q3,2023-07,7,Jul,7,Sun,Yes,Home,,Missing,No rating,4,No
CUST2057,Alaa Gaber,Alaa,Gaber,Male,n/a,,Unknown,Placeholder 200,alaa.gaber@yahoo.com,yahoo.com,Placeholder,899.57,Recorded,$750+,2024-06-24,Valid,2024,2024-Q2,2024-06,6,Jun,1,Mon,Yes,Toys,2,Valid,Dissatisfied (1-2),5,No
CUST2058,John Hassan,John,Hassan,Male,No,,Unknown,Placeholder 200,john.hassan@gmail.com,gmail.com,Placeholder,851.99,Recorded,$750+,2024-09-24,Valid,2024,2024-Q3,2024-09,9,Sep,2,Tue,Yes,Unknown,2,Valid,Dissatisfied (1-2),4,No
CUST2059,Sara Mahmoud,Sara,Mahmoud,Unknown,n/a,,Unknown,Placeholder -1,sara.mahmoud@hotmail.com,hotmail.com,Missing,23.73,Recorded,Under $250,2023-05-21,Valid,2023,2023-Q2,2023-05,5,May,7,Sun,Yes,Unknown,1,Valid,Dissatisfied (1-2),3,No
CUST2060,Ali Ibrahim,Ali,Ibrahim,Female,Yes,,Unknown,Placeholder -1,ali.ibrahim@hotmail.com,hotmail.com,Missing,6.83,Recorded,Under $250,2025-07-08,Valid,2025,2025-Q3,2025-07,7,Jul,2,Tue,Partial,Unknown,3,Valid,Neutral (3),4,No
CUST2061,Lina Ibrahim,Lina,Ibrahim,Female,No,75,75-90,Valid,lina.ibrahim@gmail.com,gmail.com,Placeholder,797.77,Recorded,$750+,2023-01-12,Valid,2023,2023-Q1,2023-01,1,Jan,4,Thu,Yes,Unknown,5,Valid,Satisfied (4-5),5,No
CUST2062,Ali Ibrahim,Ali,Ibrahim,Female,Yes,,Unknown,Placeholder 200,ali.ibrahim@yahoo.com,yahoo.com,Placeholder,146.31,Recorded,Under $250,2025-06-11,Valid,2025,2025-Q2,2025-06,6,Jun,3,Wed,Yes,Unknown,2,Valid,Dissatisfied (1-2),4,No
CUST2063,Mark Smith,Mark,Smith,Female,Yes,,Unknown,Missing,mark.smith@yahoo.com,yahoo.com,Placeholder,371.9,Recorded,$250-499,2025-03-09,Valid,2025,2025-Q1,2025-03,3,Mar,7,Sun,Yes,Electronics,2,Valid,Dissatisfied (1-2),5,No
CUST2064,Alaa Gaber,Alaa,Gaber,Unknown,n/a,32,30-44,Valid,alaa.gaber@yahoo.com,yahoo.com,Missing,821.63,Recorded,$750+,2025-03-31,Valid,2025,2025-Q1,2025-03,3,Mar,1,Mon,Yes,Clothing,,Out of range (10),No rating,4,No
CUST2065,Ahmed Gaber,Ahmed,Gaber,Male,No,,Unknown,Placeholder -1,ahmed.gaber@hotmail.com,hotmail.com,Missing,525.06,Recorded,$500-749,2024-06-10,Valid,2024,2024-Q2,2024-06,6,Jun,1,Mon,Yes,Books,5,Valid,Satisfied (4-5),5,No
CUST2066,Lina Ibrahim,Lina,Ibrahim,Male,Yes,,Unknown,Placeholder 200,lina.ibrahim@gmail.com,gmail.com,Missing,,Missing,Unknown,2022-12-14,Valid,2022,2022-Q4,2022-12,12,Dec,3,Wed,Yes,Electronics,,Out of range (10),No rating,3,No
CUST2067,John Gaber,John,Gaber,Female,Yes,37,30-44,Valid,john.gaber@yahoo.com,yahoo.com,Missing,47.44,Recorded,Under $250,2023-06-29,Valid,2023,2023-Q2,2023-06,6,Jun,4,Thu,Yes,Unknown,5,Valid,Satisfied (4-5),5,No
CUST2068,Fatma Hassan,Fatma,Hassan,Female,No,16,15-29,Valid,fatma.hassan@yahoo.com,yahoo.com,Missing,713.31,Recorded,$500-749,2024-12-31,Valid,2024,2024-Q4,2024-12,12,Dec,2,Tue,Yes,Unknown,2,Valid,Dissatisfied (1-2),5,No
CUST2069,Alaa Ali,Alaa,Ali,Male,n/a,,Unknown,Placeholder -1,alaa.ali@gmail.com,gmail.com,Missing,644.95,Recorded,$500-749,2025-01-16,Valid,2025,2025-Q1,2025-01,1,Jan,4,Thu,Yes,Clothing,4,Valid,Satisfied (4-5),5,No
CUST2070,Alaa Ali,Alaa,Ali,Female,n/a,61,60-74,Valid,alaa.ali@hotmail.com,hotmail.com,Missing,767.46,Recorded,$750+,2024-09-30,Valid,2024,2024-Q3,2024-09,9,Sep,1,Mon,Yes,Unknown,4,Valid,Satisfied (4-5),5,No
CUST2071,Sara Hassan,Sara,Hassan,Male,Yes,72,60-74,Valid,sara.hassan@yahoo.com,yahoo.com,Placeholder,340.76,Recorded,$250-499,2023-04-03,Valid,2023,2023-Q2,2023-04,4,Apr,1,Mon,Yes,Electronics,2,Valid,Dissatisfied (1-2),6,Yes
CUST2072,Lina Smith,Lina,Smith,Male,Yes,,Unknown,Missing,lina.smith@gmail.com,gmail.com,Placeholder,670.46,Recorded,$500-749,2024-03-08,Valid,2024,2024-Q1,2024-03,3,Mar,5,Fri,Yes,Unknown,2,Valid,Dissatisfied (1-2),4,No
CUST2073,Alaa Mahmoud,Alaa,Mahmoud,Female,n/a,58,45-59,Valid,alaa.mahmoud@hotmail.com,hotmail.com,Placeholder,767.19,Recorded,$750+,,Invalid,,,,,,,,,Home,2,Valid,Dissatisfied (1-2),5,No
CUST2074,Sara Ibrahim,Sara,Ibrahim,Male,Yes,,Unknown,Placeholder 200,sara.ibrahim@hotmail.com,hotmail.com,Placeholder,940.24,Recorded,$750+,2024-02-06,Valid,2024,2024-Q1,2024-02,2,Feb,2,Tue,Yes,Electronics,2,Valid,Dissatisfied (1-2),5,No
CUST2075,Ali Ali,Ali,Ali,Male,No,,Unknown,Placeholder -1,ali.ali@yahoo.com,yahoo.com,Placeholder,186.01,Recorded,Under $250,2024-01-01,Valid,2024,2024-Q1,2024-01,1,Jan,1,Mon,Yes,Electronics,5,Valid,Satisfied (4-5),5,No
CUST2076,Sara Ibrahim,Sara,Ibrahim,Unknown,n/a,,Unknown,Placeholder 200,sara.ibrahim@hotmail.com,hotmail.com,Placeholder,470.83,Recorded,$250-499,2023-07-28,Valid,2023,2023-Q3,2023-07,7,Jul,5,Fri,Yes,Electronics,5,Valid,Satisfied (4-5),4,No
CUST2077,Ahmed Ali,Ahmed,Ali,Male,No,,Unknown,Missing,ahmed.ali@yahoo.com,yahoo.com,Placeholder,345.44,Recorded,$250-499,2024-03-18,Valid,2024,2024-Q1,2024-03,3,Mar,1,Mon,Yes,Toys,3,Valid,Neutral (3),5,No
CUST2078,Sara Ali,Sara,Ali,Female,No,36,30-44,Valid,sara.ali@hotmail.com,hotmail.com,Missing,599.22,Recorded,$500-749,2024-03-13,Valid,2024,2024-Q1,2024-03,3,Mar,3,Wed,Yes,Unknown,3,Valid,Neutral (3),5,No
CUST2079,Ali Hassan,Ali,Hassan,Male,No,,Unknown,Placeholder -1,ali.hassan@gmail.com,gmail.com,Placeholder,200.64,Recorded,Under $250,2023-11-10,Valid,2023,2023-Q4,2023-11,11,Nov,5,Fri,Yes,Books,4,Valid,Satisfied (4-5),5,No
CUST2080,Ali Ibrahim,Ali,Ibrahim,Male,No,,Unknown,Placeholder -1,ali.ibrahim@gmail.com,gmail.com,Missing,422.95,Recorded,$250-499,2023-10-11,Valid,2023,2023-Q4,2023-10,10,Oct,3,Wed,Yes,Unknown,2,Valid,Dissatisfied (1-2),4,No
CUST2081,Ahmed Ibrahim,Ahmed,Ibrahim,Male,No,47,45-59,Valid,ahmed.ibrahim@yahoo.com,yahoo.com,Missing,99.96,Recorded,Under $250,,Invalid,,,,,,,,,Electronics,4,Valid,Satisfied (4-5),5,No
CUST2082,John Gaber,John,Gaber,Female,Yes,,Unknown,Placeholder -1,john.gaber@yahoo.com,yahoo.com,Placeholder,360.47,Recorded,$250-499,2025-02-03,Valid,2025,2025-Q1,2025-02,2,Feb,1,Mon,Yes,Clothing,,Out of range (10),No rating,4,No
CUST2083,Fatma Gaber,Fatma,Gaber,Male,Yes,18,15-29,Valid,fatma.gaber@gmail.com,gmail.com,Missing,557.32,Recorded,$500-749,2023-09-06,Valid,2023,2023-Q3,2023-09,9,Sep,3,Wed,Yes,Home,5,Valid,Satisfied (4-5),6,Yes
CUST2084,Sara Gaber,Sara,Gaber,Male,Yes,,Unknown,Missing,sara.gaber@yahoo.com,yahoo.com,Placeholder,154.27,Recorded,Under $250,2024-05-13,Valid,2024,2024-Q2,2024-05,5,May,1,Mon,Yes,Unknown,3,Valid,Neutral (3),4,No
CUST2085,Ahmed Ali,Ahmed,Ali,Female,Yes,27,15-29,Valid,ahmed.ali@hotmail.com,hotmail.com,Missing,223.97,Recorded,Under $250,2025-06-04,Valid,2025,2025-Q2,2025-06,6,Jun,3,Wed,Yes,Home,2,Valid,Dissatisfied (1-2),6,Yes
CUST2086,Fatma Gaber,Fatma,Gaber,Male,Yes,,Unknown,Missing,fatma.gaber@gmail.com,gmail.com,Missing,798.18,Recorded,$750+,2023-09-11,Valid,2023,2023-Q3,2023-09,9,Sep,1,Mon,Yes,Clothing,,Missing,No rating,4,No
CUST2087,Lina Ibrahim,Lina,Ibrahim,Female,No,,Unknown,Missing,lina.ibrahim@gmail.com,gmail.com,Missing,384.38,Recorded,$250-499,2024-08-07,Valid,2024,2024-Q3,2024-08,8,Aug,3,Wed,Yes,Books,5,Valid,Satisfied (4-5),5,No
CUST2088,Alaa Mahmoud,Alaa,Mahmoud,Male,n/a,,Unknown,Placeholder -1,alaa.mahmoud@gmail.com,gmail.com,Missing,480.65,Recorded,$250-499,2025-01-22,Valid,2025,2025-Q1,2025-01,1,Jan,3,Wed,Yes,Home,5,Valid,Satisfied (4-5),5,No
CUST2089,Mark Ali,Mark,Ali,Female,Yes,,Unknown,Placeholder 200,mark.ali@yahoo.com,yahoo.com,Placeholder,176.36,Recorded,Under $250,2025-05-28,Valid,2025,2025-Q2,2025-05,5,May,3,Wed,Yes,Unknown,3,Valid,Neutral (3),4,No
CUST2090,Ali Ali,Ali,Ali,Male,No,,Unknown,Missing,ali.ali@gmail.com,gmail.com,Placeholder,625.98,Recorded,$500-749,2024-10-07,Valid,2024,2024-Q4,2024-10,10,Oct,1,Mon,Yes,Home,1,Valid,Dissatisfied (1-2),5,No
CUST2091,Lina Smith,Lina,Smith,Female,No,,Unknown,Placeholder -1,lina.smith@hotmail.com,hotmail.com,Missing,638.58,Recorded,$500-749,2023-08-19,Valid,2023,2023-Q3,2023-08,8,Aug,6,Sat,Yes,Unknown,4,Valid,Satisfied (4-5),4,No
CUST2092,Sara Ali,Sara,Ali,Male,Yes,,Unknown,Placeholder -1,sara.ali@hotmail.com,hotmail.com,Placeholder,238.09,Recorded,Under $250,2024-06-16,Valid,2024,2024-Q2,2024-06,6,Jun,7,Sun,Yes,Clothing,1,Valid,Dissatisfied (1-2),5,No
CUST2093,Alaa Smith,Alaa,Smith,Female,n/a,,Unknown,Missing,alaa.smith@gmail.com,gmail.com,Placeholder,104.8,Recorded,Under $250,2024-04-07,Valid,2024,2024-Q2,2024-04,4,Apr,7,Sun,Yes,Clothing,,Missing,No rating,4,No
CUST2094,Sara Mahmoud,Sara,Mahmoud,Female,No,38,30-44,Valid,sara.mahmoud@yahoo.com,yahoo.com,Missing,903.58,Recorded,$750+,2025-05-18,Valid,2025,2025-Q2,2025-05,5,May,7,Sun,Yes,Clothing,5,Valid,Satisfied (4-5),6,Yes
CUST2095,John Hassan,John,Hassan,Female,Yes,89,75-90,Valid,john.hassan@hotmail.com,hotmail.com,Placeholder,358.39,Recorded,$250-499,2024-02-28,Valid,2024,2024-Q1,2024-02,2,Feb,3,Wed,Yes,Books,5,Valid,Satisfied (4-5),6,Yes
CUST2096,Ali Ibrahim,Ali,Ibrahim,Male,No,,Unknown,Placeholder -1,ali.ibrahim@hotmail.com,hotmail.com,Missing,656.05,Recorded,$500-749,2023-11-12,Valid,2023,2023-Q4,2023-11,11,Nov,7,Sun,Yes,Books,,Missing,No rating,4,No
CUST2097,Fatma Hassan,Fatma,Hassan,Female,No,,Unknown,Placeholder -1,fatma.hassan@gmail.com,gmail.com,Missing,320.98,Recorded,$250-499,2024-11-09,Valid,2024,2024-Q4,2024-11,11,Nov,6,Sat,Yes,Unknown,3,Valid,Neutral (3),4,No
CUST2098,Alaa Smith,Alaa,Smith,Male,n/a,41,30-44,Valid,alaa.smith@hotmail.com,hotmail.com,Missing,255.2,Recorded,$250-499,2024-01-02,Valid,2024,2024-Q1,2024-01,1,Jan,2,Tue,Yes,Home,,Missing,No rating,5,No
CUST2099,Ali Ali,Ali,Ali,Male,No,,Unknown,Placeholder -1,ali.ali@yahoo.com,yahoo.com,Placeholder,347.66,Recorded,$250-499,2024-03-31,Valid,2024,2024-Q1,2024-03,3,Mar,7,Sun,Yes,Clothing,,Missing,No rating,4,No
CUST2100,Mark Smith,Mark,Smith,Female,Yes,,Unknown,Missing,mark.smith@yahoo.com,yahoo.com,Missing,418.12,Recorded,$250-499,2024-04-12,Valid,2024,2024-Q2,2024-04,4,Apr,5,Fri,Yes,Clothing,1,Valid,Dissatisfied (1-2),5,No
CUST2101,Alaa Smith,Alaa,Smith,Male,n/a,,Unknown,Placeholder 200,alaa.smith@hotmail.com,hotmail.com,Placeholder,724.67,Recorded,$500-749,2022-11-29,Valid,2022,2022-Q4,2022-11,11,Nov,2,Tue,Yes,Home,,Missing,No rating,4,No
CUST2102,Ali Hassan,Ali,Hassan,Female,Yes,64,60-74,Valid,ali.hassan@hotmail.com,hotmail.com,Placeholder,977.19,Recorded,$750+,2024-03-25,Valid,2024,2024-Q1,2024-03,3,Mar,1,Mon,Yes,Home,5,Valid,Satisfied (4-5),6,Yes
CUST2103,Sara Ibrahim,Sara,Ibrahim,Male,Yes,,Unknown,Missing,sara.ibrahim@yahoo.com,yahoo.com,Missing,,Missing,Unknown,2024-07-24,Valid,2024,2024-Q3,2024-07,7,Jul,3,Wed,Yes,Clothing,3,Valid,Neutral (3),4,No
CUST2104,Alaa Ali,Alaa,Ali,Male,n/a,,Unknown,Placeholder -1,alaa.ali@hotmail.com,hotmail.com,Missing,550.31,Recorded,$500-749,2024-12-26,Valid,2024,2024-Q4,2024-12,12,Dec,4,Thu,Yes,Electronics,4,Valid,Satisfied (4-5),5,No
CUST2105,John Mahmoud,John,Mahmoud,Male,No,,Unknown,Missing,john.mahmoud@yahoo.com,yahoo.com,Missing,339.68,Recorded,$250-499,2024-05-02,Valid,2024,2024-Q2,2024-05,5,May,4,Thu,Yes,Unknown,2,Valid,Dissatisfied (1-2),4,No
CUST2106,Mark Smith,Mark,Smith,Male,No,22,15-29,Valid,mark.smith@gmail.com,gmail.com,Placeholder,940.78,Recorded,$750+,2023-02-12,Valid,2023,2023-Q1,2023-02,2,Feb,7,Sun,Yes,Books,4,Valid,Satisfied (4-5),6,Yes
CUST2107,Ahmed Hassan,Ahmed,Hassan,Male,No,,Unknown,Placeholder -1,ahmed.hassan@yahoo.com,yahoo.com,Missing,322.99,Recorded,$250-499,2023-04-01,Valid,2023,2023-Q2,2023-04,4,Apr,6,Sat,Yes,Unknown,5,Valid,Satisfied (4-5),4,No
CUST2108,Ali Smith,Ali,Smith,Female,Yes,,Unknown,Placeholder 200,ali.smith@yahoo.com,yahoo.com,Missing,83.73,Recorded,Under $250,2025-03-07,Valid,2025,2025-Q1,2025-03,3,Mar,5,Fri,Yes,Books,,Missing,No rating,4,No
CUST2109,Fatma Hassan,Fatma,Hassan,Male,Yes,,Unknown,Placeholder -1,fatma.hassan@hotmail.com,hotmail.com,Placeholder,766.15,Recorded,$750+,2025-03-05,Valid,2025,2025-Q1,2025-03,3,Mar,3,Wed,Yes,Unknown,3,Valid,Neutral (3),4,No
CUST2110,Sara Gaber,Sara,Gaber,Male,Yes,,Unknown,Placeholder -1,sara.gaber@gmail.com,gmail.com,Missing,200.7,Recorded,Under $250,,Invalid,,,,,,,,,Clothing,1,Valid,Dissatisfied (1-2),4,No
CUST2111,Sara Hassan,Sara,Hassan,Female,No,,Unknown,Placeholder 200,sara.hassan@yahoo.com,yahoo.com,Missing,283.4,Recorded,$250-499,2023-05-22,Valid,2023,2023-Q2,2023-05,5,May,1,Mon,Yes,Home,,Missing,No rating,4,No
CUST2112,Lina Ibrahim,Lina,Ibrahim,Male,Yes,,Unknown,Placeholder -1,lina.ibrahim@yahoo.com,yahoo.com,Placeholder,501.88,Recorded,$500-749,2025-05-23,Valid,2025,2025-Q2,2025-05,5,May,5,Fri,Yes,Books,1,Valid,Dissatisfied (1-2),5,No
CUST2113,Sara Ibrahim,Sara,Ibrahim,Male,Yes,,Unknown,Placeholder -1,sara.ibrahim@hotmail.com,hotmail.com,Missing,495.01,Recorded,$250-499,2024-04-14,Valid,2024,2024-Q2,2024-04,4,Apr,7,Sun,Yes,Clothing,,Missing,No rating,4,No
CUST2114,John Ibrahim,John,Ibrahim,Female,Yes,,Unknown,Missing,john.ibrahim@hotmail.com,hotmail.com,Missing,236.87,Recorded,Under $250,2024-08-19,Valid,2024,2024-Q3,2024-08,8,Aug,1,Mon,Yes,Books,,Missing,No rating,4,No
CUST2115,Mark Smith,Mark,Smith,Female,Yes,,Unknown,Missing,mark.smith@gmail.com,gmail.com,Placeholder,833.24,Recorded,$750+,2025-05-01,Valid,2025,2025-Q2,2025-05,5,May,4,Thu,Yes,Books,3,Valid,Neutral (3),5,No
CUST2116,Fatma Gaber,Fatma,Gaber,Male,Yes,,Unknown,Missing,fatma.gaber@yahoo.com,yahoo.com,Placeholder,74.67,Recorded,Under $250,2023-07-22,Valid,2023,2023-Q3,2023-07,7,Jul,6,Sat,Yes,Clothing,5,Valid,Satisfied (4-5),5,No
CUST2117,Mark Mahmoud,Mark,Mahmoud,Female,Yes,,Unknown,Placeholder -1,mark.mahmoud@yahoo.com,yahoo.com,Placeholder,19.29,Recorded,Under $250,2024-07-06,Valid,2024,2024-Q3,2024-07,7,Jul,6,Sat,Yes,Unknown,5,Valid,Satisfied (4-5),4,No
CUST2118,Fatma Ali,Fatma,Ali,Male,Yes,48,45-59,Valid,fatma.ali@yahoo.com,yahoo.com,Missing,963.2,Recorded,$750+,2023-06-25,Valid,2023,2023-Q2,2023-06,6,Jun,7,Sun,Yes,Books,1,Valid,Dissatisfied (1-2),6,Yes
CUST2119,Mark Smith,Mark,Smith,Female,Yes,,Unknown,Placeholder 200,mark.smith@hotmail.com,hotmail.com,Missing,175.16,Recorded,Under $250,2024-09-24,Valid,2024,2024-Q3,2024-09,9,Sep,2,Tue,Yes,Clothing,2,Valid,Dissatisfied (1-2),5,No
CUST2120,John Ali,John,Ali,Unknown,n/a,,Unknown,Missing,john.ali@hotmail.com,hotmail.com,Missing,578.93,Recorded,$500-749,2024-03-13,Valid,2024,2024-Q1,2024-03,3,Mar,3,Wed,Yes,Unknown,,Missing,No rating,2,No
CUST2121,John Smith,John,Smith,Female,Yes,,Unknown,Placeholder -1,john.smith@yahoo.com,yahoo.com,Missing,969.11,Recorded,$750+,2022-11-15,Valid,2022,2022-Q4,2022-11,11,Nov,2,Tue,Yes,Clothing,5,Valid,Satisfied (4-5),5,No
CUST2122,Ahmed Hassan,Ahmed,Hassan,Female,Yes,81,75-90,Valid,ahmed.hassan@gmail.com,gmail.com,Placeholder,395.15,Recorded,$250-499,2023-09-04,Valid,2023,2023-Q3,2023-09,9,Sep,1,Mon,Yes,Clothing,5,Valid,Satisfied (4-5),6,Yes
CUST2123,Ali Ali,Ali,Ali,Female,Yes,,Unknown,Missing,ali.ali@yahoo.com,yahoo.com,Missing,677.07,Recorded,$500-749,2024-07-03,Valid,2024,2024-Q3,2024-07,7,Jul,3,Wed,Yes,Electronics,3,Valid,Neutral (3),5,No
CUST2124,Fatma Ibrahim,Fatma,Ibrahim,Unknown,n/a,,Unknown,Placeholder -1,fatma.ibrahim@gmail.com,gmail.com,Placeholder,,Missing,Unknown,2025-05-06,Valid,2025,2025-Q2,2025-05,5,May,2,Tue,Yes,Toys,5,Valid,Satisfied (4-5),3,No
CUST2125,Fatma Smith,Fatma,Smith,Female,No,,Unknown,Missing,fatma.smith@yahoo.com,yahoo.com,Missing,857.02,Recorded,$750+,2024-08-05,Valid,2024,2024-Q3,2024-08,8,Aug,1,Mon,Yes,Toys,5,Valid,Satisfied (4-5),5,No
CUST2126,Ahmed Hassan,Ahmed,Hassan,Male,No,,Unknown,Placeholder 200,ahmed.hassan@gmail.com,gmail.com,Missing,884.53,Recorded,$750+,2024-11-06,Valid,2024,2024-Q4,2024-11,11,Nov,3,Wed,Yes,Unknown,4,Valid,Satisfied (4-5),4,No
CUST2127,Lina Hassan,Lina,Hassan,Male,Yes,,Unknown,Placeholder -1,lina.hassan@hotmail.com,hotmail.com,Placeholder,555.05,Recorded,$500-749,2023-08-13,Valid,2023,2023-Q3,2023-08,8,Aug,7,Sun,Yes,Books,2,Valid,Dissatisfied (1-2),5,No
CUST2128,Alaa Ibrahim,Alaa,Ibrahim,Unknown,n/a,,Unknown,Placeholder 200,alaa.ibrahim@hotmail.com,hotmail.com,Placeholder,894.09,Recorded,$750+,2024-12-14,Valid,2024,2024-Q4,2024-12,12,Dec,6,Sat,Yes,Clothing,,Out of range (10),No rating,3,No
CUST2129,Ali Smith,Ali,Smith,Female,Yes,50,45-59,Valid,ali.smith@yahoo.com,yahoo.com,Placeholder,600.89,Recorded,$500-749,2024-10-06,Valid,2024,2024-Q4,2024-10,10,Oct,7,Sun,Yes,Toys,5,Valid,Satisfied (4-5),6,Yes
CUST2130,Lina Mahmoud,Lina,Mahmoud,Male,Yes,,Unknown,Missing,lina.mahmoud@gmail.com,gmail.com,Missing,464.07,Recorded,$250-499,2024-08-16,Valid,2024,2024-Q3,2024-08,8,Aug,5,Fri,Yes,Unknown,2,Valid,Dissatisfied (1-2),4,No
CUST2131,Ali Gaber,Ali,Gaber,Male,No,,Unknown,Placeholder -1,ali.gaber@hotmail.com,hotmail.com,Placeholder,957.64,Recorded,$750+,2025-03-03,Valid,2025,2025-Q1,2025-03,3,Mar,1,Mon,Yes,Clothing,1,Valid,Dissatisfied (1-2),5,No
CUST2132,Mark Mahmoud,Mark,Mahmoud,Female,Yes,,Unknown,Placeholder 200,mark.mahmoud@hotmail.com,hotmail.com,Placeholder,956.25,Recorded,$750+,,Invalid,,,,,,,,,Home,2,Valid,Dissatisfied (1-2),4,No
CUST2133,Ahmed Hassan,Ahmed,Hassan,Male,No,,Unknown,Placeholder -1,ahmed.hassan@gmail.com,gmail.com,Placeholder,82.25,Recorded,Under $250,2025-03-02,Valid,2025,2025-Q1,2025-03,3,Mar,7,Sun,Yes,Electronics,1,Valid,Dissatisfied (1-2),5,No
CUST2134,Alaa Smith,Alaa,Smith,Male,n/a,,Unknown,Placeholder -1,alaa.smith@gmail.com,gmail.com,Placeholder,676.34,Recorded,$500-749,2024-01-29,Valid,2024,2024-Q1,2024-01,1,Jan,1,Mon,Yes,Home,,Out of range (10),No rating,4,No
CUST2135,John Ibrahim,John,Ibrahim,Male,No,,Unknown,Placeholder 200,john.ibrahim@yahoo.com,yahoo.com,Placeholder,376.63,Recorded,$250-499,2023-03-10,Valid,2023,2023-Q1,2023-03,3,Mar,5,Fri,Yes,Books,,Out of range (10),No rating,4,No
CUST2136,Ali Ali,Ali,Ali,Male,No,,Unknown,Missing,ali.ali@yahoo.com,yahoo.com,Placeholder,,Missing,Unknown,2024-05-18,Valid,2024,2024-Q2,2024-05,5,May,6,Sat,Yes,Clothing,,Out of range (10),No rating,3,No
CUST2137,Sara Ali,Sara,Ali,Male,Yes,,Unknown,Placeholder 200,sara.ali@gmail.com,gmail.com,Missing,936.44,Recorded,$750+,,Invalid,,,,,,,,,Clothing,4,Valid,Satisfied (4-5),4,No
CUST2138,Lina Smith,Lina,Smith,Female,No,,Unknown,Placeholder 200,lina.smith@hotmail.com,hotmail.com,Placeholder,,Missing,Unknown,2024-05-10,Valid,2024,2024-Q2,2024-05,5,May,5,Fri,Yes,Books,1,Valid,Dissatisfied (1-2),4,No
CUST2139,John Mahmoud,John,Mahmoud,Female,Yes,,Unknown,Placeholder -1,john.mahmoud@gmail.com,gmail.com,Placeholder,284.32,Recorded,$250-499,2025-02-24,Valid,2025,2025-Q1,2025-02,2,Feb,1,Mon,Yes,Clothing,3,Valid,Neutral (3),5,No
CUST2140,Alaa Smith,Alaa,Smith,Female,n/a,76,75-90,Valid,alaa.smith@yahoo.com,yahoo.com,Placeholder,614.68,Recorded,$500-749,2024-09-26,Valid,2024,2024-Q3,2024-09,9,Sep,4,Thu,Yes,Books,,Out of range (10),No rating,5,No
CUST2141,Fatma Ali,Fatma,Ali,Male,Yes,,Unknown,Placeholder -1,fatma.ali@gmail.com,gmail.com,Missing,501.28,Recorded,$500-749,2024-04-15,Valid,2024,2024-Q2,2024-04,4,Apr,1,Mon,Yes,Toys,4,Valid,Satisfied (4-5),5,No
CUST2142,Ali Ibrahim,Ali,Ibrahim,Female,Yes,,Unknown,Missing,ali.ibrahim@yahoo.com,yahoo.com,Placeholder,785.23,Recorded,$750+,2023-12-17,Valid,2023,2023-Q4,2023-12,12,Dec,7,Sun,Yes,Unknown,2,Valid,Dissatisfied (1-2),4,No
CUST2143,Mark Ibrahim,Mark,Ibrahim,Male,No,,Unknown,Missing,mark.ibrahim@gmail.com,gmail.com,Placeholder,900.34,Recorded,$750+,2023-06-09,Valid,2023,2023-Q2,2023-06,6,Jun,5,Fri,Yes,Clothing,,Missing,No rating,4,No
CUST2144,Fatma Hassan,Fatma,Hassan,Unknown,n/a,,Unknown,Placeholder -1,fatma.hassan@yahoo.com,yahoo.com,Placeholder,623.04,Recorded,$500-749,2022-11-22,Valid,2022,2022-Q4,2022-11,11,Nov,2,Tue,Yes,Unknown,1,Valid,Dissatisfied (1-2),3,No
CUST2145,Alaa Gaber,Alaa,Gaber,Female,n/a,,Unknown,Placeholder 200,alaa.gaber@hotmail.com,hotmail.com,Placeholder,978.99,Recorded,$750+,2025-03-06,Valid,2025,2025-Q1,2025-03,3,Mar,4,Thu,Yes,Books,,Missing,No rating,4,No
CUST2146,Mark Hassan,Mark,Hassan,Male,No,,Unknown,Missing,mark.hassan@gmail.com,gmail.com,Placeholder,429.65,Recorded,$250-499,2023-04-06,Valid,2023,2023-Q2,2023-04,4,Apr,4,Thu,Yes,Unknown,5,Valid,Satisfied (4-5),4,No
CUST2147,John Ibrahim,John,Ibrahim,Female,Yes,74,60-74,Valid,john.ibrahim@yahoo.com,yahoo.com,Missing,165.22,Recorded,Under $250,2022-12-04,Valid,2022,2022-Q4,2022-12,12,Dec,7,Sun,Yes,Toys,,Out of range (10),No rating,5,No
CUST2148,Sara Gaber,Sara,Gaber,Male,Yes,,Unknown,Missing,sara.gaber@hotmail.com,hotmail.com,Placeholder,485.26,Recorded,$250-499,2023-12-07,Valid,2023,2023-Q4,2023-12,12,Dec,4,Thu,Yes,Electronics,,Out of range (10),No rating,4,No
CUST2149,John Ali,John,Ali,Male,No,,Unknown,Placeholder -1,john.ali@gmail.com,gmail.com,Missing,370.39,Recorded,$250-499,2024-07-13,Valid,2024,2024-Q3,2024-07,7,Jul,6,Sat,Yes,Unknown,5,Valid,Satisfied (4-5),4,No
CUST2150,John Smith,John,Smith,Female,Yes,58,45-59,Valid,john.smith@gmail.com,gmail.com,Missing,156.25,Recorded,Under $250,2023-05-06,Valid,2023,2023-Q2,2023-05,5,May,6,Sat,Yes,Electronics,,Missing,No rating,5,No
CUST2151,Ahmed Hassan,Ahmed,Hassan,Female,Yes,86,75-90,Valid,ahmed.hassan@yahoo.com,yahoo.com,Placeholder,827.57,Recorded,$750+,2023-01-06,Valid,2023,2023-Q1,2023-01,1,Jan,5,Fri,Yes,Books,,Missing,No rating,5,No
CUST2152,Alaa Mahmoud,Alaa,Mahmoud,Male,n/a,,Unknown,Placeholder 200,alaa.mahmoud@hotmail.com,hotmail.com,Missing,451.21,Recorded,$250-499,2024-12-27,Valid,2024,2024-Q4,2024-12,12,Dec,5,Fri,Yes,Unknown,,Out of range (10),No rating,3,No
CUST2153,Mark Smith,Mark,Smith,Female,Yes,73,60-74,Valid,mark.smith@gmail.com,gmail.com,Placeholder,976.66,Recorded,$750+,2024-04-19,Valid,2024,2024-Q2,2024-04,4,Apr,5,Fri,Yes,Clothing,5,Valid,Satisfied (4-5),6,Yes
CUST2154,Mark Mahmoud,Mark,Mahmoud,Female,Yes,44,30-44,Valid,mark.mahmoud@hotmail.com,hotmail.com,Placeholder,632.7,Recorded,$500-749,2023-06-15,Valid,2023,2023-Q2,2023-06,6,Jun,4,Thu,Yes,Electronics,1,Valid,Dissatisfied (1-2),6,Yes
CUST2155,Sara Gaber,Sara,Gaber,Male,Yes,,Unknown,Placeholder 200,sara.gaber@hotmail.com,hotmail.com,Missing,798.39,Recorded,$750+,2025-07-06,Valid,2025,2025-Q3,2025-07,7,Jul,7,Sun,Partial,Books,,Missing,No rating,4,No
CUST2156,Ahmed Mahmoud,Ahmed,Mahmoud,Male,No,,Unknown,Placeholder -1,ahmed.mahmoud@hotmail.com,hotmail.com,Placeholder,698.47,Recorded,$500-749,2023-04-22,Valid,2023,2023-Q2,2023-04,4,Apr,6,Sat,Yes,Clothing,4,Valid,Satisfied (4-5),5,No
CUST2157,Ali Smith,Ali,Smith,Female,Yes,,Unknown,Placeholder -1,ali.smith@hotmail.com,hotmail.com,Placeholder,280.93,Recorded,$250-499,,Invalid,,,,,,,,,Toys,,Out of range (10),No rating,3,No
CUST2158,Alaa Ibrahim,Alaa,Ibrahim,Male,n/a,,Unknown,Placeholder -1,alaa.ibrahim@hotmail.com,hotmail.com,Placeholder,963.19,Recorded,$750+,2025-07-15,Valid,2025,2025-Q3,2025-07,7,Jul,2,Tue,Partial,Unknown,4,Valid,Satisfied (4-5),4,No
CUST2159,John Ibrahim,John,Ibrahim,Female,Yes,,Unknown,Placeholder 200,john.ibrahim@hotmail.com,hotmail.com,Placeholder,,Missing,Unknown,2024-06-29,Valid,2024,2024-Q2,2024-06,6,Jun,6,Sat,Yes,Clothing,,Missing,No rating,3,No
CUST2160,Ali Ali,Ali,Ali,Male,No,,Unknown,Missing,ali.ali@yahoo.com,yahoo.com,Missing,651.22,Recorded,$500-749,2024-06-27,Valid,2024,2024-Q2,2024-06,6,Jun,4,Thu,Yes,Toys,1,Valid,Dissatisfied (1-2),5,No
CUST2161,Ali Ali,Ali,Ali,Female,Yes,,Unknown,Placeholder -1,ali.ali@gmail.com,gmail.com,Placeholder,835.75,Recorded,$750+,2024-04-27,Valid,2024,2024-Q2,2024-04,4,Apr,6,Sat,Yes,Books,4,Valid,Satisfied (4-5),5,No
CUST2162,Fatma Ali,Fatma,Ali,Male,Yes,,Unknown,Missing,fatma.ali@gmail.com,gmail.com,Placeholder,415.16,Recorded,$250-499,2022-11-27,Valid,2022,2022-Q4,2022-11,11,Nov,7,Sun,Yes,Home,,Missing,No rating,4,No
CUST2163,Alaa Ali,Alaa,Ali,Female,n/a,18,15-29,Valid,alaa.ali@yahoo.com,yahoo.com,Missing,13.0,Recorded,Under $250,2023-11-17,Valid,2023,2023-Q4,2023-11,11,Nov,5,Fri,Yes,Unknown,2,Valid,Dissatisfied (1-2),5,No
CUST2164,Fatma Smith,Fatma,Smith,Male,Yes,,Unknown,Placeholder 200,fatma.smith@yahoo.com,yahoo.com,Placeholder,577.39,Recorded,$500-749,2025-01-01,Valid,2025,2025-Q1,2025-01,1,Jan,3,Wed,Yes,Unknown,,Out of range (10),No rating,3,No
CUST2165,Alaa Hassan,Alaa,Hassan,Unknown,n/a,55,45-59,Valid,alaa.hassan@yahoo.com,yahoo.com,Missing,862.44,Recorded,$750+,2024-05-20,Valid,2024,2024-Q2,2024-05,5,May,1,Mon,Yes,Unknown,,Out of range (10),No rating,3,No
CUST2166,Sara Smith,Sara,Smith,Female,No,,Unknown,Missing,sara.smith@yahoo.com,yahoo.com,Placeholder,804.4,Recorded,$750+,2022-12-30,Valid,2022,2022-Q4,2022-12,12,Dec,5,Fri,Yes,Clothing,5,Valid,Satisfied (4-5),5,No
CUST2167,Ali Ibrahim,Ali,Ibrahim,Male,No,44,30-44,Valid,ali.ibrahim@gmail.com,gmail.com,Missing,,Missing,Unknown,2024-09-27,Valid,2024,2024-Q3,2024-09,9,Sep,5,Fri,Yes,Home,4,Valid,Satisfied (4-5),5,No
CUST2168,John Gaber,John,Gaber,Female,Yes,90,75-90,Valid,john.gaber@yahoo.com,yahoo.com,Placeholder,683.68,Recorded,$500-749,2024-05-13,Valid,2024,2024-Q2,2024-05,5,May,1,Mon,Yes,Unknown,1,Valid,Dissatisfied (1-2),5,No
CUST2169,Alaa Ibrahim,Alaa,Ibrahim,Male,n/a,,Unknown,Placeholder 200,alaa.ibrahim@hotmail.com,hotmail.com,Placeholder,476.61,Recorded,$250-499,2024-02-27,Valid,2024,2024-Q1,2024-02,2,Feb,2,Tue,Yes,Books,2,Valid,Dissatisfied (1-2),5,No
CUST2170,Ali Ali,Ali,Ali,Unknown,n/a,70,60-74,Valid,ali.ali@gmail.com,gmail.com,Missing,17.77,Recorded,Under $250,2023-04-10,Valid,2023,2023-Q2,2023-04,4,Apr,1,Mon,Yes,Books,,Missing,No rating,4,No
CUST2171,Fatma Hassan,Fatma,Hassan,Female,No,,Unknown,Placeholder -1,fatma.hassan@gmail.com,gmail.com,Missing,611.01,Recorded,$500-749,2024-11-15,Valid,2024,2024-Q4,2024-11,11,Nov,5,Fri,Yes,Electronics,1,Valid,Dissatisfied (1-2),5,No
CUST2172,Ahmed Gaber,Ahmed,Gaber,Female,Yes,,Unknown,Placeholder 200,ahmed.gaber@hotmail.com,hotmail.com,Missing,284.3,Recorded,$250-499,2023-08-18,Valid,2023,2023-Q3,2023-08,8,Aug,5,Fri,Yes,Books,4,Valid,Satisfied (4-5),5,No
CUST2173,Ali Smith,Ali,Smith,Male,No,,Unknown,Missing,ali.smith@hotmail.com,hotmail.com,Placeholder,,Missing,Unknown,2023-01-28,Valid,2023,2023-Q1,2023-01,1,Jan,6,Sat,Yes,Electronics,3,Valid,Neutral (3),4,No
CUST2174,Fatma Hassan,Fatma,Hassan,Male,Yes,,Unknown,Placeholder 200,fatma.hassan@yahoo.com,yahoo.com,Missing,,Missing,Unknown,2023-02-22,Valid,2023,2023-Q1,2023-02,2,Feb,3,Wed,Yes,Electronics,5,Valid,Satisfied (4-5),4,No
CUST2175,Mark Hassan,Mark,Hassan,Male,No,90,75-90,Valid,mark.hassan@yahoo.com,yahoo.com,Placeholder,753.1,Recorded,$750+,,Invalid,,,,,,,,,Home,5,Valid,Satisfied (4-5),5,No
CUST2176,Ali Ibrahim,Ali,Ibrahim,Female,Yes,,Unknown,Placeholder 200,ali.ibrahim@gmail.com,gmail.com,Placeholder,36.36,Recorded,Under $250,2023-12-15,Valid,2023,2023-Q4,2023-12,12,Dec,5,Fri,Yes,Unknown,1,Valid,Dissatisfied (1-2),4,No
CUST2177,Mark Ali,Mark,Ali,Female,Yes,41,30-44,Valid,mark.ali@yahoo.com,yahoo.com,Placeholder,827.83,Recorded,$750+,2024-03-16,Valid,2024,2024-Q1,2024-03,3,Mar,6,Sat,Yes,Books,4,Valid,Satisfied (4-5),6,Yes
CUST2178,Ahmed Smith,Ahmed,Smith,Female,Yes,,Unknown,Placeholder -1,ahmed.smith@gmail.com,gmail.com,Placeholder,931.69,Recorded,$750+,2024-05-21,Valid,2024,2024-Q2,2024-05,5,May,2,Tue,Yes,Unknown,,Missing,No rating,3,No
CUST2179,Alaa Ali,Alaa,Ali,Male,n/a,32,30-44,Valid,alaa.ali@hotmail.com,hotmail.com,Placeholder,652.15,Recorded,$500-749,2023-06-24,Valid,2023,2023-Q2,2023-06,6,Jun,6,Sat,Yes,Home,3,Valid,Neutral (3),6,Yes
CUST2180,Fatma Mahmoud,Fatma,Mahmoud,Female,No,,Unknown,Missing,fatma.mahmoud@gmail.com,gmail.com,Missing,,Missing,Unknown,2024-06-08,Valid,2024,2024-Q2,2024-06,6,Jun,6,Sat,Yes,Toys,5,Valid,Satisfied (4-5),4,No
CUST2181,Fatma Gaber,Fatma,Gaber,Female,No,63,60-74,Valid,fatma.gaber@yahoo.com,yahoo.com,Missing,377.92,Recorded,$250-499,2023-11-06,Valid,2023,2023-Q4,2023-11,11,Nov,1,Mon,Yes,Electronics,1,Valid,Dissatisfied (1-2),6,Yes
CUST2182,Mark Ali,Mark,Ali,Female,Yes,18,15-29,Valid,mark.ali@gmail.com,gmail.com,Missing,846.93,Recorded,$750+,,Invalid,,,,,,,,,Home,5,Valid,Satisfied (4-5),5,No
CUST2183,Ahmed Ibrahim,Ahmed,Ibrahim,Male,No,,Unknown,Missing,ahmed.ibrahim@gmail.com,gmail.com,Placeholder,915.64,Recorded,$750+,2024-02-24,Valid,2024,2024-Q1,2024-02,2,Feb,6,Sat,Yes,Clothing,,Out of range (10),No rating,4,No
CUST2184,Fatma Gaber,Fatma,Gaber,Female,No,,Unknown,Placeholder 200,fatma.gaber@hotmail.com,hotmail.com,Placeholder,778.09,Recorded,$750+,2024-08-13,Valid,2024,2024-Q3,2024-08,8,Aug,2,Tue,Yes,Books,,Missing,No rating,4,No
CUST2185,Ali Hassan,Ali,Hassan,Unknown,n/a,,Unknown,Missing,ali.hassan@hotmail.com,hotmail.com,Missing,925.19,Recorded,$750+,2024-05-05,Valid,2024,2024-Q2,2024-05,5,May,7,Sun,Yes,Unknown,5,Valid,Satisfied (4-5),3,No
CUST2186,Mark Hassan,Mark,Hassan,Male,No,,Unknown,Missing,mark.hassan@yahoo.com,yahoo.com,Missing,513.62,Recorded,$500-749,2025-05-18,Valid,2025,2025-Q2,2025-05,5,May,7,Sun,Yes,Electronics,5,Valid,Satisfied (4-5),5,No
CUST2187,Lina Smith,Lina,Smith,Female,No,,Unknown,Missing,lina.smith@gmail.com,gmail.com,Missing,297.71,Recorded,$250-499,2022-11-22,Valid,2022,2022-Q4,2022-11,11,Nov,2,Tue,Yes,Toys,5,Valid,Satisfied (4-5),5,No
CUST2188,Ahmed Gaber,Ahmed,Gaber,Female,Yes,,Unknown,Missing,ahmed.gaber@gmail.com,gmail.com,Placeholder,808.28,Recorded,$750+,2024-07-10,Valid,2024,2024-Q3,2024-07,7,Jul,3,Wed,Yes,Unknown,5,Valid,Satisfied (4-5),4,No
CUST2189,Ali Hassan,Ali,Hassan,Female,Yes,62,60-74,Valid,ali.hassan@hotmail.com,hotmail.com,Missing,940.72,Recorded,$750+,2023-12-30,Valid,2023,2023-Q4,2023-12,12,Dec,6,Sat,Yes,Unknown,,Missing,No rating,4,No
CUST2190,Ali Ali,Ali,Ali,Female,Yes,,Unknown,Placeholder 200,ali.ali@hotmail.com,hotmail.com,Placeholder,196.88,Recorded,Under $250,2024-10-01,Valid,2024,2024-Q4,2024-10,10,Oct,2,Tue,Yes,Unknown,,Missing,No rating,3,No
CUST2191,Lina Gaber,Lina,Gaber,Unknown,n/a,43,30-44,Valid,lina.gaber@gmail.com,gmail.com,Missing,261.2,Recorded,$250-499,2023-01-17,Valid,2023,2023-Q1,2023-01,1,Jan,2,Tue,Yes,Unknown,5,Valid,Satisfied (4-5),4,No
CUST2192,Fatma Hassan,Fatma,Hassan,Female,No,,Unknown,Placeholder -1,fatma.hassan@yahoo.com,yahoo.com,Placeholder,382.28,Recorded,$250-499,2024-02-25,Valid,2024,2024-Q1,2024-02,2,Feb,7,Sun,Yes,Unknown,,Out of range (10),No rating,3,No
CUST2193,Ali Hassan,Ali,Hassan,Male,No,,Unknown,Missing,ali.hassan@gmail.com,gmail.com,Placeholder,314.57,Recorded,$250-499,2024-03-19,Valid,2024,2024-Q1,2024-03,3,Mar,2,Tue,Yes,Home,4,Valid,Satisfied (4-5),5,No
CUST2194,Lina Ali,Lina,Ali,Female,No,88,75-90,Valid,lina.ali@yahoo.com,yahoo.com,Placeholder,,Missing,Unknown,2023-12-16,Valid,2023,2023-Q4,2023-12,12,Dec,6,Sat,Yes,Toys,2,Valid,Dissatisfied (1-2),5,No
CUST2195,Lina Gaber,Lina,Gaber,Female,No,,Unknown,Placeholder -1,lina.gaber@gmail.com,gmail.com,Placeholder,574.61,Recorded,$500-749,2024-04-10,Valid,2024,2024-Q2,2024-04,4,Apr,3,Wed,Yes,Clothing,,Out of range (10),No rating,4,No
CUST2196,Fatma Hassan,Fatma,Hassan,Female,No,,Unknown,Missing,fatma.hassan@hotmail.com,hotmail.com,Missing,,Missing,Unknown,2024-06-10,Valid,2024,2024-Q2,2024-06,6,Jun,1,Mon,Yes,Books,,Missing,No rating,3,No
CUST2197,Lina Ibrahim,Lina,Ibrahim,Female,No,,Unknown,Missing,lina.ibrahim@hotmail.com,hotmail.com,Missing,,Missing,Unknown,2023-09-20,Valid,2023,2023-Q3,2023-09,9,Sep,3,Wed,Yes,Electronics,1,Valid,Dissatisfied (1-2),4,No
CUST2198,John Smith,John,Smith,Male,No,,Unknown,Missing,john.smith@yahoo.com,yahoo.com,Placeholder,79.68,Recorded,Under $250,2025-07-10,Valid,2025,2025-Q3,2025-07,7,Jul,4,Thu,Partial,Electronics,2,Valid,Dissatisfied (1-2),5,No
CUST2199,Ali Ibrahim,Ali,Ibrahim,Female,Yes,19,15-29,Valid,ali.ibrahim@gmail.com,gmail.com,Placeholder,433.06,Recorded,$250-499,2023-09-08,Valid,2023,2023-Q3,2023-09,9,Sep,5,Fri,Yes,Home,3,Valid,Neutral (3),6,Yes
CUST2200,Fatma Smith,Fatma,Smith,Female,No,,Unknown,Missing,fatma.smith@yahoo.com,yahoo.com,Missing,510.29,Recorded,$500-749,2024-04-09,Valid,2024,2024-Q2,2024-04,4,Apr,2,Tue,Yes,Books,,Missing,No rating,4,No
CUST2201,Lina Smith,Lina,Smith,Female,No,,Unknown,Missing,lina.smith@yahoo.com,yahoo.com,Missing,394.93,Recorded,$250-499,2023-11-14,Valid,2023,2023-Q4,2023-11,11,Nov,2,Tue,Yes,Clothing,5,Valid,Satisfied (4-5),5,No
CUST2202,Lina Smith,Lina,Smith,Unknown,n/a,,Unknown,Placeholder -1,lina.smith@yahoo.com,yahoo.com,Missing,643.35,Recorded,$500-749,2024-02-01,Valid,2024,2024-Q1,2024-02,2,Feb,4,Thu,Yes,Toys,4,Valid,Satisfied (4-5),4,No
CUST2203,Lina Ali,Lina,Ali,Male,Yes,,Unknown,Missing,lina.ali@yahoo.com,yahoo.com,Placeholder,244.49,Recorded,Under $250,2025-01-09,Valid,2025,2025-Q1,2025-01,1,Jan,4,Thu,Yes,Home,1,Valid,Dissatisfied (1-2),5,No
CUST2204,Ahmed Ibrahim,Ahmed,Ibrahim,Male,No,,Unknown,Placeholder -1,ahmed.ibrahim@gmail.com,gmail.com,Missing,407.95,Recorded,$250-499,2024-08-01,Valid,2024,2024-Q3,2024-08,8,Aug,4,Thu,Yes,Unknown,3,Valid,Neutral (3),4,No
CUST2205,Ali Smith,Ali,Smith,Male,No,,Unknown,Placeholder -1,ali.smith@yahoo.com,yahoo.com,Placeholder,,Missing,Unknown,2024-09-01,Valid,2024,2024-Q3,2024-09,9,Sep,7,Sun,Yes,Unknown,3,Valid,Neutral (3),3,No
CUST2206,Lina Gaber,Lina,Gaber,Male,Yes,,Unknown,Placeholder -1,lina.gaber@yahoo.com,yahoo.com,Missing,781.75,Recorded,$750+,2023-12-02,Valid,2023,2023-Q4,2023-12,12,Dec,6,Sat,Yes,Toys,5,Valid,Satisfied (4-5),5,No
CUST2207,Ali Gaber,Ali,Gaber,Female,Yes,15,15-29,Valid,ali.gaber@gmail.com,gmail.com,Missing,283.69,Recorded,$250-499,2023-06-25,Valid,2023,2023-Q2,2023-06,6,Jun,7,Sun,Yes,Electronics,4,Valid,Satisfied (4-5),6,Yes
CUST2208,Lina Mahmoud,Lina,Mahmoud,Unknown,n/a,,Unknown,Placeholder 200,lina.mahmoud@gmail.com,gmail.com,Missing,840.98,Recorded,$750+,2022-11-02,Valid,2022,2022-Q4,2022-11,11,Nov,3,Wed,Yes,Home,3,Valid,Neutral (3),4,No
CUST2209,Mark Smith,Mark,Smith,Male,No,,Unknown,Placeholder -1,mark.smith@hotmail.com,hotmail.com,Missing,286.59,Recorded,$250-499,2024-11-04,Valid,2024,2024-Q4,2024-11,11,Nov,1,Mon,Yes,Books,3,Valid,Neutral (3),5,No
CUST2210,John Smith,John,Smith,Female,Yes,55,45-59,Valid,john.smith@yahoo.com,yahoo.com,Missing,300.97,Recorded,$250-499,2023-09-02,Valid,2023,2023-Q3,2023-09,9,Sep,6,Sat,Yes,Unknown,3,Valid,Neutral (3),5,No
CUST2211,Ali Ali,Ali,Ali,Female,Yes,,Unknown,Placeholder 200,ali.ali@yahoo.com,yahoo.com,Missing,889.53,Recorded,$750+,2024-05-28,Valid,2024,2024-Q2,2024-05,5,May,2,Tue,Yes,Books,5,Valid,Satisfied (4-5),5,No
CUST2212,Fatma Hassan,Fatma,Hassan,Male,Yes,,Unknown,Placeholder -1,fatma.hassan@gmail.com,gmail.com,Missing,733.62,Recorded,$500-749,2024-05-25,Valid,2024,2024-Q2,2024-05,5,May,6,Sat,Yes,Clothing,,Out of range (10),No rating,4,No
CUST2213,Ahmed Gaber,Ahmed,Gaber,Unknown,n/a,,Unknown,Placeholder -1,ahmed.gaber@hotmail.com,hotmail.com,Placeholder,964.72,Recorded,$750+,2024-06-02,Valid,2024,2024-Q2,2024-06,6,Jun,7,Sun,Yes,Toys,4,Valid,Satisfied (4-5),4,No
CUST2214,John Ali,John,Ali,Unknown,n/a,15,15-29,Valid,john.ali@hotmail.com,hotmail.com,Placeholder,561.81,Recorded,$500-749,2023-07-03,Valid,2023,2023-Q3,2023-07,7,Jul,1,Mon,Yes,Unknown,3,Valid,Neutral (3),4,No
CUST2215,Ahmed Ibrahim,Ahmed,Ibrahim,Female,Yes,39,30-44,Valid,ahmed.ibrahim@gmail.com,gmail.com,Placeholder,560.21,Recorded,$500-749,2024-05-15,Valid,2024,2024-Q2,2024-05,5,May,3,Wed,Yes,Books,,Missing,No rating,5,No
CUST2216,Lina Ali,Lina,Ali,Male,Yes,,Unknown,Placeholder 200,lina.ali@yahoo.com,yahoo.com,Placeholder,799.32,Recorded,$750+,2024-11-29,Valid,2024,2024-Q4,2024-11,11,Nov,5,Fri,Yes,Books,5,Valid,Satisfied (4-5),5,No
CUST2217,Alaa Smith,Alaa,Smith,Male,n/a,,Unknown,Placeholder 200,alaa.smith@gmail.com,gmail.com,Placeholder,535.6,Recorded,$500-749,2025-07-01,Valid,2025,2025-Q3,2025-07,7,Jul,2,Tue,Partial,Clothing,4,Valid,Satisfied (4-5),5,No
CUST2218,Mark Gaber,Mark,Gaber,Male,No,20,15-29,Valid,mark.gaber@yahoo.com,yahoo.com,Missing,610.87,Recorded,$500-749,2024-12-03,Valid,2024,2024-Q4,2024-12,12,Dec,2,Tue,Yes,Electronics,1,Valid,Dissatisfied (1-2),6,Yes
CUST2219,Fatma Hassan,Fatma,Hassan,Female,No,,Unknown,Placeholder -1,fatma.hassan@gmail.com,gmail.com,Placeholder,739.49,Recorded,$500-749,2022-11-05,Valid,2022,2022-Q4,2022-11,11,Nov,6,Sat,Yes,Electronics,2,Valid,Dissatisfied (1-2),5,No
CUST2220,Fatma Mahmoud,Fatma,Mahmoud,Unknown,n/a,37,30-44,Valid,fatma.mahmoud@yahoo.com,yahoo.com,Placeholder,92.52,Recorded,Under $250,2024-06-24,Valid,2024,2024-Q2,2024-06,6,Jun,1,Mon,Yes,Home,3,Valid,Neutral (3),5,No
CUST2221,Sara Ali,Sara,Ali,Unknown,n/a,,Unknown,Placeholder -1,sara.ali@hotmail.com,hotmail.com,Placeholder,769.91,Recorded,$750+,2024-05-10,Valid,2024,2024-Q2,2024-05,5,May,5,Fri,Yes,Unknown,2,Valid,Dissatisfied (1-2),3,No
CUST2222,Alaa Gaber,Alaa,Gaber,Male,n/a,,Unknown,Placeholder 200,alaa.gaber@hotmail.com,hotmail.com,Missing,321.65,Recorded,$250-499,2023-11-07,Valid,2023,2023-Q4,2023-11,11,Nov,2,Tue,Yes,Home,3,Valid,Neutral (3),5,No
CUST2223,Mark Ali,Mark,Ali,Female,Yes,90,75-90,Valid,mark.ali@gmail.com,gmail.com,Missing,92.17,Recorded,Under $250,2025-07-11,Valid,2025,2025-Q3,2025-07,7,Jul,5,Fri,Partial,Unknown,,Missing,No rating,4,No
CUST2224,Sara Mahmoud,Sara,Mahmoud,Female,No,,Unknown,Placeholder -1,sara.mahmoud@yahoo.com,yahoo.com,Placeholder,760.72,Recorded,$750+,2025-06-17,Valid,2025,2025-Q2,2025-06,6,Jun,2,Tue,Yes,Clothing,5,Valid,Satisfied (4-5),5,No
CUST2225,Mark Hassan,Mark,Hassan,Unknown,n/a,,Unknown,Placeholder -1,mark.hassan@yahoo.com,yahoo.com,Missing,35.74,Recorded,Under $250,,Invalid,,,,,,,,,Home,5,Valid,Satisfied (4-5),3,No
CUST2226,Ali Ibrahim,Ali,Ibrahim,Unknown,n/a,,Unknown,Missing,ali.ibrahim@yahoo.com,yahoo.com,Missing,235.96,Recorded,Under $250,2025-02-14,Valid,2025,2025-Q1,2025-02,2,Feb,5,Fri,Yes,Clothing,5,Valid,Satisfied (4-5),4,No
CUST2227,Ali Gaber,Ali,Gaber,Female,Yes,,Unknown,Placeholder 200,ali.gaber@gmail.com,gmail.com,Missing,720.59,Recorded,$500-749,2023-11-06,Valid,2023,2023-Q4,2023-11,11,Nov,1,Mon,Yes,Clothing,3,Valid,Neutral (3),5,No
CUST2228,John Ibrahim,John,Ibrahim,Female,Yes,82,75-90,Valid,john.ibrahim@gmail.com,gmail.com,Placeholder,978.34,Recorded,$750+,2024-09-03,Valid,2024,2024-Q3,2024-09,9,Sep,2,Tue,Yes,Unknown,1,Valid,Dissatisfied (1-2),5,No
CUST2229,Lina Mahmoud,Lina,Mahmoud,Female,No,,Unknown,Placeholder 200,lina.mahmoud@gmail.com,gmail.com,Missing,972.71,Recorded,$750+,2024-06-05,Valid,2024,2024-Q2,2024-06,6,Jun,3,Wed,Yes,Toys,,Missing,No rating,4,No
CUST2230,Lina Hassan,Lina,Hassan,Female,No,,Unknown,Placeholder 200,lina.hassan@yahoo.com,yahoo.com,Placeholder,98.1,Recorded,Under $250,2024-10-05,Valid,2024,2024-Q4,2024-10,10,Oct,6,Sat,Yes,Unknown,1,Valid,Dissatisfied (1-2),4,No
CUST2231,Lina Hassan,Lina,Hassan,Male,Yes,,Unknown,Missing,lina.hassan@gmail.com,gmail.com,Missing,608.34,Recorded,$500-749,2025-03-07,Valid,2025,2025-Q1,2025-03,3,Mar,5,Fri,Yes,Unknown,,Out of range (10),No rating,3,No
CUST2232,Lina Mahmoud,Lina,Mahmoud,Female,No,,Unknown,Placeholder -1,lina.mahmoud@yahoo.com,yahoo.com,Missing,864.48,Recorded,$750+,2023-02-16,Valid,2023,2023-Q1,2023-02,2,Feb,4,Thu,Yes,Toys,5,Valid,Satisfied (4-5),5,No
CUST2233,Mark Mahmoud,Mark,Mahmoud,Female,Yes,,Unknown,Missing,mark.mahmoud@hotmail.com,hotmail.com,Placeholder,614.65,Recorded,$500-749,2023-06-21,Valid,2023,2023-Q2,2023-06,6,Jun,3,Wed,Yes,Electronics,,Missing,No rating,4,No
CUST2234,Sara Hassan,Sara,Hassan,Female,No,,Unknown,Missing,sara.hassan@hotmail.com,hotmail.com,Placeholder,512.14,Recorded,$500-749,2023-04-19,Valid,2023,2023-Q2,2023-04,4,Apr,3,Wed,Yes,Electronics,5,Valid,Satisfied (4-5),5,No
CUST2235,Ali Smith,Ali,Smith,Male,No,,Unknown,Placeholder -1,ali.smith@gmail.com,gmail.com,Placeholder,293.0,Recorded,$250-499,,Invalid,,,,,,,,,Electronics,4,Valid,Satisfied (4-5),4,No
CUST2236,John Smith,John,Smith,Female,Yes,36,30-44,Valid,john.smith@hotmail.com,hotmail.com,Missing,797.0,Recorded,$750+,2024-05-20,Valid,2024,2024-Q2,2024-05,5,May,1,Mon,Yes,Toys,4,Valid,Satisfied (4-5),6,Yes
CUST2237,Ali Gaber,Ali,Gaber,Male,No,61,60-74,Valid,ali.gaber@gmail.com,gmail.com,Placeholder,580.13,Recorded,$500-749,2025-01-01,Valid,2025,2025-Q1,2025-01,1,Jan,3,Wed,Yes,Unknown,4,Valid,Satisfied (4-5),5,No
CUST2238,Fatma Mahmoud,Fatma,Mahmoud,Male,Yes,,Unknown,Placeholder -1,fatma.mahmoud@hotmail.com,hotmail.com,Missing,366.81,Recorded,$250-499,2024-06-15,Valid,2024,2024-Q2,2024-06,6,Jun,6,Sat,Yes,Unknown,4,Valid,Satisfied (4-5),4,No
CUST2239,Lina Ali,Lina,Ali,Female,No,,Unknown,Placeholder 200,lina.ali@hotmail.com,hotmail.com,Missing,140.35,Recorded,Under $250,2023-08-08,Valid,2023,2023-Q3,2023-08,8,Aug,2,Tue,Yes,Toys,2,Valid,Dissatisfied (1-2),5,No
CUST2240,Alaa Mahmoud,Alaa,Mahmoud,Male,n/a,,Unknown,Placeholder 200,alaa.mahmoud@hotmail.com,hotmail.com,Placeholder,167.11,Recorded,Under $250,2023-09-10,Valid,2023,2023-Q3,2023-09,9,Sep,7,Sun,Yes,Toys,3,Valid,Neutral (3),5,No
CUST2241,Mark Smith,Mark,Smith,Male,No,,Unknown,Placeholder 200,mark.smith@gmail.com,gmail.com,Placeholder,973.54,Recorded,$750+,2023-06-07,Valid,2023,2023-Q2,2023-06,6,Jun,3,Wed,Yes,Unknown,1,Valid,Dissatisfied (1-2),4,No
CUST2242,John Mahmoud,John,Mahmoud,Female,Yes,,Unknown,Placeholder 200,john.mahmoud@hotmail.com,hotmail.com,Missing,20.42,Recorded,Under $250,2024-10-01,Valid,2024,2024-Q4,2024-10,10,Oct,2,Tue,Yes,Toys,,Missing,No rating,4,No
CUST2243,Sara Smith,Sara,Smith,Unknown,n/a,,Unknown,Missing,sara.smith@yahoo.com,yahoo.com,Placeholder,829.61,Recorded,$750+,2023-10-05,Valid,2023,2023-Q4,2023-10,10,Oct,4,Thu,Yes,Books,5,Valid,Satisfied (4-5),4,No
CUST2244,Ahmed Ibrahim,Ahmed,Ibrahim,Female,Yes,,Unknown,Placeholder 200,ahmed.ibrahim@gmail.com,gmail.com,Placeholder,767.34,Recorded,$750+,2025-06-10,Valid,2025,2025-Q2,2025-06,6,Jun,2,Tue,Yes,Electronics,3,Valid,Neutral (3),5,No
CUST2245,Fatma Smith,Fatma,Smith,Female,No,,Unknown,Placeholder -1,fatma.smith@gmail.com,gmail.com,Missing,330.11,Recorded,$250-499,2023-01-16,Valid,2023,2023-Q1,2023-01,1,Jan,1,Mon,Yes,Unknown,2,Valid,Dissatisfied (1-2),4,No
CUST2246,Ali Mahmoud,Ali,Mahmoud,Male,No,,Unknown,Placeholder 200,ali.mahmoud@hotmail.com,hotmail.com,Missing,535.87,Recorded,$500-749,2025-01-06,Valid,2025,2025-Q1,2025-01,1,Jan,1,Mon,Yes,Electronics,1,Valid,Dissatisfied (1-2),5,No
CUST2247,Fatma Hassan,Fatma,Hassan,Unknown,n/a,,Unknown,Placeholder -1,fatma.hassan@hotmail.com,hotmail.com,Placeholder,986.02,Recorded,$750+,2022-12-24,Valid,2022,2022-Q4,2022-12,12,Dec,6,Sat,Yes,Home,4,Valid,Satisfied (4-5),4,No
CUST2248,Lina Ali,Lina,Ali,Female,No,51,45-59,Valid,lina.ali@hotmail.com,hotmail.com,Placeholder,139.4,Recorded,Under $250,2024-07-05,Valid,2024,2024-Q3,2024-07,7,Jul,5,Fri,Yes,Books,5,Valid,Satisfied (4-5),6,Yes
CUST2249,Ahmed Ali,Ahmed,Ali,Unknown,n/a,,Unknown,Missing,ahmed.ali@gmail.com,gmail.com,Placeholder,863.48,Recorded,$750+,2022-10-31,Valid,2022,2022-Q4,2022-10,10,Oct,1,Mon,Partial,Toys,,Missing,No rating,3,No
CUST2250,Ahmed Ali,Ahmed,Ali,Unknown,n/a,,Unknown,Missing,ahmed.ali@gmail.com,gmail.com,Placeholder,,Missing,Unknown,2025-01-18,Valid,2025,2025-Q1,2025-01,1,Jan,6,Sat,Yes,Unknown,,Missing,No rating,1,No
CUST2251,Fatma Gaber,Fatma,Gaber,Male,Yes,,Unknown,Missing,fatma.gaber@gmail.com,gmail.com,Placeholder,67.6,Recorded,Under $250,2024-05-12,Valid,2024,2024-Q2,2024-05,5,May,7,Sun,Yes,Home,1,Valid,Dissatisfied (1-2),5,No
CUST2252,John Ali,John,Ali,Female,Yes,,Unknown,Missing,john.ali@yahoo.com,yahoo.com,Missing,420.72,Recorded,$250-499,2023-05-02,Valid,2023,2023-Q2,2023-05,5,May,2,Tue,Yes,Clothing,2,Valid,Dissatisfied (1-2),5,No
CUST2253,Fatma Ali,Fatma,Ali,Female,No,,Unknown,Placeholder -1,fatma.ali@yahoo.com,yahoo.com,Missing,284.8,Recorded,$250-499,2023-06-28,Valid,2023,2023-Q2,2023-06,6,Jun,3,Wed,Yes,Unknown,5,Valid,Satisfied (4-5),4,No
CUST2254,Fatma Hassan,Fatma,Hassan,Female,No,,Unknown,Placeholder 200,fatma.hassan@gmail.com,gmail.com,Placeholder,244.38,Recorded,Under $250,2025-02-14,Valid,2025,2025-Q1,2025-02,2,Feb,5,Fri,Yes,Books,1,Valid,Dissatisfied (1-2),5,No
CUST2255,Sara Ibrahim,Sara,Ibrahim,Female,No,,Unknown,Missing,sara.ibrahim@gmail.com,gmail.com,Missing,557.95,Recorded,$500-749,2024-06-29,Valid,2024,2024-Q2,2024-06,6,Jun,6,Sat,Yes,Electronics,,Out of range (10),No rating,4,No
CUST2256,Ahmed Smith,Ahmed,Smith,Male,No,,Unknown,Placeholder -1,ahmed.smith@hotmail.com,hotmail.com,Placeholder,754.51,Recorded,$750+,2024-01-18,Valid,2024,2024-Q1,2024-01,1,Jan,4,Thu,Yes,Electronics,2,Valid,Dissatisfied (1-2),5,No
CUST2257,John Ali,John,Ali,Male,No,35,30-44,Valid,john.ali@hotmail.com,hotmail.com,Placeholder,374.71,Recorded,$250-499,2022-11-26,Valid,2022,2022-Q4,2022-11,11,Nov,6,Sat,Yes,Clothing,1,Valid,Dissatisfied (1-2),6,Yes
CUST2258,Fatma Ibrahim,Fatma,Ibrahim,Male,Yes,,Unknown,Missing,fatma.ibrahim@gmail.com,gmail.com,Missing,481.85,Recorded,$250-499,2024-10-13,Valid,2024,2024-Q4,2024-10,10,Oct,7,Sun,Yes,Unknown,1,Valid,Dissatisfied (1-2),4,No
CUST2259,Mark Smith,Mark,Smith,Male,No,,Unknown,Placeholder -1,mark.smith@yahoo.com,yahoo.com,Placeholder,653.34,Recorded,$500-749,2023-02-12,Valid,2023,2023-Q1,2023-02,2,Feb,7,Sun,Yes,Home,4,Valid,Satisfied (4-5),5,No
CUST2260,John Mahmoud,John,Mahmoud,Female,Yes,65,60-74,Valid,john.mahmoud@gmail.com,gmail.com,Missing,574.72,Recorded,$500-749,2025-02-25,Valid,2025,2025-Q1,2025-02,2,Feb,2,Tue,Yes,Clothing,4,Valid,Satisfied (4-5),6,Yes
CUST2261,Alaa Ibrahim,Alaa,Ibrahim,Female,n/a,51,45-59,Valid,alaa.ibrahim@hotmail.com,hotmail.com,Placeholder,801.49,Recorded,$750+,2024-07-09,Valid,2024,2024-Q3,2024-07,7,Jul,2,Tue,Yes,Unknown,,Missing,No rating,4,No
CUST2262,Ahmed Smith,Ahmed,Smith,Unknown,n/a,,Unknown,Missing,ahmed.smith@hotmail.com,hotmail.com,Placeholder,144.72,Recorded,Under $250,2024-04-10,Valid,2024,2024-Q2,2024-04,4,Apr,3,Wed,Yes,Books,1,Valid,Dissatisfied (1-2),4,No
CUST2263,Ahmed Gaber,Ahmed,Gaber,Female,Yes,,Unknown,Placeholder -1,ahmed.gaber@yahoo.com,yahoo.com,Placeholder,768.15,Recorded,$750+,2025-05-20,Valid,2025,2025-Q2,2025-05,5,May,2,Tue,Yes,Toys,,Missing,No rating,4,No
CUST2264,Mark Ali,Mark,Ali,Female,Yes,48,45-59,Valid,mark.ali@gmail.com,gmail.com,Missing,585.62,Recorded,$500-749,2022-11-18,Valid,2022,2022-Q4,2022-11,11,Nov,5,Fri,Yes,Books,2,Valid,Dissatisfied (1-2),6,Yes
CUST2265,Sara Ali,Sara,Ali,Female,No,,Unknown,Placeholder 200,sara.ali@gmail.com,gmail.com,Placeholder,475.61,Recorded,$250-499,2025-07-17,Valid,2025,2025-Q3,2025-07,7,Jul,4,Thu,Partial,Home,,Out of range (10),No rating,4,No
CUST2266,Lina Smith,Lina,Smith,Male,Yes,49,45-59,Valid,lina.smith@gmail.com,gmail.com,Placeholder,280.36,Recorded,$250-499,2024-03-22,Valid,2024,2024-Q1,2024-03,3,Mar,5,Fri,Yes,Unknown,,Out of range (10),No rating,4,No
CUST2267,Ahmed Ibrahim,Ahmed,Ibrahim,Male,No,,Unknown,Missing,ahmed.ibrahim@yahoo.com,yahoo.com,Placeholder,814.36,Recorded,$750+,2023-10-15,Valid,2023,2023-Q4,2023-10,10,Oct,7,Sun,Yes,Home,1,Valid,Dissatisfied (1-2),5,No
CUST2268,Lina Ibrahim,Lina,Ibrahim,Male,Yes,,Unknown,Placeholder 200,lina.ibrahim@hotmail.com,hotmail.com,Placeholder,175.5,Recorded,Under $250,2024-05-25,Valid,2024,2024-Q2,2024-05,5,May,6,Sat,Yes,Unknown,2,Valid,Dissatisfied (1-2),4,No
CUST2269,John Smith,John,Smith,Female,Yes,,Unknown,Placeholder 200,john.smith@gmail.com,gmail.com,Missing,227.25,Recorded,Under $250,2024-05-23,Valid,2024,2024-Q2,2024-05,5,May,4,Thu,Yes,Books,2,Valid,Dissatisfied (1-2),5,No
CUST2270,Alaa Ibrahim,Alaa,Ibrahim,Male,n/a,,Unknown,Placeholder -1,alaa.ibrahim@yahoo.com,yahoo.com,Placeholder,342.32,Recorded,$250-499,2023-06-21,Valid,2023,2023-Q2,2023-06,6,Jun,3,Wed,Yes,Home,,Out of range (10),No rating,4,No
CUST2271,Ali Ali,Ali,Ali,Male,No,,Unknown,Placeholder 200,ali.ali@gmail.com,gmail.com,Placeholder,538.81,Recorded,$500-749,2024-11-20,Valid,2024,2024-Q4,2024-11,11,Nov,3,Wed,Yes,Home,5,Valid,Satisfied (4-5),5,No
CUST2272,Fatma Ibrahim,Fatma,Ibrahim,Female,No,31,30-44,Valid,fatma.ibrahim@gmail.com,gmail.com,Missing,727.25,Recorded,$500-749,2023-11-24,Valid,2023,2023-Q4,2023-11,11,Nov,5,Fri,Yes,Unknown,4,Valid,Satisfied (4-5),5,No
CUST2273,Fatma Ibrahim,Fatma,Ibrahim,Female,No,,Unknown,Placeholder 200,fatma.ibrahim@hotmail.com,hotmail.com,Placeholder,162.53,Recorded,Under $250,2025-01-20,Valid,2025,2025-Q1,2025-01,1,Jan,1,Mon,Yes,Home,,Missing,No rating,4,No
CUST2274,John Mahmoud,John,Mahmoud,Male,No,,Unknown,Placeholder -1,john.mahmoud@yahoo.com,yahoo.com,Missing,6.42,Recorded,Under $250,2024-08-23,Valid,2024,2024-Q3,2024-08,8,Aug,5,Fri,Yes,Toys,2,Valid,Dissatisfied (1-2),5,No
CUST2275,Ahmed Mahmoud,Ahmed,Mahmoud,Unknown,n/a,,Unknown,Placeholder -1,ahmed.mahmoud@yahoo.com,yahoo.com,Missing,653.18,Recorded,$500-749,2024-11-09,Valid,2024,2024-Q4,2024-11,11,Nov,6,Sat,Yes,Toys,1,Valid,Dissatisfied (1-2),4,No
CUST2276,Alaa Hassan,Alaa,Hassan,Male,n/a,77,75-90,Valid,alaa.hassan@gmail.com,gmail.com,Missing,947.43,Recorded,$750+,2024-10-01,Valid,2024,2024-Q4,2024-10,10,Oct,2,Tue,Yes,Clothing,5,Valid,Satisfied (4-5),6,Yes
CUST2277,Ahmed Gaber,Ahmed,Gaber,Male,No,,Unknown,Missing,ahmed.gaber@gmail.com,gmail.com,Missing,940.11,Recorded,$750+,,Invalid,,,,,,,,,Electronics,,Missing,No rating,3,No
CUST2278,Ahmed Gaber,Ahmed,Gaber,Male,No,,Unknown,Placeholder -1,ahmed.gaber@hotmail.com,hotmail.com,Placeholder,155.92,Recorded,Under $250,2024-04-21,Valid,2024,2024-Q2,2024-04,4,Apr,7,Sun,Yes,Home,1,Valid,Dissatisfied (1-2),5,No
CUST2279,John Hassan,John,Hassan,Female,Yes,,Unknown,Placeholder -1,john.hassan@yahoo.com,yahoo.com,Placeholder,823.84,Recorded,$750+,,Invalid,,,,,,,,,Unknown,1,Valid,Dissatisfied (1-2),3,No
CUST2280,Fatma Hassan,Fatma,Hassan,Female,No,32,30-44,Valid,fatma.hassan@yahoo.com,yahoo.com,Placeholder,788.14,Recorded,$750+,2022-11-10,Valid,2022,2022-Q4,2022-11,11,Nov,4,Thu,Yes,Unknown,5,Valid,Satisfied (4-5),5,No
CUST2281,Ahmed Smith,Ahmed,Smith,Unknown,n/a,55,45-59,Valid,ahmed.smith@gmail.com,gmail.com,Placeholder,986.3,Recorded,$750+,2025-03-26,Valid,2025,2025-Q1,2025-03,3,Mar,3,Wed,Yes,Electronics,3,Valid,Neutral (3),5,No
CUST2282,Ali Ibrahim,Ali,Ibrahim,Male,No,,Unknown,Placeholder 200,ali.ibrahim@yahoo.com,yahoo.com,Missing,56.47,Recorded,Under $250,2024-08-24,Valid,2024,2024-Q3,2024-08,8,Aug,6,Sat,Yes,Home,3,Valid,Neutral (3),5,No
CUST2283,Lina Ibrahim,Lina,Ibrahim,Male,Yes,,Unknown,Placeholder -1,lina.ibrahim@yahoo.com,yahoo.com,Missing,333.17,Recorded,$250-499,2024-04-11,Valid,2024,2024-Q2,2024-04,4,Apr,4,Thu,Yes,Toys,4,Valid,Satisfied (4-5),5,No
CUST2284,John Hassan,John,Hassan,Male,No,,Unknown,Placeholder 200,john.hassan@hotmail.com,hotmail.com,Missing,438.39,Recorded,$250-499,2023-04-11,Valid,2023,2023-Q2,2023-04,4,Apr,2,Tue,Yes,Electronics,4,Valid,Satisfied (4-5),5,No
CUST2285,Alaa Hassan,Alaa,Hassan,Male,n/a,43,30-44,Valid,alaa.hassan@yahoo.com,yahoo.com,Placeholder,836.11,Recorded,$750+,2023-06-01,Valid,2023,2023-Q2,2023-06,6,Jun,4,Thu,Yes,Unknown,,Missing,No rating,4,No
CUST2286,John Mahmoud,John,Mahmoud,Male,No,,Unknown,Placeholder -1,john.mahmoud@hotmail.com,hotmail.com,Missing,884.5,Recorded,$750+,2024-08-15,Valid,2024,2024-Q3,2024-08,8,Aug,4,Thu,Yes,Home,2,Valid,Dissatisfied (1-2),5,No
CUST2287,Fatma Mahmoud,Fatma,Mahmoud,Female,No,,Unknown,Placeholder -1,fatma.mahmoud@gmail.com,gmail.com,Missing,704.74,Recorded,$500-749,,Invalid,,,,,,,,,Toys,,Missing,No rating,3,No
CUST2288,Sara Mahmoud,Sara,Mahmoud,Female,No,,Unknown,Missing,sara.mahmoud@hotmail.com,hotmail.com,Missing,379.05,Recorded,$250-499,2024-06-27,Valid,2024,2024-Q2,2024-06,6,Jun,4,Thu,Yes,Clothing,,Missing,No rating,4,No
CUST2289,Sara Gaber,Sara,Gaber,Female,No,,Unknown,Missing,sara.gaber@yahoo.com,yahoo.com,Placeholder,645.64,Recorded,$500-749,2023-07-18,Valid,2023,2023-Q3,2023-07,7,Jul,2,Tue,Yes,Electronics,3,Valid,Neutral (3),5,No
CUST2290,Sara Ibrahim,Sara,Ibrahim,Female,No,,Unknown,Missing,sara.ibrahim@gmail.com,gmail.com,Missing,748.21,Recorded,$500-749,2023-10-02,Valid,2023,2023-Q4,2023-10,10,Oct,1,Mon,Yes,Unknown,2,Valid,Dissatisfied (1-2),4,No
CUST2291,John Mahmoud,John,Mahmoud,Female,Yes,,Unknown,Placeholder 200,john.mahmoud@yahoo.com,yahoo.com,Placeholder,331.71,Recorded,$250-499,2024-02-22,Valid,2024,2024-Q1,2024-02,2,Feb,4,Thu,Yes,Clothing,3,Valid,Neutral (3),5,No
CUST2292,Mark Ali,Mark,Ali,Female,Yes,,Unknown,Placeholder 200,mark.ali@yahoo.com,yahoo.com,Placeholder,959.93,Recorded,$750+,2024-11-17,Valid,2024,2024-Q4,2024-11,11,Nov,7,Sun,Yes,Toys,3,Valid,Neutral (3),5,No
CUST2293,John Gaber,John,Gaber,Male,No,78,75-90,Valid,john.gaber@yahoo.com,yahoo.com,Placeholder,878.9,Recorded,$750+,2022-12-10,Valid,2022,2022-Q4,2022-12,12,Dec,6,Sat,Yes,Home,1,Valid,Dissatisfied (1-2),6,Yes
CUST2294,Fatma Hassan,Fatma,Hassan,Female,No,,Unknown,Placeholder 200,fatma.hassan@yahoo.com,yahoo.com,Placeholder,741.76,Recorded,$500-749,2022-11-14,Valid,2022,2022-Q4,2022-11,11,Nov,1,Mon,Yes,Home,,Out of range (10),No rating,4,No
CUST2295,John Gaber,John,Gaber,Male,No,,Unknown,Missing,john.gaber@hotmail.com,hotmail.com,Missing,329.58,Recorded,$250-499,2023-10-09,Valid,2023,2023-Q4,2023-10,10,Oct,1,Mon,Yes,Toys,4,Valid,Satisfied (4-5),5,No
CUST2296,Fatma Smith,Fatma,Smith,Female,No,,Unknown,Placeholder -1,fatma.smith@gmail.com,gmail.com,Missing,68.86,Recorded,Under $250,2024-09-17,Valid,2024,2024-Q3,2024-09,9,Sep,2,Tue,Yes,Toys,4,Valid,Satisfied (4-5),5,No
CUST2297,Lina Smith,Lina,Smith,Male,Yes,28,15-29,Valid,lina.smith@hotmail.com,hotmail.com,Placeholder,512.36,Recorded,$500-749,2023-06-24,Valid,2023,2023-Q2,2023-06,6,Jun,6,Sat,Yes,Clothing,1,Valid,Dissatisfied (1-2),6,Yes
CUST2298,Ahmed Smith,Ahmed,Smith,Female,Yes,,Unknown,Missing,ahmed.smith@gmail.com,gmail.com,Placeholder,312.14,Recorded,$250-499,2024-07-26,Valid,2024,2024-Q3,2024-07,7,Jul,5,Fri,Yes,Clothing,5,Valid,Satisfied (4-5),5,No
CUST2299,Alaa Hassan,Alaa,Hassan,Male,n/a,,Unknown,Missing,alaa.hassan@hotmail.com,hotmail.com,Missing,485.41,Recorded,$250-499,2023-11-30,Valid,2023,2023-Q4,2023-11,11,Nov,4,Thu,Yes,Books,3,Valid,Neutral (3),5,No
CUST2300,Fatma Mahmoud,Fatma,Mahmoud,Female,No,,Unknown,Placeholder -1,fatma.mahmoud@yahoo.com,yahoo.com,Placeholder,557.38,Recorded,$500-749,2025-07-08,Valid,2025,2025-Q3,2025-07,7,Jul,2,Tue,Partial,Electronics,,Out of range (10),No rating,4,No
CUST2301,Ali Hassan,Ali,Hassan,Male,No,,Unknown,Placeholder -1,ali.hassan@gmail.com,gmail.com,Missing,841.55,Recorded,$750+,2024-10-26,Valid,2024,2024-Q4,2024-10,10,Oct,6,Sat,Yes,Books,2,Valid,Dissatisfied (1-2),5,No
CUST2302,Ahmed Smith,Ahmed,Smith,Unknown,n/a,,Unknown,Missing,ahmed.smith@yahoo.com,yahoo.com,Missing,,Missing,Unknown,,Invalid,,,,,,,,,Unknown,,Missing,No rating,0,No
CUST2303,Ali Hassan,Ali,Hassan,Male,No,,Unknown,Placeholder -1,ali.hassan@yahoo.com,yahoo.com,Missing,927.29,Recorded,$750+,2023-11-25,Valid,2023,2023-Q4,2023-11,11,Nov,6,Sat,Yes,Home,,Missing,No rating,4,No
CUST2304,Mark Smith,Mark,Smith,Male,No,,Unknown,Missing,mark.smith@hotmail.com,hotmail.com,Missing,766.28,Recorded,$750+,2025-02-07,Valid,2025,2025-Q1,2025-02,2,Feb,5,Fri,Yes,Electronics,2,Valid,Dissatisfied (1-2),5,No
CUST2305,Fatma Ibrahim,Fatma,Ibrahim,Unknown,n/a,,Unknown,Placeholder -1,fatma.ibrahim@yahoo.com,yahoo.com,Placeholder,630.39,Recorded,$500-749,2023-12-29,Valid,2023,2023-Q4,2023-12,12,Dec,5,Fri,Yes,Clothing,5,Valid,Satisfied (4-5),4,No
CUST2306,Alaa Mahmoud,Alaa,Mahmoud,Male,n/a,,Unknown,Placeholder 200,alaa.mahmoud@yahoo.com,yahoo.com,Missing,712.47,Recorded,$500-749,,Invalid,,,,,,,,,Clothing,4,Valid,Satisfied (4-5),4,No
CUST2307,Ahmed Smith,Ahmed,Smith,Female,Yes,,Unknown,Placeholder -1,ahmed.smith@hotmail.com,hotmail.com,Missing,987.16,Recorded,$750+,2025-04-23,Valid,2025,2025-Q2,2025-04,4,Apr,3,Wed,Yes,Toys,1,Valid,Dissatisfied (1-2),5,No
CUST2308,Lina Ali,Lina,Ali,Male,Yes,25,15-29,Valid,lina.ali@hotmail.com,hotmail.com,Missing,129.05,Recorded,Under $250,2023-12-05,Valid,2023,2023-Q4,2023-12,12,Dec,2,Tue,Yes,Books,4,Valid,Satisfied (4-5),6,Yes
CUST2309,Alaa Ali,Alaa,Ali,Male,n/a,,Unknown,Placeholder 200,alaa.ali@yahoo.com,yahoo.com,Placeholder,305.61,Recorded,$250-499,2023-10-06,Valid,2023,2023-Q4,2023-10,10,Oct,5,Fri,Yes,Clothing,3,Valid,Neutral (3),5,No
CUST2310,Mark Gaber,Mark,Gaber,Female,Yes,34,30-44,Valid,mark.gaber@hotmail.com,hotmail.com,Missing,65.4,Recorded,Under $250,2025-06-30,Valid,2025,2025-Q2,2025-06,6,Jun,1,Mon,Yes,Books,5,Valid,Satisfied (4-5),6,Yes
CUST2311,Ali Gaber,Ali,Gaber,Female,Yes,,Unknown,Missing,ali.gaber@gmail.com,gmail.com,Missing,764.36,Recorded,$750+,2024-03-08,Valid,2024,2024-Q1,2024-03,3,Mar,5,Fri,Yes,Electronics,3,Valid,Neutral (3),5,No
CUST2312,John Ali,John,Ali,Male,No,,Unknown,Missing,john.ali@hotmail.com,hotmail.com,Missing,96.81,Recorded,Under $250,2024-04-05,Valid,2024,2024-Q2,2024-04,4,Apr,5,Fri,Yes,Unknown,4,Valid,Satisfied (4-5),4,No
CUST2313,Fatma Gaber,Fatma,Gaber,Male,Yes,,Unknown,Placeholder -1,fatma.gaber@hotmail.com,hotmail.com,Missing,490.35,Recorded,$250-499,2024-08-03,Valid,2024,2024-Q3,2024-08,8,Aug,6,Sat,Yes,Books,5,Valid,Satisfied (4-5),5,No
CUST2314,Ali Mahmoud,Ali,Mahmoud,Female,Yes,,Unknown,Missing,ali.mahmoud@yahoo.com,yahoo.com,Missing,557.11,Recorded,$500-749,2023-10-11,Valid,2023,2023-Q4,2023-10,10,Oct,3,Wed,Yes,Unknown,,Out of range (10),No rating,3,No
CUST2315,John Mahmoud,John,Mahmoud,Male,No,80,75-90,Valid,john.mahmoud@gmail.com,gmail.com,Missing,262.87,Recorded,$250-499,2023-03-25,Valid,2023,2023-Q1,2023-03,3,Mar,6,Sat,Yes,Unknown,5,Valid,Satisfied (4-5),5,No
CUST2316,Mark Ibrahim,Mark,Ibrahim,Unknown,n/a,,Unknown,Placeholder -1,mark.ibrahim@yahoo.com,yahoo.com,Placeholder,291.61,Recorded,$250-499,2023-04-29,Valid,2023,2023-Q2,2023-04,4,Apr,6,Sat,Yes,Electronics,,Out of range (10),No rating,3,No
CUST2317,Fatma Hassan,Fatma,Hassan,Female,No,,Unknown,Placeholder 200,fatma.hassan@yahoo.com,yahoo.com,Missing,,Missing,Unknown,2024-03-16,Valid,2024,2024-Q1,2024-03,3,Mar,6,Sat,Yes,Clothing,3,Valid,Neutral (3),4,No
CUST2318,Sara Ali,Sara,Ali,Male,Yes,,Unknown,Placeholder -1,sara.ali@yahoo.com,yahoo.com,Missing,590.9,Recorded,$500-749,2024-11-16,Valid,2024,2024-Q4,2024-11,11,Nov,6,Sat,Yes,Unknown,5,Valid,Satisfied (4-5),4,No
CUST2319,Mark Gaber,Mark,Gaber,Female,Yes,85,75-90,Valid,mark.gaber@hotmail.com,hotmail.com,Missing,106.06,Recorded,Under $250,2022-11-13,Valid,2022,2022-Q4,2022-11,11,Nov,7,Sun,Yes,Clothing,1,Valid,Dissatisfied (1-2),6,Yes
CUST2320,Ahmed Ali,Ahmed,Ali,Female,Yes,,Unknown,Missing,ahmed.ali@hotmail.com,hotmail.com,Placeholder,576.62,Recorded,$500-749,,Invalid,,,,,,,,,Clothing,,Missing,No rating,3,No
CUST2321,Ali Smith,Ali,Smith,Male,No,59,45-59,Valid,ali.smith@gmail.com,gmail.com,Placeholder,59.13,Recorded,Under $250,2023-11-07,Valid,2023,2023-Q4,2023-11,11,Nov,2,Tue,Yes,Unknown,,Out of range (10),No rating,4,No
CUST2322,Mark Mahmoud,Mark,Mahmoud,Female,Yes,,Unknown,Missing,mark.mahmoud@hotmail.com,hotmail.com,Placeholder,682.31,Recorded,$500-749,2024-06-25,Valid,2024,2024-Q2,2024-06,6,Jun,2,Tue,Yes,Electronics,2,Valid,Dissatisfied (1-2),5,No
CUST2323,Sara Mahmoud,Sara,Mahmoud,Male,Yes,,Unknown,Placeholder 200,sara.mahmoud@gmail.com,gmail.com,Missing,721.91,Recorded,$500-749,2022-12-12,Valid,2022,2022-Q4,2022-12,12,Dec,1,Mon,Yes,Unknown,5,Valid,Satisfied (4-5),4,No
CUST2324,Sara Ali,Sara,Ali,Male,Yes,60,60-74,Valid,sara.ali@hotmail.com,hotmail.com,Placeholder,365.96,Recorded,$250-499,2025-04-02,Valid,2025,2025-Q2,2025-04,4,Apr,3,Wed,Yes,Home,3,Valid,Neutral (3),6,Yes
CUST2325,Mark Hassan,Mark,Hassan,Male,No,57,45-59,Valid,mark.hassan@hotmail.com,hotmail.com,Placeholder,30.53,Recorded,Under $250,2025-01-13,Valid,2025,2025-Q1,2025-01,1,Jan,1,Mon,Yes,Home,5,Valid,Satisfied (4-5),6,Yes
CUST2326,Alaa Ali,Alaa,Ali,Male,n/a,39,30-44,Valid,alaa.ali@hotmail.com,hotmail.com,Missing,535.16,Recorded,$500-749,,Invalid,,,,,,,,,Books,2,Valid,Dissatisfied (1-2),5,No
CUST2327,Mark Ali,Mark,Ali,Unknown,n/a,,Unknown,Missing,mark.ali@gmail.com,gmail.com,Missing,773.86,Recorded,$750+,2024-05-03,Valid,2024,2024-Q2,2024-05,5,May,5,Fri,Yes,Toys,4,Valid,Satisfied (4-5),4,No
CUST2328,John Smith,John,Smith,Female,Yes,,Unknown,Placeholder 200,john.smith@yahoo.com,yahoo.com,Missing,443.31,Recorded,$250-499,,Invalid,,,,,,,,,Electronics,4,Valid,Satisfied (4-5),4,No
CUST2329,Ahmed Hassan,Ahmed,Hassan,Male,No,,Unknown,Placeholder 200,ahmed.hassan@yahoo.com,yahoo.com,Placeholder,521.88,Recorded,$500-749,2023-04-28,Valid,2023,2023-Q2,2023-04,4,Apr,5,Fri,Yes,Electronics,2,Valid,Dissatisfied (1-2),5,No
CUST2330,John Gaber,John,Gaber,Male,No,,Unknown,Placeholder 200,john.gaber@gmail.com,gmail.com,Missing,37.03,Recorded,Under $250,2025-03-26,Valid,2025,2025-Q1,2025-03,3,Mar,3,Wed,Yes,Unknown,3,Valid,Neutral (3),4,No
CUST2331,Lina Hassan,Lina,Hassan,Male,Yes,,Unknown,Missing,lina.hassan@gmail.com,gmail.com,Missing,667.73,Recorded,$500-749,2025-03-02,Valid,2025,2025-Q1,2025-03,3,Mar,7,Sun,Yes,Unknown,5,Valid,Satisfied (4-5),4,No
CUST2332,Ahmed Ali,Ahmed,Ali,Male,No,,Unknown,Placeholder -1,ahmed.ali@gmail.com,gmail.com,Missing,994.27,Recorded,$750+,,Invalid,,,,,,,,,Clothing,5,Valid,Satisfied (4-5),4,No
CUST2333,Lina Mahmoud,Lina,Mahmoud,Male,Yes,,Unknown,Missing,lina.mahmoud@hotmail.com,hotmail.com,Placeholder,768.11,Recorded,$750+,2025-05-25,Valid,2025,2025-Q2,2025-05,5,May,7,Sun,Yes,Home,,Missing,No rating,4,No
CUST2334,Ali Hassan,Ali,Hassan,Female,Yes,42,30-44,Valid,ali.hassan@hotmail.com,hotmail.com,Missing,689.32,Recorded,$500-749,2025-03-31,Valid,2025,2025-Q1,2025-03,3,Mar,1,Mon,Yes,Clothing,2,Valid,Dissatisfied (1-2),6,Yes
CUST2335,Lina Smith,Lina,Smith,Male,Yes,,Unknown,Placeholder 200,lina.smith@gmail.com,gmail.com,Placeholder,125.21,Recorded,Under $250,2025-05-10,Valid,2025,2025-Q2,2025-05,5,May,6,Sat,Yes,Clothing,2,Valid,Dissatisfied (1-2),5,No
CUST2336,Ahmed Smith,Ahmed,Smith,Unknown,n/a,,Unknown,Placeholder 200,ahmed.smith@hotmail.com,hotmail.com,Placeholder,924.15,Recorded,$750+,2025-01-24,Valid,2025,2025-Q1,2025-01,1,Jan,5,Fri,Yes,Toys,4,Valid,Satisfied (4-5),4,No
CUST2337,Ahmed Smith,Ahmed,Smith,Female,Yes,,Unknown,Placeholder 200,ahmed.smith@yahoo.com,yahoo.com,Missing,642.13,Recorded,$500-749,2022-11-22,Valid,2022,2022-Q4,2022-11,11,Nov,2,Tue,Yes,Unknown,5,Valid,Satisfied (4-5),4,No
CUST2338,Ali Gaber,Ali,Gaber,Male,No,,Unknown,Placeholder -1,ali.gaber@gmail.com,gmail.com,Missing,174.72,Recorded,Under $250,2024-09-29,Valid,2024,2024-Q3,2024-09,9,Sep,7,Sun,Yes,Books,,Missing,No rating,4,No
CUST2339,John Mahmoud,John,Mahmoud,Male,No,,Unknown,Placeholder -1,john.mahmoud@hotmail.com,hotmail.com,Missing,508.0,Recorded,$500-749,2025-07-09,Valid,2025,2025-Q3,2025-07,7,Jul,3,Wed,Partial,Toys,3,Valid,Neutral (3),5,No
CUST2340,Fatma Ali,Fatma,Ali,Male,Yes,37,30-44,Valid,fatma.ali@hotmail.com,hotmail.com,Placeholder,61.59,Recorded,Under $250,2023-06-02,Valid,2023,2023-Q2,2023-06,6,Jun,5,Fri,Yes,Unknown,5,Valid,Satisfied (4-5),5,No
CUST2341,Alaa Ibrahim,Alaa,Ibrahim,Male,n/a,50,45-59,Valid,alaa.ibrahim@hotmail.com,hotmail.com,Missing,878.58,Recorded,$750+,2024-09-27,Valid,2024,2024-Q3,2024-09,9,Sep,5,Fri,Yes,Home,4,Valid,Satisfied (4-5),6,Yes
CUST2342,Sara Mahmoud,Sara,Mahmoud,Unknown,n/a,,Unknown,Placeholder 200,sara.mahmoud@hotmail.com,hotmail.com,Missing,713.21,Recorded,$500-749,2023-04-01,Valid,2023,2023-Q2,2023-04,4,Apr,6,Sat,Yes,Clothing,3,Valid,Neutral (3),4,No
CUST2343,Lina Mahmoud,Lina,Mahmoud,Unknown,n/a,,Unknown,Missing,lina.mahmoud@yahoo.com,yahoo.com,Missing,201.25,Recorded,Under $250,2023-05-01,Valid,2023,2023-Q2,2023-05,5,May,1,Mon,Yes,Clothing,,Out of range (10),No rating,3,No
CUST2344,John Hassan,John,Hassan,Male,No,,Unknown,Missing,john.hassan@gmail.com,gmail.com,Missing,143.2,Recorded,Under $250,2023-01-22,Valid,2023,2023-Q1,2023-01,1,Jan,7,Sun,Yes,Unknown,,Out of range (10),No rating,3,No
CUST2345,Ahmed Ali,Ahmed,Ali,Female,Yes,54,45-59,Valid,ahmed.ali@hotmail.com,hotmail.com,Missing,5.06,Recorded,Under $250,2024-04-23,Valid,2024,2024-Q2,2024-04,4,Apr,2,Tue,Yes,Toys,2,Valid,Dissatisfied (1-2),6,Yes
CUST2346,Mark Ali,Mark,Ali,Male,No,,Unknown,Placeholder 200,mark.ali@hotmail.com,hotmail.com,Placeholder,625.29,Recorded,$500-749,2023-04-07,Valid,2023,2023-Q2,2023-04,4,Apr,5,Fri,Yes,Books,,Missing,No rating,4,No
CUST2347,Ahmed Ibrahim,Ahmed,Ibrahim,Male,No,,Unknown,Missing,ahmed.ibrahim@hotmail.com,hotmail.com,Missing,336.62,Recorded,$250-499,2024-09-01,Valid,2024,2024-Q3,2024-09,9,Sep,7,Sun,Yes,Books,,Out of range (10),No rating,4,No
CUST2348,John Ibrahim,John,Ibrahim,Unknown,n/a,,Unknown,Missing,john.ibrahim@hotmail.com,hotmail.com,Placeholder,597.64,Recorded,$500-749,2023-03-15,Valid,2023,2023-Q1,2023-03,3,Mar,3,Wed,Yes,Electronics,,Missing,No rating,3,No
CUST2349,Mark Ibrahim,Mark,Ibrahim,Male,No,,Unknown,Placeholder 200,mark.ibrahim@yahoo.com,yahoo.com,Placeholder,170.19,Recorded,Under $250,2024-03-27,Valid,2024,2024-Q1,2024-03,3,Mar,3,Wed,Yes,Unknown,1,Valid,Dissatisfied (1-2),4,No
CUST2350,Alaa Smith,Alaa,Smith,Female,n/a,,Unknown,Missing,alaa.smith@hotmail.com,hotmail.com,Placeholder,216.17,Recorded,Under $250,2023-11-05,Valid,2023,2023-Q4,2023-11,11,Nov,7,Sun,Yes,Unknown,2,Valid,Dissatisfied (1-2),4,No
CUST2351,Sara Ali,Sara,Ali,Male,Yes,,Unknown,Missing,sara.ali@yahoo.com,yahoo.com,Missing,814.16,Recorded,$750+,2023-11-02,Valid,2023,2023-Q4,2023-11,11,Nov,4,Thu,Yes,Toys,,Missing,No rating,4,No
CUST2352,Alaa Ali,Alaa,Ali,Female,n/a,,Unknown,Placeholder -1,alaa.ali@gmail.com,gmail.com,Missing,,Missing,Unknown,2025-05-09,Valid,2025,2025-Q2,2025-05,5,May,5,Fri,Yes,Electronics,2,Valid,Dissatisfied (1-2),4,No
CUST2353,Sara Smith,Sara,Smith,Female,No,,Unknown,Placeholder -1,sara.smith@hotmail.com,hotmail.com,Missing,752.92,Recorded,$750+,2025-02-15,Valid,2025,2025-Q1,2025-02,2,Feb,6,Sat,Yes,Home,4,Valid,Satisfied (4-5),5,No
CUST2354,Fatma Gaber,Fatma,Gaber,Male,Yes,,Unknown,Placeholder -1,fatma.gaber@hotmail.com,hotmail.com,Placeholder,163.03,Recorded,Under $250,,Invalid,,,,,,,,,Home,2,Valid,Dissatisfied (1-2),4,No
CUST2355,Mark Hassan,Mark,Hassan,Unknown,n/a,,Unknown,Missing,mark.hassan@yahoo.com,yahoo.com,Missing,264.91,Recorded,$250-499,2023-07-15,Valid,2023,2023-Q3,2023-07,7,Jul,6,Sat,Yes,Books,2,Valid,Dissatisfied (1-2),4,No
CUST2356,Lina Smith,Lina,Smith,Male,Yes,,Unknown,Placeholder -1,lina.smith@yahoo.com,yahoo.com,Placeholder,875.9,Recorded,$750+,2023-12-30,Valid,2023,2023-Q4,2023-12,12,Dec,6,Sat,Yes,Toys,2,Valid,Dissatisfied (1-2),5,No
CUST2357,Ali Gaber,Ali,Gaber,Unknown,n/a,,Unknown,Placeholder 200,ali.gaber@gmail.com,gmail.com,Missing,72.86,Recorded,Under $250,2025-05-14,Valid,2025,2025-Q2,2025-05,5,May,3,Wed,Yes,Books,,Out of range (10),No rating,3,No
CUST2358,Lina Ibrahim,Lina,Ibrahim,Male,Yes,84,75-90,Valid,lina.ibrahim@yahoo.com,yahoo.com,Placeholder,25.6,Recorded,Under $250,2023-04-02,Valid,2023,2023-Q2,2023-04,4,Apr,7,Sun,Yes,Books,,Missing,No rating,5,No
CUST2359,John Ibrahim,John,Ibrahim,Male,No,,Unknown,Placeholder 200,john.ibrahim@yahoo.com,yahoo.com,Missing,891.79,Recorded,$750+,,Invalid,,,,,,,,,Clothing,,Missing,No rating,3,No
CUST2360,Fatma Ali,Fatma,Ali,Male,Yes,,Unknown,Missing,fatma.ali@hotmail.com,hotmail.com,Placeholder,483.05,Recorded,$250-499,2024-06-04,Valid,2024,2024-Q2,2024-06,6,Jun,2,Tue,Yes,Unknown,,Missing,No rating,3,No
CUST2361,Fatma Smith,Fatma,Smith,Male,Yes,,Unknown,Placeholder 200,fatma.smith@gmail.com,gmail.com,Missing,609.79,Recorded,$500-749,2023-03-08,Valid,2023,2023-Q1,2023-03,3,Mar,3,Wed,Yes,Unknown,4,Valid,Satisfied (4-5),4,No
CUST2362,John Mahmoud,John,Mahmoud,Female,Yes,,Unknown,Placeholder 200,john.mahmoud@hotmail.com,hotmail.com,Placeholder,297.31,Recorded,$250-499,2025-01-06,Valid,2025,2025-Q1,2025-01,1,Jan,1,Mon,Yes,Home,2,Valid,Dissatisfied (1-2),5,No
CUST2363,John Ibrahim,John,Ibrahim,Female,Yes,,Unknown,Missing,john.ibrahim@hotmail.com,hotmail.com,Missing,791.03,Recorded,$750+,2023-02-18,Valid,2023,2023-Q1,2023-02,2,Feb,6,Sat,Yes,Unknown,4,Valid,Satisfied (4-5),4,No
CUST2364,Ali Ibrahim,Ali,Ibrahim,Male,No,,Unknown,Placeholder -1,ali.ibrahim@yahoo.com,yahoo.com,Missing,682.18,Recorded,$500-749,2023-03-02,Valid,2023,2023-Q1,2023-03,3,Mar,4,Thu,Yes,Clothing,2,Valid,Dissatisfied (1-2),5,No
CUST2365,Sara Smith,Sara,Smith,Male,Yes,,Unknown,Missing,sara.smith@gmail.com,gmail.com,Missing,374.82,Recorded,$250-499,2023-10-29,Valid,2023,2023-Q4,2023-10,10,Oct,7,Sun,Yes,Electronics,1,Valid,Dissatisfied (1-2),5,No
CUST2366,Sara Smith,Sara,Smith,Male,Yes,,Unknown,Placeholder -1,sara.smith@yahoo.com,yahoo.com,Missing,68.71,Recorded,Under $250,2024-06-29,Valid,2024,2024-Q2,2024-06,6,Jun,6,Sat,Yes,Books,1,Valid,Dissatisfied (1-2),5,No
CUST2367,Fatma Gaber,Fatma,Gaber,Female,No,,Unknown,Placeholder 200,fatma.gaber@yahoo.com,yahoo.com,Missing,542.58,Recorded,$500-749,2023-02-14,Valid,2023,2023-Q1,2023-02,2,Feb,2,Tue,Yes,Electronics,,Out of range (10),No rating,4,No
CUST2368,Ali Mahmoud,Ali,Mahmoud,Female,Yes,,Unknown,Missing,ali.mahmoud@gmail.com,gmail.com,Placeholder,814.7,Recorded,$750+,2024-07-31,Valid,2024,2024-Q3,2024-07,7,Jul,3,Wed,Yes,Toys,,Missing,No rating,4,No
CUST2369,Ahmed Smith,Ahmed,Smith,Unknown,n/a,,Unknown,Missing,ahmed.smith@gmail.com,gmail.com,Placeholder,362.69,Recorded,$250-499,,Invalid,,,,,,,,,Unknown,,Out of range (10),No rating,1,No
CUST2370,Mark Ibrahim,Mark,Ibrahim,Male,No,68,60-74,Valid,mark.ibrahim@yahoo.com,yahoo.com,Placeholder,746.02,Recorded,$500-749,2024-08-01,Valid,2024,2024-Q3,2024-08,8,Aug,4,Thu,Yes,Books,3,Valid,Neutral (3),6,Yes
CUST2371,Alaa Ali,Alaa,Ali,Male,n/a,,Unknown,Placeholder 200,alaa.ali@yahoo.com,yahoo.com,Missing,503.61,Recorded,$500-749,2023-10-21,Valid,2023,2023-Q4,2023-10,10,Oct,6,Sat,Yes,Clothing,,Missing,No rating,4,No
CUST2372,Sara Hassan,Sara,Hassan,Female,No,82,75-90,Valid,sara.hassan@yahoo.com,yahoo.com,Missing,17.45,Recorded,Under $250,2024-10-15,Valid,2024,2024-Q4,2024-10,10,Oct,2,Tue,Yes,Toys,3,Valid,Neutral (3),6,Yes
CUST2373,Fatma Ibrahim,Fatma,Ibrahim,Female,No,59,45-59,Valid,fatma.ibrahim@hotmail.com,hotmail.com,Placeholder,970.76,Recorded,$750+,2025-03-12,Valid,2025,2025-Q1,2025-03,3,Mar,3,Wed,Yes,Unknown,1,Valid,Dissatisfied (1-2),5,No
CUST2374,Ali Smith,Ali,Smith,Male,No,,Unknown,Placeholder 200,ali.smith@yahoo.com,yahoo.com,Placeholder,272.72,Recorded,$250-499,2023-05-14,Valid,2023,2023-Q2,2023-05,5,May,7,Sun,Yes,Electronics,3,Valid,Neutral (3),5,No
CUST2375,Ali Smith,Ali,Smith,Female,Yes,,Unknown,Missing,ali.smith@yahoo.com,yahoo.com,Placeholder,525.83,Recorded,$500-749,2023-01-01,Valid,2023,2023-Q1,2023-01,1,Jan,7,Sun,Yes,Books,1,Valid,Dissatisfied (1-2),5,No
CUST2376,Mark Ibrahim,Mark,Ibrahim,Unknown,n/a,31,30-44,Valid,mark.ibrahim@yahoo.com,yahoo.com,Placeholder,646.27,Recorded,$500-749,2024-02-15,Valid,2024,2024-Q1,2024-02,2,Feb,4,Thu,Yes,Electronics,5,Valid,Satisfied (4-5),5,No
CUST2377,Lina Mahmoud,Lina,Mahmoud,Male,Yes,48,45-59,Valid,lina.mahmoud@hotmail.com,hotmail.com,Placeholder,430.04,Recorded,$250-499,2023-03-22,Valid,2023,2023-Q1,2023-03,3,Mar,3,Wed,Yes,Electronics,,Out of range (10),No rating,5,No
CUST2378,Alaa Hassan,Alaa,Hassan,Unknown,n/a,,Unknown,Placeholder -1,alaa.hassan@hotmail.com,hotmail.com,Placeholder,228.8,Recorded,Under $250,2024-10-13,Valid,2024,2024-Q4,2024-10,10,Oct,7,Sun,Yes,Electronics,1,Valid,Dissatisfied (1-2),4,No
CUST2379,Ahmed Hassan,Ahmed,Hassan,Unknown,n/a,,Unknown,Placeholder 200,ahmed.hassan@hotmail.com,hotmail.com,Placeholder,315.18,Recorded,$250-499,2024-04-02,Valid,2024,2024-Q2,2024-04,4,Apr,2,Tue,Yes,Clothing,5,Valid,Satisfied (4-5),4,No
CUST2380,Ali Ali,Ali,Ali,Female,Yes,,Unknown,Placeholder -1,ali.ali@yahoo.com,yahoo.com,Missing,582.07,Recorded,$500-749,2024-02-24,Valid,2024,2024-Q1,2024-02,2,Feb,6,Sat,Yes,Unknown,1,Valid,Dissatisfied (1-2),4,No
CUST2381,Ahmed Smith,Ahmed,Smith,Female,Yes,56,45-59,Valid,ahmed.smith@hotmail.com,hotmail.com,Missing,551.08,Recorded,$500-749,2023-11-08,Valid,2023,2023-Q4,2023-11,11,Nov,3,Wed,Yes,Books,,Out of range (10),No rating,5,No
CUST2382,Mark Hassan,Mark,Hassan,Female,Yes,,Unknown,Placeholder 200,mark.hassan@hotmail.com,hotmail.com,Placeholder,321.63,Recorded,$250-499,,Invalid,,,,,,,,,Unknown,4,Valid,Satisfied (4-5),3,No
CUST2383,Ahmed Ibrahim,Ahmed,Ibrahim,Unknown,n/a,,Unknown,Placeholder -1,ahmed.ibrahim@yahoo.com,yahoo.com,Placeholder,95.98,Recorded,Under $250,2022-12-20,Valid,2022,2022-Q4,2022-12,12,Dec,2,Tue,Yes,Electronics,5,Valid,Satisfied (4-5),4,No
CUST2384,Ali Ali,Ali,Ali,Male,No,,Unknown,Placeholder -1,ali.ali@gmail.com,gmail.com,Missing,633.57,Recorded,$500-749,2024-04-06,Valid,2024,2024-Q2,2024-04,4,Apr,6,Sat,Yes,Books,1,Valid,Dissatisfied (1-2),5,No
CUST2385,Alaa Ali,Alaa,Ali,Male,n/a,,Unknown,Placeholder -1,alaa.ali@gmail.com,gmail.com,Placeholder,549.06,Recorded,$500-749,2024-05-09,Valid,2024,2024-Q2,2024-05,5,May,4,Thu,Yes,Clothing,3,Valid,Neutral (3),5,No
CUST2386,Mark Smith,Mark,Smith,Male,No,39,30-44,Valid,mark.smith@gmail.com,gmail.com,Placeholder,581.97,Recorded,$500-749,,Invalid,,,,,,,,,Unknown,2,Valid,Dissatisfied (1-2),4,No
CUST2387,Ali Hassan,Ali,Hassan,Female,Yes,,Unknown,Placeholder -1,ali.hassan@yahoo.com,yahoo.com,Missing,230.7,Recorded,Under $250,2023-06-04,Valid,2023,2023-Q2,2023-06,6,Jun,7,Sun,Yes,Electronics,5,Valid,Satisfied (4-5),5,No
CUST2388,John Ali,John,Ali,Unknown,n/a,38,30-44,Valid,john.ali@yahoo.com,yahoo.com,Missing,443.46,Recorded,$250-499,2025-06-06,Valid,2025,2025-Q2,2025-06,6,Jun,5,Fri,Yes,Books,5,Valid,Satisfied (4-5),5,No
CUST2389,Alaa Mahmoud,Alaa,Mahmoud,Female,n/a,,Unknown,Placeholder -1,alaa.mahmoud@hotmail.com,hotmail.com,Missing,316.51,Recorded,$250-499,2023-07-19,Valid,2023,2023-Q3,2023-07,7,Jul,3,Wed,Yes,Electronics,3,Valid,Neutral (3),5,No
CUST2390,Sara Ibrahim,Sara,Ibrahim,Female,No,47,45-59,Valid,sara.ibrahim@gmail.com,gmail.com,Placeholder,156.92,Recorded,Under $250,2023-11-14,Valid,2023,2023-Q4,2023-11,11,Nov,2,Tue,Yes,Home,5,Valid,Satisfied (4-5),6,Yes
CUST2391,Sara Hassan,Sara,Hassan,Female,No,,Unknown,Placeholder -1,sara.hassan@gmail.com,gmail.com,Missing,836.74,Recorded,$750+,2023-12-31,Valid,2023,2023-Q4,2023-12,12,Dec,7,Sun,Yes,Books,1,Valid,Dissatisfied (1-2),5,No
CUST2392,Fatma Ali,Fatma,Ali,Female,No,,Unknown,Placeholder -1,fatma.ali@hotmail.com,hotmail.com,Placeholder,742.5,Recorded,$500-749,2023-02-06,Valid,2023,2023-Q1,2023-02,2,Feb,1,Mon,Yes,Toys,3,Valid,Neutral (3),5,No
CUST2393,Lina Ibrahim,Lina,Ibrahim,Female,No,,Unknown,Placeholder -1,lina.ibrahim@yahoo.com,yahoo.com,Placeholder,631.58,Recorded,$500-749,2023-02-09,Valid,2023,2023-Q1,2023-02,2,Feb,4,Thu,Yes,Electronics,1,Valid,Dissatisfied (1-2),5,No
CUST2394,Ahmed Ibrahim,Ahmed,Ibrahim,Male,No,,Unknown,Missing,ahmed.ibrahim@hotmail.com,hotmail.com,Placeholder,,Missing,Unknown,2024-01-23,Valid,2024,2024-Q1,2024-01,1,Jan,2,Tue,Yes,Clothing,4,Valid,Satisfied (4-5),4,No
CUST2395,Lina Ali,Lina,Ali,Male,Yes,,Unknown,Placeholder -1,lina.ali@hotmail.com,hotmail.com,Placeholder,815.87,Recorded,$750+,2022-12-15,Valid,2022,2022-Q4,2022-12,12,Dec,4,Thu,Yes,Electronics,2,Valid,Dissatisfied (1-2),5,No
CUST2396,Sara Hassan,Sara,Hassan,Male,Yes,,Unknown,Placeholder 200,sara.hassan@gmail.com,gmail.com,Missing,283.24,Recorded,$250-499,2024-08-04,Valid,2024,2024-Q3,2024-08,8,Aug,7,Sun,Yes,Unknown,1,Valid,Dissatisfied (1-2),4,No
CUST2397,Alaa Mahmoud,Alaa,Mahmoud,Female,n/a,,Unknown,Placeholder -1,alaa.mahmoud@gmail.com,gmail.com,Placeholder,970.58,Recorded,$750+,2024-01-27,Valid,2024,2024-Q1,2024-01,1,Jan,6,Sat,Yes,Home,3,Valid,Neutral (3),5,No
CUST2398,Ahmed Mahmoud,Ahmed,Mahmoud,Unknown,n/a,,Unknown,Placeholder -1,ahmed.mahmoud@gmail.com,gmail.com,Missing,356.15,Recorded,$250-499,2023-07-01,Valid,2023,2023-Q3,2023-07,7,Jul,6,Sat,Yes,Home,,Out of range (10),No rating,3,No
CUST2399,Alaa Smith,Alaa,Smith,Female,n/a,46,45-59,Valid,alaa.smith@yahoo.com,yahoo.com,Placeholder,618.99,Recorded,$500-749,2023-12-27,Valid,2023,2023-Q4,2023-12,12,Dec,3,Wed,Yes,Clothing,4,Valid,Satisfied (4-5),6,Yes
CUST2400,John Ibrahim,John,Ibrahim,Unknown,n/a,,Unknown,Placeholder 200,john.ibrahim@gmail.com,gmail.com,Placeholder,134.74,Recorded,Under $250,2023-09-24,Valid,2023,2023-Q3,2023-09,9,Sep,7,Sun,Yes,Home,2,Valid,Dissatisfied (1-2),4,No
CUST2401,Sara Gaber,Sara,Gaber,Female,No,,Unknown,Placeholder 200,sara.gaber@gmail.com,gmail.com,Missing,599.7,Recorded,$500-749,2023-04-12,Valid,2023,2023-Q2,2023-04,4,Apr,3,Wed,Yes,Clothing,3,Valid,Neutral (3),5,No
CUST2402,Ali Hassan,Ali,Hassan,Male,No,,Unknown,Missing,ali.hassan@yahoo.com,yahoo.com,Placeholder,77.0,Recorded,Under $250,2023-04-18,Valid,2023,2023-Q2,2023-04,4,Apr,2,Tue,Yes,Home,4,Valid,Satisfied (4-5),5,No
CUST2403,John Mahmoud,John,Mahmoud,Male,No,63,60-74,Valid,john.mahmoud@gmail.com,gmail.com,Missing,632.78,Recorded,$500-749,2025-01-29,Valid,2025,2025-Q1,2025-01,1,Jan,3,Wed,Yes,Unknown,5,Valid,Satisfied (4-5),5,No
CUST2404,Sara Mahmoud,Sara,Mahmoud,Male,Yes,80,75-90,Valid,sara.mahmoud@hotmail.com,hotmail.com,Missing,86.38,Recorded,Under $250,2024-08-23,Valid,2024,2024-Q3,2024-08,8,Aug,5,Fri,Yes,Clothing,,Out of range (10),No rating,5,No
CUST2405,Ali Ibrahim,Ali,Ibrahim,Female,Yes,,Unknown,Placeholder 200,ali.ibrahim@gmail.com,gmail.com,Missing,200.81,Recorded,Under $250,2024-06-05,Valid,2024,2024-Q2,2024-06,6,Jun,3,Wed,Yes,Unknown,4,Valid,Satisfied (4-5),4,No
CUST2406,Ali Mahmoud,Ali,Mahmoud,Male,No,,Unknown,Missing,ali.mahmoud@hotmail.com,hotmail.com,Placeholder,516.96,Recorded,$500-749,2023-11-11,Valid,2023,2023-Q4,2023-11,11,Nov,6,Sat,Yes,Unknown,,Missing,No rating,3,No
CUST2407,John Smith,John,Smith,Male,No,,Unknown,Placeholder 200,john.smith@yahoo.com,yahoo.com,Missing,266.41,Recorded,$250-499,2024-05-29,Valid,2024,2024-Q2,2024-05,5,May,3,Wed,Yes,Unknown,5,Valid,Satisfied (4-5),4,No
CUST2408,Ahmed Smith,Ahmed,Smith,Female,Yes,22,15-29,Valid,ahmed.smith@yahoo.com,yahoo.com,Missing,93.85,Recorded,Under $250,2025-01-06,Valid,2025,2025-Q1,2025-01,1,Jan,1,Mon,Yes,Clothing,,Out of range (10),No rating,5,No
CUST2409,Lina Hassan,Lina,Hassan,Female,No,,Unknown,Placeholder -1,lina.hassan@hotmail.com,hotmail.com,Placeholder,280.0,Recorded,$250-499,2025-01-08,Valid,2025,2025-Q1,2025-01,1,Jan,3,Wed,Yes,Unknown,,Out of range (10),No rating,3,No
CUST2410,Alaa Mahmoud,Alaa,Mahmoud,Male,n/a,,Unknown,Missing,alaa.mahmoud@yahoo.com,yahoo.com,Placeholder,632.84,Recorded,$500-749,2023-06-01,Valid,2023,2023-Q2,2023-06,6,Jun,4,Thu,Yes,Clothing,,Out of range (10),No rating,4,No
CUST2411,Lina Hassan,Lina,Hassan,Male,Yes,,Unknown,Placeholder -1,lina.hassan@gmail.com,gmail.com,Missing,900.84,Recorded,$750+,2023-07-03,Valid,2023,2023-Q3,2023-07,7,Jul,1,Mon,Yes,Electronics,,Out of range (10),No rating,4,No
CUST2412,Lina Ali,Lina,Ali,Female,No,,Unknown,Placeholder -1,lina.ali@gmail.com,gmail.com,Placeholder,995.18,Recorded,$750+,2024-02-17,Valid,2024,2024-Q1,2024-02,2,Feb,6,Sat,Yes,Electronics,,Missing,No rating,4,No
CUST2413,Mark Ibrahim,Mark,Ibrahim,Female,Yes,25,15-29,Valid,mark.ibrahim@yahoo.com,yahoo.com,Placeholder,182.44,Recorded,Under $250,2023-01-03,Valid,2023,2023-Q1,2023-01,1,Jan,2,Tue,Yes,Books,5,Valid,Satisfied (4-5),6,Yes
CUST2414,Sara Ibrahim,Sara,Ibrahim,Male,Yes,,Unknown,Missing,sara.ibrahim@hotmail.com,hotmail.com,Placeholder,831.52,Recorded,$750+,2025-03-15,Valid,2025,2025-Q1,2025-03,3,Mar,6,Sat,Yes,Home,2,Valid,Dissatisfied (1-2),5,No
CUST2415,Ali Gaber,Ali,Gaber,Female,Yes,,Unknown,Placeholder -1,ali.gaber@hotmail.com,hotmail.com,Placeholder,562.33,Recorded,$500-749,2023-01-22,Valid,2023,2023-Q1,2023-01,1,Jan,7,Sun,Yes,Electronics,3,Valid,Neutral (3),5,No
CUST2416,Fatma Smith,Fatma,Smith,Male,Yes,80,75-90,Valid,fatma.smith@gmail.com,gmail.com,Missing,454.33,Recorded,$250-499,2024-04-10,Valid,2024,2024-Q2,2024-04,4,Apr,3,Wed,Yes,Clothing,3,Valid,Neutral (3),6,Yes
CUST2417,Ahmed Ali,Ahmed,Ali,Male,No,78,75-90,Valid,ahmed.ali@yahoo.com,yahoo.com,Missing,578.47,Recorded,$500-749,2024-04-07,Valid,2024,2024-Q2,2024-04,4,Apr,7,Sun,Yes,Clothing,3,Valid,Neutral (3),6,Yes
CUST2418,John Ibrahim,John,Ibrahim,Unknown,n/a,,Unknown,Missing,john.ibrahim@gmail.com,gmail.com,Missing,352.88,Recorded,$250-499,2025-04-15,Valid,2025,2025-Q2,2025-04,4,Apr,2,Tue,Yes,Clothing,1,Valid,Dissatisfied (1-2),4,No
CUST2419,Sara Smith,Sara,Smith,Female,No,65,60-74,Valid,sara.smith@gmail.com,gmail.com,Placeholder,662.08,Recorded,$500-749,2023-12-30,Valid,2023,2023-Q4,2023-12,12,Dec,6,Sat,Yes,Toys,,Missing,No rating,5,No
CUST2420,John Mahmoud,John,Mahmoud,Male,No,,Unknown,Placeholder 200,john.mahmoud@hotmail.com,hotmail.com,Placeholder,865.23,Recorded,$750+,,Invalid,,,,,,,,,Toys,1,Valid,Dissatisfied (1-2),4,No
CUST2421,Alaa Hassan,Alaa,Hassan,Male,n/a,,Unknown,Placeholder 200,alaa.hassan@hotmail.com,hotmail.com,Missing,549.42,Recorded,$500-749,2024-10-29,Valid,2024,2024-Q4,2024-10,10,Oct,2,Tue,Yes,Home,2,Valid,Dissatisfied (1-2),5,No
CUST2422,Sara Mahmoud,Sara,Mahmoud,Female,No,75,75-90,Valid,sara.mahmoud@yahoo.com,yahoo.com,Placeholder,202.9,Recorded,Under $250,2022-11-03,Valid,2022,2022-Q4,2022-11,11,Nov,4,Thu,Yes,Unknown,4,Valid,Satisfied (4-5),5,No
CUST2423,Sara Gaber,Sara,Gaber,Female,No,,Unknown,Placeholder 200,sara.gaber@gmail.com,gmail.com,Placeholder,110.03,Recorded,Under $250,2023-08-11,Valid,2023,2023-Q3,2023-08,8,Aug,5,Fri,Yes,Unknown,1,Valid,Dissatisfied (1-2),4,No
CUST2424,Fatma Smith,Fatma,Smith,Male,Yes,41,30-44,Valid,fatma.smith@gmail.com,gmail.com,Placeholder,377.06,Recorded,$250-499,2024-02-28,Valid,2024,2024-Q1,2024-02,2,Feb,3,Wed,Yes,Unknown,4,Valid,Satisfied (4-5),5,No
CUST2425,Ali Hassan,Ali,Hassan,Female,Yes,,Unknown,Missing,ali.hassan@yahoo.com,yahoo.com,Missing,557.07,Recorded,$500-749,2022-11-12,Valid,2022,2022-Q4,2022-11,11,Nov,6,Sat,Yes,Electronics,2,Valid,Dissatisfied (1-2),5,No
CUST2426,John Hassan,John,Hassan,Female,Yes,,Unknown,Placeholder 200,john.hassan@hotmail.com,hotmail.com,Missing,849.8,Recorded,$750+,2023-01-09,Valid,2023,2023-Q1,2023-01,1,Jan,1,Mon,Yes,Clothing,3,Valid,Neutral (3),5,No
CUST2427,Fatma Mahmoud,Fatma,Mahmoud,Male,Yes,,Unknown,Placeholder 200,fatma.mahmoud@gmail.com,gmail.com,Missing,913.58,Recorded,$750+,2024-10-18,Valid,2024,2024-Q4,2024-10,10,Oct,5,Fri,Yes,Unknown,,Missing,No rating,3,No
CUST2428,Fatma Hassan,Fatma,Hassan,Male,Yes,,Unknown,Missing,fatma.hassan@hotmail.com,hotmail.com,Placeholder,464.61,Recorded,$250-499,2024-02-24,Valid,2024,2024-Q1,2024-02,2,Feb,6,Sat,Yes,Unknown,,Missing,No rating,3,No
CUST2429,Lina Ibrahim,Lina,Ibrahim,Unknown,n/a,,Unknown,Placeholder 200,lina.ibrahim@gmail.com,gmail.com,Placeholder,145.97,Recorded,Under $250,2023-03-24,Valid,2023,2023-Q1,2023-03,3,Mar,5,Fri,Yes,Clothing,4,Valid,Satisfied (4-5),4,No
CUST2430,Ahmed Hassan,Ahmed,Hassan,Female,Yes,,Unknown,Placeholder -1,ahmed.hassan@hotmail.com,hotmail.com,Placeholder,611.11,Recorded,$500-749,2023-12-09,Valid,2023,2023-Q4,2023-12,12,Dec,6,Sat,Yes,Toys,,Out of range (10),No rating,4,No
CUST2431,Alaa Mahmoud,Alaa,Mahmoud,Male,n/a,,Unknown,Placeholder -1,alaa.mahmoud@hotmail.com,hotmail.com,Placeholder,947.98,Recorded,$750+,2024-09-06,Valid,2024,2024-Q3,2024-09,9,Sep,5,Fri,Yes,Clothing,3,Valid,Neutral (3),5,No
CUST2432,Ahmed Smith,Ahmed,Smith,Female,Yes,70,60-74,Valid,ahmed.smith@hotmail.com,hotmail.com,Placeholder,377.64,Recorded,$250-499,2024-04-12,Valid,2024,2024-Q2,2024-04,4,Apr,5,Fri,Yes,Toys,1,Valid,Dissatisfied (1-2),6,Yes
CUST2433,Sara Smith,Sara,Smith,Male,Yes,86,75-90,Valid,sara.smith@yahoo.com,yahoo.com,Placeholder,20.69,Recorded,Under $250,2023-06-01,Valid,2023,2023-Q2,2023-06,6,Jun,4,Thu,Yes,Home,,Out of range (10),No rating,5,No
CUST2434,Ahmed Hassan,Ahmed,Hassan,Female,Yes,,Unknown,Placeholder 200,ahmed.hassan@hotmail.com,hotmail.com,Missing,680.71,Recorded,$500-749,2025-05-19,Valid,2025,2025-Q2,2025-05,5,May,1,Mon,Yes,Toys,3,Valid,Neutral (3),5,No
CUST2435,Mark Hassan,Mark,Hassan,Unknown,n/a,,Unknown,Placeholder 200,mark.hassan@hotmail.com,hotmail.com,Missing,236.19,Recorded,Under $250,,Invalid,,,,,,,,,Home,5,Valid,Satisfied (4-5),3,No
CUST2436,Sara Gaber,Sara,Gaber,Male,Yes,,Unknown,Missing,sara.gaber@hotmail.com,hotmail.com,Missing,384.97,Recorded,$250-499,2023-09-16,Valid,2023,2023-Q3,2023-09,9,Sep,6,Sat,Yes,Electronics,2,Valid,Dissatisfied (1-2),5,No
CUST2437,Lina Ibrahim,Lina,Ibrahim,Unknown,n/a,51,45-59,Valid,lina.ibrahim@hotmail.com,hotmail.com,Placeholder,828.57,Recorded,$750+,2025-02-17,Valid,2025,2025-Q1,2025-02,2,Feb,1,Mon,Yes,Books,5,Valid,Satisfied (4-5),5,No
CUST2438,Alaa Smith,Alaa,Smith,Female,n/a,,Unknown,Missing,alaa.smith@gmail.com,gmail.com,Missing,992.08,Recorded,$750+,2025-02-19,Valid,2025,2025-Q1,2025-02,2,Feb,3,Wed,Yes,Clothing,3,Valid,Neutral (3),5,No
CUST2439,Ali Hassan,Ali,Hassan,Male,No,45,45-59,Valid,ali.hassan@hotmail.com,hotmail.com,Placeholder,541.75,Recorded,$500-749,2023-02-12,Valid,2023,2023-Q1,2023-02,2,Feb,7,Sun,Yes,Unknown,5,Valid,Satisfied (4-5),5,No
CUST2440,Mark Gaber,Mark,Gaber,Male,No,,Unknown,Placeholder -1,mark.gaber@gmail.com,gmail.com,Missing,491.42,Recorded,$250-499,2024-05-14,Valid,2024,2024-Q2,2024-05,5,May,2,Tue,Yes,Electronics,,Out of range (10),No rating,4,No
CUST2441,Sara Ibrahim,Sara,Ibrahim,Male,Yes,27,15-29,Valid,sara.ibrahim@gmail.com,gmail.com,Placeholder,808.83,Recorded,$750+,2024-12-24,Valid,2024,2024-Q4,2024-12,12,Dec,2,Tue,Yes,Toys,3,Valid,Neutral (3),6,Yes
CUST2442,Mark Ali,Mark,Ali,Male,No,,Unknown,Missing,mark.ali@gmail.com,gmail.com,Placeholder,786.85,Recorded,$750+,2025-01-18,Valid,2025,2025-Q1,2025-01,1,Jan,6,Sat,Yes,Clothing,,Missing,No rating,4,No
CUST2443,Ali Smith,Ali,Smith,Female,Yes,,Unknown,Missing,ali.smith@gmail.com,gmail.com,Missing,163.25,Recorded,Under $250,2023-12-22,Valid,2023,2023-Q4,2023-12,12,Dec,5,Fri,Yes,Unknown,4,Valid,Satisfied (4-5),4,No
CUST2444,Ali Ali,Ali,Ali,Male,No,,Unknown,Missing,ali.ali@hotmail.com,hotmail.com,Missing,200.94,Recorded,Under $250,2023-03-02,Valid,2023,2023-Q1,2023-03,3,Mar,4,Thu,Yes,Unknown,,Missing,No rating,3,No
CUST2445,Alaa Ali,Alaa,Ali,Unknown,n/a,,Unknown,Placeholder 200,alaa.ali@gmail.com,gmail.com,Placeholder,834.66,Recorded,$750+,2024-06-29,Valid,2024,2024-Q2,2024-06,6,Jun,6,Sat,Yes,Books,3,Valid,Neutral (3),4,No
CUST2446,Sara Ali,Sara,Ali,Unknown,n/a,,Unknown,Placeholder 200,sara.ali@hotmail.com,hotmail.com,Placeholder,662.1,Recorded,$500-749,2024-02-13,Valid,2024,2024-Q1,2024-02,2,Feb,2,Tue,Yes,Electronics,2,Valid,Dissatisfied (1-2),4,No
CUST2447,Fatma Mahmoud,Fatma,Mahmoud,Unknown,n/a,,Unknown,Placeholder -1,fatma.mahmoud@yahoo.com,yahoo.com,Placeholder,956.5,Recorded,$750+,2023-01-20,Valid,2023,2023-Q1,2023-01,1,Jan,5,Fri,Yes,Books,1,Valid,Dissatisfied (1-2),4,No
CUST2448,Lina Hassan,Lina,Hassan,Female,No,35,30-44,Valid,lina.hassan@yahoo.com,yahoo.com,Placeholder,539.08,Recorded,$500-749,2023-05-08,Valid,2023,2023-Q2,2023-05,5,May,1,Mon,Yes,Unknown,2,Valid,Dissatisfied (1-2),5,No
CUST2449,John Mahmoud,John,Mahmoud,Female,Yes,,Unknown,Placeholder -1,john.mahmoud@yahoo.com,yahoo.com,Placeholder,989.99,Recorded,$750+,2024-11-28,Valid,2024,2024-Q4,2024-11,11,Nov,4,Thu,Yes,Unknown,1,Valid,Dissatisfied (1-2),4,No
CUST2450,John Smith,John,Smith,Unknown,n/a,,Unknown,Missing,john.smith@gmail.com,gmail.com,Placeholder,833.53,Recorded,$750+,2024-10-08,Valid,2024,2024-Q4,2024-10,10,Oct,2,Tue,Yes,Toys,,Missing,No rating,3,No
CUST2451,Ahmed Ali,Ahmed,Ali,Female,Yes,,Unknown,Placeholder 200,ahmed.ali@hotmail.com,hotmail.com,Missing,964.73,Recorded,$750+,2024-12-14,Valid,2024,2024-Q4,2024-12,12,Dec,6,Sat,Yes,Clothing,4,Valid,Satisfied (4-5),5,No
CUST2452,Ali Mahmoud,Ali,Mahmoud,Female,Yes,,Unknown,Placeholder 200,ali.mahmoud@gmail.com,gmail.com,Missing,870.28,Recorded,$750+,2023-08-22,Valid,2023,2023-Q3,2023-08,8,Aug,2,Tue,Yes,Books,3,Valid,Neutral (3),5,No
CUST2453,Ali Hassan,Ali,Hassan,Female,Yes,,Unknown,Placeholder 200,ali.hassan@gmail.com,gmail.com,Placeholder,,Missing,Unknown,2022-12-23,Valid,2022,2022-Q4,2022-12,12,Dec,5,Fri,Yes,Toys,2,Valid,Dissatisfied (1-2),4,No
CUST2454,Fatma Gaber,Fatma,Gaber,Male,Yes,,Unknown,Missing,fatma.gaber@hotmail.com,hotmail.com,Missing,490.82,Recorded,$250-499,2023-02-05,Valid,2023,2023-Q1,2023-02,2,Feb,7,Sun,Yes,Unknown,4,Valid,Satisfied (4-5),4,No
CUST2455,Ahmed Hassan,Ahmed,Hassan,Female,Yes,,Unknown,Placeholder -1,ahmed.hassan@yahoo.com,yahoo.com,Missing,237.48,Recorded,Under $250,2023-12-22,Valid,2023,2023-Q4,2023-12,12,Dec,5,Fri,Yes,Unknown,1,Valid,Dissatisfied (1-2),4,No
CUST2456,Ahmed Mahmoud,Ahmed,Mahmoud,Female,Yes,,Unknown,Placeholder 200,ahmed.mahmoud@hotmail.com,hotmail.com,Missing,378.33,Recorded,$250-499,2024-11-20,Valid,2024,2024-Q4,2024-11,11,Nov,3,Wed,Yes,Home,1,Valid,Dissatisfied (1-2),5,No
CUST2457,Ali Ali,Ali,Ali,Male,No,,Unknown,Placeholder 200,ali.ali@gmail.com,gmail.com,Placeholder,774.82,Recorded,$750+,2024-03-04,Valid,2024,2024-Q1,2024-03,3,Mar,1,Mon,Yes,Electronics,3,Valid,Neutral (3),5,No
CUST2458,Lina Mahmoud,Lina,Mahmoud,Female,No,,Unknown,Missing,lina.mahmoud@gmail.com,gmail.com,Missing,152.31,Recorded,Under $250,2025-06-13,Valid,2025,2025-Q2,2025-06,6,Jun,5,Fri,Yes,Unknown,,Missing,No rating,3,No
CUST2459,Alaa Gaber,Alaa,Gaber,Female,n/a,,Unknown,Placeholder 200,alaa.gaber@hotmail.com,hotmail.com,Placeholder,724.17,Recorded,$500-749,2025-05-18,Valid,2025,2025-Q2,2025-05,5,May,7,Sun,Yes,Books,4,Valid,Satisfied (4-5),5,No
CUST2460,Ahmed Mahmoud,Ahmed,Mahmoud,Male,No,,Unknown,Placeholder 200,ahmed.mahmoud@hotmail.com,hotmail.com,Placeholder,509.73,Recorded,$500-749,2023-07-20,Valid,2023,2023-Q3,2023-07,7,Jul,4,Thu,Yes,Books,,Missing,No rating,4,No
CUST2461,Mark Smith,Mark,Smith,Male,No,,Unknown,Placeholder -1,mark.smith@yahoo.com,yahoo.com,Placeholder,429.69,Recorded,$250-499,,Invalid,,,,,,,,,Clothing,1,Valid,Dissatisfied (1-2),4,No
CUST2462,John Ibrahim,John,Ibrahim,Female,Yes,,Unknown,Placeholder -1,john.ibrahim@hotmail.com,hotmail.com,Missing,657.63,Recorded,$500-749,2024-02-05,Valid,2024,2024-Q1,2024-02,2,Feb,1,Mon,Yes,Clothing,,Missing,No rating,4,No
CUST2463,Alaa Ibrahim,Alaa,Ibrahim,Female,n/a,,Unknown,Placeholder -1,alaa.ibrahim@hotmail.com,hotmail.com,Placeholder,172.13,Recorded,Under $250,,Invalid,,,,,,,,,Unknown,2,Valid,Dissatisfied (1-2),3,No
CUST2464,Ali Hassan,Ali,Hassan,Female,Yes,,Unknown,Placeholder -1,ali.hassan@hotmail.com,hotmail.com,Missing,977.57,Recorded,$750+,2023-09-21,Valid,2023,2023-Q3,2023-09,9,Sep,4,Thu,Yes,Unknown,1,Valid,Dissatisfied (1-2),4,No
CUST2465,Fatma Smith,Fatma,Smith,Female,No,,Unknown,Placeholder 200,fatma.smith@gmail.com,gmail.com,Placeholder,,Missing,Unknown,2023-11-29,Valid,2023,2023-Q4,2023-11,11,Nov,3,Wed,Yes,Unknown,4,Valid,Satisfied (4-5),3,No
CUST2466,Ahmed Mahmoud,Ahmed,Mahmoud,Male,No,,Unknown,Placeholder 200,ahmed.mahmoud@yahoo.com,yahoo.com,Missing,601.92,Recorded,$500-749,2024-08-10,Valid,2024,2024-Q3,2024-08,8,Aug,6,Sat,Yes,Electronics,4,Valid,Satisfied (4-5),5,No
CUST2467,Ali Ali,Ali,Ali,Female,Yes,,Unknown,Missing,ali.ali@gmail.com,gmail.com,Placeholder,143.81,Recorded,Under $250,2024-12-23,Valid,2024,2024-Q4,2024-12,12,Dec,1,Mon,Yes,Books,1,Valid,Dissatisfied (1-2),5,No
CUST2468,Ahmed Smith,Ahmed,Smith,Female,Yes,,Unknown,Placeholder 200,ahmed.smith@yahoo.com,yahoo.com,Missing,253.51,Recorded,$250-499,2023-02-08,Valid,2023,2023-Q1,2023-02,2,Feb,3,Wed,Yes,Unknown,2,Valid,Dissatisfied (1-2),4,No
CUST2469,Alaa Hassan,Alaa,Hassan,Female,n/a,,Unknown,Missing,alaa.hassan@yahoo.com,yahoo.com,Placeholder,249.8,Recorded,Under $250,2024-07-27,Valid,2024,2024-Q3,2024-07,7,Jul,6,Sat,Yes,Home,2,Valid,Dissatisfied (1-2),5,No
CUST2470,Ali Ibrahim,Ali,Ibrahim,Female,Yes,,Unknown,Placeholder -1,ali.ibrahim@yahoo.com,yahoo.com,Missing,82.52,Recorded,Under $250,2022-12-23,Valid,2022,2022-Q4,2022-12,12,Dec,5,Fri,Yes,Clothing,,Out of range (10),No rating,4,No
CUST2471,Lina Ibrahim,Lina,Ibrahim,Female,No,66,60-74,Valid,lina.ibrahim@gmail.com,gmail.com,Placeholder,893.36,Recorded,$750+,2024-10-09,Valid,2024,2024-Q4,2024-10,10,Oct,3,Wed,Yes,Home,3,Valid,Neutral (3),6,Yes
CUST2472,Lina Mahmoud,Lina,Mahmoud,Male,Yes,,Unknown,Missing,lina.mahmoud@gmail.com,gmail.com,Missing,215.86,Recorded,Under $250,2025-03-23,Valid,2025,2025-Q1,2025-03,3,Mar,7,Sun,Yes,Unknown,4,Valid,Satisfied (4-5),4,No
CUST2473,John Ali,John,Ali,Female,Yes,,Unknown,Placeholder 200,john.ali@hotmail.com,hotmail.com,Missing,470.0,Recorded,$250-499,2024-03-07,Valid,2024,2024-Q1,2024-03,3,Mar,4,Thu,Yes,Books,4,Valid,Satisfied (4-5),5,No
CUST2474,Sara Gaber,Sara,Gaber,Female,No,,Unknown,Placeholder -1,sara.gaber@hotmail.com,hotmail.com,Placeholder,884.03,Recorded,$750+,2025-07-04,Valid,2025,2025-Q3,2025-07,7,Jul,5,Fri,Partial,Unknown,1,Valid,Dissatisfied (1-2),4,No
CUST2475,Fatma Hassan,Fatma,Hassan,Female,No,,Unknown,Missing,fatma.hassan@hotmail.com,hotmail.com,Missing,707.55,Recorded,$500-749,2023-05-29,Valid,2023,2023-Q2,2023-05,5,May,1,Mon,Yes,Toys,4,Valid,Satisfied (4-5),5,No
CUST2476,Fatma Hassan,Fatma,Hassan,Female,No,,Unknown,Placeholder -1,fatma.hassan@gmail.com,gmail.com,Missing,730.0,Recorded,$500-749,2023-01-08,Valid,2023,2023-Q1,2023-01,1,Jan,7,Sun,Yes,Toys,2,Valid,Dissatisfied (1-2),5,No
CUST2477,Lina Ibrahim,Lina,Ibrahim,Female,No,,Unknown,Placeholder -1,lina.ibrahim@gmail.com,gmail.com,Missing,58.64,Recorded,Under $250,2024-10-22,Valid,2024,2024-Q4,2024-10,10,Oct,2,Tue,Yes,Clothing,,Out of range (10),No rating,4,No
CUST2478,Sara Smith,Sara,Smith,Female,No,69,60-74,Valid,sara.smith@yahoo.com,yahoo.com,Placeholder,444.8,Recorded,$250-499,2023-06-12,Valid,2023,2023-Q2,2023-06,6,Jun,1,Mon,Yes,Clothing,3,Valid,Neutral (3),6,Yes
CUST2479,Alaa Ali,Alaa,Ali,Male,n/a,80,75-90,Valid,alaa.ali@hotmail.com,hotmail.com,Placeholder,519.03,Recorded,$500-749,2023-08-08,Valid,2023,2023-Q3,2023-08,8,Aug,2,Tue,Yes,Clothing,2,Valid,Dissatisfied (1-2),6,Yes
CUST2480,Fatma Gaber,Fatma,Gaber,Female,No,76,75-90,Valid,fatma.gaber@gmail.com,gmail.com,Placeholder,126.12,Recorded,Under $250,2024-05-15,Valid,2024,2024-Q2,2024-05,5,May,3,Wed,Yes,Books,3,Valid,Neutral (3),6,Yes
CUST2481,Sara Ibrahim,Sara,Ibrahim,Unknown,n/a,,Unknown,Placeholder -1,sara.ibrahim@gmail.com,gmail.com,Placeholder,477.14,Recorded,$250-499,2025-06-25,Valid,2025,2025-Q2,2025-06,6,Jun,3,Wed,Yes,Books,,Missing,No rating,3,No
CUST2482,Ahmed Mahmoud,Ahmed,Mahmoud,Female,Yes,,Unknown,Missing,ahmed.mahmoud@yahoo.com,yahoo.com,Missing,689.4,Recorded,$500-749,2023-09-13,Valid,2023,2023-Q3,2023-09,9,Sep,3,Wed,Yes,Home,,Out of range (10),No rating,4,No
CUST2483,Ahmed Ibrahim,Ahmed,Ibrahim,Male,No,,Unknown,Placeholder -1,ahmed.ibrahim@gmail.com,gmail.com,Missing,312.11,Recorded,$250-499,2023-06-14,Valid,2023,2023-Q2,2023-06,6,Jun,3,Wed,Yes,Electronics,5,Valid,Satisfied (4-5),5,No
CUST2484,Ali Ali,Ali,Ali,Male,No,,Unknown,Missing,ali.ali@hotmail.com,hotmail.com,Placeholder,45.63,Recorded,Under $250,2025-07-11,Valid,2025,2025-Q3,2025-07,7,Jul,5,Fri,Partial,Books,2,Valid,Dissatisfied (1-2),5,No
CUST2485,Sara Gaber,Sara,Gaber,Male,Yes,,Unknown,Placeholder 200,sara.gaber@yahoo.com,yahoo.com,Missing,524.36,Recorded,$500-749,2025-07-17,Valid,2025,2025-Q3,2025-07,7,Jul,4,Thu,Partial,Clothing,1,Valid,Dissatisfied (1-2),5,No
CUST2486,Sara Ali,Sara,Ali,Female,No,,Unknown,Placeholder -1,sara.ali@yahoo.com,yahoo.com,Missing,201.82,Recorded,Under $250,,Invalid,,,,,,,,,Toys,,Missing,No rating,3,No
CUST2487,Alaa Gaber,Alaa,Gaber,Female,n/a,,Unknown,Missing,alaa.gaber@yahoo.com,yahoo.com,Placeholder,466.02,Recorded,$250-499,2025-02-27,Valid,2025,2025-Q1,2025-02,2,Feb,4,Thu,Yes,Books,4,Valid,Satisfied (4-5),5,No
CUST2488,Ali Ibrahim,Ali,Ibrahim,Female,Yes,,Unknown,Placeholder 200,ali.ibrahim@hotmail.com,hotmail.com,Placeholder,980.85,Recorded,$750+,2023-04-23,Valid,2023,2023-Q2,2023-04,4,Apr,7,Sun,Yes,Toys,3,Valid,Neutral (3),5,No
CUST2489,John Ibrahim,John,Ibrahim,Unknown,n/a,87,75-90,Valid,john.ibrahim@gmail.com,gmail.com,Placeholder,167.61,Recorded,Under $250,2023-05-05,Valid,2023,2023-Q2,2023-05,5,May,5,Fri,Yes,Electronics,3,Valid,Neutral (3),5,No
CUST2490,Lina Ali,Lina,Ali,Male,Yes,,Unknown,Placeholder -1,lina.ali@hotmail.com,hotmail.com,Placeholder,124.21,Recorded,Under $250,2023-12-10,Valid,2023,2023-Q4,2023-12,12,Dec,7,Sun,Yes,Toys,,Out of range (10),No rating,4,No
CUST2491,Lina Mahmoud,Lina,Mahmoud,Female,No,,Unknown,Placeholder -1,lina.mahmoud@yahoo.com,yahoo.com,Missing,983.51,Recorded,$750+,2023-01-04,Valid,2023,2023-Q1,2023-01,1,Jan,3,Wed,Yes,Clothing,,Out of range (10),No rating,4,No
CUST2492,Mark Ibrahim,Mark,Ibrahim,Female,Yes,,Unknown,Missing,mark.ibrahim@hotmail.com,hotmail.com,Placeholder,363.58,Recorded,$250-499,2024-06-07,Valid,2024,2024-Q2,2024-06,6,Jun,5,Fri,Yes,Books,,Out of range (10),No rating,4,No
CUST2493,Ali Smith,Ali,Smith,Male,No,54,45-59,Valid,ali.smith@gmail.com,gmail.com,Placeholder,336.86,Recorded,$250-499,2023-07-23,Valid,2023,2023-Q3,2023-07,7,Jul,7,Sun,Yes,Books,3,Valid,Neutral (3),6,Yes
CUST2494,Sara Gaber,Sara,Gaber,Female,No,64,60-74,Valid,sara.gaber@hotmail.com,hotmail.com,Missing,987.14,Recorded,$750+,2023-03-13,Valid,2023,2023-Q1,2023-03,3,Mar,1,Mon,Yes,Books,,Out of range (10),No rating,5,No
CUST2495,John Ali,John,Ali,Male,No,,Unknown,Missing,john.ali@hotmail.com,hotmail.com,Placeholder,221.96,Recorded,Under $250,2024-06-19,Valid,2024,2024-Q2,2024-06,6,Jun,3,Wed,Yes,Unknown,,Out of range (10),No rating,3,No
CUST2496,Mark Smith,Mark,Smith,Male,No,,Unknown,Placeholder -1,mark.smith@hotmail.com,hotmail.com,Missing,388.86,Recorded,$250-499,2024-10-03,Valid,2024,2024-Q4,2024-10,10,Oct,4,Thu,Yes,Unknown,,Missing,No rating,3,No
CUST2497,Sara Smith,Sara,Smith,Male,Yes,,Unknown,Placeholder -1,sara.smith@gmail.com,gmail.com,Placeholder,447.9,Recorded,$250-499,2025-01-09,Valid,2025,2025-Q1,2025-01,1,Jan,4,Thu,Yes,Home,3,Valid,Neutral (3),5,No
CUST2498,Lina Mahmoud,Lina,Mahmoud,Unknown,n/a,,Unknown,Placeholder -1,lina.mahmoud@yahoo.com,yahoo.com,Placeholder,761.3,Recorded,$750+,2024-03-30,Valid,2024,2024-Q1,2024-03,3,Mar,6,Sat,Yes,Unknown,3,Valid,Neutral (3),3,No
CUST2499,Alaa Ali,Alaa,Ali,Unknown,n/a,,Unknown,Missing,alaa.ali@gmail.com,gmail.com,Placeholder,525.66,Recorded,$500-749,2023-05-22,Valid,2023,2023-Q2,2023-05,5,May,1,Mon,Yes,Electronics,1,Valid,Dissatisfied (1-2),4,No
CUST2500,Sara Hassan,Sara,Hassan,Female,No,,Unknown,Missing,sara.hassan@gmail.com,gmail.com,Missing,,Missing,Unknown,2023-03-03,Valid,2023,2023-Q1,2023-03,3,Mar,5,Fri,Yes,Clothing,,Out of range (10),No rating,3,No
CUST2501,Fatma Gaber,Fatma,Gaber,Unknown,n/a,,Unknown,Placeholder -1,fatma.gaber@yahoo.com,yahoo.com,Missing,323.91,Recorded,$250-499,2023-10-01,Valid,2023,2023-Q4,2023-10,10,Oct,7,Sun,Yes,Clothing,,Out of range (10),No rating,3,No
CUST2502,Sara Gaber,Sara,Gaber,Male,Yes,,Unknown,Missing,sara.gaber@hotmail.com,hotmail.com,Missing,881.95,Recorded,$750+,2022-12-18,Valid,2022,2022-Q4,2022-12,12,Dec,7,Sun,Yes,Toys,2,Valid,Dissatisfied (1-2),5,No
CUST2503,John Smith,John,Smith,Male,No,,Unknown,Missing,john.smith@yahoo.com,yahoo.com,Placeholder,159.22,Recorded,Under $250,2023-10-24,Valid,2023,2023-Q4,2023-10,10,Oct,2,Tue,Yes,Unknown,2,Valid,Dissatisfied (1-2),4,No
CUST2504,John Mahmoud,John,Mahmoud,Male,No,70,60-74,Valid,john.mahmoud@yahoo.com,yahoo.com,Missing,226.39,Recorded,Under $250,2024-12-11,Valid,2024,2024-Q4,2024-12,12,Dec,3,Wed,Yes,Unknown,,Missing,No rating,4,No
CUST2505,Ahmed Mahmoud,Ahmed,Mahmoud,Male,No,,Unknown,Placeholder -1,ahmed.mahmoud@gmail.com,gmail.com,Placeholder,491.69,Recorded,$250-499,2023-12-22,Valid,2023,2023-Q4,2023-12,12,Dec,5,Fri,Yes,Unknown,3,Valid,Neutral (3),4,No
CUST2506,John Mahmoud,John,Mahmoud,Male,No,,Unknown,Placeholder -1,john.mahmoud@yahoo.com,yahoo.com,Missing,266.7,Recorded,$250-499,2024-10-19,Valid,2024,2024-Q4,2024-10,10,Oct,6,Sat,Yes,Electronics,,Missing,No rating,4,No
CUST2507,Alaa Gaber,Alaa,Gaber,Male,n/a,,Unknown,Placeholder -1,alaa.gaber@gmail.com,gmail.com,Missing,608.42,Recorded,$500-749,2025-02-01,Valid,2025,2025-Q1,2025-02,2,Feb,6,Sat,Yes,Electronics,,Out of range (10),No rating,4,No
CUST2508,Alaa Gaber,Alaa,Gaber,Male,n/a,,Unknown,Placeholder -1,alaa.gaber@hotmail.com,hotmail.com,Missing,863.25,Recorded,$750+,2024-03-31,Valid,2024,2024-Q1,2024-03,3,Mar,7,Sun,Yes,Electronics,3,Valid,Neutral (3),5,No
CUST2509,John Ibrahim,John,Ibrahim,Male,No,,Unknown,Missing,john.ibrahim@hotmail.com,hotmail.com,Placeholder,775.91,Recorded,$750+,2024-12-06,Valid,2024,2024-Q4,2024-12,12,Dec,5,Fri,Yes,Clothing,5,Valid,Satisfied (4-5),5,No
CUST2510,Alaa Hassan,Alaa,Hassan,Male,n/a,,Unknown,Missing,alaa.hassan@gmail.com,gmail.com,Missing,,Missing,Unknown,2024-04-07,Valid,2024,2024-Q2,2024-04,4,Apr,7,Sun,Yes,Books,2,Valid,Dissatisfied (1-2),4,No
CUST2511,Sara Hassan,Sara,Hassan,Female,No,,Unknown,Placeholder 200,sara.hassan@hotmail.com,hotmail.com,Placeholder,28.12,Recorded,Under $250,2022-12-26,Valid,2022,2022-Q4,2022-12,12,Dec,1,Mon,Yes,Books,,Out of range (10),No rating,4,No
CUST2512,Ali Gaber,Ali,Gaber,Female,Yes,,Unknown,Placeholder 200,ali.gaber@gmail.com,gmail.com,Missing,72.61,Recorded,Under $250,2025-06-30,Valid,2025,2025-Q2,2025-06,6,Jun,1,Mon,Yes,Clothing,,Missing,No rating,4,No
CUST2513,Sara Mahmoud,Sara,Mahmoud,Female,No,,Unknown,Placeholder -1,sara.mahmoud@gmail.com,gmail.com,Missing,273.55,Recorded,$250-499,2025-05-26,Valid,2025,2025-Q2,2025-05,5,May,1,Mon,Yes,Home,,Missing,No rating,4,No
CUST2514,Mark Ibrahim,Mark,Ibrahim,Male,No,80,75-90,Valid,mark.ibrahim@hotmail.com,hotmail.com,Placeholder,837.38,Recorded,$750+,2025-05-12,Valid,2025,2025-Q2,2025-05,5,May,1,Mon,Yes,Electronics,3,Valid,Neutral (3),6,Yes
CUST2515,Ali Smith,Ali,Smith,Male,No,59,45-59,Valid,ali.smith@yahoo.com,yahoo.com,Placeholder,597.76,Recorded,$500-749,2025-07-09,Valid,2025,2025-Q3,2025-07,7,Jul,3,Wed,Partial,Toys,,Missing,No rating,5,No
CUST2516,Sara Gaber,Sara,Gaber,Male,Yes,,Unknown,Missing,sara.gaber@hotmail.com,hotmail.com,Missing,482.05,Recorded,$250-499,2023-01-22,Valid,2023,2023-Q1,2023-01,1,Jan,7,Sun,Yes,Home,1,Valid,Dissatisfied (1-2),5,No
CUST2517,Sara Ali,Sara,Ali,Unknown,n/a,,Unknown,Placeholder 200,sara.ali@hotmail.com,hotmail.com,Placeholder,273.18,Recorded,$250-499,2024-08-26,Valid,2024,2024-Q3,2024-08,8,Aug,1,Mon,Yes,Home,4,Valid,Satisfied (4-5),4,No
CUST2518,Fatma Mahmoud,Fatma,Mahmoud,Unknown,n/a,,Unknown,Placeholder -1,fatma.mahmoud@yahoo.com,yahoo.com,Missing,456.29,Recorded,$250-499,2024-10-21,Valid,2024,2024-Q4,2024-10,10,Oct,1,Mon,Yes,Unknown,,Out of range (10),No rating,2,No
CUST2519,John Hassan,John,Hassan,Male,No,,Unknown,Missing,john.hassan@gmail.com,gmail.com,Placeholder,945.21,Recorded,$750+,2025-02-12,Valid,2025,2025-Q1,2025-02,2,Feb,3,Wed,Yes,Books,1,Valid,Dissatisfied (1-2),5,No
CUST2520,Fatma Ibrahim,Fatma,Ibrahim,Male,Yes,,Unknown,Missing,fatma.ibrahim@yahoo.com,yahoo.com,Placeholder,362.0,Recorded,$250-499,2025-05-10,Valid,2025,2025-Q2,2025-05,5,May,6,Sat,Yes,Unknown,4,Valid,Satisfied (4-5),4,No
CUST2521,Ahmed Mahmoud,Ahmed,Mahmoud,Female,Yes,16,15-29,Valid,ahmed.mahmoud@hotmail.com,hotmail.com,Missing,521.67,Recorded,$500-749,2023-12-10,Valid,2023,2023-Q4,2023-12,12,Dec,7,Sun,Yes,Unknown,2,Valid,Dissatisfied (1-2),5,No
CUST2522,Mark Ali,Mark,Ali,Unknown,n/a,,Unknown,Placeholder -1,mark.ali@yahoo.com,yahoo.com,Placeholder,81.01,Recorded,Under $250,2025-06-10,Valid,2025,2025-Q2,2025-06,6,Jun,2,Tue,Yes,Unknown,2,Valid,Dissatisfied (1-2),3,No
CUST2523,Lina Mahmoud,Lina,Mahmoud,Male,Yes,,Unknown,Missing,lina.mahmoud@gmail.com,gmail.com,Missing,299.18,Recorded,$250-499,2024-03-28,Valid,2024,2024-Q1,2024-03,3,Mar,4,Thu,Yes,Toys,2,Valid,Dissatisfied (1-2),5,No
CUST2524,Fatma Hassan,Fatma,Hassan,Female,No,,Unknown,Missing,fatma.hassan@yahoo.com,yahoo.com,Placeholder,977.5,Recorded,$750+,,Invalid,,,,,,,,,Home,,Missing,No rating,3,No
CUST2525,Ahmed Gaber,Ahmed,Gaber,Unknown,n/a,,Unknown,Placeholder 200,ahmed.gaber@yahoo.com,yahoo.com,Missing,700.49,Recorded,$500-749,2023-05-15,Valid,2023,2023-Q2,2023-05,5,May,1,Mon,Yes,Unknown,5,Valid,Satisfied (4-5),3,No
CUST2526,Lina Gaber,Lina,Gaber,Male,Yes,,Unknown,Placeholder 200,lina.gaber@yahoo.com,yahoo.com,Missing,835.26,Recorded,$750+,2024-08-27,Valid,2024,2024-Q3,2024-08,8,Aug,2,Tue,Yes,Electronics,5,Valid,Satisfied (4-5),5,No
CUST2527,Fatma Ali,Fatma,Ali,Male,Yes,44,30-44,Valid,fatma.ali@yahoo.com,yahoo.com,Missing,845.38,Recorded,$750+,,Invalid,,,,,,,,,Clothing,,Missing,No rating,4,No
CUST2528,Sara Ali,Sara,Ali,Female,No,,Unknown,Placeholder 200,sara.ali@hotmail.com,hotmail.com,Placeholder,725.36,Recorded,$500-749,2022-11-02,Valid,2022,2022-Q4,2022-11,11,Nov,3,Wed,Yes,Toys,,Out of range (10),No rating,4,No
CUST2529,Sara Mahmoud,Sara,Mahmoud,Female,No,,Unknown,Placeholder -1,sara.mahmoud@yahoo.com,yahoo.com,Placeholder,852.77,Recorded,$750+,2023-12-01,Valid,2023,2023-Q4,2023-12,12,Dec,5,Fri,Yes,Toys,2,Valid,Dissatisfied (1-2),5,No
CUST2530,Lina Mahmoud,Lina,Mahmoud,Male,Yes,48,45-59,Valid,lina.mahmoud@yahoo.com,yahoo.com,Missing,477.46,Recorded,$250-499,2023-06-30,Valid,2023,2023-Q2,2023-06,6,Jun,5,Fri,Yes,Clothing,1,Valid,Dissatisfied (1-2),6,Yes
CUST2531,Mark Ali,Mark,Ali,Female,Yes,,Unknown,Missing,mark.ali@yahoo.com,yahoo.com,Missing,285.46,Recorded,$250-499,2022-12-14,Valid,2022,2022-Q4,2022-12,12,Dec,3,Wed,Yes,Home,,Missing,No rating,4,No
CUST2532,Ali Mahmoud,Ali,Mahmoud,Male,No,49,45-59,Valid,ali.mahmoud@gmail.com,gmail.com,Placeholder,434.36,Recorded,$250-499,2025-04-01,Valid,2025,2025-Q2,2025-04,4,Apr,2,Tue,Yes,Clothing,3,Valid,Neutral (3),6,Yes
CUST2533,Fatma Smith,Fatma,Smith,Unknown,n/a,,Unknown,Missing,fatma.smith@yahoo.com,yahoo.com,Placeholder,377.85,Recorded,$250-499,2023-11-14,Valid,2023,2023-Q4,2023-11,11,Nov,2,Tue,Yes,Books,5,Valid,Satisfied (4-5),4,No
CUST2534,Fatma Gaber,Fatma,Gaber,Female,No,,Unknown,Missing,fatma.gaber@yahoo.com,yahoo.com,Placeholder,848.47,Recorded,$750+,2023-04-13,Valid,2023,2023-Q2,2023-04,4,Apr,4,Thu,Yes,Clothing,1,Valid,Dissatisfied (1-2),5,No
CUST2535,Fatma Smith,Fatma,Smith,Female,No,,Unknown,Placeholder -1,fatma.smith@hotmail.com,hotmail.com,Missing,811.39,Recorded,$750+,,Invalid,,,,,,,,,Electronics,4,Valid,Satisfied (4-5),4,No
CUST2536,Lina Mahmoud,Lina,Mahmoud,Female,No,,Unknown,Missing,lina.mahmoud@hotmail.com,hotmail.com,Missing,101.4,Recorded,Under $250,2024-08-14,Valid,2024,2024-Q3,2024-08,8,Aug,3,Wed,Yes,Home,,Out of range (10),No rating,4,No
CUST2537,Alaa Mahmoud,Alaa,Mahmoud,Male,n/a,,Unknown,Missing,alaa.mahmoud@yahoo.com,yahoo.com,Missing,121.75,Recorded,Under $250,2023-01-08,Valid,2023,2023-Q1,2023-01,1,Jan,7,Sun,Yes,Clothing,3,Valid,Neutral (3),5,No
CUST2538,Lina Hassan,Lina,Hassan,Male,Yes,,Unknown,Placeholder 200,lina.hassan@hotmail.com,hotmail.com,Placeholder,479.8,Recorded,$250-499,2024-04-09,Valid,2024,2024-Q2,2024-04,4,Apr,2,Tue,Yes,Unknown,3,Valid,Neutral (3),4,No
CUST2539,Alaa Ibrahim,Alaa,Ibrahim,Female,n/a,57,45-59,Valid,alaa.ibrahim@yahoo.com,yahoo.com,Placeholder,736.03,Recorded,$500-749,2024-04-06,Valid,2024,2024-Q2,2024-04,4,Apr,6,Sat,Yes,Unknown,2,Valid,Dissatisfied (1-2),5,No
CUST2540,Lina Hassan,Lina,Hassan,Female,No,,Unknown,Placeholder -1,lina.hassan@hotmail.com,hotmail.com,Missing,73.93,Recorded,Under $250,2024-12-03,Valid,2024,2024-Q4,2024-12,12,Dec,2,Tue,Yes,Unknown,1,Valid,Dissatisfied (1-2),4,No
CUST2541,Alaa Gaber,Alaa,Gaber,Male,n/a,23,15-29,Valid,alaa.gaber@hotmail.com,hotmail.com,Placeholder,835.42,Recorded,$750+,2023-08-11,Valid,2023,2023-Q3,2023-08,8,Aug,5,Fri,Yes,Unknown,2,Valid,Dissatisfied (1-2),5,No
CUST2542,Alaa Ibrahim,Alaa,Ibrahim,Male,n/a,,Unknown,Placeholder 200,alaa.ibrahim@gmail.com,gmail.com,Missing,940.06,Recorded,$750+,2024-03-01,Valid,2024,2024-Q1,2024-03,3,Mar,5,Fri,Yes,Home,4,Valid,Satisfied (4-5),5,No
CUST2543,Ahmed Gaber,Ahmed,Gaber,Female,Yes,,Unknown,Placeholder -1,ahmed.gaber@yahoo.com,yahoo.com,Missing,118.05,Recorded,Under $250,2025-02-25,Valid,2025,2025-Q1,2025-02,2,Feb,2,Tue,Yes,Toys,,Missing,No rating,4,No
CUST2544,Ahmed Smith,Ahmed,Smith,Male,No,,Unknown,Placeholder 200,ahmed.smith@hotmail.com,hotmail.com,Missing,252.15,Recorded,$250-499,2023-01-14,Valid,2023,2023-Q1,2023-01,1,Jan,6,Sat,Yes,Unknown,2,Valid,Dissatisfied (1-2),4,No
CUST2545,Fatma Smith,Fatma,Smith,Male,Yes,,Unknown,Placeholder 200,fatma.smith@yahoo.com,yahoo.com,Placeholder,467.5,Recorded,$250-499,2022-12-28,Valid,2022,2022-Q4,2022-12,12,Dec,3,Wed,Yes,Electronics,5,Valid,Satisfied (4-5),5,No
CUST2546,Lina Hassan,Lina,Hassan,Male,Yes,,Unknown,Missing,lina.hassan@hotmail.com,hotmail.com,Missing,675.75,Recorded,$500-749,2025-03-19,Valid,2025,2025-Q1,2025-03,3,Mar,3,Wed,Yes,Books,,Missing,No rating,4,No
CUST2547,Sara Mahmoud,Sara,Mahmoud,Male,Yes,,Unknown,Missing,sara.mahmoud@yahoo.com,yahoo.com,Missing,,Missing,Unknown,2024-02-16,Valid,2024,2024-Q1,2024-02,2,Feb,5,Fri,Yes,Clothing,4,Valid,Satisfied (4-5),4,No
CUST2548,Fatma Ibrahim,Fatma,Ibrahim,Female,No,,Unknown,Placeholder -1,fatma.ibrahim@yahoo.com,yahoo.com,Missing,97.61,Recorded,Under $250,2023-06-18,Valid,2023,2023-Q2,2023-06,6,Jun,7,Sun,Yes,Electronics,1,Valid,Dissatisfied (1-2),5,No
CUST2549,Ahmed Hassan,Ahmed,Hassan,Female,Yes,,Unknown,Placeholder 200,ahmed.hassan@hotmail.com,hotmail.com,Missing,582.04,Recorded,$500-749,2023-12-23,Valid,2023,2023-Q4,2023-12,12,Dec,6,Sat,Yes,Clothing,,Out of range (10),No rating,4,No
CUST2550,Sara Ali,Sara,Ali,Female,No,,Unknown,Placeholder -1,sara.ali@gmail.com,gmail.com,Missing,717.0,Recorded,$500-749,2024-02-23,Valid,2024,2024-Q1,2024-02,2,Feb,5,Fri,Yes,Clothing,3,Valid,Neutral (3),5,No
CUST2551,Lina Ali,Lina,Ali,Female,No,,Unknown,Placeholder -1,lina.ali@hotmail.com,hotmail.com,Missing,47.95,Recorded,Under $250,2024-08-14,Valid,2024,2024-Q3,2024-08,8,Aug,3,Wed,Yes,Toys,,Missing,No rating,4,No
CUST2552,John Mahmoud,John,Mahmoud,Male,No,,Unknown,Placeholder -1,john.mahmoud@yahoo.com,yahoo.com,Placeholder,393.17,Recorded,$250-499,2023-08-17,Valid,2023,2023-Q3,2023-08,8,Aug,4,Thu,Yes,Electronics,,Out of range (10),No rating,4,No
CUST2553,Lina Smith,Lina,Smith,Unknown,n/a,53,45-59,Valid,lina.smith@yahoo.com,yahoo.com,Missing,868.83,Recorded,$750+,2023-08-14,Valid,2023,2023-Q3,2023-08,8,Aug,1,Mon,Yes,Electronics,4,Valid,Satisfied (4-5),5,No
CUST2554,Ahmed Ali,Ahmed,Ali,Male,No,,Unknown,Placeholder -1,ahmed.ali@yahoo.com,yahoo.com,Missing,942.01,Recorded,$750+,,Invalid,,,,,,,,,Unknown,,Out of range (10),No rating,2,No
CUST2555,Mark Mahmoud,Mark,Mahmoud,Male,No,,Unknown,Placeholder 200,mark.mahmoud@gmail.com,gmail.com,Placeholder,575.37,Recorded,$500-749,2024-07-05,Valid,2024,2024-Q3,2024-07,7,Jul,5,Fri,Yes,Toys,,Out of range (10),No rating,4,No
CUST2556,John Hassan,John,Hassan,Female,Yes,,Unknown,Placeholder -1,john.hassan@hotmail.com,hotmail.com,Missing,30.35,Recorded,Under $250,2024-07-13,Valid,2024,2024-Q3,2024-07,7,Jul,6,Sat,Yes,Electronics,,Missing,No rating,4,No
CUST2557,Lina Ibrahim,Lina,Ibrahim,Female,No,,Unknown,Placeholder -1,lina.ibrahim@gmail.com,gmail.com,Missing,698.05,Recorded,$500-749,2024-03-23,Valid,2024,2024-Q1,2024-03,3,Mar,6,Sat,Yes,Electronics,,Out of range (10),No rating,4,No
CUST2558,Alaa Ibrahim,Alaa,Ibrahim,Male,n/a,,Unknown,Placeholder 200,alaa.ibrahim@gmail.com,gmail.com,Placeholder,246.2,Recorded,Under $250,2025-07-14,Valid,2025,2025-Q3,2025-07,7,Jul,1,Mon,Partial,Unknown,5,Valid,Satisfied (4-5),4,No
CUST2559,Sara Smith,Sara,Smith,Female,No,,Unknown,Missing,sara.smith@hotmail.com,hotmail.com,Missing,194.66,Recorded,Under $250,2022-12-21,Valid,2022,2022-Q4,2022-12,12,Dec,3,Wed,Yes,Books,3,Valid,Neutral (3),5,No
CUST2560,Ahmed Ali,Ahmed,Ali,Male,No,,Unknown,Placeholder 200,ahmed.ali@gmail.com,gmail.com,Missing,694.09,Recorded,$500-749,2023-04-08,Valid,2023,2023-Q2,2023-04,4,Apr,6,Sat,Yes,Unknown,1,Valid,Dissatisfied (1-2),4,No
CUST2561,Alaa Gaber,Alaa,Gaber,Male,n/a,,Unknown,Missing,alaa.gaber@yahoo.com,yahoo.com,Placeholder,893.98,Recorded,$750+,2024-07-21,Valid,2024,2024-Q3,2024-07,7,Jul,7,Sun,Yes,Home,,Missing,No rating,4,No
CUST2562,Sara Smith,Sara,Smith,Female,No,52,45-59,Valid,sara.smith@gmail.com,gmail.com,Placeholder,,Missing,Unknown,2023-10-21,Valid,2023,2023-Q4,2023-10,10,Oct,6,Sat,Yes,Toys,,Out of range (10),No rating,4,No
CUST2563,John Gaber,John,Gaber,Male,No,,Unknown,Placeholder 200,john.gaber@hotmail.com,hotmail.com,Missing,608.72,Recorded,$500-749,,Invalid,,,,,,,,,Toys,5,Valid,Satisfied (4-5),4,No
CUST2564,Mark Hassan,Mark,Hassan,Female,Yes,,Unknown,Placeholder 200,mark.hassan@gmail.com,gmail.com,Placeholder,505.55,Recorded,$500-749,2024-01-30,Valid,2024,2024-Q1,2024-01,1,Jan,2,Tue,Yes,Toys,2,Valid,Dissatisfied (1-2),5,No
CUST2565,Lina Mahmoud,Lina,Mahmoud,Male,Yes,75,75-90,Valid,lina.mahmoud@yahoo.com,yahoo.com,Missing,58.1,Recorded,Under $250,,Invalid,,,,,,,,,Home,5,Valid,Satisfied (4-5),5,No
CUST2566,Sara Hassan,Sara,Hassan,Female,No,,Unknown,Placeholder 200,sara.hassan@gmail.com,gmail.com,Placeholder,80.5,Recorded,Under $250,2024-07-03,Valid,2024,2024-Q3,2024-07,7,Jul,3,Wed,Yes,Clothing,5,Valid,Satisfied (4-5),5,No
CUST2567,Lina Ibrahim,Lina,Ibrahim,Female,No,,Unknown,Placeholder 200,lina.ibrahim@yahoo.com,yahoo.com,Missing,347.6,Recorded,$250-499,2025-06-24,Valid,2025,2025-Q2,2025-06,6,Jun,2,Tue,Yes,Clothing,5,Valid,Satisfied (4-5),5,No
CUST2568,Sara Ali,Sara,Ali,Unknown,n/a,90,75-90,Valid,sara.ali@hotmail.com,hotmail.com,Missing,838.82,Recorded,$750+,2024-04-30,Valid,2024,2024-Q2,2024-04,4,Apr,2,Tue,Yes,Electronics,2,Valid,Dissatisfied (1-2),5,No
CUST2569,John Smith,John,Smith,Female,Yes,,Unknown,Missing,john.smith@hotmail.com,hotmail.com,Missing,680.58,Recorded,$500-749,2023-07-11,Valid,2023,2023-Q3,2023-07,7,Jul,2,Tue,Yes,Clothing,,Missing,No rating,4,No
CUST2570,Sara Gaber,Sara,Gaber,Male,Yes,,Unknown,Missing,sara.gaber@yahoo.com,yahoo.com,Placeholder,184.56,Recorded,Under $250,2025-02-27,Valid,2025,2025-Q1,2025-02,2,Feb,4,Thu,Yes,Electronics,5,Valid,Satisfied (4-5),5,No
CUST2571,John Smith,John,Smith,Unknown,n/a,,Unknown,Placeholder -1,john.smith@hotmail.com,hotmail.com,Placeholder,595.21,Recorded,$500-749,2024-10-02,Valid,2024,2024-Q4,2024-10,10,Oct,3,Wed,Yes,Electronics,1,Valid,Dissatisfied (1-2),4,No
CUST2572,Fatma Ibrahim,Fatma,Ibrahim,Unknown,n/a,,Unknown,Missing,fatma.ibrahim@hotmail.com,hotmail.com,Placeholder,862.67,Recorded,$750+,2025-05-24,Valid,2025,2025-Q2,2025-05,5,May,6,Sat,Yes,Clothing,5,Valid,Satisfied (4-5),4,No
CUST2573,Ali Ali,Ali,Ali,Male,No,,Unknown,Placeholder -1,ali.ali@yahoo.com,yahoo.com,Missing,187.68,Recorded,Under $250,2023-02-07,Valid,2023,2023-Q1,2023-02,2,Feb,2,Tue,Yes,Unknown,4,Valid,Satisfied (4-5),4,No
CUST2574,Sara Mahmoud,Sara,Mahmoud,Female,No,44,30-44,Valid,sara.mahmoud@yahoo.com,yahoo.com,Placeholder,790.69,Recorded,$750+,2024-10-21,Valid,2024,2024-Q4,2024-10,10,Oct,1,Mon,Yes,Toys,3,Valid,Neutral (3),6,Yes
CUST2575,Ahmed Gaber,Ahmed,Gaber,Male,No,49,45-59,Valid,ahmed.gaber@gmail.com,gmail.com,Missing,621.42,Recorded,$500-749,2024-04-16,Valid,2024,2024-Q2,2024-04,4,Apr,2,Tue,Yes,Home,2,Valid,Dissatisfied (1-2),6,Yes
CUST2576,Ahmed Smith,Ahmed,Smith,Female,Yes,21,15-29,Valid,ahmed.smith@hotmail.com,hotmail.com,Placeholder,619.21,Recorded,$500-749,2024-09-17,Valid,2024,2024-Q3,2024-09,9,Sep,2,Tue,Yes,Clothing,5,Valid,Satisfied (4-5),6,Yes
CUST2577,Fatma Ali,Fatma,Ali,Male,Yes,,Unknown,Placeholder -1,fatma.ali@yahoo.com,yahoo.com,Missing,634.9,Recorded,$500-749,2022-12-14,Valid,2022,2022-Q4,2022-12,12,Dec,3,Wed,Yes,Books,5,Valid,Satisfied (4-5),5,No
CUST2578,Ali Hassan,Ali,Hassan,Male,No,79,75-90,Valid,ali.hassan@yahoo.com,yahoo.com,Missing,834.49,Recorded,$750+,2023-10-06,Valid,2023,2023-Q4,2023-10,10,Oct,5,Fri,Yes,Home,,Missing,No rating,5,No
CUST2579,Lina Hassan,Lina,Hassan,Male,Yes,,Unknown,Placeholder -1,lina.hassan@hotmail.com,hotmail.com,Missing,,Missing,Unknown,2024-03-05,Valid,2024,2024-Q1,2024-03,3,Mar,2,Tue,Yes,Unknown,2,Valid,Dissatisfied (1-2),3,No
CUST2580,Sara Ali,Sara,Ali,Male,Yes,35,30-44,Valid,sara.ali@gmail.com,gmail.com,Missing,104.07,Recorded,Under $250,2024-04-10,Valid,2024,2024-Q2,2024-04,4,Apr,3,Wed,Yes,Electronics,3,Valid,Neutral (3),6,Yes
CUST2581,Sara Mahmoud,Sara,Mahmoud,Male,Yes,,Unknown,Placeholder 200,sara.mahmoud@yahoo.com,yahoo.com,Placeholder,583.55,Recorded,$500-749,2024-05-23,Valid,2024,2024-Q2,2024-05,5,May,4,Thu,Yes,Home,1,Valid,Dissatisfied (1-2),5,No
CUST2582,Ali Smith,Ali,Smith,Female,Yes,,Unknown,Missing,ali.smith@hotmail.com,hotmail.com,Missing,364.36,Recorded,$250-499,2023-07-05,Valid,2023,2023-Q3,2023-07,7,Jul,3,Wed,Yes,Unknown,,Out of range (10),No rating,3,No
CUST2583,Mark Smith,Mark,Smith,Female,Yes,,Unknown,Missing,mark.smith@gmail.com,gmail.com,Placeholder,951.26,Recorded,$750+,2023-05-24,Valid,2023,2023-Q2,2023-05,5,May,3,Wed,Yes,Toys,,Missing,No rating,4,No
CUST2584,Ali Ibrahim,Ali,Ibrahim,Unknown,n/a,,Unknown,Missing,ali.ibrahim@yahoo.com,yahoo.com,Missing,83.73,Recorded,Under $250,2024-01-02,Valid,2024,2024-Q1,2024-01,1,Jan,2,Tue,Yes,Home,3,Valid,Neutral (3),4,No
CUST2585,Lina Smith,Lina,Smith,Female,No,,Unknown,Placeholder -1,lina.smith@yahoo.com,yahoo.com,Placeholder,591.6,Recorded,$500-749,2023-08-22,Valid,2023,2023-Q3,2023-08,8,Aug,2,Tue,Yes,Toys,5,Valid,Satisfied (4-5),5,No
CUST2586,John Ibrahim,John,Ibrahim,Female,Yes,80,75-90,Valid,john.ibrahim@hotmail.com,hotmail.com,Placeholder,180.79,Recorded,Under $250,,Invalid,,,,,,,,,Toys,4,Valid,Satisfied (4-5),5,No
CUST2587,Alaa Ibrahim,Alaa,Ibrahim,Male,n/a,,Unknown,Placeholder -1,alaa.ibrahim@hotmail.com,hotmail.com,Missing,806.1,Recorded,$750+,2023-03-20,Valid,2023,2023-Q1,2023-03,3,Mar,1,Mon,Yes,Home,5,Valid,Satisfied (4-5),5,No
CUST2588,Mark Hassan,Mark,Hassan,Male,No,,Unknown,Missing,mark.hassan@yahoo.com,yahoo.com,Missing,878.42,Recorded,$750+,2025-01-13,Valid,2025,2025-Q1,2025-01,1,Jan,1,Mon,Yes,Books,,Missing,No rating,4,No
CUST2589,Lina Mahmoud,Lina,Mahmoud,Female,No,,Unknown,Missing,lina.mahmoud@yahoo.com,yahoo.com,Placeholder,363.48,Recorded,$250-499,2022-12-06,Valid,2022,2022-Q4,2022-12,12,Dec,2,Tue,Yes,Clothing,,Out of range (10),No rating,4,No
CUST2590,Ahmed Mahmoud,Ahmed,Mahmoud,Female,Yes,54,45-59,Valid,ahmed.mahmoud@gmail.com,gmail.com,Placeholder,702.01,Recorded,$500-749,2024-03-03,Valid,2024,2024-Q1,2024-03,3,Mar,7,Sun,Yes,Clothing,5,Valid,Satisfied (4-5),6,Yes
CUST2591,Ahmed Mahmoud,Ahmed,Mahmoud,Male,No,60,60-74,Valid,ahmed.mahmoud@gmail.com,gmail.com,Missing,729.99,Recorded,$500-749,2024-02-03,Valid,2024,2024-Q1,2024-02,2,Feb,6,Sat,Yes,Books,3,Valid,Neutral (3),6,Yes
CUST2592,Ali Ali,Ali,Ali,Male,No,,Unknown,Missing,ali.ali@gmail.com,gmail.com,Placeholder,807.96,Recorded,$750+,2024-01-12,Valid,2024,2024-Q1,2024-01,1,Jan,5,Fri,Yes,Electronics,2,Valid,Dissatisfied (1-2),5,No
CUST2593,Alaa Gaber,Alaa,Gaber,Male,n/a,66,60-74,Valid,alaa.gaber@yahoo.com,yahoo.com,Missing,134.55,Recorded,Under $250,,Invalid,,,,,,,,,Unknown,3,Valid,Neutral (3),4,No
CUST2594,Lina Gaber,Lina,Gaber,Female,No,,Unknown,Placeholder 200,lina.gaber@gmail.com,gmail.com,Placeholder,525.67,Recorded,$500-749,2023-04-20,Valid,2023,2023-Q2,2023-04,4,Apr,4,Thu,Yes,Unknown,3,Valid,Neutral (3),4,No
CUST2595,Sara Ali,Sara,Ali,Female,No,,Unknown,Missing,sara.ali@hotmail.com,hotmail.com,Placeholder,149.37,Recorded,Under $250,2023-07-11,Valid,2023,2023-Q3,2023-07,7,Jul,2,Tue,Yes,Unknown,2,Valid,Dissatisfied (1-2),4,No
CUST2596,Ali Ali,Ali,Ali,Male,No,,Unknown,Placeholder 200,ali.ali@hotmail.com,hotmail.com,Missing,503.86,Recorded,$500-749,2023-05-31,Valid,2023,2023-Q2,2023-05,5,May,3,Wed,Yes,Home,,Missing,No rating,4,No
CUST2597,Alaa Mahmoud,Alaa,Mahmoud,Female,n/a,,Unknown,Missing,alaa.mahmoud@gmail.com,gmail.com,Placeholder,724.01,Recorded,$500-749,,Invalid,,,,,,,,,Books,,Out of range (10),No rating,3,No
CUST2598,Fatma Smith,Fatma,Smith,Female,No,,Unknown,Placeholder 200,fatma.smith@hotmail.com,hotmail.com,Missing,872.25,Recorded,$750+,2023-03-28,Valid,2023,2023-Q1,2023-03,3,Mar,2,Tue,Yes,Unknown,4,Valid,Satisfied (4-5),4,No
CUST2599,Ahmed Mahmoud,Ahmed,Mahmoud,Male,No,,Unknown,Missing,ahmed.mahmoud@yahoo.com,yahoo.com,Placeholder,137.99,Recorded,Under $250,2025-02-24,Valid,2025,2025-Q1,2025-02,2,Feb,1,Mon,Yes,Clothing,,Missing,No rating,4,No
CUST2600,Ali Mahmoud,Ali,Mahmoud,Unknown,n/a,,Unknown,Placeholder -1,ali.mahmoud@hotmail.com,hotmail.com,Placeholder,206.68,Recorded,Under $250,2023-05-31,Valid,2023,2023-Q2,2023-05,5,May,3,Wed,Yes,Unknown,4,Valid,Satisfied (4-5),3,No
CUST2601,Ahmed Smith,Ahmed,Smith,Male,No,,Unknown,Missing,ahmed.smith@hotmail.com,hotmail.com,Missing,921.0,Recorded,$750+,2024-04-05,Valid,2024,2024-Q2,2024-04,4,Apr,5,Fri,Yes,Clothing,,Missing,No rating,4,No
CUST2602,Sara Ibrahim,Sara,Ibrahim,Female,No,,Unknown,Placeholder 200,sara.ibrahim@gmail.com,gmail.com,Placeholder,82.79,Recorded,Under $250,,Invalid,,,,,,,,,Home,,Missing,No rating,3,No
CUST2603,Alaa Gaber,Alaa,Gaber,Male,n/a,,Unknown,Placeholder -1,alaa.gaber@hotmail.com,hotmail.com,Placeholder,580.71,Recorded,$500-749,2023-12-08,Valid,2023,2023-Q4,2023-12,12,Dec,5,Fri,Yes,Electronics,,Missing,No rating,4,No
CUST2604,John Gaber,John,Gaber,Female,Yes,32,30-44,Valid,john.gaber@yahoo.com,yahoo.com,Missing,5.62,Recorded,Under $250,2025-01-06,Valid,2025,2025-Q1,2025-01,1,Jan,1,Mon,Yes,Unknown,1,Valid,Dissatisfied (1-2),5,No
CUST2605,John Hassan,John,Hassan,Female,Yes,,Unknown,Placeholder -1,john.hassan@hotmail.com,hotmail.com,Missing,116.7,Recorded,Under $250,2023-07-25,Valid,2023,2023-Q3,2023-07,7,Jul,2,Tue,Yes,Books,5,Valid,Satisfied (4-5),5,No
CUST2606,Alaa Gaber,Alaa,Gaber,Female,n/a,77,75-90,Valid,alaa.gaber@gmail.com,gmail.com,Placeholder,355.12,Recorded,$250-499,2023-02-01,Valid,2023,2023-Q1,2023-02,2,Feb,3,Wed,Yes,Home,4,Valid,Satisfied (4-5),6,Yes
CUST2607,Alaa Ibrahim,Alaa,Ibrahim,Unknown,n/a,22,15-29,Valid,alaa.ibrahim@hotmail.com,hotmail.com,Missing,451.98,Recorded,$250-499,2024-10-30,Valid,2024,2024-Q4,2024-10,10,Oct,3,Wed,Yes,Home,5,Valid,Satisfied (4-5),5,No
CUST2608,John Smith,John,Smith,Male,No,,Unknown,Missing,john.smith@yahoo.com,yahoo.com,Missing,387.04,Recorded,$250-499,2025-03-18,Valid,2025,2025-Q1,2025-03,3,Mar,2,Tue,Yes,Toys,3,Valid,Neutral (3),5,No
CUST2609,Mark Ibrahim,Mark,Ibrahim,Female,Yes,,Unknown,Placeholder -1,mark.ibrahim@gmail.com,gmail.com,Placeholder,626.01,Recorded,$500-749,2024-01-04,Valid,2024,2024-Q1,2024-01,1,Jan,4,Thu,Yes,Electronics,,Missing,No rating,4,No
CUST2610,Sara Ibrahim,Sara,Ibrahim,Male,Yes,,Unknown,Placeholder 200,sara.ibrahim@yahoo.com,yahoo.com,Missing,552.25,Recorded,$500-749,2024-03-02,Valid,2024,2024-Q1,2024-03,3,Mar,6,Sat,Yes,Home,,Missing,No rating,4,No
CUST2611,Ahmed Hassan,Ahmed,Hassan,Male,No,,Unknown,Placeholder -1,ahmed.hassan@gmail.com,gmail.com,Placeholder,803.15,Recorded,$750+,2025-03-22,Valid,2025,2025-Q1,2025-03,3,Mar,6,Sat,Yes,Electronics,1,Valid,Dissatisfied (1-2),5,No
CUST2612,Lina Smith,Lina,Smith,Male,Yes,,Unknown,Missing,lina.smith@yahoo.com,yahoo.com,Missing,551.91,Recorded,$500-749,2023-08-20,Valid,2023,2023-Q3,2023-08,8,Aug,7,Sun,Yes,Home,2,Valid,Dissatisfied (1-2),5,No
CUST2613,Lina Gaber,Lina,Gaber,Female,No,67,60-74,Valid,lina.gaber@hotmail.com,hotmail.com,Missing,504.53,Recorded,$500-749,2023-07-21,Valid,2023,2023-Q3,2023-07,7,Jul,5,Fri,Yes,Unknown,,Missing,No rating,4,No
CUST2614,Mark Gaber,Mark,Gaber,Male,No,,Unknown,Placeholder 200,mark.gaber@yahoo.com,yahoo.com,Placeholder,813.5,Recorded,$750+,2024-12-19,Valid,2024,2024-Q4,2024-12,12,Dec,4,Thu,Yes,Electronics,5,Valid,Satisfied (4-5),5,No
CUST2615,John Mahmoud,John,Mahmoud,Male,No,,Unknown,Placeholder -1,john.mahmoud@gmail.com,gmail.com,Placeholder,26.89,Recorded,Under $250,2023-08-16,Valid,2023,2023-Q3,2023-08,8,Aug,3,Wed,Yes,Electronics,5,Valid,Satisfied (4-5),5,No
CUST2616,Mark Mahmoud,Mark,Mahmoud,Male,No,,Unknown,Missing,mark.mahmoud@hotmail.com,hotmail.com,Missing,13.18,Recorded,Under $250,2023-01-10,Valid,2023,2023-Q1,2023-01,1,Jan,2,Tue,Yes,Unknown,4,Valid,Satisfied (4-5),4,No
CUST2617,John Hassan,John,Hassan,Male,No,,Unknown,Placeholder -1,john.hassan@hotmail.com,hotmail.com,Placeholder,,Missing,Unknown,2024-03-18,Valid,2024,2024-Q1,2024-03,3,Mar,1,Mon,Yes,Home,5,Valid,Satisfied (4-5),4,No
CUST2618,Mark Smith,Mark,Smith,Male,No,,Unknown,Placeholder -1,mark.smith@yahoo.com,yahoo.com,Placeholder,821.6,Recorded,$750+,2023-02-04,Valid,2023,2023-Q1,2023-02,2,Feb,6,Sat,Yes,Home,2,Valid,Dissatisfied (1-2),5,No
CUST2619,Sara Mahmoud,Sara,Mahmoud,Male,Yes,,Unknown,Missing,sara.mahmoud@gmail.com,gmail.com,Missing,437.36,Recorded,$250-499,2023-11-22,Valid,2023,2023-Q4,2023-11,11,Nov,3,Wed,Yes,Unknown,,Missing,No rating,3,No
CUST2620,Alaa Ali,Alaa,Ali,Male,n/a,41,30-44,Valid,alaa.ali@yahoo.com,yahoo.com,Missing,22.92,Recorded,Under $250,2023-08-01,Valid,2023,2023-Q3,2023-08,8,Aug,2,Tue,Yes,Home,1,Valid,Dissatisfied (1-2),6,Yes
CUST2621,Ahmed Gaber,Ahmed,Gaber,Male,No,,Unknown,Placeholder -1,ahmed.gaber@gmail.com,gmail.com,Placeholder,475.43,Recorded,$250-499,2023-04-25,Valid,2023,2023-Q2,2023-04,4,Apr,2,Tue,Yes,Unknown,5,Valid,Satisfied (4-5),4,No
CUST2622,John Gaber,John,Gaber,Male,No,72,60-74,Valid,john.gaber@yahoo.com,yahoo.com,Placeholder,211.12,Recorded,Under $250,2023-12-24,Valid,2023,2023-Q4,2023-12,12,Dec,7,Sun,Yes,Unknown,5,Valid,Satisfied (4-5),5,No
CUST2623,John Mahmoud,John,Mahmoud,Female,Yes,82,75-90,Valid,john.mahmoud@yahoo.com,yahoo.com,Missing,796.6,Recorded,$750+,2024-10-19,Valid,2024,2024-Q4,2024-10,10,Oct,6,Sat,Yes,Unknown,,Missing,No rating,4,No
CUST2624,Alaa Mahmoud,Alaa,Mahmoud,Male,n/a,,Unknown,Placeholder -1,alaa.mahmoud@gmail.com,gmail.com,Missing,,Missing,Unknown,2024-09-14,Valid,2024,2024-Q3,2024-09,9,Sep,6,Sat,Yes,Electronics,2,Valid,Dissatisfied (1-2),4,No
CUST2625,Mark Gaber,Mark,Gaber,Female,Yes,81,75-90,Valid,mark.gaber@hotmail.com,hotmail.com,Missing,941.34,Recorded,$750+,2023-06-03,Valid,2023,2023-Q2,2023-06,6,Jun,6,Sat,Yes,Clothing,1,Valid,Dissatisfied (1-2),6,Yes
CUST2626,Alaa Smith,Alaa,Smith,Female,n/a,,Unknown,Missing,alaa.smith@yahoo.com,yahoo.com,Placeholder,98.0,Recorded,Under $250,2023-02-08,Valid,2023,2023-Q1,2023-02,2,Feb,3,Wed,Yes,Unknown,2,Valid,Dissatisfied (1-2),4,No
CUST2627,Ali Mahmoud,Ali,Mahmoud,Male,No,,Unknown,Missing,ali.mahmoud@gmail.com,gmail.com,Missing,651.67,Recorded,$500-749,2023-01-15,Valid,2023,2023-Q1,2023-01,1,Jan,7,Sun,Yes,Unknown,3,Valid,Neutral (3),4,No
CUST2628,Ahmed Gaber,Ahmed,Gaber,Unknown,n/a,75,75-90,Valid,ahmed.gaber@hotmail.com,hotmail.com,Missing,882.71,Recorded,$750+,2023-11-13,Valid,2023,2023-Q4,2023-11,11,Nov,1,Mon,Yes,Home,,Missing,No rating,4,No
CUST2629,Ahmed Mahmoud,Ahmed,Mahmoud,Male,No,,Unknown,Placeholder 200,ahmed.mahmoud@gmail.com,gmail.com,Missing,762.66,Recorded,$750+,2022-12-20,Valid,2022,2022-Q4,2022-12,12,Dec,2,Tue,Yes,Unknown,,Missing,No rating,3,No
CUST2630,Sara Smith,Sara,Smith,Female,No,,Unknown,Placeholder -1,sara.smith@hotmail.com,hotmail.com,Placeholder,482.99,Recorded,$250-499,2025-02-22,Valid,2025,2025-Q1,2025-02,2,Feb,6,Sat,Yes,Electronics,,Missing,No rating,4,No
CUST2631,Ali Mahmoud,Ali,Mahmoud,Male,No,,Unknown,Placeholder -1,ali.mahmoud@yahoo.com,yahoo.com,Missing,726.24,Recorded,$500-749,2022-12-20,Valid,2022,2022-Q4,2022-12,12,Dec,2,Tue,Yes,Electronics,2,Valid,Dissatisfied (1-2),5,No
CUST2632,Ahmed Gaber,Ahmed,Gaber,Female,Yes,,Unknown,Missing,ahmed.gaber@yahoo.com,yahoo.com,Missing,696.26,Recorded,$500-749,2025-03-16,Valid,2025,2025-Q1,2025-03,3,Mar,7,Sun,Yes,Electronics,,Missing,No rating,4,No
CUST2633,Sara Ali,Sara,Ali,Male,Yes,,Unknown,Missing,sara.ali@hotmail.com,hotmail.com,Placeholder,170.79,Recorded,Under $250,2024-12-05,Valid,2024,2024-Q4,2024-12,12,Dec,4,Thu,Yes,Toys,5,Valid,Satisfied (4-5),5,No
CUST2634,Ahmed Mahmoud,Ahmed,Mahmoud,Male,No,,Unknown,Placeholder 200,ahmed.mahmoud@hotmail.com,hotmail.com,Missing,251.54,Recorded,$250-499,2023-06-29,Valid,2023,2023-Q2,2023-06,6,Jun,4,Thu,Yes,Toys,4,Valid,Satisfied (4-5),5,No
CUST2635,Ali Ibrahim,Ali,Ibrahim,Female,Yes,,Unknown,Missing,ali.ibrahim@gmail.com,gmail.com,Missing,560.42,Recorded,$500-749,2025-02-11,Valid,2025,2025-Q1,2025-02,2,Feb,2,Tue,Yes,Clothing,4,Valid,Satisfied (4-5),5,No
CUST2636,Lina Gaber,Lina,Gaber,Female,No,,Unknown,Missing,lina.gaber@gmail.com,gmail.com,Placeholder,958.26,Recorded,$750+,2024-06-29,Valid,2024,2024-Q2,2024-06,6,Jun,6,Sat,Yes,Clothing,3,Valid,Neutral (3),5,No
CUST2637,Mark Mahmoud,Mark,Mahmoud,Unknown,n/a,,Unknown,Placeholder -1,mark.mahmoud@gmail.com,gmail.com,Placeholder,745.08,Recorded,$500-749,2023-12-07,Valid,2023,2023-Q4,2023-12,12,Dec,4,Thu,Yes,Home,2,Valid,Dissatisfied (1-2),4,No
CUST2638,Fatma Ali,Fatma,Ali,Male,Yes,,Unknown,Missing,fatma.ali@hotmail.com,hotmail.com,Placeholder,227.26,Recorded,Under $250,2025-07-18,Valid,2025,2025-Q3,2025-07,7,Jul,5,Fri,Partial,Books,1,Valid,Dissatisfied (1-2),5,No
CUST2639,Mark Gaber,Mark,Gaber,Female,Yes,38,30-44,Valid,mark.gaber@hotmail.com,hotmail.com,Missing,649.09,Recorded,$500-749,2024-12-23,Valid,2024,2024-Q4,2024-12,12,Dec,1,Mon,Yes,Toys,2,Valid,Dissatisfied (1-2),6,Yes
CUST2640,Fatma Ibrahim,Fatma,Ibrahim,Male,Yes,,Unknown,Placeholder 200,fatma.ibrahim@gmail.com,gmail.com,Missing,821.91,Recorded,$750+,2024-10-21,Valid,2024,2024-Q4,2024-10,10,Oct,1,Mon,Yes,Home,5,Valid,Satisfied (4-5),5,No
CUST2641,Mark Ali,Mark,Ali,Male,No,,Unknown,Missing,mark.ali@hotmail.com,hotmail.com,Placeholder,592.05,Recorded,$500-749,2022-11-12,Valid,2022,2022-Q4,2022-11,11,Nov,6,Sat,Yes,Toys,4,Valid,Satisfied (4-5),5,No
CUST2642,Ali Ali,Ali,Ali,Male,No,71,60-74,Valid,ali.ali@yahoo.com,yahoo.com,Placeholder,70.79,Recorded,Under $250,2024-04-12,Valid,2024,2024-Q2,2024-04,4,Apr,5,Fri,Yes,Clothing,,Out of range (10),No rating,5,No
CUST2643,Alaa Ibrahim,Alaa,Ibrahim,Unknown,n/a,81,75-90,Valid,alaa.ibrahim@yahoo.com,yahoo.com,Placeholder,534.61,Recorded,$500-749,2024-02-28,Valid,2024,2024-Q1,2024-02,2,Feb,3,Wed,Yes,Books,,Out of range (10),No rating,4,No
CUST2644,Ali Gaber,Ali,Gaber,Male,No,,Unknown,Placeholder -1,ali.gaber@yahoo.com,yahoo.com,Missing,73.54,Recorded,Under $250,,Invalid,,,,,,,,,Electronics,3,Valid,Neutral (3),4,No
CUST2645,Alaa Gaber,Alaa,Gaber,Unknown,n/a,,Unknown,Missing,alaa.gaber@gmail.com,gmail.com,Missing,871.15,Recorded,$750+,2025-01-29,Valid,2025,2025-Q1,2025-01,1,Jan,3,Wed,Yes,Books,4,Valid,Satisfied (4-5),4,No
CUST2646,Fatma Smith,Fatma,Smith,Male,Yes,74,60-74,Valid,fatma.smith@yahoo.com,yahoo.com,Missing,77.26,Recorded,Under $250,2025-05-14,Valid,2025,2025-Q2,2025-05,5,May,3,Wed,Yes,Toys,4,Valid,Satisfied (4-5),6,Yes
CUST2647,Lina Ali,Lina,Ali,Unknown,n/a,,Unknown,Placeholder 200,lina.ali@hotmail.com,hotmail.com,Missing,829.13,Recorded,$750+,2025-02-01,Valid,2025,2025-Q1,2025-02,2,Feb,6,Sat,Yes,Clothing,3,Valid,Neutral (3),4,No
CUST2648,Lina Ibrahim,Lina,Ibrahim,Female,No,,Unknown,Placeholder -1,lina.ibrahim@hotmail.com,hotmail.com,Missing,,Missing,Unknown,2023-06-25,Valid,2023,2023-Q2,2023-06,6,Jun,7,Sun,Yes,Unknown,2,Valid,Dissatisfied (1-2),3,No
CUST2649,Alaa Ibrahim,Alaa,Ibrahim,Male,n/a,,Unknown,Placeholder 200,alaa.ibrahim@gmail.com,gmail.com,Missing,396.77,Recorded,$250-499,2023-05-06,Valid,2023,2023-Q2,2023-05,5,May,6,Sat,Yes,Books,,Missing,No rating,4,No
CUST2650,Lina Ali,Lina,Ali,Male,Yes,46,45-59,Valid,lina.ali@hotmail.com,hotmail.com,Placeholder,357.3,Recorded,$250-499,2023-06-01,Valid,2023,2023-Q2,2023-06,6,Jun,4,Thu,Yes,Books,2,Valid,Dissatisfied (1-2),6,Yes
CUST2651,Alaa Gaber,Alaa,Gaber,Male,n/a,51,45-59,Valid,alaa.gaber@gmail.com,gmail.com,Placeholder,745.49,Recorded,$500-749,2023-08-22,Valid,2023,2023-Q3,2023-08,8,Aug,2,Tue,Yes,Unknown,,Out of range (10),No rating,4,No
CUST2652,Ali Smith,Ali,Smith,Female,Yes,,Unknown,Missing,ali.smith@gmail.com,gmail.com,Missing,216.94,Recorded,Under $250,2023-06-22,Valid,2023,2023-Q2,2023-06,6,Jun,4,Thu,Yes,Home,5,Valid,Satisfied (4-5),5,No
CUST2653,Mark Hassan,Mark,Hassan,Female,Yes,,Unknown,Missing,mark.hassan@hotmail.com,hotmail.com,Missing,988.73,Recorded,$750+,2025-05-22,Valid,2025,2025-Q2,2025-05,5,May,4,Thu,Yes,Unknown,2,Valid,Dissatisfied (1-2),4,No
CUST2654,Alaa Gaber,Alaa,Gaber,Unknown,n/a,,Unknown,Placeholder -1,alaa.gaber@yahoo.com,yahoo.com,Missing,877.4,Recorded,$750+,2024-05-11,Valid,2024,2024-Q2,2024-05,5,May,6,Sat,Yes,Toys,2,Valid,Dissatisfied (1-2),4,No
CUST2655,Fatma Ali,Fatma,Ali,Unknown,n/a,89,75-90,Valid,fatma.ali@gmail.com,gmail.com,Missing,622.04,Recorded,$500-749,2022-12-13,Valid,2022,2022-Q4,2022-12,12,Dec,2,Tue,Yes,Books,5,Valid,Satisfied (4-5),5,No
CUST2656,Mark Ali,Mark,Ali,Male,No,,Unknown,Missing,mark.ali@gmail.com,gmail.com,Missing,,Missing,Unknown,2024-06-10,Valid,2024,2024-Q2,2024-06,6,Jun,1,Mon,Yes,Toys,3,Valid,Neutral (3),4,No
CUST2657,Lina Smith,Lina,Smith,Male,Yes,,Unknown,Missing,lina.smith@hotmail.com,hotmail.com,Placeholder,544.15,Recorded,$500-749,2023-01-15,Valid,2023,2023-Q1,2023-01,1,Jan,7,Sun,Yes,Books,1,Valid,Dissatisfied (1-2),5,No
CUST2658,Ahmed Ibrahim,Ahmed,Ibrahim,Female,Yes,,Unknown,Missing,ahmed.ibrahim@hotmail.com,hotmail.com,Missing,215.03,Recorded,Under $250,2025-03-14,Valid,2025,2025-Q1,2025-03,3,Mar,5,Fri,Yes,Clothing,2,Valid,Dissatisfied (1-2),5,No
CUST2659,John Hassan,John,Hassan,Female,Yes,,Unknown,Placeholder 200,john.hassan@yahoo.com,yahoo.com,Missing,706.82,Recorded,$500-749,2023-11-10,Valid,2023,2023-Q4,2023-11,11,Nov,5,Fri,Yes,Books,1,Valid,Dissatisfied (1-2),5,No
CUST2660,Fatma Mahmoud,Fatma,Mahmoud,Male,Yes,,Unknown,Placeholder -1,fatma.mahmoud@gmail.com,gmail.com,Missing,270.07,Recorded,$250-499,2023-01-24,Valid,2023,2023-Q1,2023-01,1,Jan,2,Tue,Yes,Clothing,2,Valid,Dissatisfied (1-2),5,No
CUST2661,Mark Ibrahim,Mark,Ibrahim,Female,Yes,,Unknown,Placeholder -1,mark.ibrahim@gmail.com,gmail.com,Placeholder,396.84,Recorded,$250-499,2023-04-04,Valid,2023,2023-Q2,2023-04,4,Apr,2,Tue,Yes,Electronics,,Out of range (10),No rating,4,No
CUST2662,Ahmed Hassan,Ahmed,Hassan,Unknown,n/a,,Unknown,Missing,ahmed.hassan@gmail.com,gmail.com,Placeholder,134.33,Recorded,Under $250,2022-11-25,Valid,2022,2022-Q4,2022-11,11,Nov,5,Fri,Yes,Unknown,1,Valid,Dissatisfied (1-2),3,No
CUST2663,Sara Ibrahim,Sara,Ibrahim,Unknown,n/a,,Unknown,Placeholder -1,sara.ibrahim@yahoo.com,yahoo.com,Missing,,Missing,Unknown,2023-07-18,Valid,2023,2023-Q3,2023-07,7,Jul,2,Tue,Yes,Unknown,,Missing,No rating,1,No
CUST2664,John Ibrahim,John,Ibrahim,Female,Yes,28,15-29,Valid,john.ibrahim@hotmail.com,hotmail.com,Missing,339.31,Recorded,$250-499,2023-06-10,Valid,2023,2023-Q2,2023-06,6,Jun,6,Sat,Yes,Toys,,Out of range (10),No rating,5,No
CUST2665,Lina Gaber,Lina,Gaber,Unknown,n/a,,Unknown,Placeholder 200,lina.gaber@hotmail.com,hotmail.com,Missing,449.99,Recorded,$250-499,2023-06-30,Valid,2023,2023-Q2,2023-06,6,Jun,5,Fri,Yes,Electronics,5,Valid,Satisfied (4-5),4,No
CUST2666,Alaa Ibrahim,Alaa,Ibrahim,Male,n/a,,Unknown,Missing,alaa.ibrahim@hotmail.com,hotmail.com,Placeholder,743.25,Recorded,$500-749,2024-12-08,Valid,2024,2024-Q4,2024-12,12,Dec,7,Sun,Yes,Home,2,Valid,Dissatisfied (1-2),5,No
CUST2667,Mark Hassan,Mark,Hassan,Female,Yes,,Unknown,Missing,mark.hassan@gmail.com,gmail.com,Placeholder,844.77,Recorded,$750+,2023-01-14,Valid,2023,2023-Q1,2023-01,1,Jan,6,Sat,Yes,Electronics,5,Valid,Satisfied (4-5),5,No
CUST2668,Mark Hassan,Mark,Hassan,Male,No,,Unknown,Missing,mark.hassan@yahoo.com,yahoo.com,Missing,,Missing,Unknown,,Invalid,,,,,,,,,Toys,4,Valid,Satisfied (4-5),3,No
CUST2669,Ali Mahmoud,Ali,Mahmoud,Female,Yes,,Unknown,Placeholder -1,ali.mahmoud@yahoo.com,yahoo.com,Missing,575.72,Recorded,$500-749,2024-11-10,Valid,2024,2024-Q4,2024-11,11,Nov,7,Sun,Yes,Unknown,1,Valid,Dissatisfied (1-2),4,No
CUST2670,Alaa Mahmoud,Alaa,Mahmoud,Male,n/a,81,75-90,Valid,alaa.mahmoud@yahoo.com,yahoo.com,Missing,179.91,Recorded,Under $250,2023-09-14,Valid,2023,2023-Q3,2023-09,9,Sep,4,Thu,Yes,Unknown,1,Valid,Dissatisfied (1-2),5,No
CUST2671,Ali Gaber,Ali,Gaber,Unknown,n/a,,Unknown,Missing,ali.gaber@hotmail.com,hotmail.com,Missing,729.71,Recorded,$500-749,2024-03-22,Valid,2024,2024-Q1,2024-03,3,Mar,5,Fri,Yes,Books,2,Valid,Dissatisfied (1-2),4,No
CUST2672,Fatma Ibrahim,Fatma,Ibrahim,Male,Yes,,Unknown,Missing,fatma.ibrahim@gmail.com,gmail.com,Placeholder,533.07,Recorded,$500-749,2025-04-18,Valid,2025,2025-Q2,2025-04,4,Apr,5,Fri,Yes,Books,3,Valid,Neutral (3),5,No
CUST2673,Alaa Gaber,Alaa,Gaber,Male,n/a,,Unknown,Placeholder 200,alaa.gaber@yahoo.com,yahoo.com,Placeholder,129.61,Recorded,Under $250,2025-01-17,Valid,2025,2025-Q1,2025-01,1,Jan,5,Fri,Yes,Unknown,4,Valid,Satisfied (4-5),4,No
CUST2674,Lina Gaber,Lina,Gaber,Female,No,,Unknown,Placeholder 200,lina.gaber@yahoo.com,yahoo.com,Placeholder,494.43,Recorded,$250-499,2024-05-05,Valid,2024,2024-Q2,2024-05,5,May,7,Sun,Yes,Clothing,,Out of range (10),No rating,4,No
CUST2675,Fatma Mahmoud,Fatma,Mahmoud,Male,Yes,,Unknown,Placeholder 200,fatma.mahmoud@yahoo.com,yahoo.com,Missing,721.27,Recorded,$500-749,2024-05-03,Valid,2024,2024-Q2,2024-05,5,May,5,Fri,Yes,Electronics,,Missing,No rating,4,No
CUST2676,Alaa Gaber,Alaa,Gaber,Male,n/a,,Unknown,Missing,alaa.gaber@yahoo.com,yahoo.com,Missing,304.43,Recorded,$250-499,,Invalid,,,,,,,,,Home,,Missing,No rating,3,No
CUST2677,Sara Ibrahim,Sara,Ibrahim,Female,No,,Unknown,Placeholder -1,sara.ibrahim@yahoo.com,yahoo.com,Placeholder,146.47,Recorded,Under $250,2023-04-21,Valid,2023,2023-Q2,2023-04,4,Apr,5,Fri,Yes,Books,4,Valid,Satisfied (4-5),5,No
CUST2678,Ali Smith,Ali,Smith,Unknown,n/a,,Unknown,Missing,ali.smith@yahoo.com,yahoo.com,Placeholder,260.97,Recorded,$250-499,2025-02-16,Valid,2025,2025-Q1,2025-02,2,Feb,7,Sun,Yes,Unknown,5,Valid,Satisfied (4-5),3,No
CUST2679,Fatma Gaber,Fatma,Gaber,Unknown,n/a,,Unknown,Placeholder -1,fatma.gaber@hotmail.com,hotmail.com,Missing,349.46,Recorded,$250-499,2023-01-08,Valid,2023,2023-Q1,2023-01,1,Jan,7,Sun,Yes,Unknown,2,Valid,Dissatisfied (1-2),3,No
CUST2680,John Smith,John,Smith,Female,Yes,,Unknown,Placeholder 200,john.smith@hotmail.com,hotmail.com,Placeholder,,Missing,Unknown,2025-04-23,Valid,2025,2025-Q2,2025-04,4,Apr,3,Wed,Yes,Toys,,Missing,No rating,3,No
CUST2681,Mark Ali,Mark,Ali,Unknown,n/a,,Unknown,Placeholder 200,mark.ali@hotmail.com,hotmail.com,Missing,657.94,Recorded,$500-749,2025-05-28,Valid,2025,2025-Q2,2025-05,5,May,3,Wed,Yes,Unknown,1,Valid,Dissatisfied (1-2),3,No
CUST2682,Fatma Hassan,Fatma,Hassan,Male,Yes,,Unknown,Placeholder -1,fatma.hassan@yahoo.com,yahoo.com,Placeholder,426.66,Recorded,$250-499,2023-09-19,Valid,2023,2023-Q3,2023-09,9,Sep,2,Tue,Yes,Electronics,,Out of range (10),No rating,4,No
CUST2683,Ahmed Hassan,Ahmed,Hassan,Female,Yes,,Unknown,Placeholder -1,ahmed.hassan@gmail.com,gmail.com,Missing,531.09,Recorded,$500-749,2024-09-09,Valid,2024,2024-Q3,2024-09,9,Sep,1,Mon,Yes,Unknown,1,Valid,Dissatisfied (1-2),4,No
CUST2684,Ahmed Hassan,Ahmed,Hassan,Male,No,,Unknown,Missing,ahmed.hassan@hotmail.com,hotmail.com,Placeholder,276.13,Recorded,$250-499,2025-06-21,Valid,2025,2025-Q2,2025-06,6,Jun,6,Sat,Yes,Home,1,Valid,Dissatisfied (1-2),5,No
CUST2685,Ali Smith,Ali,Smith,Male,No,,Unknown,Placeholder 200,ali.smith@hotmail.com,hotmail.com,Missing,436.66,Recorded,$250-499,2023-11-03,Valid,2023,2023-Q4,2023-11,11,Nov,5,Fri,Yes,Books,2,Valid,Dissatisfied (1-2),5,No
CUST2686,Mark Ibrahim,Mark,Ibrahim,Unknown,n/a,44,30-44,Valid,mark.ibrahim@yahoo.com,yahoo.com,Missing,973.76,Recorded,$750+,2024-08-15,Valid,2024,2024-Q3,2024-08,8,Aug,4,Thu,Yes,Toys,,Missing,No rating,4,No
CUST2687,John Hassan,John,Hassan,Male,No,,Unknown,Placeholder -1,john.hassan@gmail.com,gmail.com,Placeholder,563.34,Recorded,$500-749,2025-03-26,Valid,2025,2025-Q1,2025-03,3,Mar,3,Wed,Yes,Unknown,2,Valid,Dissatisfied (1-2),4,No
CUST2688,Ahmed Ali,Ahmed,Ali,Female,Yes,,Unknown,Placeholder 200,ahmed.ali@yahoo.com,yahoo.com,Placeholder,729.22,Recorded,$500-749,2025-03-09,Valid,2025,2025-Q1,2025-03,3,Mar,7,Sun,Yes,Home,4,Valid,Satisfied (4-5),5,No
CUST2689,Sara Mahmoud,Sara,Mahmoud,Female,No,,Unknown,Placeholder -1,sara.mahmoud@hotmail.com,hotmail.com,Placeholder,870.99,Recorded,$750+,2023-10-03,Valid,2023,2023-Q4,2023-10,10,Oct,2,Tue,Yes,Clothing,3,Valid,Neutral (3),5,No
CUST2690,Fatma Ali,Fatma,Ali,Female,No,,Unknown,Missing,fatma.ali@yahoo.com,yahoo.com,Missing,888.22,Recorded,$750+,2023-03-10,Valid,2023,2023-Q1,2023-03,3,Mar,5,Fri,Yes,Unknown,3,Valid,Neutral (3),4,No
CUST2691,Alaa Mahmoud,Alaa,Mahmoud,Female,n/a,,Unknown,Placeholder 200,alaa.mahmoud@hotmail.com,hotmail.com,Missing,682.75,Recorded,$500-749,2023-02-22,Valid,2023,2023-Q1,2023-02,2,Feb,3,Wed,Yes,Unknown,3,Valid,Neutral (3),4,No
CUST2692,Fatma Gaber,Fatma,Gaber,Female,No,,Unknown,Placeholder 200,fatma.gaber@yahoo.com,yahoo.com,Placeholder,455.5,Recorded,$250-499,2023-01-14,Valid,2023,2023-Q1,2023-01,1,Jan,6,Sat,Yes,Books,4,Valid,Satisfied (4-5),5,No
CUST2693,John Hassan,John,Hassan,Unknown,n/a,59,45-59,Valid,john.hassan@gmail.com,gmail.com,Placeholder,617.78,Recorded,$500-749,2022-11-07,Valid,2022,2022-Q4,2022-11,11,Nov,1,Mon,Yes,Unknown,,Out of range (10),No rating,3,No
CUST2694,Fatma Hassan,Fatma,Hassan,Male,Yes,47,45-59,Valid,fatma.hassan@yahoo.com,yahoo.com,Missing,669.56,Recorded,$500-749,2024-12-22,Valid,2024,2024-Q4,2024-12,12,Dec,7,Sun,Yes,Home,3,Valid,Neutral (3),6,Yes
CUST2695,Sara Smith,Sara,Smith,Unknown,n/a,,Unknown,Missing,sara.smith@hotmail.com,hotmail.com,Placeholder,263.15,Recorded,$250-499,,Invalid,,,,,,,,,Clothing,3,Valid,Neutral (3),3,No
CUST2696,Mark Ibrahim,Mark,Ibrahim,Female,Yes,,Unknown,Missing,mark.ibrahim@hotmail.com,hotmail.com,Placeholder,430.94,Recorded,$250-499,2024-08-17,Valid,2024,2024-Q3,2024-08,8,Aug,6,Sat,Yes,Home,,Out of range (10),No rating,4,No
CUST2697,Ali Ali,Ali,Ali,Male,No,,Unknown,Placeholder -1,ali.ali@yahoo.com,yahoo.com,Missing,275.87,Recorded,$250-499,2025-01-30,Valid,2025,2025-Q1,2025-01,1,Jan,4,Thu,Yes,Books,5,Valid,Satisfied (4-5),5,No
CUST2698,Lina Smith,Lina,Smith,Female,No,,Unknown,Placeholder -1,lina.smith@yahoo.com,yahoo.com,Missing,498.97,Recorded,$250-499,,Invalid,,,,,,,,,Books,,Out of range (10),No rating,3,No
CUST2699,Mark Smith,Mark,Smith,Female,Yes,,Unknown,Placeholder 200,mark.smith@gmail.com,gmail.com,Missing,164.05,Recorded,Under $250,2023-08-17,Valid,2023,2023-Q3,2023-08,8,Aug,4,Thu,Yes,Unknown,5,Valid,Satisfied (4-5),4,No
CUST2700,Alaa Ibrahim,Alaa,Ibrahim,Male,n/a,,Unknown,Placeholder 200,alaa.ibrahim@gmail.com,gmail.com,Missing,593.4,Recorded,$500-749,2023-07-09,Valid,2023,2023-Q3,2023-07,7,Jul,7,Sun,Yes,Home,1,Valid,Dissatisfied (1-2),5,No
CUST2701,John Mahmoud,John,Mahmoud,Male,No,,Unknown,Placeholder -1,john.mahmoud@yahoo.com,yahoo.com,Missing,327.64,Recorded,$250-499,2025-05-14,Valid,2025,2025-Q2,2025-05,5,May,3,Wed,Yes,Electronics,4,Valid,Satisfied (4-5),5,No
CUST2702,Fatma Mahmoud,Fatma,Mahmoud,Male,Yes,24,15-29,Valid,fatma.mahmoud@yahoo.com,yahoo.com,Placeholder,973.89,Recorded,$750+,2025-05-23,Valid,2025,2025-Q2,2025-05,5,May,5,Fri,Yes,Unknown,,Missing,No rating,4,No
CUST2703,Ali Smith,Ali,Smith,Male,No,,Unknown,Placeholder 200,ali.smith@hotmail.com,hotmail.com,Placeholder,689.01,Recorded,$500-749,2025-06-01,Valid,2025,2025-Q2,2025-06,6,Jun,7,Sun,Yes,Clothing,3,Valid,Neutral (3),5,No
CUST2704,Ahmed Ali,Ahmed,Ali,Female,Yes,,Unknown,Missing,ahmed.ali@gmail.com,gmail.com,Missing,400.93,Recorded,$250-499,2022-10-31,Valid,2022,2022-Q4,2022-10,10,Oct,1,Mon,Partial,Electronics,5,Valid,Satisfied (4-5),5,No
CUST2705,Ahmed Gaber,Ahmed,Gaber,Female,Yes,,Unknown,Missing,ahmed.gaber@gmail.com,gmail.com,Missing,33.08,Recorded,Under $250,2023-02-10,Valid,2023,2023-Q1,2023-02,2,Feb,5,Fri,Yes,Electronics,,Missing,No rating,4,No
CUST2706,John Ali,John,Ali,Female,Yes,,Unknown,Placeholder 200,john.ali@hotmail.com,hotmail.com,Placeholder,102.59,Recorded,Under $250,,Invalid,,,,,,,,,Home,2,Valid,Dissatisfied (1-2),4,No
CUST2707,Mark Ibrahim,Mark,Ibrahim,Male,No,,Unknown,Placeholder 200,mark.ibrahim@hotmail.com,hotmail.com,Missing,926.4,Recorded,$750+,2025-02-12,Valid,2025,2025-Q1,2025-02,2,Feb,3,Wed,Yes,Unknown,,Missing,No rating,3,No
CUST2708,Sara Hassan,Sara,Hassan,Female,No,,Unknown,Placeholder -1,sara.hassan@yahoo.com,yahoo.com,Missing,995.25,Recorded,$750+,2023-05-17,Valid,2023,2023-Q2,2023-05,5,May,3,Wed,Yes,Electronics,,Missing,No rating,4,No
CUST2709,John Smith,John,Smith,Male,No,,Unknown,Placeholder 200,john.smith@hotmail.com,hotmail.com,Placeholder,896.64,Recorded,$750+,2023-12-25,Valid,2023,2023-Q4,2023-12,12,Dec,1,Mon,Yes,Unknown,5,Valid,Satisfied (4-5),4,No
CUST2710,Fatma Hassan,Fatma,Hassan,Male,Yes,,Unknown,Missing,fatma.hassan@yahoo.com,yahoo.com,Missing,531.24,Recorded,$500-749,2025-01-02,Valid,2025,2025-Q1,2025-01,1,Jan,4,Thu,Yes,Clothing,1,Valid,Dissatisfied (1-2),5,No
CUST2711,John Ali,John,Ali,Female,Yes,,Unknown,Placeholder -1,john.ali@yahoo.com,yahoo.com,Placeholder,689.68,Recorded,$500-749,2023-12-19,Valid,2023,2023-Q4,2023-12,12,Dec,2,Tue,Yes,Unknown,,Missing,No rating,3,No
CUST2712,Alaa Hassan,Alaa,Hassan,Male,n/a,,Unknown,Missing,alaa.hassan@hotmail.com,hotmail.com,Missing,870.12,Recorded,$750+,2023-07-08,Valid,2023,2023-Q3,2023-07,7,Jul,6,Sat,Yes,Unknown,1,Valid,Dissatisfied (1-2),4,No
CUST2713,Ali Smith,Ali,Smith,Female,Yes,,Unknown,Placeholder -1,ali.smith@yahoo.com,yahoo.com,Missing,505.01,Recorded,$500-749,2023-08-11,Valid,2023,2023-Q3,2023-08,8,Aug,5,Fri,Yes,Clothing,1,Valid,Dissatisfied (1-2),5,No
CUST2714,Fatma Gaber,Fatma,Gaber,Female,No,,Unknown,Placeholder -1,fatma.gaber@hotmail.com,hotmail.com,Missing,483.11,Recorded,$250-499,2024-08-19,Valid,2024,2024-Q3,2024-08,8,Aug,1,Mon,Yes,Unknown,2,Valid,Dissatisfied (1-2),4,No
CUST2715,John Smith,John,Smith,Female,Yes,,Unknown,Missing,john.smith@gmail.com,gmail.com,Placeholder,82.06,Recorded,Under $250,,Invalid,,,,,,,,,Unknown,5,Valid,Satisfied (4-5),3,No
CUST2716,John Ali,John,Ali,Unknown,n/a,,Unknown,Placeholder 200,john.ali@yahoo.com,yahoo.com,Missing,983.04,Recorded,$750+,2023-05-06,Valid,2023,2023-Q2,2023-05,5,May,6,Sat,Yes,Home,,Missing,No rating,3,No
CUST2717,Ahmed Gaber,Ahmed,Gaber,Female,Yes,58,45-59,Valid,ahmed.gaber@hotmail.com,hotmail.com,Missing,,Missing,Unknown,2025-03-30,Valid,2025,2025-Q1,2025-03,3,Mar,7,Sun,Yes,Unknown,2,Valid,Dissatisfied (1-2),4,No
CUST2718,Mark Mahmoud,Mark,Mahmoud,Female,Yes,,Unknown,Placeholder 200,mark.mahmoud@gmail.com,gmail.com,Missing,400.69,Recorded,$250-499,2024-09-01,Valid,2024,2024-Q3,2024-09,9,Sep,7,Sun,Yes,Home,,Out of range (10),No rating,4,No
CUST2719,Ahmed Hassan,Ahmed,Hassan,Female,Yes,,Unknown,Placeholder 200,ahmed.hassan@yahoo.com,yahoo.com,Placeholder,790.21,Recorded,$750+,2024-06-04,Valid,2024,2024-Q2,2024-06,6,Jun,2,Tue,Yes,Electronics,2,Valid,Dissatisfied (1-2),5,No
CUST2720,Mark Ali,Mark,Ali,Female,Yes,,Unknown,Placeholder -1,mark.ali@gmail.com,gmail.com,Missing,708.58,Recorded,$500-749,2024-10-17,Valid,2024,2024-Q4,2024-10,10,Oct,4,Thu,Yes,Unknown,1,Valid,Dissatisfied (1-2),4,No
CUST2721,Sara Smith,Sara,Smith,Female,No,,Unknown,Missing,sara.smith@hotmail.com,hotmail.com,Placeholder,548.78,Recorded,$500-749,2022-12-27,Valid,2022,2022-Q4,2022-12,12,Dec,2,Tue,Yes,Home,2,Valid,Dissatisfied (1-2),5,No
CUST2722,Mark Ali,Mark,Ali,Male,No,,Unknown,Placeholder 200,mark.ali@yahoo.com,yahoo.com,Missing,353.79,Recorded,$250-499,2024-10-24,Valid,2024,2024-Q4,2024-10,10,Oct,4,Thu,Yes,Toys,,Missing,No rating,4,No
CUST2723,Mark Mahmoud,Mark,Mahmoud,Female,Yes,49,45-59,Valid,mark.mahmoud@yahoo.com,yahoo.com,Placeholder,318.33,Recorded,$250-499,2024-11-14,Valid,2024,2024-Q4,2024-11,11,Nov,4,Thu,Yes,Unknown,2,Valid,Dissatisfied (1-2),5,No
CUST2724,Sara Smith,Sara,Smith,Male,Yes,,Unknown,Placeholder -1,sara.smith@yahoo.com,yahoo.com,Missing,494.94,Recorded,$250-499,2024-06-14,Valid,2024,2024-Q2,2024-06,6,Jun,5,Fri,Yes,Clothing,4,Valid,Satisfied (4-5),5,No
CUST2725,Sara Gaber,Sara,Gaber,Male,Yes,84,75-90,Valid,sara.gaber@gmail.com,gmail.com,Placeholder,719.81,Recorded,$500-749,2025-02-18,Valid,2025,2025-Q1,2025-02,2,Feb,2,Tue,Yes,Unknown,3,Valid,Neutral (3),5,No
CUST2726,Ali Smith,Ali,Smith,Male,No,,Unknown,Placeholder 200,ali.smith@hotmail.com,hotmail.com,Missing,738.68,Recorded,$500-749,2025-01-26,Valid,2025,2025-Q1,2025-01,1,Jan,7,Sun,Yes,Home,3,Valid,Neutral (3),5,No
CUST2727,Alaa Ibrahim,Alaa,Ibrahim,Male,n/a,,Unknown,Placeholder -1,alaa.ibrahim@hotmail.com,hotmail.com,Placeholder,317.89,Recorded,$250-499,2024-04-12,Valid,2024,2024-Q2,2024-04,4,Apr,5,Fri,Yes,Unknown,3,Valid,Neutral (3),4,No
CUST2728,Alaa Ali,Alaa,Ali,Male,n/a,,Unknown,Placeholder 200,alaa.ali@hotmail.com,hotmail.com,Missing,774.77,Recorded,$750+,2024-11-04,Valid,2024,2024-Q4,2024-11,11,Nov,1,Mon,Yes,Unknown,3,Valid,Neutral (3),4,No
CUST2729,Lina Hassan,Lina,Hassan,Unknown,n/a,,Unknown,Missing,lina.hassan@gmail.com,gmail.com,Placeholder,69.76,Recorded,Under $250,,Invalid,,,,,,,,,Books,,Missing,No rating,2,No
CUST2730,John Smith,John,Smith,Male,No,,Unknown,Missing,john.smith@gmail.com,gmail.com,Placeholder,988.31,Recorded,$750+,2024-01-17,Valid,2024,2024-Q1,2024-01,1,Jan,3,Wed,Yes,Unknown,2,Valid,Dissatisfied (1-2),4,No
CUST2731,Ali Ibrahim,Ali,Ibrahim,Male,No,,Unknown,Placeholder -1,ali.ibrahim@yahoo.com,yahoo.com,Placeholder,266.53,Recorded,$250-499,2025-07-06,Valid,2025,2025-Q3,2025-07,7,Jul,7,Sun,Partial,Clothing,4,Valid,Satisfied (4-5),5,No
CUST2732,Alaa Gaber,Alaa,Gaber,Female,n/a,,Unknown,Placeholder -1,alaa.gaber@gmail.com,gmail.com,Placeholder,983.37,Recorded,$750+,2022-12-13,Valid,2022,2022-Q4,2022-12,12,Dec,2,Tue,Yes,Books,2,Valid,Dissatisfied (1-2),5,No
CUST2733,Lina Hassan,Lina,Hassan,Unknown,n/a,,Unknown,Missing,lina.hassan@yahoo.com,yahoo.com,Placeholder,596.96,Recorded,$500-749,2024-03-25,Valid,2024,2024-Q1,2024-03,3,Mar,1,Mon,Yes,Home,2,Valid,Dissatisfied (1-2),4,No
CUST2734,John Mahmoud,John,Mahmoud,Unknown,n/a,,Unknown,Missing,john.mahmoud@hotmail.com,hotmail.com,Placeholder,441.98,Recorded,$250-499,2024-12-01,Valid,2024,2024-Q4,2024-12,12,Dec,7,Sun,Yes,Electronics,1,Valid,Dissatisfied (1-2),4,No
CUST2735,Sara Gaber,Sara,Gaber,Female,No,50,45-59,Valid,sara.gaber@hotmail.com,hotmail.com,Placeholder,823.91,Recorded,$750+,2023-11-17,Valid,2023,2023-Q4,2023-11,11,Nov,5,Fri,Yes,Unknown,5,Valid,Satisfied (4-5),5,No
CUST2736,Ahmed Hassan,Ahmed,Hassan,Female,Yes,,Unknown,Missing,ahmed.hassan@hotmail.com,hotmail.com,Missing,290.49,Recorded,$250-499,2025-03-23,Valid,2025,2025-Q1,2025-03,3,Mar,7,Sun,Yes,Home,,Out of range (10),No rating,4,No
CUST2737,John Mahmoud,John,Mahmoud,Male,No,,Unknown,Placeholder 200,john.mahmoud@yahoo.com,yahoo.com,Placeholder,575.53,Recorded,$500-749,2024-05-02,Valid,2024,2024-Q2,2024-05,5,May,4,Thu,Yes,Home,3,Valid,Neutral (3),5,No
CUST2738,Ahmed Mahmoud,Ahmed,Mahmoud,Female,Yes,,Unknown,Placeholder 200,ahmed.mahmoud@gmail.com,gmail.com,Missing,856.41,Recorded,$750+,2024-06-22,Valid,2024,2024-Q2,2024-06,6,Jun,6,Sat,Yes,Unknown,4,Valid,Satisfied (4-5),4,No
CUST2739,Ahmed Hassan,Ahmed,Hassan,Female,Yes,,Unknown,Placeholder 200,ahmed.hassan@gmail.com,gmail.com,Placeholder,248.04,Recorded,Under $250,2025-07-01,Valid,2025,2025-Q3,2025-07,7,Jul,2,Tue,Partial,Home,5,Valid,Satisfied (4-5),5,No
CUST2740,Lina Mahmoud,Lina,Mahmoud,Male,Yes,,Unknown,Placeholder 200,lina.mahmoud@gmail.com,gmail.com,Placeholder,459.86,Recorded,$250-499,2023-06-19,Valid,2023,2023-Q2,2023-06,6,Jun,1,Mon,Yes,Electronics,4,Valid,Satisfied (4-5),5,No
CUST2741,Fatma Hassan,Fatma,Hassan,Male,Yes,,Unknown,Placeholder 200,fatma.hassan@hotmail.com,hotmail.com,Placeholder,738.07,Recorded,$500-749,2024-05-11,Valid,2024,2024-Q2,2024-05,5,May,6,Sat,Yes,Clothing,5,Valid,Satisfied (4-5),5,No
CUST2742,Mark Ali,Mark,Ali,Female,Yes,,Unknown,Placeholder 200,mark.ali@gmail.com,gmail.com,Placeholder,326.65,Recorded,$250-499,2023-02-06,Valid,2023,2023-Q1,2023-02,2,Feb,1,Mon,Yes,Home,,Out of range (10),No rating,4,No
CUST2743,Mark Ibrahim,Mark,Ibrahim,Male,No,,Unknown,Placeholder -1,mark.ibrahim@yahoo.com,yahoo.com,Missing,606.75,Recorded,$500-749,2024-12-18,Valid,2024,2024-Q4,2024-12,12,Dec,3,Wed,Yes,Unknown,3,Valid,Neutral (3),4,No
CUST2744,Ahmed Gaber,Ahmed,Gaber,Male,No,,Unknown,Placeholder 200,ahmed.gaber@gmail.com,gmail.com,Missing,,Missing,Unknown,2025-05-13,Valid,2025,2025-Q2,2025-05,5,May,2,Tue,Yes,Electronics,4,Valid,Satisfied (4-5),4,No
CUST2745,Fatma Hassan,Fatma,Hassan,Female,No,,Unknown,Placeholder 200,fatma.hassan@hotmail.com,hotmail.com,Missing,948.87,Recorded,$750+,2025-06-22,Valid,2025,2025-Q2,2025-06,6,Jun,7,Sun,Yes,Clothing,4,Valid,Satisfied (4-5),5,No
CUST2746,John Mahmoud,John,Mahmoud,Male,No,,Unknown,Missing,john.mahmoud@gmail.com,gmail.com,Placeholder,493.51,Recorded,$250-499,2022-11-09,Valid,2022,2022-Q4,2022-11,11,Nov,3,Wed,Yes,Books,4,Valid,Satisfied (4-5),5,No
CUST2747,Mark Ibrahim,Mark,Ibrahim,Female,Yes,,Unknown,Missing,mark.ibrahim@gmail.com,gmail.com,Placeholder,617.26,Recorded,$500-749,2024-10-25,Valid,2024,2024-Q4,2024-10,10,Oct,5,Fri,Yes,Unknown,4,Valid,Satisfied (4-5),4,No
CUST2748,Fatma Smith,Fatma,Smith,Unknown,n/a,,Unknown,Missing,fatma.smith@hotmail.com,hotmail.com,Missing,77.9,Recorded,Under $250,2022-12-19,Valid,2022,2022-Q4,2022-12,12,Dec,1,Mon,Yes,Home,1,Valid,Dissatisfied (1-2),4,No
CUST2749,Mark Smith,Mark,Smith,Female,Yes,49,45-59,Valid,mark.smith@yahoo.com,yahoo.com,Missing,588.66,Recorded,$500-749,2024-12-06,Valid,2024,2024-Q4,2024-12,12,Dec,5,Fri,Yes,Books,1,Valid,Dissatisfied (1-2),6,Yes
CUST2750,Sara Ali,Sara,Ali,Male,Yes,,Unknown,Placeholder 200,sara.ali@gmail.com,gmail.com,Placeholder,868.16,Recorded,$750+,2023-02-05,Valid,2023,2023-Q1,2023-02,2,Feb,7,Sun,Yes,Books,2,Valid,Dissatisfied (1-2),5,No
CUST2751,Fatma Ibrahim,Fatma,Ibrahim,Unknown,n/a,,Unknown,Placeholder -1,fatma.ibrahim@gmail.com,gmail.com,Missing,736.67,Recorded,$500-749,2024-07-14,Valid,2024,2024-Q3,2024-07,7,Jul,7,Sun,Yes,Books,1,Valid,Dissatisfied (1-2),4,No
CUST2752,Lina Smith,Lina,Smith,Female,No,,Unknown,Missing,lina.smith@yahoo.com,yahoo.com,Missing,568.03,Recorded,$500-749,2024-12-22,Valid,2024,2024-Q4,2024-12,12,Dec,7,Sun,Yes,Unknown,5,Valid,Satisfied (4-5),4,No
CUST2753,Fatma Hassan,Fatma,Hassan,Male,Yes,35,30-44,Valid,fatma.hassan@hotmail.com,hotmail.com,Missing,708.9,Recorded,$500-749,2025-07-17,Valid,2025,2025-Q3,2025-07,7,Jul,4,Thu,Partial,Books,,Missing,No rating,5,No
CUST2754,Fatma Ibrahim,Fatma,Ibrahim,Male,Yes,,Unknown,Placeholder 200,fatma.ibrahim@yahoo.com,yahoo.com,Placeholder,951.1,Recorded,$750+,2025-05-14,Valid,2025,2025-Q2,2025-05,5,May,3,Wed,Yes,Books,5,Valid,Satisfied (4-5),5,No
CUST2755,Lina Hassan,Lina,Hassan,Female,No,,Unknown,Placeholder 200,lina.hassan@yahoo.com,yahoo.com,Missing,547.8,Recorded,$500-749,2025-01-12,Valid,2025,2025-Q1,2025-01,1,Jan,7,Sun,Yes,Home,1,Valid,Dissatisfied (1-2),5,No
CUST2756,Alaa Mahmoud,Alaa,Mahmoud,Female,n/a,39,30-44,Valid,alaa.mahmoud@hotmail.com,hotmail.com,Placeholder,810.82,Recorded,$750+,2023-09-11,Valid,2023,2023-Q3,2023-09,9,Sep,1,Mon,Yes,Clothing,,Missing,No rating,5,No
CUST2757,Sara Hassan,Sara,Hassan,Female,No,,Unknown,Placeholder 200,sara.hassan@gmail.com,gmail.com,Missing,116.85,Recorded,Under $250,2025-06-20,Valid,2025,2025-Q2,2025-06,6,Jun,5,Fri,Yes,Unknown,3,Valid,Neutral (3),4,No
CUST2758,Sara Hassan,Sara,Hassan,Female,No,,Unknown,Placeholder 200,sara.hassan@gmail.com,gmail.com,Placeholder,539.42,Recorded,$500-749,2024-10-14,Valid,2024,2024-Q4,2024-10,10,Oct,1,Mon,Yes,Home,4,Valid,Satisfied (4-5),5,No
CUST2759,Alaa Gaber,Alaa,Gaber,Unknown,n/a,,Unknown,Missing,alaa.gaber@yahoo.com,yahoo.com,Placeholder,717.05,Recorded,$500-749,2024-09-23,Valid,2024,2024-Q3,2024-09,9,Sep,1,Mon,Yes,Unknown,1,Valid,Dissatisfied (1-2),3,No
CUST2760,Fatma Smith,Fatma,Smith,Female,No,,Unknown,Placeholder -1,fatma.smith@hotmail.com,hotmail.com,Placeholder,179.72,Recorded,Under $250,2025-01-13,Valid,2025,2025-Q1,2025-01,1,Jan,1,Mon,Yes,Books,3,Valid,Neutral (3),5,No
CUST2761,Sara Ibrahim,Sara,Ibrahim,Male,Yes,21,15-29,Valid,sara.ibrahim@hotmail.com,hotmail.com,Missing,553.16,Recorded,$500-749,2024-03-06,Valid,2024,2024-Q1,2024-03,3,Mar,3,Wed,Yes,Unknown,,Out of range (10),No rating,4,No
CUST2762,Mark Smith,Mark,Smith,Female,Yes,,Unknown,Missing,mark.smith@yahoo.com,yahoo.com,Placeholder,797.25,Recorded,$750+,2022-11-27,Valid,2022,2022-Q4,2022-11,11,Nov,7,Sun,Yes,Toys,2,Valid,Dissatisfied (1-2),5,No
CUST2763,Mark Mahmoud,Mark,Mahmoud,Male,No,17,15-29,Valid,mark.mahmoud@hotmail.com,hotmail.com,Missing,40.79,Recorded,Under $250,2025-07-20,Valid,2025,2025-Q3,2025-07,7,Jul,7,Sun,Partial,Unknown,4,Valid,Satisfied (4-5),5,No
CUST2764,Ali Mahmoud,Ali,Mahmoud,Unknown,n/a,,Unknown,Placeholder -1,ali.mahmoud@gmail.com,gmail.com,Missing,627.11,Recorded,$500-749,2024-03-18,Valid,2024,2024-Q1,2024-03,3,Mar,1,Mon,Yes,Electronics,5,Valid,Satisfied (4-5),4,No
CUST2765,Alaa Mahmoud,Alaa,Mahmoud,Male,n/a,,Unknown,Placeholder 200,alaa.mahmoud@hotmail.com,hotmail.com,Missing,689.07,Recorded,$500-749,2024-06-08,Valid,2024,2024-Q2,2024-06,6,Jun,6,Sat,Yes,Electronics,3,Valid,Neutral (3),5,No
CUST2766,Sara Ibrahim,Sara,Ibrahim,Male,Yes,,Unknown,Missing,sara.ibrahim@hotmail.com,hotmail.com,Placeholder,713.0,Recorded,$500-749,2025-01-28,Valid,2025,2025-Q1,2025-01,1,Jan,2,Tue,Yes,Toys,,Missing,No rating,4,No
CUST2767,Mark Ibrahim,Mark,Ibrahim,Female,Yes,27,15-29,Valid,mark.ibrahim@gmail.com,gmail.com,Missing,783.27,Recorded,$750+,2023-09-04,Valid,2023,2023-Q3,2023-09,9,Sep,1,Mon,Yes,Home,,Missing,No rating,5,No
CUST2768,Sara Smith,Sara,Smith,Female,No,66,60-74,Valid,sara.smith@hotmail.com,hotmail.com,Missing,467.55,Recorded,$250-499,,Invalid,,,,,,,,,Home,,Missing,No rating,4,No
CUST2769,Sara Smith,Sara,Smith,Female,No,,Unknown,Placeholder 200,sara.smith@gmail.com,gmail.com,Placeholder,668.17,Recorded,$500-749,2023-08-11,Valid,2023,2023-Q3,2023-08,8,Aug,5,Fri,Yes,Toys,3,Valid,Neutral (3),5,No
CUST2770,Alaa Gaber,Alaa,Gaber,Female,n/a,,Unknown,Missing,alaa.gaber@gmail.com,gmail.com,Missing,187.29,Recorded,Under $250,2024-08-03,Valid,2024,2024-Q3,2024-08,8,Aug,6,Sat,Yes,Electronics,3,Valid,Neutral (3),5,No
CUST2771,Alaa Gaber,Alaa,Gaber,Female,n/a,,Unknown,Placeholder 200,alaa.gaber@yahoo.com,yahoo.com,Missing,265.67,Recorded,$250-499,2023-05-17,Valid,2023,2023-Q2,2023-05,5,May,3,Wed,Yes,Clothing,3,Valid,Neutral (3),5,No
CUST2772,John Mahmoud,John,Mahmoud,Female,Yes,,Unknown,Placeholder -1,john.mahmoud@hotmail.com,hotmail.com,Placeholder,146.22,Recorded,Under $250,2023-05-12,Valid,2023,2023-Q2,2023-05,5,May,5,Fri,Yes,Books,,Out of range (10),No rating,4,No
CUST2773,Sara Smith,Sara,Smith,Female,No,63,60-74,Valid,sara.smith@hotmail.com,hotmail.com,Placeholder,984.51,Recorded,$750+,2025-06-19,Valid,2025,2025-Q2,2025-06,6,Jun,4,Thu,Yes,Unknown,1,Valid,Dissatisfied (1-2),5,No
CUST2774,Ali Hassan,Ali,Hassan,Female,Yes,37,30-44,Valid,ali.hassan@yahoo.com,yahoo.com,Missing,464.08,Recorded,$250-499,2025-07-07,Valid,2025,2025-Q3,2025-07,7,Jul,1,Mon,Partial,Electronics,,Missing,No rating,5,No
CUST2775,Mark Hassan,Mark,Hassan,Male,No,,Unknown,Placeholder 200,mark.hassan@yahoo.com,yahoo.com,Placeholder,929.95,Recorded,$750+,2022-12-19,Valid,2022,2022-Q4,2022-12,12,Dec,1,Mon,Yes,Electronics,3,Valid,Neutral (3),5,No
CUST2776,Fatma Ibrahim,Fatma,Ibrahim,Male,Yes,,Unknown,Placeholder -1,fatma.ibrahim@yahoo.com,yahoo.com,Placeholder,707.48,Recorded,$500-749,2023-04-23,Valid,2023,2023-Q2,2023-04,4,Apr,7,Sun,Yes,Unknown,4,Valid,Satisfied (4-5),4,No
CUST2777,Ali Mahmoud,Ali,Mahmoud,Male,No,,Unknown,Missing,ali.mahmoud@yahoo.com,yahoo.com,Placeholder,794.82,Recorded,$750+,2023-11-05,Valid,2023,2023-Q4,2023-11,11,Nov,7,Sun,Yes,Toys,,Out of range (10),No rating,4,No
CUST2778,Lina Ibrahim,Lina,Ibrahim,Female,No,63,60-74,Valid,lina.ibrahim@gmail.com,gmail.com,Missing,991.71,Recorded,$750+,2023-12-31,Valid,2023,2023-Q4,2023-12,12,Dec,7,Sun,Yes,Unknown,,Out of range (10),No rating,4,No
CUST2779,Ahmed Mahmoud,Ahmed,Mahmoud,Unknown,n/a,,Unknown,Missing,ahmed.mahmoud@hotmail.com,hotmail.com,Placeholder,136.59,Recorded,Under $250,2024-09-03,Valid,2024,2024-Q3,2024-09,9,Sep,2,Tue,Yes,Toys,1,Valid,Dissatisfied (1-2),4,No
CUST2780,Ahmed Ibrahim,Ahmed,Ibrahim,Male,No,88,75-90,Valid,ahmed.ibrahim@gmail.com,gmail.com,Placeholder,428.9,Recorded,$250-499,2024-06-06,Valid,2024,2024-Q2,2024-06,6,Jun,4,Thu,Yes,Toys,,Missing,No rating,5,No
CUST2781,Mark Hassan,Mark,Hassan,Female,Yes,,Unknown,Missing,mark.hassan@gmail.com,gmail.com,Placeholder,817.91,Recorded,$750+,2023-11-04,Valid,2023,2023-Q4,2023-11,11,Nov,6,Sat,Yes,Electronics,,Out of range (10),No rating,4,No
CUST2782,Sara Hassan,Sara,Hassan,Male,Yes,,Unknown,Missing,sara.hassan@gmail.com,gmail.com,Placeholder,14.03,Recorded,Under $250,2024-09-05,Valid,2024,2024-Q3,2024-09,9,Sep,4,Thu,Yes,Toys,,Missing,No rating,4,No
CUST2783,Sara Hassan,Sara,Hassan,Male,Yes,87,75-90,Valid,sara.hassan@gmail.com,gmail.com,Missing,803.43,Recorded,$750+,2025-06-28,Valid,2025,2025-Q2,2025-06,6,Jun,6,Sat,Yes,Unknown,2,Valid,Dissatisfied (1-2),5,No
CUST2784,Ali Hassan,Ali,Hassan,Male,No,,Unknown,Placeholder -1,ali.hassan@gmail.com,gmail.com,Placeholder,923.09,Recorded,$750+,,Invalid,,,,,,,,,Unknown,5,Valid,Satisfied (4-5),3,No
CUST2785,Mark Ibrahim,Mark,Ibrahim,Female,Yes,,Unknown,Missing,mark.ibrahim@hotmail.com,hotmail.com,Missing,566.04,Recorded,$500-749,2024-12-27,Valid,2024,2024-Q4,2024-12,12,Dec,5,Fri,Yes,Electronics,,Missing,No rating,4,No
CUST2786,Mark Gaber,Mark,Gaber,Female,Yes,82,75-90,Valid,mark.gaber@yahoo.com,yahoo.com,Placeholder,909.17,Recorded,$750+,2023-11-20,Valid,2023,2023-Q4,2023-11,11,Nov,1,Mon,Yes,Unknown,3,Valid,Neutral (3),5,No
CUST2787,Ali Gaber,Ali,Gaber,Male,No,86,75-90,Valid,ali.gaber@gmail.com,gmail.com,Placeholder,952.33,Recorded,$750+,2024-08-09,Valid,2024,2024-Q3,2024-08,8,Aug,5,Fri,Yes,Toys,4,Valid,Satisfied (4-5),6,Yes
CUST2788,John Ibrahim,John,Ibrahim,Male,No,,Unknown,Missing,john.ibrahim@hotmail.com,hotmail.com,Placeholder,,Missing,Unknown,2024-09-04,Valid,2024,2024-Q3,2024-09,9,Sep,3,Wed,Yes,Books,3,Valid,Neutral (3),4,No
CUST2789,Ahmed Smith,Ahmed,Smith,Female,Yes,,Unknown,Placeholder 200,ahmed.smith@yahoo.com,yahoo.com,Placeholder,494.64,Recorded,$250-499,,Invalid,,,,,,,,,Electronics,2,Valid,Dissatisfied (1-2),4,No
CUST2790,Mark Ibrahim,Mark,Ibrahim,Female,Yes,,Unknown,Missing,mark.ibrahim@yahoo.com,yahoo.com,Placeholder,728.53,Recorded,$500-749,2024-10-06,Valid,2024,2024-Q4,2024-10,10,Oct,7,Sun,Yes,Unknown,3,Valid,Neutral (3),4,No
CUST2791,John Gaber,John,Gaber,Unknown,n/a,72,60-74,Valid,john.gaber@gmail.com,gmail.com,Missing,,Missing,Unknown,2025-06-29,Valid,2025,2025-Q2,2025-06,6,Jun,7,Sun,Yes,Clothing,,Out of range (10),No rating,3,No
CUST2792,Ahmed Gaber,Ahmed,Gaber,Unknown,n/a,,Unknown,Missing,ahmed.gaber@hotmail.com,hotmail.com,Placeholder,768.36,Recorded,$750+,2024-03-22,Valid,2024,2024-Q1,2024-03,3,Mar,5,Fri,Yes,Electronics,3,Valid,Neutral (3),4,No
CUST2793,Sara Ali,Sara,Ali,Male,Yes,19,15-29,Valid,sara.ali@hotmail.com,hotmail.com,Placeholder,835.46,Recorded,$750+,2023-03-08,Valid,2023,2023-Q1,2023-03,3,Mar,3,Wed,Yes,Electronics,4,Valid,Satisfied (4-5),6,Yes
CUST2794,Ahmed Smith,Ahmed,Smith,Unknown,n/a,,Unknown,Placeholder 200,ahmed.smith@yahoo.com,yahoo.com,Placeholder,830.92,Recorded,$750+,2025-05-08,Valid,2025,2025-Q2,2025-05,5,May,4,Thu,Yes,Home,,Missing,No rating,3,No
CUST2795,Sara Ali,Sara,Ali,Unknown,n/a,,Unknown,Missing,sara.ali@yahoo.com,yahoo.com,Placeholder,236.13,Recorded,Under $250,2025-02-08,Valid,2025,2025-Q1,2025-02,2,Feb,6,Sat,Yes,Toys,3,Valid,Neutral (3),4,No
CUST2796,Sara Hassan,Sara,Hassan,Female,No,,Unknown,Missing,sara.hassan@yahoo.com,yahoo.com,Placeholder,355.23,Recorded,$250-499,2023-09-03,Valid,2023,2023-Q3,2023-09,9,Sep,7,Sun,Yes,Unknown,4,Valid,Satisfied (4-5),4,No
CUST2797,John Mahmoud,John,Mahmoud,Male,No,,Unknown,Placeholder 200,john.mahmoud@gmail.com,gmail.com,Missing,490.24,Recorded,$250-499,2024-09-22,Valid,2024,2024-Q3,2024-09,9,Sep,7,Sun,Yes,Clothing,3,Valid,Neutral (3),5,No
CUST2798,Mark Hassan,Mark,Hassan,Female,Yes,,Unknown,Missing,mark.hassan@hotmail.com,hotmail.com,Placeholder,293.83,Recorded,$250-499,2023-04-03,Valid,2023,2023-Q2,2023-04,4,Apr,1,Mon,Yes,Unknown,2,Valid,Dissatisfied (1-2),4,No
CUST2799,Fatma Gaber,Fatma,Gaber,Female,No,,Unknown,Missing,fatma.gaber@yahoo.com,yahoo.com,Placeholder,42.79,Recorded,Under $250,2023-04-20,Valid,2023,2023-Q2,2023-04,4,Apr,4,Thu,Yes,Books,4,Valid,Satisfied (4-5),5,No
CUST2800,John Gaber,John,Gaber,Female,Yes,,Unknown,Missing,john.gaber@yahoo.com,yahoo.com,Missing,787.69,Recorded,$750+,2022-11-08,Valid,2022,2022-Q4,2022-11,11,Nov,2,Tue,Yes,Electronics,1,Valid,Dissatisfied (1-2),5,No
CUST2801,Sara Ali,Sara,Ali,Male,Yes,,Unknown,Placeholder -1,sara.ali@hotmail.com,hotmail.com,Missing,956.27,Recorded,$750+,2022-11-27,Valid,2022,2022-Q4,2022-11,11,Nov,7,Sun,Yes,Electronics,,Out of range (10),No rating,4,No
CUST2802,Fatma Hassan,Fatma,Hassan,Female,No,,Unknown,Placeholder 200,fatma.hassan@hotmail.com,hotmail.com,Placeholder,495.02,Recorded,$250-499,2025-06-19,Valid,2025,2025-Q2,2025-06,6,Jun,4,Thu,Yes,Toys,1,Valid,Dissatisfied (1-2),5,No
CUST2803,Alaa Ibrahim,Alaa,Ibrahim,Male,n/a,,Unknown,Missing,alaa.ibrahim@gmail.com,gmail.com,Placeholder,541.39,Recorded,$500-749,2023-10-22,Valid,2023,2023-Q4,2023-10,10,Oct,7,Sun,Yes,Unknown,3,Valid,Neutral (3),4,No
CUST2804,Sara Hassan,Sara,Hassan,Female,No,,Unknown,Placeholder 200,sara.hassan@gmail.com,gmail.com,Placeholder,606.05,Recorded,$500-749,2023-07-24,Valid,2023,2023-Q3,2023-07,7,Jul,1,Mon,Yes,Unknown,5,Valid,Satisfied (4-5),4,No
CUST2805,Mark Gaber,Mark,Gaber,Female,Yes,,Unknown,Missing,mark.gaber@hotmail.com,hotmail.com,Missing,237.43,Recorded,Under $250,2024-12-09,Valid,2024,2024-Q4,2024-12,12,Dec,1,Mon,Yes,Clothing,1,Valid,Dissatisfied (1-2),5,No
CUST2806,John Ali,John,Ali,Male,No,75,75-90,Valid,john.ali@yahoo.com,yahoo.com,Missing,335.98,Recorded,$250-499,2024-07-27,Valid,2024,2024-Q3,2024-07,7,Jul,6,Sat,Yes,Electronics,2,Valid,Dissatisfied (1-2),6,Yes
CUST2807,Ahmed Ibrahim,Ahmed,Ibrahim,Female,Yes,,Unknown,Missing,ahmed.ibrahim@gmail.com,gmail.com,Placeholder,525.06,Recorded,$500-749,2024-10-15,Valid,2024,2024-Q4,2024-10,10,Oct,2,Tue,Yes,Home,2,Valid,Dissatisfied (1-2),5,No
CUST2808,Fatma Mahmoud,Fatma,Mahmoud,Male,Yes,87,75-90,Valid,fatma.mahmoud@yahoo.com,yahoo.com,Placeholder,575.52,Recorded,$500-749,2024-11-30,Valid,2024,2024-Q4,2024-11,11,Nov,6,Sat,Yes,Unknown,,Missing,No rating,4,No
CUST2809,Ahmed Smith,Ahmed,Smith,Male,No,,Unknown,Placeholder 200,ahmed.smith@hotmail.com,hotmail.com,Placeholder,528.48,Recorded,$500-749,2025-02-28,Valid,2025,2025-Q1,2025-02,2,Feb,5,Fri,Yes,Electronics,1,Valid,Dissatisfied (1-2),5,No
CUST2810,Ali Gaber,Ali,Gaber,Female,Yes,,Unknown,Placeholder -1,ali.gaber@yahoo.com,yahoo.com,Placeholder,389.86,Recorded,$250-499,2024-09-21,Valid,2024,2024-Q3,2024-09,9,Sep,6,Sat,Yes,Unknown,3,Valid,Neutral (3),4,No
CUST2811,Lina Hassan,Lina,Hassan,Unknown,n/a,27,15-29,Valid,lina.hassan@hotmail.com,hotmail.com,Placeholder,770.97,Recorded,$750+,2024-09-23,Valid,2024,2024-Q3,2024-09,9,Sep,1,Mon,Yes,Unknown,2,Valid,Dissatisfied (1-2),4,No
CUST2812,Alaa Mahmoud,Alaa,Mahmoud,Male,n/a,,Unknown,Missing,alaa.mahmoud@yahoo.com,yahoo.com,Missing,399.56,Recorded,$250-499,2024-09-26,Valid,2024,2024-Q3,2024-09,9,Sep,4,Thu,Yes,Home,3,Valid,Neutral (3),5,No
CUST2813,Sara Gaber,Sara,Gaber,Male,Yes,,Unknown,Placeholder -1,sara.gaber@gmail.com,gmail.com,Placeholder,939.49,Recorded,$750+,2023-01-16,Valid,2023,2023-Q1,2023-01,1,Jan,1,Mon,Yes,Home,2,Valid,Dissatisfied (1-2),5,No
CUST2814,Ahmed Gaber,Ahmed,Gaber,Male,No,50,45-59,Valid,ahmed.gaber@yahoo.com,yahoo.com,Placeholder,458.44,Recorded,$250-499,2024-01-24,Valid,2024,2024-Q1,2024-01,1,Jan,3,Wed,Yes,Toys,,Out of range (10),No rating,5,No
CUST2815,Mark Smith,Mark,Smith,Female,Yes,,Unknown,Placeholder -1,mark.smith@yahoo.com,yahoo.com,Placeholder,13.82,Recorded,Under $250,2024-11-07,Valid,2024,2024-Q4,2024-11,11,Nov,4,Thu,Yes,Toys,5,Valid,Satisfied (4-5),5,No
CUST2816,Sara Mahmoud,Sara,Mahmoud,Male,Yes,,Unknown,Placeholder -1,sara.mahmoud@gmail.com,gmail.com,Placeholder,60.22,Recorded,Under $250,2022-11-05,Valid,2022,2022-Q4,2022-11,11,Nov,6,Sat,Yes,Unknown,,Missing,No rating,3,No
CUST2817,Alaa Hassan,Alaa,Hassan,Unknown,n/a,,Unknown,Missing,alaa.hassan@yahoo.com,yahoo.com,Placeholder,583.83,Recorded,$500-749,2023-12-04,Valid,2023,2023-Q4,2023-12,12,Dec,1,Mon,Yes,Clothing,4,Valid,Satisfied (4-5),4,No
CUST2818,Ahmed Hassan,Ahmed,Hassan,Unknown,n/a,17,15-29,Valid,ahmed.hassan@yahoo.com,yahoo.com,Placeholder,781.39,Recorded,$750+,2024-04-20,Valid,2024,2024-Q2,2024-04,4,Apr,6,Sat,Yes,Home,4,Valid,Satisfied (4-5),5,No
CUST2819,Sara Gaber,Sara,Gaber,Female,No,71,60-74,Valid,sara.gaber@yahoo.com,yahoo.com,Missing,990.73,Recorded,$750+,2023-04-27,Valid,2023,2023-Q2,2023-04,4,Apr,4,Thu,Yes,Books,,Out of range (10),No rating,5,No
CUST2820,Fatma Gaber,Fatma,Gaber,Unknown,n/a,,Unknown,Missing,fatma.gaber@hotmail.com,hotmail.com,Placeholder,638.08,Recorded,$500-749,2023-04-18,Valid,2023,2023-Q2,2023-04,4,Apr,2,Tue,Yes,Toys,1,Valid,Dissatisfied (1-2),4,No
CUST2821,Fatma Ibrahim,Fatma,Ibrahim,Unknown,n/a,,Unknown,Placeholder -1,fatma.ibrahim@yahoo.com,yahoo.com,Placeholder,38.66,Recorded,Under $250,2023-04-10,Valid,2023,2023-Q2,2023-04,4,Apr,1,Mon,Yes,Unknown,4,Valid,Satisfied (4-5),3,No
CUST2822,Sara Gaber,Sara,Gaber,Male,Yes,90,75-90,Valid,sara.gaber@yahoo.com,yahoo.com,Placeholder,71.8,Recorded,Under $250,2024-05-15,Valid,2024,2024-Q2,2024-05,5,May,3,Wed,Yes,Home,2,Valid,Dissatisfied (1-2),6,Yes
CUST2823,Mark Gaber,Mark,Gaber,Male,No,26,15-29,Valid,mark.gaber@yahoo.com,yahoo.com,Placeholder,152.69,Recorded,Under $250,2023-02-01,Valid,2023,2023-Q1,2023-02,2,Feb,3,Wed,Yes,Books,3,Valid,Neutral (3),6,Yes
CUST2824,Alaa Ibrahim,Alaa,Ibrahim,Unknown,n/a,,Unknown,Placeholder -1,alaa.ibrahim@gmail.com,gmail.com,Missing,480.92,Recorded,$250-499,2024-12-29,Valid,2024,2024-Q4,2024-12,12,Dec,7,Sun,Yes,Clothing,4,Valid,Satisfied (4-5),4,No
CUST2825,Sara Hassan,Sara,Hassan,Female,No,,Unknown,Missing,sara.hassan@hotmail.com,hotmail.com,Missing,957.81,Recorded,$750+,2023-06-22,Valid,2023,2023-Q2,2023-06,6,Jun,4,Thu,Yes,Unknown,,Out of range (10),No rating,3,No
CUST2826,Fatma Ibrahim,Fatma,Ibrahim,Male,Yes,22,15-29,Valid,fatma.ibrahim@hotmail.com,hotmail.com,Placeholder,186.83,Recorded,Under $250,2022-11-15,Valid,2022,2022-Q4,2022-11,11,Nov,2,Tue,Yes,Toys,,Missing,No rating,5,No
CUST2827,Fatma Gaber,Fatma,Gaber,Unknown,n/a,33,30-44,Valid,fatma.gaber@hotmail.com,hotmail.com,Missing,169.53,Recorded,Under $250,2024-05-13,Valid,2024,2024-Q2,2024-05,5,May,1,Mon,Yes,Electronics,2,Valid,Dissatisfied (1-2),5,No
CUST2828,Ali Mahmoud,Ali,Mahmoud,Female,Yes,30,30-44,Valid,ali.mahmoud@gmail.com,gmail.com,Placeholder,635.59,Recorded,$500-749,2024-08-04,Valid,2024,2024-Q3,2024-08,8,Aug,7,Sun,Yes,Unknown,2,Valid,Dissatisfied (1-2),5,No
CUST2829,John Mahmoud,John,Mahmoud,Female,Yes,,Unknown,Placeholder 200,john.mahmoud@hotmail.com,hotmail.com,Missing,,Missing,Unknown,2024-04-19,Valid,2024,2024-Q2,2024-04,4,Apr,5,Fri,Yes,Clothing,3,Valid,Neutral (3),4,No
CUST2830,Sara Ali,Sara,Ali,Unknown,n/a,,Unknown,Placeholder 200,sara.ali@yahoo.com,yahoo.com,Placeholder,876.0,Recorded,$750+,2025-04-22,Valid,2025,2025-Q2,2025-04,4,Apr,2,Tue,Yes,Unknown,5,Valid,Satisfied (4-5),3,No
CUST2831,Sara Ali,Sara,Ali,Female,No,,Unknown,Placeholder -1,sara.ali@gmail.com,gmail.com,Placeholder,458.48,Recorded,$250-499,2024-11-08,Valid,2024,2024-Q4,2024-11,11,Nov,5,Fri,Yes,Electronics,2,Valid,Dissatisfied (1-2),5,No
CUST2832,John Ali,John,Ali,Male,No,49,45-59,Valid,john.ali@yahoo.com,yahoo.com,Missing,999.0,Recorded,$750+,2024-10-10,Valid,2024,2024-Q4,2024-10,10,Oct,4,Thu,Yes,Toys,1,Valid,Dissatisfied (1-2),6,Yes
CUST2833,Alaa Gaber,Alaa,Gaber,Male,n/a,,Unknown,Placeholder -1,alaa.gaber@hotmail.com,hotmail.com,Placeholder,172.79,Recorded,Under $250,2023-11-08,Valid,2023,2023-Q4,2023-11,11,Nov,3,Wed,Yes,Toys,2,Valid,Dissatisfied (1-2),5,No
CUST2834,Mark Hassan,Mark,Hassan,Male,No,,Unknown,Placeholder -1,mark.hassan@gmail.com,gmail.com,Placeholder,140.24,Recorded,Under $250,2023-05-28,Valid,2023,2023-Q2,2023-05,5,May,7,Sun,Yes,Books,,Out of range (10),No rating,4,No
CUST2835,Sara Ibrahim,Sara,Ibrahim,Female,No,87,75-90,Valid,sara.ibrahim@gmail.com,gmail.com,Missing,378.85,Recorded,$250-499,2024-02-25,Valid,2024,2024-Q1,2024-02,2,Feb,7,Sun,Yes,Clothing,4,Valid,Satisfied (4-5),6,Yes
CUST2836,Sara Hassan,Sara,Hassan,Female,No,77,75-90,Valid,sara.hassan@yahoo.com,yahoo.com,Missing,523.88,Recorded,$500-749,2024-12-21,Valid,2024,2024-Q4,2024-12,12,Dec,6,Sat,Yes,Unknown,2,Valid,Dissatisfied (1-2),5,No
CUST2837,Mark Ibrahim,Mark,Ibrahim,Female,Yes,20,15-29,Valid,mark.ibrahim@hotmail.com,hotmail.com,Missing,,Missing,Unknown,2023-11-04,Valid,2023,2023-Q4,2023-11,11,Nov,6,Sat,Yes,Books,2,Valid,Dissatisfied (1-2),5,No
CUST2838,Fatma Hassan,Fatma,Hassan,Male,Yes,,Unknown,Placeholder 200,fatma.hassan@gmail.com,gmail.com,Placeholder,916.02,Recorded,$750+,2023-01-01,Valid,2023,2023-Q1,2023-01,1,Jan,7,Sun,Yes,Unknown,4,Valid,Satisfied (4-5),4,No
CUST2839,Sara Smith,Sara,Smith,Male,Yes,71,60-74,Valid,sara.smith@gmail.com,gmail.com,Missing,133.87,Recorded,Under $250,2023-01-15,Valid,2023,2023-Q1,2023-01,1,Jan,7,Sun,Yes,Unknown,4,Valid,Satisfied (4-5),5,No
CUST2840,Sara Smith,Sara,Smith,Male,Yes,42,30-44,Valid,sara.smith@hotmail.com,hotmail.com,Missing,574.51,Recorded,$500-749,2023-11-04,Valid,2023,2023-Q4,2023-11,11,Nov,6,Sat,Yes,Clothing,3,Valid,Neutral (3),6,Yes
CUST2841,Ahmed Ibrahim,Ahmed,Ibrahim,Male,No,,Unknown,Missing,ahmed.ibrahim@yahoo.com,yahoo.com,Placeholder,157.77,Recorded,Under $250,2024-06-13,Valid,2024,2024-Q2,2024-06,6,Jun,4,Thu,Yes,Toys,,Missing,No rating,4,No
CUST2842,Mark Ali,Mark,Ali,Female,Yes,,Unknown,Placeholder 200,mark.ali@hotmail.com,hotmail.com,Placeholder,326.93,Recorded,$250-499,2023-05-27,Valid,2023,2023-Q2,2023-05,5,May,6,Sat,Yes,Books,5,Valid,Satisfied (4-5),5,No
CUST2843,Lina Mahmoud,Lina,Mahmoud,Female,No,,Unknown,Placeholder -1,lina.mahmoud@yahoo.com,yahoo.com,Missing,949.74,Recorded,$750+,2023-11-13,Valid,2023,2023-Q4,2023-11,11,Nov,1,Mon,Yes,Toys,3,Valid,Neutral (3),5,No
CUST2844,Alaa Smith,Alaa,Smith,Unknown,n/a,,Unknown,Missing,alaa.smith@gmail.com,gmail.com,Placeholder,799.33,Recorded,$750+,2024-11-03,Valid,2024,2024-Q4,2024-11,11,Nov,7,Sun,Yes,Electronics,4,Valid,Satisfied (4-5),4,No
CUST2845,John Hassan,John,Hassan,Female,Yes,82,75-90,Valid,john.hassan@hotmail.com,hotmail.com,Placeholder,338.19,Recorded,$250-499,2024-03-11,Valid,2024,2024-Q1,2024-03,3,Mar,1,Mon,Yes,Unknown,5,Valid,Satisfied (4-5),5,No
CUST2846,Alaa Ibrahim,Alaa,Ibrahim,Male,n/a,74,60-74,Valid,alaa.ibrahim@gmail.com,gmail.com,Placeholder,147.54,Recorded,Under $250,2024-08-11,Valid,2024,2024-Q3,2024-08,8,Aug,7,Sun,Yes,Electronics,2,Valid,Dissatisfied (1-2),6,Yes
CUST2847,Alaa Hassan,Alaa,Hassan,Male,n/a,29,15-29,Valid,alaa.hassan@hotmail.com,hotmail.com,Missing,863.9,Recorded,$750+,2024-09-23,Valid,2024,2024-Q3,2024-09,9,Sep,1,Mon,Yes,Clothing,4,Valid,Satisfied (4-5),6,Yes
CUST2848,Alaa Ali,Alaa,Ali,Male,n/a,47,45-59,Valid,alaa.ali@gmail.com,gmail.com,Placeholder,524.07,Recorded,$500-749,2023-04-09,Valid,2023,2023-Q2,2023-04,4,Apr,7,Sun,Yes,Clothing,5,Valid,Satisfied (4-5),6,Yes
CUST2849,Fatma Ali,Fatma,Ali,Unknown,n/a,16,15-29,Valid,fatma.ali@hotmail.com,hotmail.com,Placeholder,958.62,Recorded,$750+,2023-07-31,Valid,2023,2023-Q3,2023-07,7,Jul,1,Mon,Yes,Books,,Missing,No rating,4,No
CUST2850,Alaa Ibrahim,Alaa,Ibrahim,Female,n/a,,Unknown,Placeholder -1,alaa.ibrahim@hotmail.com,hotmail.com,Placeholder,608.09,Recorded,$500-749,2025-03-25,Valid,2025,2025-Q1,2025-03,3,Mar,2,Tue,Yes,Electronics,4,Valid,Satisfied (4-5),5,No
CUST2851,Sara Smith,Sara,Smith,Male,Yes,,Unknown,Missing,sara.smith@hotmail.com,hotmail.com,Missing,775.61,Recorded,$750+,2025-04-16,Valid,2025,2025-Q2,2025-04,4,Apr,3,Wed,Yes,Home,,Missing,No rating,4,No
CUST2852,Alaa Mahmoud,Alaa,Mahmoud,Male,n/a,,Unknown,Placeholder -1,alaa.mahmoud@gmail.com,gmail.com,Missing,432.73,Recorded,$250-499,2023-01-26,Valid,2023,2023-Q1,2023-01,1,Jan,4,Thu,Yes,Clothing,4,Valid,Satisfied (4-5),5,No
CUST2853,Ali Mahmoud,Ali,Mahmoud,Unknown,n/a,,Unknown,Missing,ali.mahmoud@gmail.com,gmail.com,Placeholder,443.05,Recorded,$250-499,2024-11-08,Valid,2024,2024-Q4,2024-11,11,Nov,5,Fri,Yes,Electronics,4,Valid,Satisfied (4-5),4,No
CUST2854,Fatma Mahmoud,Fatma,Mahmoud,Unknown,n/a,,Unknown,Placeholder 200,fatma.mahmoud@gmail.com,gmail.com,Missing,852.03,Recorded,$750+,2024-07-16,Valid,2024,2024-Q3,2024-07,7,Jul,2,Tue,Yes,Home,2,Valid,Dissatisfied (1-2),4,No
CUST2855,Alaa Ali,Alaa,Ali,Female,n/a,,Unknown,Placeholder 200,alaa.ali@yahoo.com,yahoo.com,Missing,683.58,Recorded,$500-749,2025-05-20,Valid,2025,2025-Q2,2025-05,5,May,2,Tue,Yes,Toys,4,Valid,Satisfied (4-5),5,No
CUST2856,Fatma Smith,Fatma,Smith,Male,Yes,,Unknown,Missing,fatma.smith@gmail.com,gmail.com,Missing,774.31,Recorded,$750+,2024-07-15,Valid,2024,2024-Q3,2024-07,7,Jul,1,Mon,Yes,Unknown,3,Valid,Neutral (3),4,No
CUST2857,Ali Gaber,Ali,Gaber,Male,No,,Unknown,Placeholder 200,ali.gaber@yahoo.com,yahoo.com,Placeholder,280.96,Recorded,$250-499,2023-02-26,Valid,2023,2023-Q1,2023-02,2,Feb,7,Sun,Yes,Books,3,Valid,Neutral (3),5,No
CUST2858,Ali Smith,Ali,Smith,Male,No,,Unknown,Placeholder -1,ali.smith@yahoo.com,yahoo.com,Placeholder,977.32,Recorded,$750+,2022-12-20,Valid,2022,2022-Q4,2022-12,12,Dec,2,Tue,Yes,Books,2,Valid,Dissatisfied (1-2),5,No
CUST2859,Ahmed Mahmoud,Ahmed,Mahmoud,Male,No,,Unknown,Placeholder 200,ahmed.mahmoud@hotmail.com,hotmail.com,Missing,737.3,Recorded,$500-749,2023-02-17,Valid,2023,2023-Q1,2023-02,2,Feb,5,Fri,Yes,Unknown,1,Valid,Dissatisfied (1-2),4,No
CUST2860,Ahmed Smith,Ahmed,Smith,Male,No,,Unknown,Placeholder -1,ahmed.smith@yahoo.com,yahoo.com,Placeholder,885.21,Recorded,$750+,2024-06-17,Valid,2024,2024-Q2,2024-06,6,Jun,1,Mon,Yes,Books,,Out of range (10),No rating,4,No
CUST2861,Lina Ibrahim,Lina,Ibrahim,Unknown,n/a,,Unknown,Placeholder 200,lina.ibrahim@yahoo.com,yahoo.com,Placeholder,891.69,Recorded,$750+,2024-08-24,Valid,2024,2024-Q3,2024-08,8,Aug,6,Sat,Yes,Unknown,3,Valid,Neutral (3),3,No
CUST2862,Ali Gaber,Ali,Gaber,Male,No,69,60-74,Valid,ali.gaber@yahoo.com,yahoo.com,Missing,688.74,Recorded,$500-749,2023-08-21,Valid,2023,2023-Q3,2023-08,8,Aug,1,Mon,Yes,Toys,4,Valid,Satisfied (4-5),6,Yes
CUST2863,John Smith,John,Smith,Female,Yes,,Unknown,Placeholder -1,john.smith@yahoo.com,yahoo.com,Placeholder,137.01,Recorded,Under $250,2023-05-28,Valid,2023,2023-Q2,2023-05,5,May,7,Sun,Yes,Unknown,1,Valid,Dissatisfied (1-2),4,No
CUST2864,Ali Hassan,Ali,Hassan,Female,Yes,,Unknown,Missing,ali.hassan@gmail.com,gmail.com,Placeholder,723.76,Recorded,$500-749,2024-01-31,Valid,2024,2024-Q1,2024-01,1,Jan,3,Wed,Yes,Unknown,,Out of range (10),No rating,3,No
CUST2865,John Mahmoud,John,Mahmoud,Female,Yes,17,15-29,Valid,john.mahmoud@gmail.com,gmail.com,Placeholder,934.53,Recorded,$750+,2023-06-15,Valid,2023,2023-Q2,2023-06,6,Jun,4,Thu,Yes,Electronics,,Missing,No rating,5,No
CUST2866,John Ibrahim,John,Ibrahim,Female,Yes,,Unknown,Placeholder -1,john.ibrahim@gmail.com,gmail.com,Missing,594.79,Recorded,$500-749,2025-03-13,Valid,2025,2025-Q1,2025-03,3,Mar,4,Thu,Yes,Home,1,Valid,Dissatisfied (1-2),5,No
CUST2867,Sara Smith,Sara,Smith,Male,Yes,45,45-59,Valid,sara.smith@yahoo.com,yahoo.com,Placeholder,284.11,Recorded,$250-499,2023-05-15,Valid,2023,2023-Q2,2023-05,5,May,1,Mon,Yes,Unknown,3,Valid,Neutral (3),5,No
CUST2868,Sara Mahmoud,Sara,Mahmoud,Male,Yes,,Unknown,Placeholder -1,sara.mahmoud@gmail.com,gmail.com,Missing,743.05,Recorded,$500-749,2024-09-08,Valid,2024,2024-Q3,2024-09,9,Sep,7,Sun,Yes,Clothing,2,Valid,Dissatisfied (1-2),5,No
CUST2869,Alaa Gaber,Alaa,Gaber,Male,n/a,35,30-44,Valid,alaa.gaber@hotmail.com,hotmail.com,Placeholder,926.66,Recorded,$750+,2024-10-16,Valid,2024,2024-Q4,2024-10,10,Oct,3,Wed,Yes,Toys,3,Valid,Neutral (3),6,Yes
CUST2870,Lina Hassan,Lina,Hassan,Male,Yes,63,60-74,Valid,lina.hassan@hotmail.com,hotmail.com,Missing,600.27,Recorded,$500-749,2023-03-06,Valid,2023,2023-Q1,2023-03,3,Mar,1,Mon,Yes,Clothing,5,Valid,Satisfied (4-5),6,Yes
CUST2871,Mark Ibrahim,Mark,Ibrahim,Female,Yes,,Unknown,Placeholder -1,mark.ibrahim@yahoo.com,yahoo.com,Placeholder,346.56,Recorded,$250-499,2024-05-15,Valid,2024,2024-Q2,2024-05,5,May,3,Wed,Yes,Home,3,Valid,Neutral (3),5,No
CUST2872,Ali Gaber,Ali,Gaber,Male,No,51,45-59,Valid,ali.gaber@hotmail.com,hotmail.com,Missing,26.09,Recorded,Under $250,2024-02-16,Valid,2024,2024-Q1,2024-02,2,Feb,5,Fri,Yes,Home,4,Valid,Satisfied (4-5),6,Yes
CUST2873,Ali Gaber,Ali,Gaber,Male,No,83,75-90,Valid,ali.gaber@yahoo.com,yahoo.com,Placeholder,720.99,Recorded,$500-749,2024-01-13,Valid,2024,2024-Q1,2024-01,1,Jan,6,Sat,Yes,Clothing,3,Valid,Neutral (3),6,Yes
CUST2874,Lina Ali,Lina,Ali,Male,Yes,20,15-29,Valid,lina.ali@gmail.com,gmail.com,Placeholder,235.0,Recorded,Under $250,2025-02-11,Valid,2025,2025-Q1,2025-02,2,Feb,2,Tue,Yes,Books,4,Valid,Satisfied (4-5),6,Yes
CUST2875,Mark Smith,Mark,Smith,Unknown,n/a,,Unknown,Placeholder 200,mark.smith@yahoo.com,yahoo.com,Missing,111.84,Recorded,Under $250,2024-12-12,Valid,2024,2024-Q4,2024-12,12,Dec,4,Thu,Yes,Unknown,5,Valid,Satisfied (4-5),3,No
CUST2876,Lina Ibrahim,Lina,Ibrahim,Male,Yes,,Unknown,Placeholder -1,lina.ibrahim@hotmail.com,hotmail.com,Missing,307.83,Recorded,$250-499,2025-04-15,Valid,2025,2025-Q2,2025-04,4,Apr,2,Tue,Yes,Unknown,,Out of range (10),No rating,3,No
CUST2877,Mark Ali,Mark,Ali,Female,Yes,,Unknown,Missing,mark.ali@gmail.com,gmail.com,Placeholder,158.88,Recorded,Under $250,2024-01-01,Valid,2024,2024-Q1,2024-01,1,Jan,1,Mon,Yes,Electronics,3,Valid,Neutral (3),5,No
CUST2878,Sara Gaber,Sara,Gaber,Male,Yes,42,30-44,Valid,sara.gaber@gmail.com,gmail.com,Missing,288.56,Recorded,$250-499,2024-03-14,Valid,2024,2024-Q1,2024-03,3,Mar,4,Thu,Yes,Toys,1,Valid,Dissatisfied (1-2),6,Yes
CUST2879,Alaa Hassan,Alaa,Hassan,Male,n/a,,Unknown,Placeholder -1,alaa.hassan@gmail.com,gmail.com,Placeholder,498.68,Recorded,$250-499,2025-04-27,Valid,2025,2025-Q2,2025-04,4,Apr,7,Sun,Yes,Unknown,,Out of range (10),No rating,3,No
CUST2880,Mark Gaber,Mark,Gaber,Male,No,,Unknown,Placeholder 200,mark.gaber@hotmail.com,hotmail.com,Placeholder,176.42,Recorded,Under $250,2023-01-17,Valid,2023,2023-Q1,2023-01,1,Jan,2,Tue,Yes,Electronics,1,Valid,Dissatisfied (1-2),5,No
CUST2881,Ahmed Hassan,Ahmed,Hassan,Male,No,,Unknown,Placeholder 200,ahmed.hassan@gmail.com,gmail.com,Missing,774.41,Recorded,$750+,2025-05-07,Valid,2025,2025-Q2,2025-05,5,May,3,Wed,Yes,Clothing,4,Valid,Satisfied (4-5),5,No
CUST2882,Lina Ibrahim,Lina,Ibrahim,Female,No,,Unknown,Missing,lina.ibrahim@gmail.com,gmail.com,Missing,814.42,Recorded,$750+,2022-11-30,Valid,2022,2022-Q4,2022-11,11,Nov,3,Wed,Yes,Electronics,,Out of range (10),No rating,4,No
CUST2883,Ahmed Ali,Ahmed,Ali,Female,Yes,,Unknown,Placeholder -1,ahmed.ali@hotmail.com,hotmail.com,Missing,444.91,Recorded,$250-499,2024-02-21,Valid,2024,2024-Q1,2024-02,2,Feb,3,Wed,Yes,Clothing,3,Valid,Neutral (3),5,No
CUST2884,Lina Smith,Lina,Smith,Unknown,n/a,,Unknown,Placeholder -1,lina.smith@hotmail.com,hotmail.com,Missing,296.87,Recorded,$250-499,2023-10-15,Valid,2023,2023-Q4,2023-10,10,Oct,7,Sun,Yes,Clothing,,Out of range (10),No rating,3,No
CUST2885,Lina Mahmoud,Lina,Mahmoud,Female,No,,Unknown,Missing,lina.mahmoud@yahoo.com,yahoo.com,Placeholder,243.11,Recorded,Under $250,2023-09-06,Valid,2023,2023-Q3,2023-09,9,Sep,3,Wed,Yes,Home,,Missing,No rating,4,No
CUST2886,Fatma Mahmoud,Fatma,Mahmoud,Male,Yes,,Unknown,Placeholder 200,fatma.mahmoud@yahoo.com,yahoo.com,Missing,464.1,Recorded,$250-499,2023-11-04,Valid,2023,2023-Q4,2023-11,11,Nov,6,Sat,Yes,Clothing,2,Valid,Dissatisfied (1-2),5,No
CUST2887,Fatma Smith,Fatma,Smith,Male,Yes,,Unknown,Missing,fatma.smith@gmail.com,gmail.com,Missing,611.51,Recorded,$500-749,2024-06-09,Valid,2024,2024-Q2,2024-06,6,Jun,7,Sun,Yes,Toys,,Missing,No rating,4,No
CUST2888,Mark Ali,Mark,Ali,Male,No,,Unknown,Placeholder 200,mark.ali@yahoo.com,yahoo.com,Placeholder,212.08,Recorded,Under $250,2025-02-03,Valid,2025,2025-Q1,2025-02,2,Feb,1,Mon,Yes,Electronics,,Out of range (10),No rating,4,No
CUST2889,Ali Smith,Ali,Smith,Female,Yes,,Unknown,Placeholder 200,ali.smith@yahoo.com,yahoo.com,Missing,808.73,Recorded,$750+,2023-05-28,Valid,2023,2023-Q2,2023-05,5,May,7,Sun,Yes,Books,2,Valid,Dissatisfied (1-2),5,No
CUST2890,Sara Smith,Sara,Smith,Unknown,n/a,68,60-74,Valid,sara.smith@hotmail.com,hotmail.com,Missing,848.18,Recorded,$750+,2022-11-11,Valid,2022,2022-Q4,2022-11,11,Nov,5,Fri,Yes,Toys,5,Valid,Satisfied (4-5),5,No
CUST2891,John Mahmoud,John,Mahmoud,Unknown,n/a,,Unknown,Placeholder -1,john.mahmoud@yahoo.com,yahoo.com,Missing,208.26,Recorded,Under $250,2023-11-07,Valid,2023,2023-Q4,2023-11,11,Nov,2,Tue,Yes,Unknown,4,Valid,Satisfied (4-5),3,No
CUST2892,Ali Hassan,Ali,Hassan,Female,Yes,,Unknown,Placeholder -1,ali.hassan@hotmail.com,hotmail.com,Placeholder,545.24,Recorded,$500-749,2025-05-19,Valid,2025,2025-Q2,2025-05,5,May,1,Mon,Yes,Clothing,,Out of range (10),No rating,4,No
CUST2893,Alaa Smith,Alaa,Smith,Male,n/a,,Unknown,Placeholder 200,alaa.smith@gmail.com,gmail.com,Placeholder,27.32,Recorded,Under $250,2025-04-23,Valid,2025,2025-Q2,2025-04,4,Apr,3,Wed,Yes,Toys,,Out of range (10),No rating,4,No
CUST2894,Fatma Hassan,Fatma,Hassan,Unknown,n/a,57,45-59,Valid,fatma.hassan@yahoo.com,yahoo.com,Placeholder,731.67,Recorded,$500-749,2024-04-12,Valid,2024,2024-Q2,2024-04,4,Apr,5,Fri,Yes,Unknown,4,Valid,Satisfied (4-5),4,No
CUST2895,Ahmed Ali,Ahmed,Ali,Male,No,,Unknown,Placeholder 200,ahmed.ali@gmail.com,gmail.com,Missing,369.53,Recorded,$250-499,2024-05-12,Valid,2024,2024-Q2,2024-05,5,May,7,Sun,Yes,Books,5,Valid,Satisfied (4-5),5,No
CUST2896,Alaa Smith,Alaa,Smith,Unknown,n/a,83,75-90,Valid,alaa.smith@gmail.com,gmail.com,Placeholder,571.15,Recorded,$500-749,2024-07-17,Valid,2024,2024-Q3,2024-07,7,Jul,3,Wed,Yes,Books,1,Valid,Dissatisfied (1-2),5,No
CUST2897,Ahmed Hassan,Ahmed,Hassan,Male,No,,Unknown,Placeholder -1,ahmed.hassan@gmail.com,gmail.com,Placeholder,56.15,Recorded,Under $250,2023-01-31,Valid,2023,2023-Q1,2023-01,1,Jan,2,Tue,Yes,Unknown,3,Valid,Neutral (3),4,No
CUST2898,Ahmed Ali,Ahmed,Ali,Unknown,n/a,,Unknown,Missing,ahmed.ali@hotmail.com,hotmail.com,Placeholder,247.19,Recorded,Under $250,,Invalid,,,,,,,,,Unknown,5,Valid,Satisfied (4-5),2,No
CUST2899,Ahmed Hassan,Ahmed,Hassan,Female,Yes,48,45-59,Valid,ahmed.hassan@gmail.com,gmail.com,Missing,703.04,Recorded,$500-749,2024-10-11,Valid,2024,2024-Q4,2024-10,10,Oct,5,Fri,Yes,Books,3,Valid,Neutral (3),6,Yes
CUST2900,Alaa Ibrahim,Alaa,Ibrahim,Female,n/a,85,75-90,Valid,alaa.ibrahim@yahoo.com,yahoo.com,Placeholder,670.55,Recorded,$500-749,2024-02-17,Valid,2024,2024-Q1,2024-02,2,Feb,6,Sat,Yes,Toys,3,Valid,Neutral (3),6,Yes
CUST2901,Lina Gaber,Lina,Gaber,Female,No,,Unknown,Missing,lina.gaber@gmail.com,gmail.com,Placeholder,221.95,Recorded,Under $250,2025-07-04,Valid,2025,2025-Q3,2025-07,7,Jul,5,Fri,Partial,Unknown,2,Valid,Dissatisfied (1-2),4,No
CUST2902,Mark Ali,Mark,Ali,Unknown,n/a,,Unknown,Placeholder -1,mark.ali@gmail.com,gmail.com,Placeholder,324.37,Recorded,$250-499,2025-05-11,Valid,2025,2025-Q2,2025-05,5,May,7,Sun,Yes,Unknown,5,Valid,Satisfied (4-5),3,No
CUST2903,Lina Mahmoud,Lina,Mahmoud,Female,No,,Unknown,Placeholder -1,lina.mahmoud@gmail.com,gmail.com,Placeholder,919.32,Recorded,$750+,2024-10-07,Valid,2024,2024-Q4,2024-10,10,Oct,1,Mon,Yes,Electronics,3,Valid,Neutral (3),5,No
CUST2904,Sara Mahmoud,Sara,Mahmoud,Male,Yes,,Unknown,Placeholder 200,sara.mahmoud@gmail.com,gmail.com,Missing,38.85,Recorded,Under $250,2024-09-05,Valid,2024,2024-Q3,2024-09,9,Sep,4,Thu,Yes,Electronics,3,Valid,Neutral (3),5,No
CUST2905,Lina Gaber,Lina,Gaber,Female,No,,Unknown,Placeholder -1,lina.gaber@hotmail.com,hotmail.com,Missing,939.6,Recorded,$750+,2025-01-23,Valid,2025,2025-Q1,2025-01,1,Jan,4,Thu,Yes,Home,,Out of range (10),No rating,4,No
CUST2906,Alaa Hassan,Alaa,Hassan,Male,n/a,56,45-59,Valid,alaa.hassan@gmail.com,gmail.com,Placeholder,103.32,Recorded,Under $250,2025-07-01,Valid,2025,2025-Q3,2025-07,7,Jul,2,Tue,Partial,Toys,3,Valid,Neutral (3),6,Yes
CUST2907,Lina Hassan,Lina,Hassan,Female,No,,Unknown,Missing,lina.hassan@gmail.com,gmail.com,Missing,,Missing,Unknown,2025-02-22,Valid,2025,2025-Q1,2025-02,2,Feb,6,Sat,Yes,Unknown,3,Valid,Neutral (3),3,No
CUST2908,Lina Hassan,Lina,Hassan,Female,No,25,15-29,Valid,lina.hassan@gmail.com,gmail.com,Missing,,Missing,Unknown,2025-07-21,Valid,2025,2025-Q3,2025-07,7,Jul,1,Mon,Partial,Unknown,3,Valid,Neutral (3),4,No
CUST2909,John Mahmoud,John,Mahmoud,Female,Yes,51,45-59,Valid,john.mahmoud@hotmail.com,hotmail.com,Placeholder,837.42,Recorded,$750+,2024-04-19,Valid,2024,2024-Q2,2024-04,4,Apr,5,Fri,Yes,Clothing,5,Valid,Satisfied (4-5),6,Yes
CUST2910,Mark Ibrahim,Mark,Ibrahim,Male,No,,Unknown,Placeholder 200,mark.ibrahim@yahoo.com,yahoo.com,Missing,19.65,Recorded,Under $250,,Invalid,,,,,,,,,Toys,4,Valid,Satisfied (4-5),4,No
CUST2911,Sara Smith,Sara,Smith,Female,No,,Unknown,Missing,sara.smith@hotmail.com,hotmail.com,Missing,957.73,Recorded,$750+,2024-02-27,Valid,2024,2024-Q1,2024-02,2,Feb,2,Tue,Yes,Electronics,3,Valid,Neutral (3),5,No
CUST2912,Sara Smith,Sara,Smith,Female,No,,Unknown,Missing,sara.smith@yahoo.com,yahoo.com,Missing,366.89,Recorded,$250-499,2023-09-15,Valid,2023,2023-Q3,2023-09,9,Sep,5,Fri,Yes,Toys,,Out of range (10),No rating,4,No
CUST2913,John Gaber,John,Gaber,Male,No,,Unknown,Placeholder -1,john.gaber@yahoo.com,yahoo.com,Placeholder,462.96,Recorded,$250-499,2024-01-07,Valid,2024,2024-Q1,2024-01,1,Jan,7,Sun,Yes,Books,2,Valid,Dissatisfied (1-2),5,No
CUST2914,John Ibrahim,John,Ibrahim,Unknown,n/a,25,15-29,Valid,john.ibrahim@gmail.com,gmail.com,Placeholder,683.82,Recorded,$500-749,2025-06-18,Valid,2025,2025-Q2,2025-06,6,Jun,3,Wed,Yes,Home,,Out of range (10),No rating,4,No
CUST2915,Lina Ibrahim,Lina,Ibrahim,Unknown,n/a,74,60-74,Valid,lina.ibrahim@gmail.com,gmail.com,Placeholder,849.85,Recorded,$750+,2024-02-12,Valid,2024,2024-Q1,2024-02,2,Feb,1,Mon,Yes,Unknown,1,Valid,Dissatisfied (1-2),4,No
CUST2916,Alaa Hassan,Alaa,Hassan,Female,n/a,,Unknown,Placeholder -1,alaa.hassan@yahoo.com,yahoo.com,Missing,813.14,Recorded,$750+,2025-02-17,Valid,2025,2025-Q1,2025-02,2,Feb,1,Mon,Yes,Books,3,Valid,Neutral (3),5,No
CUST2917,John Hassan,John,Hassan,Male,No,,Unknown,Missing,john.hassan@gmail.com,gmail.com,Missing,473.2,Recorded,$250-499,2023-08-14,Valid,2023,2023-Q3,2023-08,8,Aug,1,Mon,Yes,Clothing,,Out of range (10),No rating,4,No
CUST2918,Ahmed Smith,Ahmed,Smith,Female,Yes,89,75-90,Valid,ahmed.smith@hotmail.com,hotmail.com,Missing,225.99,Recorded,Under $250,2024-01-13,Valid,2024,2024-Q1,2024-01,1,Jan,6,Sat,Yes,Home,,Missing,No rating,5,No
CUST2919,Ali Smith,Ali,Smith,Female,Yes,,Unknown,Placeholder 200,ali.smith@gmail.com,gmail.com,Placeholder,,Missing,Unknown,2025-01-30,Valid,2025,2025-Q1,2025-01,1,Jan,4,Thu,Yes,Home,2,Valid,Dissatisfied (1-2),4,No
CUST2920,Fatma Ali,Fatma,Ali,Female,No,,Unknown,Missing,fatma.ali@gmail.com,gmail.com,Missing,253.52,Recorded,$250-499,2024-12-01,Valid,2024,2024-Q4,2024-12,12,Dec,7,Sun,Yes,Electronics,1,Valid,Dissatisfied (1-2),5,No
CUST2921,Alaa Smith,Alaa,Smith,Male,n/a,47,45-59,Valid,alaa.smith@hotmail.com,hotmail.com,Missing,575.58,Recorded,$500-749,2024-11-18,Valid,2024,2024-Q4,2024-11,11,Nov,1,Mon,Yes,Toys,3,Valid,Neutral (3),6,Yes
CUST2922,Lina Ibrahim,Lina,Ibrahim,Female,No,,Unknown,Placeholder 200,lina.ibrahim@yahoo.com,yahoo.com,Missing,556.98,Recorded,$500-749,2025-03-19,Valid,2025,2025-Q1,2025-03,3,Mar,3,Wed,Yes,Unknown,5,Valid,Satisfied (4-5),4,No
CUST2923,Ali Mahmoud,Ali,Mahmoud,Male,No,,Unknown,Placeholder 200,ali.mahmoud@gmail.com,gmail.com,Missing,814.16,Recorded,$750+,2025-02-05,Valid,2025,2025-Q1,2025-02,2,Feb,3,Wed,Yes,Home,5,Valid,Satisfied (4-5),5,No
CUST2924,Fatma Ibrahim,Fatma,Ibrahim,Unknown,n/a,,Unknown,Placeholder -1,fatma.ibrahim@gmail.com,gmail.com,Missing,653.36,Recorded,$500-749,2024-12-26,Valid,2024,2024-Q4,2024-12,12,Dec,4,Thu,Yes,Home,,Missing,No rating,3,No
CUST2925,Sara Ali,Sara,Ali,Male,Yes,,Unknown,Placeholder -1,sara.ali@hotmail.com,hotmail.com,Placeholder,512.36,Recorded,$500-749,2023-12-04,Valid,2023,2023-Q4,2023-12,12,Dec,1,Mon,Yes,Home,3,Valid,Neutral (3),5,No
CUST2926,Lina Ibrahim,Lina,Ibrahim,Male,Yes,,Unknown,Placeholder -1,lina.ibrahim@hotmail.com,hotmail.com,Placeholder,453.67,Recorded,$250-499,2024-02-24,Valid,2024,2024-Q1,2024-02,2,Feb,6,Sat,Yes,Books,,Out of range (10),No rating,4,No
CUST2927,Lina Hassan,Lina,Hassan,Female,No,,Unknown,Placeholder 200,lina.hassan@hotmail.com,hotmail.com,Missing,802.39,Recorded,$750+,2023-01-31,Valid,2023,2023-Q1,2023-01,1,Jan,2,Tue,Yes,Clothing,,Out of range (10),No rating,4,No
CUST2928,John Mahmoud,John,Mahmoud,Female,Yes,,Unknown,Placeholder 200,john.mahmoud@gmail.com,gmail.com,Placeholder,867.51,Recorded,$750+,,Invalid,,,,,,,,,Unknown,4,Valid,Satisfied (4-5),3,No
CUST2929,Sara Smith,Sara,Smith,Female,No,,Unknown,Missing,sara.smith@gmail.com,gmail.com,Placeholder,414.03,Recorded,$250-499,2022-12-04,Valid,2022,2022-Q4,2022-12,12,Dec,7,Sun,Yes,Clothing,2,Valid,Dissatisfied (1-2),5,No
CUST2930,Lina Ali,Lina,Ali,Female,No,,Unknown,Missing,lina.ali@gmail.com,gmail.com,Placeholder,116.41,Recorded,Under $250,2022-12-29,Valid,2022,2022-Q4,2022-12,12,Dec,4,Thu,Yes,Home,,Out of range (10),No rating,4,No
CUST2931,Lina Hassan,Lina,Hassan,Female,No,,Unknown,Placeholder 200,lina.hassan@gmail.com,gmail.com,Missing,808.92,Recorded,$750+,2022-12-07,Valid,2022,2022-Q4,2022-12,12,Dec,3,Wed,Yes,Electronics,,Out of range (10),No rating,4,No
CUST2932,Ahmed Smith,Ahmed,Smith,Female,Yes,,Unknown,Placeholder -1,ahmed.smith@gmail.com,gmail.com,Placeholder,236.65,Recorded,Under $250,2023-01-23,Valid,2023,2023-Q1,2023-01,1,Jan,1,Mon,Yes,Electronics,4,Valid,Satisfied (4-5),5,No
CUST2933,John Ali,John,Ali,Male,No,,Unknown,Missing,john.ali@yahoo.com,yahoo.com,Placeholder,554.15,Recorded,$500-749,2023-09-30,Valid,2023,2023-Q3,2023-09,9,Sep,6,Sat,Yes,Home,,Missing,No rating,4,No
CUST2934,Alaa Smith,Alaa,Smith,Female,n/a,,Unknown,Placeholder 200,alaa.smith@hotmail.com,hotmail.com,Missing,359.98,Recorded,$250-499,,Invalid,,,,,,,,,Unknown,,Out of range (10),No rating,2,No
CUST2935,Lina Gaber,Lina,Gaber,Male,Yes,79,75-90,Valid,lina.gaber@gmail.com,gmail.com,Placeholder,958.57,Recorded,$750+,2022-12-02,Valid,2022,2022-Q4,2022-12,12,Dec,5,Fri,Yes,Unknown,3,Valid,Neutral (3),5,No
CUST2936,Ali Hassan,Ali,Hassan,Male,No,,Unknown,Missing,ali.hassan@yahoo.com,yahoo.com,Placeholder,582.79,Recorded,$500-749,2023-06-08,Valid,2023,2023-Q2,2023-06,6,Jun,4,Thu,Yes,Books,4,Valid,Satisfied (4-5),5,No
CUST2937,Alaa Smith,Alaa,Smith,Female,n/a,,Unknown,Placeholder 200,alaa.smith@yahoo.com,yahoo.com,Placeholder,849.78,Recorded,$750+,2024-11-10,Valid,2024,2024-Q4,2024-11,11,Nov,7,Sun,Yes,Clothing,,Missing,No rating,4,No
CUST2938,John Smith,John,Smith,Male,No,56,45-59,Valid,john.smith@hotmail.com,hotmail.com,Placeholder,236.66,Recorded,Under $250,2023-12-28,Valid,2023,2023-Q4,2023-12,12,Dec,4,Thu,Yes,Clothing,5,Valid,Satisfied (4-5),6,Yes
CUST2939,John Ibrahim,John,Ibrahim,Female,Yes,,Unknown,Placeholder 200,john.ibrahim@hotmail.com,hotmail.com,Placeholder,204.53,Recorded,Under $250,2024-03-03,Valid,2024,2024-Q1,2024-03,3,Mar,7,Sun,Yes,Home,,Missing,No rating,4,No
CUST2940,Mark Smith,Mark,Smith,Male,No,,Unknown,Placeholder -1,mark.smith@hotmail.com,hotmail.com,Placeholder,571.77,Recorded,$500-749,2024-01-27,Valid,2024,2024-Q1,2024-01,1,Jan,6,Sat,Yes,Home,3,Valid,Neutral (3),5,No
CUST2941,Sara Hassan,Sara,Hassan,Female,No,85,75-90,Valid,sara.hassan@yahoo.com,yahoo.com,Placeholder,761.52,Recorded,$750+,2023-06-01,Valid,2023,2023-Q2,2023-06,6,Jun,4,Thu,Yes,Unknown,,Out of range (10),No rating,4,No
CUST2942,Lina Ibrahim,Lina,Ibrahim,Male,Yes,,Unknown,Placeholder -1,lina.ibrahim@yahoo.com,yahoo.com,Missing,105.93,Recorded,Under $250,2024-10-05,Valid,2024,2024-Q4,2024-10,10,Oct,6,Sat,Yes,Unknown,4,Valid,Satisfied (4-5),4,No
CUST2943,John Ibrahim,John,Ibrahim,Male,No,,Unknown,Placeholder 200,john.ibrahim@hotmail.com,hotmail.com,Missing,543.14,Recorded,$500-749,2024-12-09,Valid,2024,2024-Q4,2024-12,12,Dec,1,Mon,Yes,Clothing,4,Valid,Satisfied (4-5),5,No
CUST2944,Alaa Hassan,Alaa,Hassan,Male,n/a,46,45-59,Valid,alaa.hassan@gmail.com,gmail.com,Missing,532.41,Recorded,$500-749,2025-01-20,Valid,2025,2025-Q1,2025-01,1,Jan,1,Mon,Yes,Books,1,Valid,Dissatisfied (1-2),6,Yes
CUST2945,Lina Ali,Lina,Ali,Male,Yes,,Unknown,Placeholder -1,lina.ali@gmail.com,gmail.com,Missing,908.96,Recorded,$750+,2024-04-19,Valid,2024,2024-Q2,2024-04,4,Apr,5,Fri,Yes,Electronics,,Missing,No rating,4,No
CUST2946,Alaa Gaber,Alaa,Gaber,Unknown,n/a,,Unknown,Placeholder 200,alaa.gaber@yahoo.com,yahoo.com,Missing,933.23,Recorded,$750+,2025-04-12,Valid,2025,2025-Q2,2025-04,4,Apr,6,Sat,Yes,Electronics,3,Valid,Neutral (3),4,No
CUST2947,Alaa Ibrahim,Alaa,Ibrahim,Female,n/a,,Unknown,Placeholder -1,alaa.ibrahim@gmail.com,gmail.com,Placeholder,277.91,Recorded,$250-499,2023-07-02,Valid,2023,2023-Q3,2023-07,7,Jul,7,Sun,Yes,Toys,,Missing,No rating,4,No
CUST2948,Lina Smith,Lina,Smith,Female,No,63,60-74,Valid,lina.smith@gmail.com,gmail.com,Placeholder,417.58,Recorded,$250-499,2023-03-21,Valid,2023,2023-Q1,2023-03,3,Mar,2,Tue,Yes,Clothing,,Out of range (10),No rating,5,No
CUST2949,Fatma Mahmoud,Fatma,Mahmoud,Female,No,63,60-74,Valid,fatma.mahmoud@yahoo.com,yahoo.com,Missing,999.3,Recorded,$750+,2024-04-10,Valid,2024,2024-Q2,2024-04,4,Apr,3,Wed,Yes,Clothing,3,Valid,Neutral (3),6,Yes
CUST2950,John Gaber,John,Gaber,Male,No,,Unknown,Placeholder 200,john.gaber@yahoo.com,yahoo.com,Missing,633.57,Recorded,$500-749,2024-06-23,Valid,2024,2024-Q2,2024-06,6,Jun,7,Sun,Yes,Electronics,3,Valid,Neutral (3),5,No
CUST2951,Fatma Mahmoud,Fatma,Mahmoud,Female,No,84,75-90,Valid,fatma.mahmoud@hotmail.com,hotmail.com,Missing,284.31,Recorded,$250-499,2025-06-10,Valid,2025,2025-Q2,2025-06,6,Jun,2,Tue,Yes,Unknown,,Out of range (10),No rating,4,No
CUST2952,Mark Ali,Mark,Ali,Male,No,,Unknown,Placeholder -1,mark.ali@hotmail.com,hotmail.com,Placeholder,222.16,Recorded,Under $250,2023-07-09,Valid,2023,2023-Q3,2023-07,7,Jul,7,Sun,Yes,Home,,Out of range (10),No rating,4,No
CUST2953,Mark Hassan,Mark,Hassan,Female,Yes,69,60-74,Valid,mark.hassan@gmail.com,gmail.com,Missing,324.61,Recorded,$250-499,2024-08-15,Valid,2024,2024-Q3,2024-08,8,Aug,4,Thu,Yes,Home,3,Valid,Neutral (3),6,Yes
CUST2954,Alaa Smith,Alaa,Smith,Female,n/a,,Unknown,Missing,alaa.smith@hotmail.com,hotmail.com,Missing,26.87,Recorded,Under $250,2024-06-13,Valid,2024,2024-Q2,2024-06,6,Jun,4,Thu,Yes,Clothing,2,Valid,Dissatisfied (1-2),5,No
CUST2955,Mark Ali,Mark,Ali,Female,Yes,,Unknown,Placeholder 200,mark.ali@hotmail.com,hotmail.com,Placeholder,810.9,Recorded,$750+,,Invalid,,,,,,,,,Clothing,5,Valid,Satisfied (4-5),4,No
CUST2956,Lina Ibrahim,Lina,Ibrahim,Male,Yes,,Unknown,Missing,lina.ibrahim@yahoo.com,yahoo.com,Placeholder,96.87,Recorded,Under $250,2022-11-27,Valid,2022,2022-Q4,2022-11,11,Nov,7,Sun,Yes,Home,1,Valid,Dissatisfied (1-2),5,No
CUST2957,Fatma Mahmoud,Fatma,Mahmoud,Male,Yes,,Unknown,Placeholder 200,fatma.mahmoud@gmail.com,gmail.com,Placeholder,,Missing,Unknown,2024-07-02,Valid,2024,2024-Q3,2024-07,7,Jul,2,Tue,Yes,Electronics,2,Valid,Dissatisfied (1-2),4,No
CUST2958,Ahmed Mahmoud,Ahmed,Mahmoud,Male,No,76,75-90,Valid,ahmed.mahmoud@gmail.com,gmail.com,Placeholder,923.71,Recorded,$750+,2023-12-26,Valid,2023,2023-Q4,2023-12,12,Dec,2,Tue,Yes,Toys,3,Valid,Neutral (3),6,Yes
CUST2959,Mark Mahmoud,Mark,Mahmoud,Female,Yes,,Unknown,Missing,mark.mahmoud@hotmail.com,hotmail.com,Placeholder,801.99,Recorded,$750+,2025-02-10,Valid,2025,2025-Q1,2025-02,2,Feb,1,Mon,Yes,Books,3,Valid,Neutral (3),5,No
CUST2960,Lina Hassan,Lina,Hassan,Male,Yes,,Unknown,Placeholder -1,lina.hassan@yahoo.com,yahoo.com,Missing,969.58,Recorded,$750+,2022-11-09,Valid,2022,2022-Q4,2022-11,11,Nov,3,Wed,Yes,Clothing,1,Valid,Dissatisfied (1-2),5,No
CUST2961,Mark Mahmoud,Mark,Mahmoud,Male,No,,Unknown,Placeholder -1,mark.mahmoud@yahoo.com,yahoo.com,Missing,998.59,Recorded,$750+,2025-04-25,Valid,2025,2025-Q2,2025-04,4,Apr,5,Fri,Yes,Electronics,2,Valid,Dissatisfied (1-2),5,No
CUST2962,Alaa Ibrahim,Alaa,Ibrahim,Unknown,n/a,,Unknown,Placeholder 200,alaa.ibrahim@yahoo.com,yahoo.com,Missing,595.46,Recorded,$500-749,2025-05-10,Valid,2025,2025-Q2,2025-05,5,May,6,Sat,Yes,Books,,Out of range (10),No rating,3,No
CUST2963,Fatma Mahmoud,Fatma,Mahmoud,Female,No,,Unknown,Placeholder 200,fatma.mahmoud@hotmail.com,hotmail.com,Missing,189.71,Recorded,Under $250,2024-11-19,Valid,2024,2024-Q4,2024-11,11,Nov,2,Tue,Yes,Toys,,Missing,No rating,4,No
CUST2964,John Smith,John,Smith,Unknown,n/a,,Unknown,Missing,john.smith@hotmail.com,hotmail.com,Placeholder,911.54,Recorded,$750+,2025-01-14,Valid,2025,2025-Q1,2025-01,1,Jan,2,Tue,Yes,Electronics,4,Valid,Satisfied (4-5),4,No
CUST2965,Sara Mahmoud,Sara,Mahmoud,Male,Yes,42,30-44,Valid,sara.mahmoud@hotmail.com,hotmail.com,Missing,288.5,Recorded,$250-499,2023-03-17,Valid,2023,2023-Q1,2023-03,3,Mar,5,Fri,Yes,Toys,3,Valid,Neutral (3),6,Yes
CUST2966,Mark Gaber,Mark,Gaber,Female,Yes,,Unknown,Missing,mark.gaber@hotmail.com,hotmail.com,Missing,458.46,Recorded,$250-499,2024-07-14,Valid,2024,2024-Q3,2024-07,7,Jul,7,Sun,Yes,Home,2,Valid,Dissatisfied (1-2),5,No
CUST2967,Ahmed Gaber,Ahmed,Gaber,Male,No,54,45-59,Valid,ahmed.gaber@yahoo.com,yahoo.com,Placeholder,300.59,Recorded,$250-499,2024-11-15,Valid,2024,2024-Q4,2024-11,11,Nov,5,Fri,Yes,Home,3,Valid,Neutral (3),6,Yes
CUST2968,Ahmed Ibrahim,Ahmed,Ibrahim,Female,Yes,,Unknown,Placeholder -1,ahmed.ibrahim@gmail.com,gmail.com,Placeholder,753.32,Recorded,$750+,2022-11-26,Valid,2022,2022-Q4,2022-11,11,Nov,6,Sat,Yes,Toys,2,Valid,Dissatisfied (1-2),5,No
CUST2969,Fatma Gaber,Fatma,Gaber,Female,No,,Unknown,Placeholder -1,fatma.gaber@hotmail.com,hotmail.com,Missing,412.71,Recorded,$250-499,2023-04-13,Valid,2023,2023-Q2,2023-04,4,Apr,4,Thu,Yes,Unknown,3,Valid,Neutral (3),4,No
CUST2970,Ahmed Gaber,Ahmed,Gaber,Unknown,n/a,,Unknown,Placeholder 200,ahmed.gaber@gmail.com,gmail.com,Missing,637.62,Recorded,$500-749,2024-04-24,Valid,2024,2024-Q2,2024-04,4,Apr,3,Wed,Yes,Unknown,4,Valid,Satisfied (4-5),3,No
CUST2971,Alaa Smith,Alaa,Smith,Female,n/a,,Unknown,Placeholder 200,alaa.smith@hotmail.com,hotmail.com,Missing,358.56,Recorded,$250-499,2024-04-16,Valid,2024,2024-Q2,2024-04,4,Apr,2,Tue,Yes,Electronics,2,Valid,Dissatisfied (1-2),5,No
CUST2972,Alaa Smith,Alaa,Smith,Male,n/a,,Unknown,Placeholder 200,alaa.smith@yahoo.com,yahoo.com,Placeholder,542.97,Recorded,$500-749,2024-12-25,Valid,2024,2024-Q4,2024-12,12,Dec,3,Wed,Yes,Books,3,Valid,Neutral (3),5,No
CUST2973,Alaa Ibrahim,Alaa,Ibrahim,Male,n/a,,Unknown,Placeholder -1,alaa.ibrahim@yahoo.com,yahoo.com,Placeholder,237.42,Recorded,Under $250,2023-05-25,Valid,2023,2023-Q2,2023-05,5,May,4,Thu,Yes,Electronics,5,Valid,Satisfied (4-5),5,No
CUST2974,Mark Mahmoud,Mark,Mahmoud,Male,No,,Unknown,Missing,mark.mahmoud@yahoo.com,yahoo.com,Missing,,Missing,Unknown,2024-11-02,Valid,2024,2024-Q4,2024-11,11,Nov,6,Sat,Yes,Unknown,4,Valid,Satisfied (4-5),3,No
CUST2975,Ahmed Smith,Ahmed,Smith,Female,Yes,,Unknown,Placeholder 200,ahmed.smith@gmail.com,gmail.com,Placeholder,736.85,Recorded,$500-749,2025-07-17,Valid,2025,2025-Q3,2025-07,7,Jul,4,Thu,Partial,Home,5,Valid,Satisfied (4-5),5,No
CUST2976,Fatma Ali,Fatma,Ali,Male,Yes,,Unknown,Missing,fatma.ali@yahoo.com,yahoo.com,Placeholder,571.71,Recorded,$500-749,2024-11-30,Valid,2024,2024-Q4,2024-11,11,Nov,6,Sat,Yes,Unknown,,Missing,No rating,3,No
CUST2977,Alaa Ali,Alaa,Ali,Male,n/a,23,15-29,Valid,alaa.ali@yahoo.com,yahoo.com,Placeholder,807.27,Recorded,$750+,2023-05-06,Valid,2023,2023-Q2,2023-05,5,May,6,Sat,Yes,Electronics,,Out of range (10),No rating,5,No
CUST2978,Alaa Ibrahim,Alaa,Ibrahim,Female,n/a,34,30-44,Valid,alaa.ibrahim@yahoo.com,yahoo.com,Missing,751.31,Recorded,$750+,2023-11-08,Valid,2023,2023-Q4,2023-11,11,Nov,3,Wed,Yes,Home,,Missing,No rating,5,No
CUST2979,Fatma Smith,Fatma,Smith,Male,Yes,,Unknown,Placeholder 200,fatma.smith@gmail.com,gmail.com,Placeholder,565.84,Recorded,$500-749,2024-05-18,Valid,2024,2024-Q2,2024-05,5,May,6,Sat,Yes,Books,3,Valid,Neutral (3),5,No
CUST2980,Ali Mahmoud,Ali,Mahmoud,Female,Yes,,Unknown,Placeholder 200,ali.mahmoud@hotmail.com,hotmail.com,Placeholder,706.1,Recorded,$500-749,2024-12-15,Valid,2024,2024-Q4,2024-12,12,Dec,7,Sun,Yes,Electronics,4,Valid,Satisfied (4-5),5,No
CUST2981,Alaa Ali,Alaa,Ali,Female,n/a,,Unknown,Placeholder -1,alaa.ali@yahoo.com,yahoo.com,Missing,415.26,Recorded,$250-499,2024-05-03,Valid,2024,2024-Q2,2024-05,5,May,5,Fri,Yes,Clothing,3,Valid,Neutral (3),5,No
CUST2982,Mark Gaber,Mark,Gaber,Female,Yes,16,15-29,Valid,mark.gaber@gmail.com,gmail.com,Placeholder,983.11,Recorded,$750+,2023-06-20,Valid,2023,2023-Q2,2023-06,6,Jun,2,Tue,Yes,Electronics,5,Valid,Satisfied (4-5),6,Yes
CUST2983,Fatma Ali,Fatma,Ali,Female,No,,Unknown,Missing,fatma.ali@yahoo.com,yahoo.com,Placeholder,,Missing,Unknown,2024-05-19,Valid,2024,2024-Q2,2024-05,5,May,7,Sun,Yes,Toys,2,Valid,Dissatisfied (1-2),4,No
CUST2984,Mark Smith,Mark,Smith,Female,Yes,,Unknown,Placeholder -1,mark.smith@hotmail.com,hotmail.com,Missing,,Missing,Unknown,2024-11-02,Valid,2024,2024-Q4,2024-11,11,Nov,6,Sat,Yes,Unknown,4,Valid,Satisfied (4-5),3,No
CUST2985,Alaa Mahmoud,Alaa,Mahmoud,Male,n/a,,Unknown,Placeholder 200,alaa.mahmoud@yahoo.com,yahoo.com,Missing,989.28,Recorded,$750+,2025-02-04,Valid,2025,2025-Q1,2025-02,2,Feb,2,Tue,Yes,Home,,Out of range (10),No rating,4,No
CUST2986,Lina Smith,Lina,Smith,Female,No,,Unknown,Placeholder -1,lina.smith@yahoo.com,yahoo.com,Placeholder,314.42,Recorded,$250-499,2023-02-18,Valid,2023,2023-Q1,2023-02,2,Feb,6,Sat,Yes,Clothing,,Out of range (10),No rating,4,No
CUST2987,Ali Mahmoud,Ali,Mahmoud,Male,No,,Unknown,Missing,ali.mahmoud@hotmail.com,hotmail.com,Placeholder,446.94,Recorded,$250-499,2023-04-08,Valid,2023,2023-Q2,2023-04,4,Apr,6,Sat,Yes,Unknown,,Out of range (10),No rating,3,No
CUST2988,Ahmed Mahmoud,Ahmed,Mahmoud,Male,No,,Unknown,Placeholder 200,ahmed.mahmoud@yahoo.com,yahoo.com,Placeholder,323.15,Recorded,$250-499,,Invalid,,,,,,,,,Toys,5,Valid,Satisfied (4-5),4,No
CUST2989,Sara Ibrahim,Sara,Ibrahim,Male,Yes,,Unknown,Missing,sara.ibrahim@yahoo.com,yahoo.com,Missing,911.77,Recorded,$750+,2024-11-23,Valid,2024,2024-Q4,2024-11,11,Nov,6,Sat,Yes,Electronics,1,Valid,Dissatisfied (1-2),5,No
CUST2990,Ahmed Ali,Ahmed,Ali,Female,Yes,71,60-74,Valid,ahmed.ali@hotmail.com,hotmail.com,Missing,810.23,Recorded,$750+,2024-08-29,Valid,2024,2024-Q3,2024-08,8,Aug,4,Thu,Yes,Electronics,5,Valid,Satisfied (4-5),6,Yes
CUST2991,Sara Ali,Sara,Ali,Female,No,,Unknown,Placeholder 200,sara.ali@gmail.com,gmail.com,Missing,487.95,Recorded,$250-499,2025-02-22,Valid,2025,2025-Q1,2025-02,2,Feb,6,Sat,Yes,Toys,1,Valid,Dissatisfied (1-2),5,No
CUST2992,Ali Ibrahim,Ali,Ibrahim,Male,No,31,30-44,Valid,ali.ibrahim@gmail.com,gmail.com,Missing,598.43,Recorded,$500-749,2023-02-26,Valid,2023,2023-Q1,2023-02,2,Feb,7,Sun,Yes,Unknown,3,Valid,Neutral (3),5,No
CUST2993,Sara Ali,Sara,Ali,Female,No,,Unknown,Placeholder -1,sara.ali@hotmail.com,hotmail.com,Missing,547.81,Recorded,$500-749,2023-04-28,Valid,2023,2023-Q2,2023-04,4,Apr,5,Fri,Yes,Electronics,,Missing,No rating,4,No
CUST2994,Ahmed Smith,Ahmed,Smith,Female,Yes,,Unknown,Placeholder 200,ahmed.smith@gmail.com,gmail.com,Missing,781.87,Recorded,$750+,2024-05-10,Valid,2024,2024-Q2,2024-05,5,May,5,Fri,Yes,Toys,3,Valid,Neutral (3),5,No
CUST2995,Alaa Mahmoud,Alaa,Mahmoud,Female,n/a,,Unknown,Placeholder 200,alaa.mahmoud@gmail.com,gmail.com,Missing,719.84,Recorded,$500-749,2024-09-29,Valid,2024,2024-Q3,2024-09,9,Sep,7,Sun,Yes,Toys,3,Valid,Neutral (3),5,No
CUST2996,Lina Ali,Lina,Ali,Female,No,36,30-44,Valid,lina.ali@hotmail.com,hotmail.com,Placeholder,,Missing,Unknown,2024-03-15,Valid,2024,2024-Q1,2024-03,3,Mar,5,Fri,Yes,Unknown,,Missing,No rating,3,No
CUST2997,Lina Smith,Lina,Smith,Unknown,n/a,,Unknown,Placeholder -1,lina.smith@gmail.com,gmail.com,Missing,302.3,Recorded,$250-499,2023-10-21,Valid,2023,2023-Q4,2023-10,10,Oct,6,Sat,Yes,Unknown,,Out of range (10),No rating,2,No
CUST2998,Ali Mahmoud,Ali,Mahmoud,Male,No,,Unknown,Placeholder 200,ali.mahmoud@hotmail.com,hotmail.com,Placeholder,222.24,Recorded,Under $250,2023-12-28,Valid,2023,2023-Q4,2023-12,12,Dec,4,Thu,Yes,Unknown,2,Valid,Dissatisfied (1-2),4,No
CUST2999,Mark Ali,Mark,Ali,Unknown,n/a,89,75-90,Valid,mark.ali@gmail.com,gmail.com,Placeholder,258.13,Recorded,$250-499,2023-02-27,Valid,2023,2023-Q1,2023-02,2,Feb,1,Mon,Yes,Electronics,3,Valid,Neutral (3),5,No
CUST3000,Lina Smith,Lina,Smith,Male,Yes,56,45-59,Valid,lina.smith@hotmail.com,hotmail.com,Missing,177.02,Recorded,Under $250,2025-03-20,Valid,2025,2025-Q1,2025-03,3,Mar,4,Thu,Yes,Electronics,,Out of range (10),No rating,5,No
CUST3001,Alaa Smith,Alaa,Smith,Female,n/a,56,45-59,Valid,alaa.smith@hotmail.com,hotmail.com,Placeholder,569.69,Recorded,$500-749,2023-06-15,Valid,2023,2023-Q2,2023-06,6,Jun,4,Thu,Yes,Unknown,,Missing,No rating,4,No
CUST3002,Ahmed Mahmoud,Ahmed,Mahmoud,Female,Yes,,Unknown,Missing,ahmed.mahmoud@yahoo.com,yahoo.com,Placeholder,687.93,Recorded,$500-749,2023-01-26,Valid,2023,2023-Q1,2023-01,1,Jan,4,Thu,Yes,Books,3,Valid,Neutral (3),5,No
CUST3003,Ahmed Mahmoud,Ahmed,Mahmoud,Female,Yes,,Unknown,Placeholder -1,ahmed.mahmoud@gmail.com,gmail.com,Missing,829.57,Recorded,$750+,2023-03-17,Valid,2023,2023-Q1,2023-03,3,Mar,5,Fri,Yes,Unknown,,Out of range (10),No rating,3,No
CUST3004,John Ibrahim,John,Ibrahim,Male,No,,Unknown,Placeholder -1,john.ibrahim@hotmail.com,hotmail.com,Placeholder,185.43,Recorded,Under $250,2023-03-15,Valid,2023,2023-Q1,2023-03,3,Mar,3,Wed,Yes,Electronics,3,Valid,Neutral (3),5,No
CUST3005,John Gaber,John,Gaber,Female,Yes,,Unknown,Missing,john.gaber@hotmail.com,hotmail.com,Placeholder,745.31,Recorded,$500-749,2023-03-28,Valid,2023,2023-Q1,2023-03,3,Mar,2,Tue,Yes,Books,,Out of range (10),No rating,4,No
CUST3006,John Ibrahim,John,Ibrahim,Female,Yes,,Unknown,Placeholder 200,john.ibrahim@hotmail.com,hotmail.com,Missing,607.52,Recorded,$500-749,2024-02-09,Valid,2024,2024-Q1,2024-02,2,Feb,5,Fri,Yes,Toys,,Missing,No rating,4,No
CUST3007,Mark Mahmoud,Mark,Mahmoud,Female,Yes,,Unknown,Placeholder 200,mark.mahmoud@hotmail.com,hotmail.com,Placeholder,701.88,Recorded,$500-749,2024-12-29,Valid,2024,2024-Q4,2024-12,12,Dec,7,Sun,Yes,Toys,4,Valid,Satisfied (4-5),5,No
CUST3008,Sara Hassan,Sara,Hassan,Male,Yes,70,60-74,Valid,sara.hassan@gmail.com,gmail.com,Missing,440.04,Recorded,$250-499,2024-10-29,Valid,2024,2024-Q4,2024-10,10,Oct,2,Tue,Yes,Electronics,2,Valid,Dissatisfied (1-2),6,Yes
CUST3009,Fatma Ali,Fatma,Ali,Female,No,,Unknown,Placeholder 200,fatma.ali@gmail.com,gmail.com,Placeholder,851.1,Recorded,$750+,2023-08-18,Valid,2023,2023-Q3,2023-08,8,Aug,5,Fri,Yes,Unknown,,Missing,No rating,3,No
CUST3010,Mark Gaber,Mark,Gaber,Male,No,,Unknown,Placeholder -1,mark.gaber@gmail.com,gmail.com,Missing,221.8,Recorded,Under $250,2024-07-20,Valid,2024,2024-Q3,2024-07,7,Jul,6,Sat,Yes,Electronics,3,Valid,Neutral (3),5,No
CUST3011,Fatma Smith,Fatma,Smith,Female,No,,Unknown,Missing,fatma.smith@hotmail.com,hotmail.com,Missing,977.35,Recorded,$750+,2023-02-05,Valid,2023,2023-Q1,2023-02,2,Feb,7,Sun,Yes,Electronics,2,Valid,Dissatisfied (1-2),5,No
CUST3012,Alaa Gaber,Alaa,Gaber,Female,n/a,34,30-44,Valid,alaa.gaber@gmail.com,gmail.com,Placeholder,450.21,Recorded,$250-499,2025-01-04,Valid,2025,2025-Q1,2025-01,1,Jan,6,Sat,Yes,Unknown,,Out of range (10),No rating,4,No
CUST3013,Ahmed Ibrahim,Ahmed,Ibrahim,Female,Yes,63,60-74,Valid,ahmed.ibrahim@hotmail.com,hotmail.com,Missing,69.1,Recorded,Under $250,2024-02-20,Valid,2024,2024-Q1,2024-02,2,Feb,2,Tue,Yes,Home,3,Valid,Neutral (3),6,Yes
CUST3014,Fatma Ali,Fatma,Ali,Female,No,78,75-90,Valid,fatma.ali@yahoo.com,yahoo.com,Missing,854.13,Recorded,$750+,2024-09-02,Valid,2024,2024-Q3,2024-09,9,Sep,1,Mon,Yes,Books,1,Valid,Dissatisfied (1-2),6,Yes
CUST3015,Alaa Smith,Alaa,Smith,Male,n/a,,Unknown,Placeholder -1,alaa.smith@yahoo.com,yahoo.com,Placeholder,448.79,Recorded,$250-499,2023-03-19,Valid,2023,2023-Q1,2023-03,3,Mar,7,Sun,Yes,Books,3,Valid,Neutral (3),5,No
CUST3016,Alaa Smith,Alaa,Smith,Male,n/a,,Unknown,Placeholder -1,alaa.smith@hotmail.com,hotmail.com,Placeholder,460.27,Recorded,$250-499,2024-01-08,Valid,2024,2024-Q1,2024-01,1,Jan,1,Mon,Yes,Home,,Out of range (10),No rating,4,No
CUST3017,Alaa Smith,Alaa,Smith,Male,n/a,,Unknown,Placeholder -1,alaa.smith@hotmail.com,hotmail.com,Placeholder,102.57,Recorded,Under $250,2024-07-15,Valid,2024,2024-Q3,2024-07,7,Jul,1,Mon,Yes,Electronics,4,Valid,Satisfied (4-5),5,No
CUST3018,Mark Hassan,Mark,Hassan,Female,Yes,,Unknown,Placeholder 200,mark.hassan@gmail.com,gmail.com,Missing,815.57,Recorded,$750+,2023-03-28,Valid,2023,2023-Q1,2023-03,3,Mar,2,Tue,Yes,Electronics,3,Valid,Neutral (3),5,No
CUST3019,Alaa Smith,Alaa,Smith,Unknown,n/a,,Unknown,Placeholder -1,alaa.smith@hotmail.com,hotmail.com,Missing,727.02,Recorded,$500-749,2024-10-22,Valid,2024,2024-Q4,2024-10,10,Oct,2,Tue,Yes,Home,4,Valid,Satisfied (4-5),4,No
CUST3020,Sara Hassan,Sara,Hassan,Female,No,,Unknown,Missing,sara.hassan@yahoo.com,yahoo.com,Missing,587.34,Recorded,$500-749,2023-10-08,Valid,2023,2023-Q4,2023-10,10,Oct,7,Sun,Yes,Unknown,5,Valid,Satisfied (4-5),4,No
CUST3021,Sara Smith,Sara,Smith,Unknown,n/a,,Unknown,Placeholder -1,sara.smith@hotmail.com,hotmail.com,Missing,944.81,Recorded,$750+,2025-05-21,Valid,2025,2025-Q2,2025-05,5,May,3,Wed,Yes,Unknown,2,Valid,Dissatisfied (1-2),3,No
CUST3022,Lina Smith,Lina,Smith,Male,Yes,,Unknown,Missing,lina.smith@gmail.com,gmail.com,Placeholder,393.82,Recorded,$250-499,2023-10-02,Valid,2023,2023-Q4,2023-10,10,Oct,1,Mon,Yes,Books,4,Valid,Satisfied (4-5),5,No
CUST3023,Lina Gaber,Lina,Gaber,Unknown,n/a,,Unknown,Placeholder -1,lina.gaber@gmail.com,gmail.com,Missing,25.39,Recorded,Under $250,2023-04-22,Valid,2023,2023-Q2,2023-04,4,Apr,6,Sat,Yes,Electronics,,Missing,No rating,3,No
CUST3024,John Gaber,John,Gaber,Female,Yes,,Unknown,Placeholder 200,john.gaber@hotmail.com,hotmail.com,Missing,650.11,Recorded,$500-749,2025-03-07,Valid,2025,2025-Q1,2025-03,3,Mar,5,Fri,Yes,Unknown,,Out of range (10),No rating,3,No
CUST3025,Lina Ibrahim,Lina,Ibrahim,Female,No,29,15-29,Valid,lina.ibrahim@gmail.com,gmail.com,Missing,482.39,Recorded,$250-499,2023-06-06,Valid,2023,2023-Q2,2023-06,6,Jun,2,Tue,Yes,Clothing,3,Valid,Neutral (3),6,Yes
CUST3026,Alaa Ali,Alaa,Ali,Male,n/a,,Unknown,Placeholder 200,alaa.ali@yahoo.com,yahoo.com,Missing,,Missing,Unknown,2024-11-13,Valid,2024,2024-Q4,2024-11,11,Nov,3,Wed,Yes,Clothing,3,Valid,Neutral (3),4,No
CUST3027,Fatma Mahmoud,Fatma,Mahmoud,Male,Yes,22,15-29,Valid,fatma.mahmoud@hotmail.com,hotmail.com,Placeholder,305.81,Recorded,$250-499,2025-06-03,Valid,2025,2025-Q2,2025-06,6,Jun,2,Tue,Yes,Home,3,Valid,Neutral (3),6,Yes
CUST3028,Ahmed Hassan,Ahmed,Hassan,Female,Yes,,Unknown,Placeholder -1,ahmed.hassan@gmail.com,gmail.com,Placeholder,236.57,Recorded,Under $250,,Invalid,,,,,,,,,Home,4,Valid,Satisfied (4-5),4,No
CUST3029,Mark Mahmoud,Mark,Mahmoud,Female,Yes,,Unknown,Placeholder -1,mark.mahmoud@hotmail.com,hotmail.com,Missing,242.49,Recorded,Under $250,2025-01-27,Valid,2025,2025-Q1,2025-01,1,Jan,1,Mon,Yes,Unknown,4,Valid,Satisfied (4-5),4,No
CUST3030,Mark Mahmoud,Mark,Mahmoud,Male,No,,Unknown,Missing,mark.mahmoud@yahoo.com,yahoo.com,Placeholder,163.72,Recorded,Under $250,2024-11-15,Valid,2024,2024-Q4,2024-11,11,Nov,5,Fri,Yes,Electronics,1,Valid,Dissatisfied (1-2),5,No
CUST3031,John Mahmoud,John,Mahmoud,Male,No,,Unknown,Missing,john.mahmoud@yahoo.com,yahoo.com,Missing,361.77,Recorded,$250-499,2024-11-10,Valid,2024,2024-Q4,2024-11,11,Nov,7,Sun,Yes,Unknown,,Out of range (10),No rating,3,No
CUST3032,Sara Smith,Sara,Smith,Male,Yes,85,75-90,Valid,sara.smith@gmail.com,gmail.com,Placeholder,450.64,Recorded,$250-499,2023-04-22,Valid,2023,2023-Q2,2023-04,4,Apr,6,Sat,Yes,Books,3,Valid,Neutral (3),6,Yes
CUST3033,Ali Ali,Ali,Ali,Female,Yes,,Unknown,Placeholder 200,ali.ali@gmail.com,gmail.com,Placeholder,796.02,Recorded,$750+,2023-07-16,Valid,2023,2023-Q3,2023-07,7,Jul,7,Sun,Yes,Clothing,,Out of range (10),No rating,4,No
CUST3034,Sara Gaber,Sara,Gaber,Unknown,n/a,,Unknown,Placeholder -1,sara.gaber@hotmail.com,hotmail.com,Missing,719.78,Recorded,$500-749,2024-06-16,Valid,2024,2024-Q2,2024-06,6,Jun,7,Sun,Yes,Toys,2,Valid,Dissatisfied (1-2),4,No
CUST3035,John Hassan,John,Hassan,Male,No,61,60-74,Valid,john.hassan@yahoo.com,yahoo.com,Placeholder,221.93,Recorded,Under $250,2024-09-04,Valid,2024,2024-Q3,2024-09,9,Sep,3,Wed,Yes,Unknown,3,Valid,Neutral (3),5,No
CUST3036,Sara Mahmoud,Sara,Mahmoud,Male,Yes,52,45-59,Valid,sara.mahmoud@hotmail.com,hotmail.com,Placeholder,422.83,Recorded,$250-499,2023-05-06,Valid,2023,2023-Q2,2023-05,5,May,6,Sat,Yes,Books,5,Valid,Satisfied (4-5),6,Yes
CUST3037,Ali Gaber,Ali,Gaber,Female,Yes,60,60-74,Valid,ali.gaber@yahoo.com,yahoo.com,Missing,544.65,Recorded,$500-749,,Invalid,,,,,,,,,Unknown,3,Valid,Neutral (3),4,No
CUST3038,Ahmed Hassan,Ahmed,Hassan,Male,No,49,45-59,Valid,ahmed.hassan@gmail.com,gmail.com,Placeholder,851.93,Recorded,$750+,2024-03-10,Valid,2024,2024-Q1,2024-03,3,Mar,7,Sun,Yes,Home,3,Valid,Neutral (3),6,Yes
CUST3039,Lina Mahmoud,Lina,Mahmoud,Unknown,n/a,64,60-74,Valid,lina.mahmoud@hotmail.com,hotmail.com,Placeholder,209.29,Recorded,Under $250,2023-03-15,Valid,2023,2023-Q1,2023-03,3,Mar,3,Wed,Yes,Toys,2,Valid,Dissatisfied (1-2),5,No
CUST3040,John Hassan,John,Hassan,Male,No,,Unknown,Missing,john.hassan@hotmail.com,hotmail.com,Missing,406.37,Recorded,$250-499,2023-03-21,Valid,2023,2023-Q1,2023-03,3,Mar,2,Tue,Yes,Unknown,1,Valid,Dissatisfied (1-2),4,No
CUST3041,Ali Smith,Ali,Smith,Unknown,n/a,16,15-29,Valid,ali.smith@hotmail.com,hotmail.com,Placeholder,,Missing,Unknown,2023-01-30,Valid,2023,2023-Q1,2023-01,1,Jan,1,Mon,Yes,Unknown,,Out of range (10),No rating,2,No
CUST3042,Fatma Smith,Fatma,Smith,Male,Yes,,Unknown,Missing,fatma.smith@gmail.com,gmail.com,Missing,176.23,Recorded,Under $250,2025-02-28,Valid,2025,2025-Q1,2025-02,2,Feb,5,Fri,Yes,Toys,5,Valid,Satisfied (4-5),5,No
CUST3043,Lina Gaber,Lina,Gaber,Male,Yes,18,15-29,Valid,lina.gaber@hotmail.com,hotmail.com,Missing,,Missing,Unknown,2025-01-01,Valid,2025,2025-Q1,2025-01,1,Jan,3,Wed,Yes,Clothing,4,Valid,Satisfied (4-5),5,No
CUST3044,Fatma Smith,Fatma,Smith,Male,Yes,,Unknown,Placeholder -1,fatma.smith@yahoo.com,yahoo.com,Missing,318.59,Recorded,$250-499,2023-06-05,Valid,2023,2023-Q2,2023-06,6,Jun,1,Mon,Yes,Home,5,Valid,Satisfied (4-5),5,No
CUST3045,Ali Ali,Ali,Ali,Unknown,n/a,46,45-59,Valid,ali.ali@yahoo.com,yahoo.com,Missing,165.85,Recorded,Under $250,2025-07-19,Valid,2025,2025-Q3,2025-07,7,Jul,6,Sat,Partial,Unknown,5,Valid,Satisfied (4-5),4,No
CUST3046,Alaa Ali,Alaa,Ali,Male,n/a,,Unknown,Missing,alaa.ali@hotmail.com,hotmail.com,Missing,487.45,Recorded,$250-499,2023-01-02,Valid,2023,2023-Q1,2023-01,1,Jan,1,Mon,Yes,Toys,1,Valid,Dissatisfied (1-2),5,No
CUST3047,Lina Ibrahim,Lina,Ibrahim,Male,Yes,,Unknown,Missing,lina.ibrahim@yahoo.com,yahoo.com,Placeholder,174.37,Recorded,Under $250,2024-01-15,Valid,2024,2024-Q1,2024-01,1,Jan,1,Mon,Yes,Toys,3,Valid,Neutral (3),5,No
CUST3048,Mark Ibrahim,Mark,Ibrahim,Female,Yes,,Unknown,Placeholder 200,mark.ibrahim@hotmail.com,hotmail.com,Missing,213.25,Recorded,Under $250,2024-03-21,Valid,2024,2024-Q1,2024-03,3,Mar,4,Thu,Yes,Toys,5,Valid,Satisfied (4-5),5,No
CUST3049,Ali Ali,Ali,Ali,Female,Yes,,Unknown,Placeholder -1,ali.ali@yahoo.com,yahoo.com,Placeholder,628.68,Recorded,$500-749,2023-04-02,Valid,2023,2023-Q2,2023-04,4,Apr,7,Sun,Yes,Electronics,3,Valid,Neutral (3),5,No
CUST3050,Mark Mahmoud,Mark,Mahmoud,Unknown,n/a,,Unknown,Placeholder -1,mark.mahmoud@gmail.com,gmail.com,Placeholder,283.45,Recorded,$250-499,2024-05-28,Valid,2024,2024-Q2,2024-05,5,May,2,Tue,Yes,Unknown,3,Valid,Neutral (3),3,No
CUST3051,John Hassan,John,Hassan,Male,No,,Unknown,Missing,john.hassan@hotmail.com,hotmail.com,Placeholder,159.92,Recorded,Under $250,2023-05-18,Valid,2023,2023-Q2,2023-05,5,May,4,Thu,Yes,Home,1,Valid,Dissatisfied (1-2),5,No
CUST3052,Ahmed Smith,Ahmed,Smith,Male,No,,Unknown,Placeholder -1,ahmed.smith@gmail.com,gmail.com,Placeholder,596.51,Recorded,$500-749,2024-08-23,Valid,2024,2024-Q3,2024-08,8,Aug,5,Fri,Yes,Unknown,,Out of range (10),No rating,3,No
CUST3053,Sara Hassan,Sara,Hassan,Male,Yes,,Unknown,Placeholder 200,sara.hassan@hotmail.com,hotmail.com,Placeholder,871.52,Recorded,$750+,2024-08-03,Valid,2024,2024-Q3,2024-08,8,Aug,6,Sat,Yes,Unknown,2,Valid,Dissatisfied (1-2),4,No
CUST3054,Lina Hassan,Lina,Hassan,Female,No,71,60-74,Valid,lina.hassan@gmail.com,gmail.com,Missing,373.4,Recorded,$250-499,2023-03-18,Valid,2023,2023-Q1,2023-03,3,Mar,6,Sat,Yes,Toys,3,Valid,Neutral (3),6,Yes
CUST3055,Ali Smith,Ali,Smith,Male,No,,Unknown,Placeholder 200,ali.smith@yahoo.com,yahoo.com,Placeholder,108.74,Recorded,Under $250,,Invalid,,,,,,,,,Toys,,Missing,No rating,3,No
CUST3056,Mark Mahmoud,Mark,Mahmoud,Male,No,,Unknown,Placeholder -1,mark.mahmoud@yahoo.com,yahoo.com,Placeholder,199.47,Recorded,Under $250,2024-05-21,Valid,2024,2024-Q2,2024-05,5,May,2,Tue,Yes,Toys,3,Valid,Neutral (3),5,No
CUST3057,Ahmed Ali,Ahmed,Ali,Female,Yes,,Unknown,Placeholder 200,ahmed.ali@hotmail.com,hotmail.com,Placeholder,500.33,Recorded,$500-749,2024-07-12,Valid,2024,2024-Q3,2024-07,7,Jul,5,Fri,Yes,Clothing,,Out of range (10),No rating,4,No
CUST3058,Lina Hassan,Lina,Hassan,Male,Yes,,Unknown,Placeholder 200,lina.hassan@yahoo.com,yahoo.com,Missing,618.11,Recorded,$500-749,2024-07-18,Valid,2024,2024-Q3,2024-07,7,Jul,4,Thu,Yes,Electronics,3,Valid,Neutral (3),5,No
CUST3059,John Smith,John,Smith,Unknown,n/a,,Unknown,Missing,john.smith@hotmail.com,hotmail.com,Placeholder,787.93,Recorded,$750+,2023-05-12,Valid,2023,2023-Q2,2023-05,5,May,5,Fri,Yes,Home,1,Valid,Dissatisfied (1-2),4,No
CUST3060,John Hassan,John,Hassan,Unknown,n/a,,Unknown,Placeholder -1,john.hassan@yahoo.com,yahoo.com,Missing,476.85,Recorded,$250-499,2022-11-04,Valid,2022,2022-Q4,2022-11,11,Nov,5,Fri,Yes,Home,2,Valid,Dissatisfied (1-2),4,No
CUST3061,Fatma Mahmoud,Fatma,Mahmoud,Male,Yes,,Unknown,Placeholder 200,fatma.mahmoud@gmail.com,gmail.com,Placeholder,862.24,Recorded,$750+,2023-01-25,Valid,2023,2023-Q1,2023-01,1,Jan,3,Wed,Yes,Home,,Missing,No rating,4,No
CUST3062,Alaa Smith,Alaa,Smith,Unknown,n/a,,Unknown,Missing,alaa.smith@yahoo.com,yahoo.com,Missing,814.25,Recorded,$750+,2024-11-16,Valid,2024,2024-Q4,2024-11,11,Nov,6,Sat,Yes,Clothing,,Out of range (10),No rating,3,No
CUST3063,Sara Smith,Sara,Smith,Male,Yes,50,45-59,Valid,sara.smith@gmail.com,gmail.com,Missing,706.59,Recorded,$500-749,2023-03-03,Valid,2023,2023-Q1,2023-03,3,Mar,5,Fri,Yes,Books,,Missing,No rating,5,No
CUST3064,Fatma Gaber,Fatma,Gaber,Female,No,,Unknown,Placeholder -1,fatma.gaber@gmail.com,gmail.com,Missing,263.68,Recorded,$250-499,2023-11-02,Valid,2023,2023-Q4,2023-11,11,Nov,4,Thu,Yes,Unknown,,Missing,No rating,3,No
CUST3065,Lina Smith,Lina,Smith,Female,No,,Unknown,Placeholder -1,lina.smith@yahoo.com,yahoo.com,Placeholder,375.5,Recorded,$250-499,2024-03-11,Valid,2024,2024-Q1,2024-03,3,Mar,1,Mon,Yes,Electronics,2,Valid,Dissatisfied (1-2),5,No
CUST3066,Lina Hassan,Lina,Hassan,Male,Yes,,Unknown,Placeholder -1,lina.hassan@hotmail.com,hotmail.com,Placeholder,924.4,Recorded,$750+,2022-11-26,Valid,2022,2022-Q4,2022-11,11,Nov,6,Sat,Yes,Unknown,4,Valid,Satisfied (4-5),4,No
CUST3067,John Ibrahim,John,Ibrahim,Male,No,,Unknown,Missing,john.ibrahim@gmail.com,gmail.com,Missing,816.13,Recorded,$750+,2025-01-26,Valid,2025,2025-Q1,2025-01,1,Jan,7,Sun,Yes,Unknown,2,Valid,Dissatisfied (1-2),4,No
CUST3068,Fatma Hassan,Fatma,Hassan,Male,Yes,,Unknown,Missing,fatma.hassan@hotmail.com,hotmail.com,Missing,40.1,Recorded,Under $250,,Invalid,,,,,,,,,Books,2,Valid,Dissatisfied (1-2),4,No
CUST3069,Ali Ali,Ali,Ali,Unknown,n/a,,Unknown,Missing,ali.ali@hotmail.com,hotmail.com,Missing,439.99,Recorded,$250-499,2025-07-21,Valid,2025,2025-Q3,2025-07,7,Jul,1,Mon,Partial,Unknown,5,Valid,Satisfied (4-5),3,No
CUST3070,Ahmed Gaber,Ahmed,Gaber,Female,Yes,,Unknown,Placeholder -1,ahmed.gaber@hotmail.com,hotmail.com,Missing,558.31,Recorded,$500-749,2025-03-04,Valid,2025,2025-Q1,2025-03,3,Mar,2,Tue,Yes,Toys,,Out of range (10),No rating,4,No
CUST3071,John Gaber,John,Gaber,Female,Yes,,Unknown,Placeholder -1,john.gaber@yahoo.com,yahoo.com,Missing,587.45,Recorded,$500-749,2024-03-07,Valid,2024,2024-Q1,2024-03,3,Mar,4,Thu,Yes,Electronics,4,Valid,Satisfied (4-5),5,No
CUST3072,Mark Gaber,Mark,Gaber,Male,No,,Unknown,Placeholder -1,mark.gaber@gmail.com,gmail.com,Missing,706.57,Recorded,$500-749,2025-06-13,Valid,2025,2025-Q2,2025-06,6,Jun,5,Fri,Yes,Unknown,5,Valid,Satisfied (4-5),4,No
CUST3073,Mark Hassan,Mark,Hassan,Male,No,,Unknown,Placeholder 200,mark.hassan@gmail.com,gmail.com,Missing,120.59,Recorded,Under $250,2022-12-01,Valid,2022,2022-Q4,2022-12,12,Dec,4,Thu,Yes,Unknown,2,Valid,Dissatisfied (1-2),4,No
CUST3074,Sara Hassan,Sara,Hassan,Female,No,,Unknown,Placeholder -1,sara.hassan@gmail.com,gmail.com,Placeholder,976.2,Recorded,$750+,2024-08-31,Valid,2024,2024-Q3,2024-08,8,Aug,6,Sat,Yes,Home,1,Valid,Dissatisfied (1-2),5,No
CUST3075,Ali Hassan,Ali,Hassan,Female,Yes,,Unknown,Placeholder 200,ali.hassan@gmail.com,gmail.com,Placeholder,473.94,Recorded,$250-499,2023-10-02,Valid,2023,2023-Q4,2023-10,10,Oct,1,Mon,Yes,Books,4,Valid,Satisfied (4-5),5,No
CUST3076,Fatma Hassan,Fatma,Hassan,Male,Yes,,Unknown,Missing,fatma.hassan@gmail.com,gmail.com,Placeholder,458.91,Recorded,$250-499,,Invalid,,,,,,,,,Home,2,Valid,Dissatisfied (1-2),4,No
CUST3077,John Mahmoud,John,Mahmoud,Female,Yes,70,60-74,Valid,john.mahmoud@gmail.com,gmail.com,Missing,633.02,Recorded,$500-749,2023-12-10,Valid,2023,2023-Q4,2023-12,12,Dec,7,Sun,Yes,Electronics,3,Valid,Neutral (3),6,Yes
CUST3078,Lina Hassan,Lina,Hassan,Female,No,78,75-90,Valid,lina.hassan@gmail.com,gmail.com,Placeholder,,Missing,Unknown,2023-10-29,Valid,2023,2023-Q4,2023-10,10,Oct,7,Sun,Yes,Toys,2,Valid,Dissatisfied (1-2),5,No
CUST3079,Alaa Mahmoud,Alaa,Mahmoud,Unknown,n/a,,Unknown,Placeholder 200,alaa.mahmoud@yahoo.com,yahoo.com,Missing,225.52,Recorded,Under $250,2025-03-27,Valid,2025,2025-Q1,2025-03,3,Mar,4,Thu,Yes,Home,3,Valid,Neutral (3),4,No
CUST3080,Fatma Smith,Fatma,Smith,Female,No,,Unknown,Placeholder 200,fatma.smith@gmail.com,gmail.com,Placeholder,489.29,Recorded,$250-499,2024-10-28,Valid,2024,2024-Q4,2024-10,10,Oct,1,Mon,Yes,Unknown,5,Valid,Satisfied (4-5),4,No
CUST3081,Alaa Ali,Alaa,Ali,Female,n/a,53,45-59,Valid,alaa.ali@yahoo.com,yahoo.com,Missing,623.17,Recorded,$500-749,2024-04-08,Valid,2024,2024-Q2,2024-04,4,Apr,1,Mon,Yes,Unknown,2,Valid,Dissatisfied (1-2),5,No
CUST3082,Ali Ali,Ali,Ali,Female,Yes,,Unknown,Placeholder 200,ali.ali@hotmail.com,hotmail.com,Missing,,Missing,Unknown,2025-05-19,Valid,2025,2025-Q2,2025-05,5,May,1,Mon,Yes,Unknown,4,Valid,Satisfied (4-5),3,No
CUST3083,Ali Smith,Ali,Smith,Male,No,,Unknown,Missing,ali.smith@yahoo.com,yahoo.com,Placeholder,139.97,Recorded,Under $250,2024-02-16,Valid,2024,2024-Q1,2024-02,2,Feb,5,Fri,Yes,Books,3,Valid,Neutral (3),5,No
CUST3084,Lina Hassan,Lina,Hassan,Male,Yes,,Unknown,Missing,lina.hassan@hotmail.com,hotmail.com,Placeholder,425.21,Recorded,$250-499,2023-06-20,Valid,2023,2023-Q2,2023-06,6,Jun,2,Tue,Yes,Home,4,Valid,Satisfied (4-5),5,No
CUST3085,Sara Hassan,Sara,Hassan,Female,No,,Unknown,Missing,sara.hassan@yahoo.com,yahoo.com,Placeholder,833.33,Recorded,$750+,2024-08-08,Valid,2024,2024-Q3,2024-08,8,Aug,4,Thu,Yes,Unknown,,Out of range (10),No rating,3,No
CUST3086,Alaa Hassan,Alaa,Hassan,Male,n/a,,Unknown,Placeholder -1,alaa.hassan@yahoo.com,yahoo.com,Placeholder,778.81,Recorded,$750+,2024-07-19,Valid,2024,2024-Q3,2024-07,7,Jul,5,Fri,Yes,Unknown,3,Valid,Neutral (3),4,No
CUST3087,Ali Smith,Ali,Smith,Unknown,n/a,,Unknown,Placeholder -1,ali.smith@gmail.com,gmail.com,Placeholder,970.95,Recorded,$750+,2023-06-12,Valid,2023,2023-Q2,2023-06,6,Jun,1,Mon,Yes,Unknown,3,Valid,Neutral (3),3,No
CUST3088,John Hassan,John,Hassan,Female,Yes,,Unknown,Placeholder 200,john.hassan@gmail.com,gmail.com,Missing,680.25,Recorded,$500-749,2023-03-23,Valid,2023,2023-Q1,2023-03,3,Mar,4,Thu,Yes,Electronics,,Out of range (10),No rating,4,No
CUST3089,Sara Mahmoud,Sara,Mahmoud,Female,No,,Unknown,Placeholder -1,sara.mahmoud@yahoo.com,yahoo.com,Missing,633.44,Recorded,$500-749,2023-02-18,Valid,2023,2023-Q1,2023-02,2,Feb,6,Sat,Yes,Clothing,,Out of range (10),No rating,4,No
CUST3090,Alaa Smith,Alaa,Smith,Male,n/a,,Unknown,Placeholder -1,alaa.smith@hotmail.com,hotmail.com,Placeholder,615.98,Recorded,$500-749,2023-08-01,Valid,2023,2023-Q3,2023-08,8,Aug,2,Tue,Yes,Unknown,2,Valid,Dissatisfied (1-2),4,No
CUST3091,Sara Ibrahim,Sara,Ibrahim,Unknown,n/a,,Unknown,Missing,sara.ibrahim@gmail.com,gmail.com,Placeholder,93.18,Recorded,Under $250,,Invalid,,,,,,,,,Clothing,,Missing,No rating,2,No
CUST3092,Lina Mahmoud,Lina,Mahmoud,Male,Yes,,Unknown,Placeholder 200,lina.mahmoud@gmail.com,gmail.com,Placeholder,635.34,Recorded,$500-749,2023-11-06,Valid,2023,2023-Q4,2023-11,11,Nov,1,Mon,Yes,Electronics,,Out of range (10),No rating,4,No
CUST3093,Ali Gaber,Ali,Gaber,Female,Yes,,Unknown,Placeholder 200,ali.gaber@gmail.com,gmail.com,Missing,,Missing,Unknown,2023-02-02,Valid,2023,2023-Q1,2023-02,2,Feb,4,Thu,Yes,Books,,Out of range (10),No rating,3,No
CUST3094,Mark Smith,Mark,Smith,Male,No,28,15-29,Valid,mark.smith@hotmail.com,hotmail.com,Missing,73.56,Recorded,Under $250,2025-06-12,Valid,2025,2025-Q2,2025-06,6,Jun,4,Thu,Yes,Electronics,2,Valid,Dissatisfied (1-2),6,Yes
CUST3095,Alaa Ali,Alaa,Ali,Male,n/a,36,30-44,Valid,alaa.ali@hotmail.com,hotmail.com,Placeholder,708.91,Recorded,$500-749,2025-06-06,Valid,2025,2025-Q2,2025-06,6,Jun,5,Fri,Yes,Unknown,4,Valid,Satisfied (4-5),5,No
CUST3096,Lina Gaber,Lina,Gaber,Female,No,,Unknown,Placeholder 200,lina.gaber@yahoo.com,yahoo.com,Missing,70.47,Recorded,Under $250,2023-08-06,Valid,2023,2023-Q3,2023-08,8,Aug,7,Sun,Yes,Toys,4,Valid,Satisfied (4-5),5,No
CUST3097,Ali Ibrahim,Ali,Ibrahim,Female,Yes,,Unknown,Missing,ali.ibrahim@hotmail.com,hotmail.com,Placeholder,804.19,Recorded,$750+,2023-11-02,Valid,2023,2023-Q4,2023-11,11,Nov,4,Thu,Yes,Clothing,4,Valid,Satisfied (4-5),5,No
CUST3098,Mark Mahmoud,Mark,Mahmoud,Female,Yes,,Unknown,Placeholder 200,mark.mahmoud@hotmail.com,hotmail.com,Placeholder,328.31,Recorded,$250-499,2023-03-24,Valid,2023,2023-Q1,2023-03,3,Mar,5,Fri,Yes,Unknown,1,Valid,Dissatisfied (1-2),4,No
CUST3099,Lina Hassan,Lina,Hassan,Male,Yes,,Unknown,Placeholder 200,lina.hassan@gmail.com,gmail.com,Placeholder,253.78,Recorded,$250-499,2023-01-18,Valid,2023,2023-Q1,2023-01,1,Jan,3,Wed,Yes,Books,,Missing,No rating,4,No
